order_id,customer_id,order_date,payment_method,order_status,order_year,order_month,order_month_name,order_quarter,year_month,year_quarter
O000001,C01741,2024-02-09,Cash on Delivery,Delivered,2024,2,February,Q1,2024-02,2024Q1
O000002,C00938,2025-12-20,Credit Card,Cancelled,2025,12,December,Q4,2025-12,2025Q4
O000003,C00282,2024-12-06,Net Banking,Delivered,2024,12,December,Q4,2024-12,2024Q4
O000004,C00597,2025-09-12,Cash on Delivery,Delivered,2025,9,September,Q3,2025-09,2025Q3
O000005,C00447,2024-12-21,Net Banking,Delivered,2024,12,December,Q4,2024-12,2024Q4
O000006,C01506,2025-10-15,UPI,Delivered,2025,10,October,Q4,2025-10,2025Q4
O000007,C01487,2025-08-10,Net Banking,Delivered,2025,8,August,Q3,2025-08,2025Q3
O000008,C01390,2024-03-27,Cash on Delivery,Delivered,2024,3,March,Q1,2024-03,2024Q1
O000009,C00772,2024-03-23,Cash on Delivery,Delivered,2024,3,March,Q1,2024-03,2024Q1
O000010,C01392,2025-08-30,Net Banking,Delivered,2025,8,August,Q3,2025-08,2025Q3
O000011,C00197,2025-04-19,Debit Card,Delivered,2025,4,April,Q2,2025-04,2025Q2
O000012,C00368,2025-04-18,Cash on Delivery,Delivered,2025,4,April,Q2,2025-04,2025Q2
O000013,C01056,2025-08-30,Debit Card,Cancelled,2025,8,August,Q3,2025-08,2025Q3
O000014,C00889,2025-10-28,Cash on Delivery,Delivered,2025,10,October,Q4,2025-10,2025Q4
O000015,C00502,2024-03-20,UPI,Delivered,2024,3,March,Q1,2024-03,2024Q1
O000016,C00494,2025-10-01,Credit Card,Delivered,2025,10,October,Q4,2025-10,2025Q4
O000017,C01409,2025-03-12,Cash on Delivery,Delivered,2025,3,March,Q1,2025-03,2025Q1
O000018,C01337,2024-02-02,Net Banking,Delivered,2024,2,February,Q1,2024-02,2024Q1
O000019,C01593,2025-01-29,Net Banking,Delivered,2025,1,January,Q1,2025-01,2025Q1
O000020,C00564,2024-03-22,Net Banking,Delivered,2024,3,March,Q1,2024-03,2024Q1
O000021,C00024,2024-05-09,UPI,Delivered,2024,5,May,Q2,2024-05,2024Q2
O000022,C00250,2025-05-04,Net Banking,Cancelled,2025,5,May,Q2,2025-05,2025Q2
O000023,C00461,2024-04-01,UPI,Cancelled,2024,4,April,Q2,2024-04,2024Q2
O000024,C01173,2025-11-07,Net Banking,Delivered,2025,11,November,Q4,2025-11,2025Q4
O000025,C01421,2024-06-08,Cash on Delivery,Cancelled,2024,6,June,Q2,2024-06,2024Q2
O000026,C00371,2025-12-08,Net Banking,Delivered,2025,12,December,Q4,2025-12,2025Q4
O000027,C01321,2024-10-07,Debit Card,Delivered,2024,10,October,Q4,2024-10,2024Q4
O000028,C01171,2024-05-01,UPI,Delivered,2024,5,May,Q2,2024-05,2024Q2
O000029,C00131,2025-07-19,Cash on Delivery,Delivered,2025,7,July,Q3,2025-07,2025Q3
O000030,C00831,2024-08-14,UPI,Delivered,2024,8,August,Q3,2024-08,2024Q3
O000031,C01139,2025-07-04,Cash on Delivery,Cancelled,2025,7,July,Q3,2025-07,2025Q3
O000032,C01001,2024-12-08,UPI,Cancelled,2024,12,December,Q4,2024-12,2024Q4
O000033,C01104,2025-08-14,UPI,Delivered,2025,8,August,Q3,2025-08,2025Q3
O000034,C01978,2025-01-27,UPI,Delivered,2025,1,January,Q1,2025-01,2025Q1
O000035,C01766,2025-01-22,Credit Card,Delivered,2025,1,January,Q1,2025-01,2025Q1
O000036,C00011,2025-07-22,Cash on Delivery,Delivered,2025,7,July,Q3,2025-07,2025Q3
O000037,C01640,2025-11-07,Credit Card,Delivered,2025,11,November,Q4,2025-11,2025Q4
O000038,C00264,2024-03-18,Cash on Delivery,Delivered,2024,3,March,Q1,2024-03,2024Q1
O000039,C01337,2024-04-29,Credit Card,Delivered,2024,4,April,Q2,2024-04,2024Q2
O000040,C01152,2025-05-17,Credit Card,Delivered,2025,5,May,Q2,2025-05,2025Q2
O000041,C00174,2024-10-09,UPI,Cancelled,2024,10,October,Q4,2024-10,2024Q4
O000042,C00612,2024-09-16,Debit Card,Cancelled,2024,9,September,Q3,2024-09,2024Q3
O000043,C00352,2025-09-28,Net Banking,Delivered,2025,9,September,Q3,2025-09,2025Q3
O000044,C00509,2024-04-17,Credit Card,Cancelled,2024,4,April,Q2,2024-04,2024Q2
O000045,C01853,2024-04-05,Debit Card,Cancelled,2024,4,April,Q2,2024-04,2024Q2
O000046,C00912,2025-10-21,UPI,Delivered,2025,10,October,Q4,2025-10,2025Q4
O000047,C01424,2024-06-05,UPI,Delivered,2024,6,June,Q2,2024-06,2024Q2
O000048,C01242,2024-12-07,Cash on Delivery,Cancelled,2024,12,December,Q4,2024-12,2024Q4
O000049,C00430,2024-11-18,UPI,Delivered,2024,11,November,Q4,2024-11,2024Q4
O000050,C00486,2025-08-20,UPI,Delivered,2025,8,August,Q3,2025-08,2025Q3
O000051,C00291,2025-08-20,Credit Card,Delivered,2025,8,August,Q3,2025-08,2025Q3
O000052,C01961,2024-01-06,Credit Card,Cancelled,2024,1,January,Q1,2024-01,2024Q1
O000053,C01131,2024-07-09,Credit Card,Cancelled,2024,7,July,Q3,2024-07,2024Q3
O000054,C00736,2025-10-10,Debit Card,Delivered,2025,10,October,Q4,2025-10,2025Q4
O000055,C01494,2025-09-20,Cash on Delivery,Delivered,2025,9,September,Q3,2025-09,2025Q3
O000056,C00153,2025-01-02,Cash on Delivery,Delivered,2025,1,January,Q1,2025-01,2025Q1
O000057,C00534,2024-09-22,Credit Card,Delivered,2024,9,September,Q3,2024-09,2024Q3
O000058,C00820,2024-08-10,Credit Card,Delivered,2024,8,August,Q3,2024-08,2024Q3
O000059,C01386,2025-01-27,Net Banking,Delivered,2025,1,January,Q1,2025-01,2025Q1
O000060,C01098,2024-05-13,Credit Card,Delivered,2024,5,May,Q2,2024-05,2024Q2
O000061,C01290,2024-03-07,Debit Card,Delivered,2024,3,March,Q1,2024-03,2024Q1
O000062,C01464,2024-07-25,Credit Card,Cancelled,2024,7,July,Q3,2024-07,2024Q3
O000063,C01239,2024-10-16,UPI,Delivered,2024,10,October,Q4,2024-10,2024Q4
O000064,C00648,2025-07-09,Cash on Delivery,Delivered,2025,7,July,Q3,2025-07,2025Q3
O000065,C00777,2025-08-09,UPI,Cancelled,2025,8,August,Q3,2025-08,2025Q3
O000066,C00507,2024-11-18,UPI,Delivered,2024,11,November,Q4,2024-11,2024Q4
O000067,C00256,2024-10-07,Cash on Delivery,Delivered,2024,10,October,Q4,2024-10,2024Q4
O000068,C01401,2025-05-03,Debit Card,Delivered,2025,5,May,Q2,2025-05,2025Q2
O000069,C00675,2025-05-31,UPI,Delivered,2025,5,May,Q2,2025-05,2025Q2
O000070,C01863,2024-07-09,Debit Card,Delivered,2024,7,July,Q3,2024-07,2024Q3
O000071,C00300,2024-04-27,Net Banking,Delivered,2024,4,April,Q2,2024-04,2024Q2
O000072,C00561,2025-08-08,UPI,Delivered,2025,8,August,Q3,2025-08,2025Q3
O000073,C00773,2025-08-08,Cash on Delivery,Delivered,2025,8,August,Q3,2025-08,2025Q3
O000074,C00776,2025-02-15,UPI,Delivered,2025,2,February,Q1,2025-02,2025Q1
O000075,C00360,2024-11-23,Credit Card,Delivered,2024,11,November,Q4,2024-11,2024Q4
O000076,C01206,2025-09-03,Net Banking,Delivered,2025,9,September,Q3,2025-09,2025Q3
O000077,C01084,2024-06-26,Credit Card,Cancelled,2024,6,June,Q2,2024-06,2024Q2
O000078,C01773,2024-04-17,UPI,Delivered,2024,4,April,Q2,2024-04,2024Q2
O000079,C01245,2025-09-14,UPI,Delivered,2025,9,September,Q3,2025-09,2025Q3
O000080,C00350,2024-11-29,UPI,Delivered,2024,11,November,Q4,2024-11,2024Q4
O000081,C00371,2024-11-17,Debit Card,Cancelled,2024,11,November,Q4,2024-11,2024Q4
O000082,C01130,2025-12-14,Credit Card,Delivered,2025,12,December,Q4,2025-12,2025Q4
O000083,C00977,2024-11-13,Credit Card,Delivered,2024,11,November,Q4,2024-11,2024Q4
O000084,C00020,2025-11-28,Net Banking,Delivered,2025,11,November,Q4,2025-11,2025Q4
O000085,C01347,2024-12-22,UPI,Delivered,2024,12,December,Q4,2024-12,2024Q4
O000086,C01163,2025-10-24,Cash on Delivery,Delivered,2025,10,October,Q4,2025-10,2025Q4
O000087,C01881,2025-02-04,Cash on Delivery,Delivered,2025,2,February,Q1,2025-02,2025Q1
O000088,C01449,2025-09-09,Debit Card,Cancelled,2025,9,September,Q3,2025-09,2025Q3
O000089,C00857,2025-06-13,Cash on Delivery,Delivered,2025,6,June,Q2,2025-06,2025Q2
O000090,C00899,2024-10-07,Cash on Delivery,Delivered,2024,10,October,Q4,2024-10,2024Q4
O000091,C01029,2024-01-24,UPI,Delivered,2024,1,January,Q1,2024-01,2024Q1
O000092,C01067,2024-12-09,Cash on Delivery,Delivered,2024,12,December,Q4,2024-12,2024Q4
O000093,C00626,2024-04-23,UPI,Delivered,2024,4,April,Q2,2024-04,2024Q2
O000094,C00833,2025-08-21,Cash on Delivery,Delivered,2025,8,August,Q3,2025-08,2025Q3
O000095,C01300,2024-01-08,UPI,Delivered,2024,1,January,Q1,2024-01,2024Q1
O000096,C01495,2025-07-11,Credit Card,Delivered,2025,7,July,Q3,2025-07,2025Q3
O000097,C00339,2025-09-18,Cash on Delivery,Delivered,2025,9,September,Q3,2025-09,2025Q3
O000098,C00174,2025-02-05,Debit Card,Cancelled,2025,2,February,Q1,2025-02,2025Q1
O000099,C01904,2024-02-24,Credit Card,Delivered,2024,2,February,Q1,2024-02,2024Q1
O000100,C01971,2024-03-06,Net Banking,Cancelled,2024,3,March,Q1,2024-03,2024Q1
O000101,C01910,2024-09-19,Cash on Delivery,Delivered,2024,9,September,Q3,2024-09,2024Q3
O000102,C01020,2024-09-01,Debit Card,Cancelled,2024,9,September,Q3,2024-09,2024Q3
O000103,C01430,2024-11-07,UPI,Delivered,2024,11,November,Q4,2024-11,2024Q4
O000104,C01263,2025-08-22,Credit Card,Delivered,2025,8,August,Q3,2025-08,2025Q3
O000105,C01463,2024-05-07,Net Banking,Cancelled,2024,5,May,Q2,2024-05,2024Q2
O000106,C01536,2024-12-03,UPI,Cancelled,2024,12,December,Q4,2024-12,2024Q4
O000107,C01401,2024-02-17,Net Banking,Cancelled,2024,2,February,Q1,2024-02,2024Q1
O000108,C00919,2024-11-01,Cash on Delivery,Cancelled,2024,11,November,Q4,2024-11,2024Q4
O000109,C01851,2025-08-12,Credit Card,Delivered,2025,8,August,Q3,2025-08,2025Q3
O000110,C00154,2024-01-29,Debit Card,Delivered,2024,1,January,Q1,2024-01,2024Q1
O000111,C01053,2025-05-27,Credit Card,Delivered,2025,5,May,Q2,2025-05,2025Q2
O000112,C00866,2025-12-17,Net Banking,Delivered,2025,12,December,Q4,2025-12,2025Q4
O000113,C00350,2025-05-13,Credit Card,Delivered,2025,5,May,Q2,2025-05,2025Q2
O000114,C00693,2024-04-27,Credit Card,Cancelled,2024,4,April,Q2,2024-04,2024Q2
O000115,C01743,2025-12-02,Debit Card,Delivered,2025,12,December,Q4,2025-12,2025Q4
O000116,C00595,2025-03-22,UPI,Delivered,2025,3,March,Q1,2025-03,2025Q1
O000117,C00543,2024-02-14,Credit Card,Delivered,2024,2,February,Q1,2024-02,2024Q1
O000118,C01512,2025-05-05,Debit Card,Delivered,2025,5,May,Q2,2025-05,2025Q2
O000119,C00446,2025-07-08,Debit Card,Cancelled,2025,7,July,Q3,2025-07,2025Q3
O000120,C01692,2025-09-12,UPI,Delivered,2025,9,September,Q3,2025-09,2025Q3
O000121,C01828,2025-05-27,Cash on Delivery,Delivered,2025,5,May,Q2,2025-05,2025Q2
O000122,C00118,2025-11-11,Credit Card,Cancelled,2025,11,November,Q4,2025-11,2025Q4
O000123,C00943,2025-02-07,Debit Card,Delivered,2025,2,February,Q1,2025-02,2025Q1
O000124,C00725,2024-08-17,UPI,Delivered,2024,8,August,Q3,2024-08,2024Q3
O000125,C00717,2024-11-21,Credit Card,Delivered,2024,11,November,Q4,2024-11,2024Q4
O000126,C00727,2024-11-08,UPI,Delivered,2024,11,November,Q4,2024-11,2024Q4
O000127,C01008,2025-11-19,Credit Card,Delivered,2025,11,November,Q4,2025-11,2025Q4
O000128,C01084,2025-06-12,Credit Card,Delivered,2025,6,June,Q2,2025-06,2025Q2
O000129,C00842,2025-06-28,UPI,Delivered,2025,6,June,Q2,2025-06,2025Q2
O000130,C00015,2025-03-06,Credit Card,Delivered,2025,3,March,Q1,2025-03,2025Q1
O000131,C00464,2025-11-09,Net Banking,Delivered,2025,11,November,Q4,2025-11,2025Q4
O000132,C00767,2024-08-24,UPI,Delivered,2024,8,August,Q3,2024-08,2024Q3
O000133,C01828,2025-07-14,Credit Card,Cancelled,2025,7,July,Q3,2025-07,2025Q3
O000134,C01663,2025-07-30,Credit Card,Delivered,2025,7,July,Q3,2025-07,2025Q3
O000135,C01345,2024-08-31,Net Banking,Delivered,2024,8,August,Q3,2024-08,2024Q3
O000136,C00287,2025-12-07,Credit Card,Delivered,2025,12,December,Q4,2025-12,2025Q4
O000137,C00012,2024-09-24,Credit Card,Delivered,2024,9,September,Q3,2024-09,2024Q3
O000138,C00227,2024-01-07,Credit Card,Delivered,2024,1,January,Q1,2024-01,2024Q1
O000139,C00083,2025-10-04,Credit Card,Delivered,2025,10,October,Q4,2025-10,2025Q4
O000140,C00863,2024-08-05,Debit Card,Delivered,2024,8,August,Q3,2024-08,2024Q3
O000141,C00329,2025-11-30,Credit Card,Delivered,2025,11,November,Q4,2025-11,2025Q4
O000142,C01966,2025-02-13,Net Banking,Delivered,2025,2,February,Q1,2025-02,2025Q1
O000143,C00244,2025-04-19,Credit Card,Cancelled,2025,4,April,Q2,2025-04,2025Q2
O000144,C01015,2025-12-15,Debit Card,Delivered,2025,12,December,Q4,2025-12,2025Q4
O000145,C00666,2024-04-24,Net Banking,Cancelled,2024,4,April,Q2,2024-04,2024Q2
O000146,C01487,2025-06-27,Net Banking,Delivered,2025,6,June,Q2,2025-06,2025Q2
O000147,C00270,2024-11-09,UPI,Delivered,2024,11,November,Q4,2024-11,2024Q4
O000148,C01624,2024-12-12,UPI,Delivered,2024,12,December,Q4,2024-12,2024Q4
O000149,C00319,2025-05-15,Credit Card,Delivered,2025,5,May,Q2,2025-05,2025Q2
O000150,C01572,2024-06-08,Net Banking,Delivered,2024,6,June,Q2,2024-06,2024Q2
O000151,C01390,2025-11-20,Cash on Delivery,Delivered,2025,11,November,Q4,2025-11,2025Q4
O000152,C02000,2025-02-26,Cash on Delivery,Delivered,2025,2,February,Q1,2025-02,2025Q1
O000153,C00890,2025-04-29,Credit Card,Delivered,2025,4,April,Q2,2025-04,2025Q2
O000154,C00996,2025-09-04,UPI,Delivered,2025,9,September,Q3,2025-09,2025Q3
O000155,C00508,2025-04-25,Cash on Delivery,Delivered,2025,4,April,Q2,2025-04,2025Q2
O000156,C01494,2025-05-21,Cash on Delivery,Delivered,2025,5,May,Q2,2025-05,2025Q2
O000157,C00511,2024-12-09,Credit Card,Delivered,2024,12,December,Q4,2024-12,2024Q4
O000158,C01770,2025-06-25,Debit Card,Delivered,2025,6,June,Q2,2025-06,2025Q2
O000159,C01365,2024-09-25,Net Banking,Delivered,2024,9,September,Q3,2024-09,2024Q3
O000160,C00971,2025-11-20,Debit Card,Delivered,2025,11,November,Q4,2025-11,2025Q4
O000161,C01436,2025-09-22,Debit Card,Cancelled,2025,9,September,Q3,2025-09,2025Q3
O000162,C00372,2025-08-30,UPI,Cancelled,2025,8,August,Q3,2025-08,2025Q3
O000163,C01289,2025-05-18,Net Banking,Delivered,2025,5,May,Q2,2025-05,2025Q2
O000164,C00247,2024-11-10,Credit Card,Delivered,2024,11,November,Q4,2024-11,2024Q4
O000165,C00079,2025-08-25,Debit Card,Delivered,2025,8,August,Q3,2025-08,2025Q3
O000166,C01903,2024-06-02,Credit Card,Delivered,2024,6,June,Q2,2024-06,2024Q2
O000167,C00037,2025-11-15,Cash on Delivery,Delivered,2025,11,November,Q4,2025-11,2025Q4
O000168,C00187,2024-08-22,UPI,Delivered,2024,8,August,Q3,2024-08,2024Q3
O000169,C00835,2024-03-06,Debit Card,Delivered,2024,3,March,Q1,2024-03,2024Q1
O000170,C00455,2024-01-29,Credit Card,Delivered,2024,1,January,Q1,2024-01,2024Q1
O000171,C00126,2025-02-21,Debit Card,Delivered,2025,2,February,Q1,2025-02,2025Q1
O000172,C00624,2024-09-16,UPI,Delivered,2024,9,September,Q3,2024-09,2024Q3
O000173,C00575,2024-10-29,Cash on Delivery,Delivered,2024,10,October,Q4,2024-10,2024Q4
O000174,C00506,2025-07-17,Debit Card,Delivered,2025,7,July,Q3,2025-07,2025Q3
O000175,C00373,2025-07-12,UPI,Delivered,2025,7,July,Q3,2025-07,2025Q3
O000176,C01353,2025-07-28,Debit Card,Delivered,2025,7,July,Q3,2025-07,2025Q3
O000177,C00585,2025-11-14,Net Banking,Delivered,2025,11,November,Q4,2025-11,2025Q4
O000178,C01861,2024-04-07,Cash on Delivery,Delivered,2024,4,April,Q2,2024-04,2024Q2
O000179,C00883,2025-02-08,Credit Card,Delivered,2025,2,February,Q1,2025-02,2025Q1
O000180,C01943,2025-02-24,Net Banking,Delivered,2025,2,February,Q1,2025-02,2025Q1
O000181,C00685,2024-08-08,Debit Card,Delivered,2024,8,August,Q3,2024-08,2024Q3
O000182,C00199,2024-06-15,UPI,Cancelled,2024,6,June,Q2,2024-06,2024Q2
O000183,C01578,2024-03-13,Credit Card,Delivered,2024,3,March,Q1,2024-03,2024Q1
O000184,C00739,2025-02-01,Debit Card,Cancelled,2025,2,February,Q1,2025-02,2025Q1
O000185,C01084,2025-03-04,Debit Card,Delivered,2025,3,March,Q1,2025-03,2025Q1
O000186,C01332,2024-08-30,UPI,Cancelled,2024,8,August,Q3,2024-08,2024Q3
O000187,C00787,2025-02-08,UPI,Delivered,2025,2,February,Q1,2025-02,2025Q1
O000188,C00268,2024-09-21,Net Banking,Cancelled,2024,9,September,Q3,2024-09,2024Q3
O000189,C00247,2025-08-11,UPI,Cancelled,2025,8,August,Q3,2025-08,2025Q3
O000190,C01984,2025-05-08,Cash on Delivery,Delivered,2025,5,May,Q2,2025-05,2025Q2
O000191,C00396,2024-05-04,Cash on Delivery,Delivered,2024,5,May,Q2,2024-05,2024Q2
O000192,C00154,2024-01-19,Cash on Delivery,Cancelled,2024,1,January,Q1,2024-01,2024Q1
O000193,C00703,2024-01-22,Debit Card,Delivered,2024,1,January,Q1,2024-01,2024Q1
O000194,C01559,2025-11-22,Credit Card,Cancelled,2025,11,November,Q4,2025-11,2025Q4
O000195,C01477,2025-09-10,Credit Card,Delivered,2025,9,September,Q3,2025-09,2025Q3
O000196,C00262,2025-02-23,Credit Card,Delivered,2025,2,February,Q1,2025-02,2025Q1
O000197,C01128,2025-04-05,Debit Card,Cancelled,2025,4,April,Q2,2025-04,2025Q2
O000198,C01998,2024-07-19,Debit Card,Delivered,2024,7,July,Q3,2024-07,2024Q3
O000199,C00919,2024-07-06,Debit Card,Delivered,2024,7,July,Q3,2024-07,2024Q3
O000200,C01866,2025-10-08,Net Banking,Delivered,2025,10,October,Q4,2025-10,2025Q4
O000201,C00989,2025-08-24,Net Banking,Cancelled,2025,8,August,Q3,2025-08,2025Q3
O000202,C01908,2024-08-24,Cash on Delivery,Delivered,2024,8,August,Q3,2024-08,2024Q3
O000203,C00342,2025-07-18,Debit Card,Delivered,2025,7,July,Q3,2025-07,2025Q3
O000204,C00594,2024-11-24,UPI,Cancelled,2024,11,November,Q4,2024-11,2024Q4
O000205,C00125,2025-01-27,Credit Card,Delivered,2025,1,January,Q1,2025-01,2025Q1
O000206,C01014,2024-03-26,Debit Card,Cancelled,2024,3,March,Q1,2024-03,2024Q1
O000207,C01990,2025-07-22,UPI,Delivered,2025,7,July,Q3,2025-07,2025Q3
O000208,C00897,2024-02-16,Cash on Delivery,Delivered,2024,2,February,Q1,2024-02,2024Q1
O000209,C01152,2025-10-15,Debit Card,Delivered,2025,10,October,Q4,2025-10,2025Q4
O000210,C01244,2024-10-16,Debit Card,Delivered,2024,10,October,Q4,2024-10,2024Q4
O000211,C00377,2024-07-20,UPI,Delivered,2024,7,July,Q3,2024-07,2024Q3
O000212,C01172,2025-05-01,UPI,Delivered,2025,5,May,Q2,2025-05,2025Q2
O000213,C01801,2025-01-29,Net Banking,Cancelled,2025,1,January,Q1,2025-01,2025Q1
O000214,C00933,2024-10-02,Cash on Delivery,Cancelled,2024,10,October,Q4,2024-10,2024Q4
O000215,C00531,2024-04-06,UPI,Delivered,2024,4,April,Q2,2024-04,2024Q2
O000216,C00607,2024-02-07,Debit Card,Cancelled,2024,2,February,Q1,2024-02,2024Q1
O000217,C00244,2025-08-10,UPI,Delivered,2025,8,August,Q3,2025-08,2025Q3
O000218,C01093,2025-05-20,Credit Card,Delivered,2025,5,May,Q2,2025-05,2025Q2
O000219,C01310,2024-04-06,Credit Card,Delivered,2024,4,April,Q2,2024-04,2024Q2
O000220,C01900,2024-12-14,Credit Card,Delivered,2024,12,December,Q4,2024-12,2024Q4
O000221,C01789,2024-08-19,Cash on Delivery,Delivered,2024,8,August,Q3,2024-08,2024Q3
O000222,C01687,2025-03-20,UPI,Delivered,2025,3,March,Q1,2025-03,2025Q1
O000223,C00003,2025-07-26,Debit Card,Cancelled,2025,7,July,Q3,2025-07,2025Q3
O000224,C01992,2024-01-05,Credit Card,Delivered,2024,1,January,Q1,2024-01,2024Q1
O000225,C01939,2024-12-17,Cash on Delivery,Delivered,2024,12,December,Q4,2024-12,2024Q4
O000226,C01479,2024-09-20,Credit Card,Delivered,2024,9,September,Q3,2024-09,2024Q3
O000227,C01840,2024-07-02,Debit Card,Delivered,2024,7,July,Q3,2024-07,2024Q3
O000228,C00118,2025-09-17,Net Banking,Delivered,2025,9,September,Q3,2025-09,2025Q3
O000229,C01688,2025-08-02,Debit Card,Delivered,2025,8,August,Q3,2025-08,2025Q3
O000230,C01497,2025-03-27,Cash on Delivery,Delivered,2025,3,March,Q1,2025-03,2025Q1
O000231,C00525,2025-03-15,Cash on Delivery,Cancelled,2025,3,March,Q1,2025-03,2025Q1
O000232,C01347,2025-07-09,Cash on Delivery,Cancelled,2025,7,July,Q3,2025-07,2025Q3
O000233,C00218,2025-11-25,Net Banking,Delivered,2025,11,November,Q4,2025-11,2025Q4
O000234,C01782,2025-12-29,Net Banking,Cancelled,2025,12,December,Q4,2025-12,2025Q4
O000235,C01129,2025-05-02,Credit Card,Delivered,2025,5,May,Q2,2025-05,2025Q2
O000236,C00452,2025-05-31,UPI,Delivered,2025,5,May,Q2,2025-05,2025Q2
O000237,C01192,2025-02-18,Net Banking,Delivered,2025,2,February,Q1,2025-02,2025Q1
O000238,C00914,2025-10-17,Credit Card,Delivered,2025,10,October,Q4,2025-10,2025Q4
O000239,C00755,2025-04-07,Credit Card,Delivered,2025,4,April,Q2,2025-04,2025Q2
O000240,C00192,2024-06-30,Credit Card,Delivered,2024,6,June,Q2,2024-06,2024Q2
O000241,C00379,2024-09-29,Credit Card,Delivered,2024,9,September,Q3,2024-09,2024Q3
O000242,C01167,2024-08-20,Debit Card,Delivered,2024,8,August,Q3,2024-08,2024Q3
O000243,C01327,2024-08-09,Credit Card,Delivered,2024,8,August,Q3,2024-08,2024Q3
O000244,C00334,2025-06-02,Cash on Delivery,Delivered,2025,6,June,Q2,2025-06,2025Q2
O000245,C01408,2025-09-01,Net Banking,Delivered,2025,9,September,Q3,2025-09,2025Q3
O000246,C00294,2025-09-25,UPI,Delivered,2025,9,September,Q3,2025-09,2025Q3
O000247,C00932,2025-07-09,Net Banking,Delivered,2025,7,July,Q3,2025-07,2025Q3
O000248,C00206,2025-03-20,Cash on Delivery,Delivered,2025,3,March,Q1,2025-03,2025Q1
O000249,C01489,2025-06-06,Cash on Delivery,Delivered,2025,6,June,Q2,2025-06,2025Q2
O000250,C01236,2024-04-18,UPI,Delivered,2024,4,April,Q2,2024-04,2024Q2
O000251,C00043,2025-07-08,UPI,Delivered,2025,7,July,Q3,2025-07,2025Q3
O000252,C01564,2024-10-20,UPI,Delivered,2024,10,October,Q4,2024-10,2024Q4
O000253,C00509,2025-02-07,Debit Card,Delivered,2025,2,February,Q1,2025-02,2025Q1
O000254,C00293,2025-07-26,Cash on Delivery,Delivered,2025,7,July,Q3,2025-07,2025Q3
O000255,C01623,2024-07-11,UPI,Delivered,2024,7,July,Q3,2024-07,2024Q3
O000256,C01111,2024-03-22,Debit Card,Delivered,2024,3,March,Q1,2024-03,2024Q1
O000257,C00415,2024-09-11,Credit Card,Delivered,2024,9,September,Q3,2024-09,2024Q3
O000258,C01556,2025-02-05,Cash on Delivery,Delivered,2025,2,February,Q1,2025-02,2025Q1
O000259,C01671,2025-03-28,Credit Card,Delivered,2025,3,March,Q1,2025-03,2025Q1
O000260,C00680,2024-05-29,Net Banking,Delivered,2024,5,May,Q2,2024-05,2024Q2
O000261,C00500,2025-10-01,UPI,Delivered,2025,10,October,Q4,2025-10,2025Q4
O000262,C01286,2025-08-27,Credit Card,Delivered,2025,8,August,Q3,2025-08,2025Q3
O000263,C01690,2024-10-07,UPI,Delivered,2024,10,October,Q4,2024-10,2024Q4
O000264,C01116,2024-12-18,Debit Card,Delivered,2024,12,December,Q4,2024-12,2024Q4
O000265,C01048,2024-03-17,Cash on Delivery,Delivered,2024,3,March,Q1,2024-03,2024Q1
O000266,C00291,2024-04-23,UPI,Delivered,2024,4,April,Q2,2024-04,2024Q2
O000267,C00050,2025-07-06,Credit Card,Delivered,2025,7,July,Q3,2025-07,2025Q3
O000268,C00790,2024-11-26,Credit Card,Delivered,2024,11,November,Q4,2024-11,2024Q4
O000269,C01343,2025-10-05,Debit Card,Delivered,2025,10,October,Q4,2025-10,2025Q4
O000270,C01888,2024-11-16,Cash on Delivery,Delivered,2024,11,November,Q4,2024-11,2024Q4
O000271,C01407,2024-03-04,Net Banking,Delivered,2024,3,March,Q1,2024-03,2024Q1
O000272,C01008,2024-03-12,Credit Card,Delivered,2024,3,March,Q1,2024-03,2024Q1
O000273,C00460,2024-02-18,UPI,Delivered,2024,2,February,Q1,2024-02,2024Q1
O000274,C00732,2024-11-26,UPI,Cancelled,2024,11,November,Q4,2024-11,2024Q4
O000275,C00684,2025-11-21,UPI,Delivered,2025,11,November,Q4,2025-11,2025Q4
O000276,C01891,2024-04-11,Cash on Delivery,Delivered,2024,4,April,Q2,2024-04,2024Q2
O000277,C01835,2025-01-04,UPI,Delivered,2025,1,January,Q1,2025-01,2025Q1
O000278,C00365,2024-06-15,Net Banking,Cancelled,2024,6,June,Q2,2024-06,2024Q2
O000279,C00686,2024-12-12,Cash on Delivery,Delivered,2024,12,December,Q4,2024-12,2024Q4
O000280,C01392,2024-03-01,Credit Card,Delivered,2024,3,March,Q1,2024-03,2024Q1
O000281,C01280,2024-10-13,Debit Card,Delivered,2024,10,October,Q4,2024-10,2024Q4
O000282,C01793,2025-06-09,UPI,Delivered,2025,6,June,Q2,2025-06,2025Q2
O000283,C01877,2025-02-12,Net Banking,Delivered,2025,2,February,Q1,2025-02,2025Q1
O000284,C01911,2024-11-08,Debit Card,Delivered,2024,11,November,Q4,2024-11,2024Q4
O000285,C01616,2025-04-01,UPI,Delivered,2025,4,April,Q2,2025-04,2025Q2
O000286,C01593,2025-03-10,Credit Card,Delivered,2025,3,March,Q1,2025-03,2025Q1
O000287,C00303,2025-02-07,Net Banking,Delivered,2025,2,February,Q1,2025-02,2025Q1
O000288,C01478,2025-08-27,Cash on Delivery,Delivered,2025,8,August,Q3,2025-08,2025Q3
O000289,C01669,2024-11-02,UPI,Delivered,2024,11,November,Q4,2024-11,2024Q4
O000290,C01184,2025-11-08,Net Banking,Delivered,2025,11,November,Q4,2025-11,2025Q4
O000291,C00297,2024-07-23,UPI,Delivered,2024,7,July,Q3,2024-07,2024Q3
O000292,C00373,2025-03-29,Debit Card,Delivered,2025,3,March,Q1,2025-03,2025Q1
O000293,C00654,2025-01-22,Net Banking,Delivered,2025,1,January,Q1,2025-01,2025Q1
O000294,C00986,2025-05-09,Net Banking,Cancelled,2025,5,May,Q2,2025-05,2025Q2
O000295,C01626,2024-11-24,Net Banking,Delivered,2024,11,November,Q4,2024-11,2024Q4
O000296,C01643,2024-12-07,Credit Card,Delivered,2024,12,December,Q4,2024-12,2024Q4
O000297,C00858,2025-06-19,Cash on Delivery,Delivered,2025,6,June,Q2,2025-06,2025Q2
O000298,C01104,2025-12-24,Cash on Delivery,Delivered,2025,12,December,Q4,2025-12,2025Q4
O000299,C01091,2025-01-15,Cash on Delivery,Delivered,2025,1,January,Q1,2025-01,2025Q1
O000300,C00788,2025-07-22,UPI,Cancelled,2025,7,July,Q3,2025-07,2025Q3
O000301,C01465,2024-11-19,Credit Card,Cancelled,2024,11,November,Q4,2024-11,2024Q4
O000302,C01591,2025-10-01,Debit Card,Delivered,2025,10,October,Q4,2025-10,2025Q4
O000303,C01440,2024-05-06,UPI,Delivered,2024,5,May,Q2,2024-05,2024Q2
O000304,C00741,2024-04-22,UPI,Delivered,2024,4,April,Q2,2024-04,2024Q2
O000305,C00743,2025-01-27,Debit Card,Delivered,2025,1,January,Q1,2025-01,2025Q1
O000306,C01887,2024-04-08,UPI,Delivered,2024,4,April,Q2,2024-04,2024Q2
O000307,C00740,2025-01-11,Credit Card,Delivered,2025,1,January,Q1,2025-01,2025Q1
O000308,C00943,2025-07-06,Credit Card,Cancelled,2025,7,July,Q3,2025-07,2025Q3
O000309,C01991,2024-12-21,Net Banking,Delivered,2024,12,December,Q4,2024-12,2024Q4
O000310,C00432,2024-04-10,Credit Card,Delivered,2024,4,April,Q2,2024-04,2024Q2
O000311,C01530,2025-07-01,Credit Card,Delivered,2025,7,July,Q3,2025-07,2025Q3
O000312,C01971,2025-02-02,Credit Card,Delivered,2025,2,February,Q1,2025-02,2025Q1
O000313,C01502,2025-11-01,UPI,Delivered,2025,11,November,Q4,2025-11,2025Q4
O000314,C00762,2025-02-14,UPI,Delivered,2025,2,February,Q1,2025-02,2025Q1
O000315,C01358,2024-04-01,Debit Card,Delivered,2024,4,April,Q2,2024-04,2024Q2
O000316,C01716,2025-06-23,Credit Card,Delivered,2025,6,June,Q2,2025-06,2025Q2
O000317,C00062,2024-06-14,UPI,Delivered,2024,6,June,Q2,2024-06,2024Q2
O000318,C00162,2024-12-19,UPI,Delivered,2024,12,December,Q4,2024-12,2024Q4
O000319,C01166,2025-01-02,Net Banking,Delivered,2025,1,January,Q1,2025-01,2025Q1
O000320,C00307,2024-01-26,Cash on Delivery,Delivered,2024,1,January,Q1,2024-01,2024Q1
O000321,C01523,2025-08-02,Credit Card,Cancelled,2025,8,August,Q3,2025-08,2025Q3
O000322,C01431,2024-05-01,Cash on Delivery,Delivered,2024,5,May,Q2,2024-05,2024Q2
O000323,C00843,2025-03-10,Debit Card,Delivered,2025,3,March,Q1,2025-03,2025Q1
O000324,C01601,2024-10-13,Net Banking,Delivered,2024,10,October,Q4,2024-10,2024Q4
O000325,C00588,2025-12-16,UPI,Delivered,2025,12,December,Q4,2025-12,2025Q4
O000326,C01805,2024-04-02,Net Banking,Cancelled,2024,4,April,Q2,2024-04,2024Q2
O000327,C01539,2025-04-12,UPI,Delivered,2025,4,April,Q2,2025-04,2025Q2
O000328,C00023,2025-10-24,Net Banking,Delivered,2025,10,October,Q4,2025-10,2025Q4
O000329,C01393,2024-11-13,Net Banking,Cancelled,2024,11,November,Q4,2024-11,2024Q4
O000330,C01457,2024-03-26,Net Banking,Cancelled,2024,3,March,Q1,2024-03,2024Q1
O000331,C01028,2024-04-03,UPI,Delivered,2024,4,April,Q2,2024-04,2024Q2
O000332,C00868,2024-10-14,Net Banking,Delivered,2024,10,October,Q4,2024-10,2024Q4
O000333,C01993,2025-03-20,UPI,Cancelled,2025,3,March,Q1,2025-03,2025Q1
O000334,C00774,2024-08-12,Cash on Delivery,Delivered,2024,8,August,Q3,2024-08,2024Q3
O000335,C01522,2024-02-01,Credit Card,Delivered,2024,2,February,Q1,2024-02,2024Q1
O000336,C01268,2025-02-10,UPI,Delivered,2025,2,February,Q1,2025-02,2025Q1
O000337,C00377,2024-04-29,Cash on Delivery,Cancelled,2024,4,April,Q2,2024-04,2024Q2
O000338,C01724,2024-04-01,UPI,Delivered,2024,4,April,Q2,2024-04,2024Q2
O000339,C00978,2024-10-15,Credit Card,Delivered,2024,10,October,Q4,2024-10,2024Q4
O000340,C01695,2024-08-24,Credit Card,Delivered,2024,8,August,Q3,2024-08,2024Q3
O000341,C01646,2024-10-17,Debit Card,Delivered,2024,10,October,Q4,2024-10,2024Q4
O000342,C00399,2024-08-23,UPI,Delivered,2024,8,August,Q3,2024-08,2024Q3
O000343,C00160,2024-08-16,Debit Card,Cancelled,2024,8,August,Q3,2024-08,2024Q3
O000344,C01595,2025-01-12,Cash on Delivery,Delivered,2025,1,January,Q1,2025-01,2025Q1
O000345,C00491,2024-01-22,Credit Card,Cancelled,2024,1,January,Q1,2024-01,2024Q1
O000346,C00219,2025-09-06,UPI,Cancelled,2025,9,September,Q3,2025-09,2025Q3
O000347,C00023,2024-04-20,Debit Card,Delivered,2024,4,April,Q2,2024-04,2024Q2
O000348,C01130,2024-04-20,Credit Card,Delivered,2024,4,April,Q2,2024-04,2024Q2
O000349,C00493,2025-08-31,UPI,Cancelled,2025,8,August,Q3,2025-08,2025Q3
O000350,C01157,2025-04-02,UPI,Cancelled,2025,4,April,Q2,2025-04,2025Q2
O000351,C01619,2024-11-23,Debit Card,Delivered,2024,11,November,Q4,2024-11,2024Q4
O000352,C00645,2024-02-07,UPI,Delivered,2024,2,February,Q1,2024-02,2024Q1
O000353,C00018,2025-12-28,Debit Card,Delivered,2025,12,December,Q4,2025-12,2025Q4
O000354,C01964,2025-11-25,Net Banking,Cancelled,2025,11,November,Q4,2025-11,2025Q4
O000355,C00400,2024-08-25,Debit Card,Delivered,2024,8,August,Q3,2024-08,2024Q3
O000356,C01487,2025-11-21,Credit Card,Delivered,2025,11,November,Q4,2025-11,2025Q4
O000357,C01440,2024-08-08,UPI,Delivered,2024,8,August,Q3,2024-08,2024Q3
O000358,C00835,2024-06-16,Cash on Delivery,Cancelled,2024,6,June,Q2,2024-06,2024Q2
O000359,C00207,2024-05-22,Cash on Delivery,Delivered,2024,5,May,Q2,2024-05,2024Q2
O000360,C00049,2025-09-28,Cash on Delivery,Delivered,2025,9,September,Q3,2025-09,2025Q3
O000361,C00977,2025-07-28,Credit Card,Delivered,2025,7,July,Q3,2025-07,2025Q3
O000362,C00595,2025-01-14,UPI,Delivered,2025,1,January,Q1,2025-01,2025Q1
O000363,C00162,2024-01-02,Cash on Delivery,Delivered,2024,1,January,Q1,2024-01,2024Q1
O000364,C01952,2024-04-05,Cash on Delivery,Delivered,2024,4,April,Q2,2024-04,2024Q2
O000365,C01654,2025-03-01,Credit Card,Delivered,2025,3,March,Q1,2025-03,2025Q1
O000366,C01974,2024-09-27,Credit Card,Cancelled,2024,9,September,Q3,2024-09,2024Q3
O000367,C01335,2024-02-22,Cash on Delivery,Delivered,2024,2,February,Q1,2024-02,2024Q1
O000368,C00917,2025-11-07,Cash on Delivery,Delivered,2025,11,November,Q4,2025-11,2025Q4
O000369,C00596,2024-02-04,Credit Card,Delivered,2024,2,February,Q1,2024-02,2024Q1
O000370,C00082,2024-11-20,Net Banking,Delivered,2024,11,November,Q4,2024-11,2024Q4
O000371,C00428,2025-01-08,Cash on Delivery,Cancelled,2025,1,January,Q1,2025-01,2025Q1
O000372,C00154,2025-03-21,Credit Card,Cancelled,2025,3,March,Q1,2025-03,2025Q1
O000373,C01286,2024-08-28,Cash on Delivery,Delivered,2024,8,August,Q3,2024-08,2024Q3
O000374,C01649,2025-03-15,UPI,Delivered,2025,3,March,Q1,2025-03,2025Q1
O000375,C01121,2024-12-17,Cash on Delivery,Delivered,2024,12,December,Q4,2024-12,2024Q4
O000376,C01022,2025-11-30,UPI,Delivered,2025,11,November,Q4,2025-11,2025Q4
O000377,C00643,2024-09-19,Credit Card,Delivered,2024,9,September,Q3,2024-09,2024Q3
O000378,C00331,2025-08-29,UPI,Cancelled,2025,8,August,Q3,2025-08,2025Q3
O000379,C00745,2024-10-20,Credit Card,Delivered,2024,10,October,Q4,2024-10,2024Q4
O000380,C00367,2025-01-04,Net Banking,Delivered,2025,1,January,Q1,2025-01,2025Q1
O000381,C00970,2025-10-10,Debit Card,Delivered,2025,10,October,Q4,2025-10,2025Q4
O000382,C01332,2025-07-13,Cash on Delivery,Delivered,2025,7,July,Q3,2025-07,2025Q3
O000383,C01991,2025-10-09,Cash on Delivery,Delivered,2025,10,October,Q4,2025-10,2025Q4
O000384,C00082,2025-04-15,Debit Card,Delivered,2025,4,April,Q2,2025-04,2025Q2
O000385,C00822,2024-04-13,Net Banking,Cancelled,2024,4,April,Q2,2024-04,2024Q2
O000386,C01879,2025-08-14,Net Banking,Delivered,2025,8,August,Q3,2025-08,2025Q3
O000387,C00752,2024-04-17,Debit Card,Cancelled,2024,4,April,Q2,2024-04,2024Q2
O000388,C01950,2025-01-27,Debit Card,Delivered,2025,1,January,Q1,2025-01,2025Q1
O000389,C00171,2025-05-09,Net Banking,Cancelled,2025,5,May,Q2,2025-05,2025Q2
O000390,C00922,2024-12-24,Debit Card,Delivered,2024,12,December,Q4,2024-12,2024Q4
O000391,C01272,2025-08-14,UPI,Delivered,2025,8,August,Q3,2025-08,2025Q3
O000392,C01434,2024-12-15,Cash on Delivery,Delivered,2024,12,December,Q4,2024-12,2024Q4
O000393,C00317,2025-06-02,UPI,Delivered,2025,6,June,Q2,2025-06,2025Q2
O000394,C00770,2024-12-14,UPI,Delivered,2024,12,December,Q4,2024-12,2024Q4
O000395,C01749,2024-04-25,UPI,Delivered,2024,4,April,Q2,2024-04,2024Q2
O000396,C00796,2025-11-03,Net Banking,Delivered,2025,11,November,Q4,2025-11,2025Q4
O000397,C00715,2025-07-19,Net Banking,Delivered,2025,7,July,Q3,2025-07,2025Q3
O000398,C01316,2024-09-09,Credit Card,Delivered,2024,9,September,Q3,2024-09,2024Q3
O000399,C00224,2024-03-10,UPI,Delivered,2024,3,March,Q1,2024-03,2024Q1
O000400,C01879,2025-09-13,Cash on Delivery,Delivered,2025,9,September,Q3,2025-09,2025Q3
O000401,C01574,2025-04-30,Net Banking,Delivered,2025,4,April,Q2,2025-04,2025Q2
O000402,C00823,2025-05-31,Credit Card,Delivered,2025,5,May,Q2,2025-05,2025Q2
O000403,C00702,2025-04-29,Cash on Delivery,Delivered,2025,4,April,Q2,2025-04,2025Q2
O000404,C00436,2024-11-14,Net Banking,Delivered,2024,11,November,Q4,2024-11,2024Q4
O000405,C00571,2024-10-27,Net Banking,Delivered,2024,10,October,Q4,2024-10,2024Q4
O000406,C01117,2024-06-29,UPI,Delivered,2024,6,June,Q2,2024-06,2024Q2
O000407,C00299,2025-11-30,Net Banking,Delivered,2025,11,November,Q4,2025-11,2025Q4
O000408,C01164,2024-11-03,UPI,Cancelled,2024,11,November,Q4,2024-11,2024Q4
O000409,C01586,2024-09-20,Credit Card,Delivered,2024,9,September,Q3,2024-09,2024Q3
O000410,C01618,2025-02-24,Credit Card,Delivered,2025,2,February,Q1,2025-02,2025Q1
O000411,C00438,2024-02-05,UPI,Delivered,2024,2,February,Q1,2024-02,2024Q1
O000412,C01952,2025-06-04,Cash on Delivery,Delivered,2025,6,June,Q2,2025-06,2025Q2
O000413,C00553,2025-11-22,Debit Card,Delivered,2025,11,November,Q4,2025-11,2025Q4
O000414,C00172,2024-12-10,Credit Card,Delivered,2024,12,December,Q4,2024-12,2024Q4
O000415,C00561,2025-07-25,Net Banking,Delivered,2025,7,July,Q3,2025-07,2025Q3
O000416,C00611,2024-08-03,Net Banking,Delivered,2024,8,August,Q3,2024-08,2024Q3
O000417,C01075,2025-05-16,Credit Card,Delivered,2025,5,May,Q2,2025-05,2025Q2
O000418,C00377,2024-03-09,UPI,Delivered,2024,3,March,Q1,2024-03,2024Q1
O000419,C01833,2025-11-03,Net Banking,Delivered,2025,11,November,Q4,2025-11,2025Q4
O000420,C01973,2024-05-08,Debit Card,Delivered,2024,5,May,Q2,2024-05,2024Q2
O000421,C00407,2025-07-03,Credit Card,Delivered,2025,7,July,Q3,2025-07,2025Q3
O000422,C00987,2024-01-20,Net Banking,Cancelled,2024,1,January,Q1,2024-01,2024Q1
O000423,C01411,2025-03-20,Credit Card,Delivered,2025,3,March,Q1,2025-03,2025Q1
O000424,C00727,2025-05-04,Cash on Delivery,Cancelled,2025,5,May,Q2,2025-05,2025Q2
O000425,C00797,2025-09-10,UPI,Cancelled,2025,9,September,Q3,2025-09,2025Q3
O000426,C01604,2025-08-22,Cash on Delivery,Delivered,2025,8,August,Q3,2025-08,2025Q3
O000427,C00160,2025-07-03,Cash on Delivery,Cancelled,2025,7,July,Q3,2025-07,2025Q3
O000428,C00297,2024-08-27,UPI,Delivered,2024,8,August,Q3,2024-08,2024Q3
O000429,C00030,2025-03-11,UPI,Delivered,2025,3,March,Q1,2025-03,2025Q1
O000430,C01913,2025-05-16,Credit Card,Delivered,2025,5,May,Q2,2025-05,2025Q2
O000431,C01771,2024-04-06,UPI,Delivered,2024,4,April,Q2,2024-04,2024Q2
O000432,C00539,2025-05-15,Debit Card,Delivered,2025,5,May,Q2,2025-05,2025Q2
O000433,C00923,2025-03-10,Net Banking,Delivered,2025,3,March,Q1,2025-03,2025Q1
O000434,C01300,2024-03-07,Net Banking,Cancelled,2024,3,March,Q1,2024-03,2024Q1
O000435,C00200,2024-05-29,UPI,Delivered,2024,5,May,Q2,2024-05,2024Q2
O000436,C00861,2025-04-25,Cash on Delivery,Delivered,2025,4,April,Q2,2025-04,2025Q2
O000437,C01231,2025-02-24,Net Banking,Delivered,2025,2,February,Q1,2025-02,2025Q1
O000438,C00713,2025-03-24,Credit Card,Delivered,2025,3,March,Q1,2025-03,2025Q1
O000439,C01991,2025-08-11,Cash on Delivery,Delivered,2025,8,August,Q3,2025-08,2025Q3
O000440,C00759,2024-02-11,Cash on Delivery,Delivered,2024,2,February,Q1,2024-02,2024Q1
O000441,C00619,2025-03-18,Debit Card,Cancelled,2025,3,March,Q1,2025-03,2025Q1
O000442,C01678,2025-02-09,UPI,Delivered,2025,2,February,Q1,2025-02,2025Q1
O000443,C01329,2024-05-27,Net Banking,Delivered,2024,5,May,Q2,2024-05,2024Q2
O000444,C00841,2025-08-05,Debit Card,Delivered,2025,8,August,Q3,2025-08,2025Q3
O000445,C01697,2025-01-04,Cash on Delivery,Delivered,2025,1,January,Q1,2025-01,2025Q1
O000446,C01072,2025-01-25,Debit Card,Delivered,2025,1,January,Q1,2025-01,2025Q1
O000447,C01898,2025-11-27,UPI,Delivered,2025,11,November,Q4,2025-11,2025Q4
O000448,C00765,2024-01-15,Credit Card,Cancelled,2024,1,January,Q1,2024-01,2024Q1
O000449,C01219,2024-04-03,Credit Card,Cancelled,2024,4,April,Q2,2024-04,2024Q2
O000450,C00893,2025-05-26,Credit Card,Delivered,2025,5,May,Q2,2025-05,2025Q2
O000451,C01299,2025-12-28,UPI,Cancelled,2025,12,December,Q4,2025-12,2025Q4
O000452,C01921,2025-02-17,Net Banking,Delivered,2025,2,February,Q1,2025-02,2025Q1
O000453,C00180,2024-05-19,UPI,Delivered,2024,5,May,Q2,2024-05,2024Q2
O000454,C01331,2024-01-15,UPI,Cancelled,2024,1,January,Q1,2024-01,2024Q1
O000455,C01910,2024-08-01,Credit Card,Delivered,2024,8,August,Q3,2024-08,2024Q3
O000456,C01536,2025-09-03,Cash on Delivery,Cancelled,2025,9,September,Q3,2025-09,2025Q3
O000457,C00205,2024-06-08,Debit Card,Cancelled,2024,6,June,Q2,2024-06,2024Q2
O000458,C01191,2024-07-09,UPI,Delivered,2024,7,July,Q3,2024-07,2024Q3
O000459,C01745,2025-10-06,Credit Card,Delivered,2025,10,October,Q4,2025-10,2025Q4
O000460,C01592,2025-07-02,Debit Card,Delivered,2025,7,July,Q3,2025-07,2025Q3
O000461,C00235,2025-10-13,UPI,Delivered,2025,10,October,Q4,2025-10,2025Q4
O000462,C01947,2025-11-20,UPI,Delivered,2025,11,November,Q4,2025-11,2025Q4
O000463,C01982,2025-03-26,Net Banking,Delivered,2025,3,March,Q1,2025-03,2025Q1
O000464,C01860,2024-12-11,Net Banking,Delivered,2024,12,December,Q4,2024-12,2024Q4
O000465,C01925,2024-03-06,Debit Card,Delivered,2024,3,March,Q1,2024-03,2024Q1
O000466,C01040,2025-09-18,UPI,Delivered,2025,9,September,Q3,2025-09,2025Q3
O000467,C00630,2025-02-18,Cash on Delivery,Delivered,2025,2,February,Q1,2025-02,2025Q1
O000468,C01379,2025-04-16,Credit Card,Delivered,2025,4,April,Q2,2025-04,2025Q2
O000469,C01844,2024-09-05,Net Banking,Delivered,2024,9,September,Q3,2024-09,2024Q3
O000470,C00032,2024-11-08,UPI,Delivered,2024,11,November,Q4,2024-11,2024Q4
O000471,C01722,2025-04-02,Net Banking,Cancelled,2025,4,April,Q2,2025-04,2025Q2
O000472,C00651,2024-02-04,Debit Card,Delivered,2024,2,February,Q1,2024-02,2024Q1
O000473,C01965,2025-01-16,Debit Card,Delivered,2025,1,January,Q1,2025-01,2025Q1
O000474,C00496,2025-10-31,Debit Card,Delivered,2025,10,October,Q4,2025-10,2025Q4
O000475,C00395,2025-12-26,Net Banking,Delivered,2025,12,December,Q4,2025-12,2025Q4
O000476,C01697,2024-01-19,UPI,Cancelled,2024,1,January,Q1,2024-01,2024Q1
O000477,C00879,2024-09-21,UPI,Delivered,2024,9,September,Q3,2024-09,2024Q3
O000478,C01492,2024-12-05,UPI,Delivered,2024,12,December,Q4,2024-12,2024Q4
O000479,C01060,2024-05-20,UPI,Delivered,2024,5,May,Q2,2024-05,2024Q2
O000480,C00204,2024-11-18,Cash on Delivery,Delivered,2024,11,November,Q4,2024-11,2024Q4
O000481,C01033,2024-01-19,UPI,Cancelled,2024,1,January,Q1,2024-01,2024Q1
O000482,C01607,2025-10-29,Credit Card,Delivered,2025,10,October,Q4,2025-10,2025Q4
O000483,C01715,2025-02-14,Cash on Delivery,Delivered,2025,2,February,Q1,2025-02,2025Q1
O000484,C01943,2024-09-03,Debit Card,Delivered,2024,9,September,Q3,2024-09,2024Q3
O000485,C00191,2024-10-23,UPI,Delivered,2024,10,October,Q4,2024-10,2024Q4
O000486,C00024,2024-07-18,Debit Card,Cancelled,2024,7,July,Q3,2024-07,2024Q3
O000487,C00314,2024-03-11,UPI,Cancelled,2024,3,March,Q1,2024-03,2024Q1
O000488,C01450,2024-03-30,Cash on Delivery,Delivered,2024,3,March,Q1,2024-03,2024Q1
O000489,C01172,2024-03-18,Credit Card,Delivered,2024,3,March,Q1,2024-03,2024Q1
O000490,C00930,2025-02-24,Debit Card,Delivered,2025,2,February,Q1,2025-02,2025Q1
O000491,C00491,2024-05-10,Debit Card,Delivered,2024,5,May,Q2,2024-05,2024Q2
O000492,C00609,2024-08-09,Credit Card,Cancelled,2024,8,August,Q3,2024-08,2024Q3
O000493,C01722,2024-04-21,Credit Card,Delivered,2024,4,April,Q2,2024-04,2024Q2
O000494,C01578,2024-05-21,Debit Card,Delivered,2024,5,May,Q2,2024-05,2024Q2
O000495,C00564,2024-07-17,UPI,Delivered,2024,7,July,Q3,2024-07,2024Q3
O000496,C01285,2025-08-19,UPI,Cancelled,2025,8,August,Q3,2025-08,2025Q3
O000497,C01776,2024-03-10,UPI,Delivered,2024,3,March,Q1,2024-03,2024Q1
O000498,C00941,2024-04-29,Cash on Delivery,Delivered,2024,4,April,Q2,2024-04,2024Q2
O000499,C00220,2024-08-26,Credit Card,Delivered,2024,8,August,Q3,2024-08,2024Q3
O000500,C00537,2024-11-12,Cash on Delivery,Delivered,2024,11,November,Q4,2024-11,2024Q4
O000501,C00159,2025-06-11,Debit Card,Delivered,2025,6,June,Q2,2025-06,2025Q2
O000502,C01870,2024-05-11,Credit Card,Delivered,2024,5,May,Q2,2024-05,2024Q2
O000503,C00207,2024-02-15,Net Banking,Delivered,2024,2,February,Q1,2024-02,2024Q1
O000504,C00848,2025-04-22,UPI,Delivered,2025,4,April,Q2,2025-04,2025Q2
O000505,C01965,2024-09-09,Net Banking,Delivered,2024,9,September,Q3,2024-09,2024Q3
O000506,C01408,2024-05-20,Credit Card,Delivered,2024,5,May,Q2,2024-05,2024Q2
O000507,C01298,2024-01-22,Net Banking,Delivered,2024,1,January,Q1,2024-01,2024Q1
O000508,C00369,2025-07-08,UPI,Delivered,2025,7,July,Q3,2025-07,2025Q3
O000509,C01351,2024-02-15,Cash on Delivery,Cancelled,2024,2,February,Q1,2024-02,2024Q1
O000510,C01751,2024-08-19,UPI,Delivered,2024,8,August,Q3,2024-08,2024Q3
O000511,C00711,2024-10-29,Net Banking,Cancelled,2024,10,October,Q4,2024-10,2024Q4
O000512,C01229,2024-03-17,Cash on Delivery,Delivered,2024,3,March,Q1,2024-03,2024Q1
O000513,C00325,2024-09-05,Cash on Delivery,Delivered,2024,9,September,Q3,2024-09,2024Q3
O000514,C01898,2024-04-20,UPI,Cancelled,2024,4,April,Q2,2024-04,2024Q2
O000515,C00061,2024-11-16,Cash on Delivery,Delivered,2024,11,November,Q4,2024-11,2024Q4
O000516,C01061,2025-11-24,Cash on Delivery,Delivered,2025,11,November,Q4,2025-11,2025Q4
O000517,C00443,2024-09-08,Net Banking,Delivered,2024,9,September,Q3,2024-09,2024Q3
O000518,C01841,2024-07-19,Credit Card,Delivered,2024,7,July,Q3,2024-07,2024Q3
O000519,C00671,2024-10-18,Credit Card,Delivered,2024,10,October,Q4,2024-10,2024Q4
O000520,C00171,2025-10-04,Credit Card,Delivered,2025,10,October,Q4,2025-10,2025Q4
O000521,C00561,2025-11-29,Net Banking,Delivered,2025,11,November,Q4,2025-11,2025Q4
O000522,C01953,2024-04-03,UPI,Delivered,2024,4,April,Q2,2024-04,2024Q2
O000523,C01451,2024-02-10,Cash on Delivery,Delivered,2024,2,February,Q1,2024-02,2024Q1
O000524,C00957,2024-06-06,Net Banking,Delivered,2024,6,June,Q2,2024-06,2024Q2
O000525,C01050,2024-07-05,Net Banking,Delivered,2024,7,July,Q3,2024-07,2024Q3
O000526,C00513,2025-08-07,Credit Card,Delivered,2025,8,August,Q3,2025-08,2025Q3
O000527,C01408,2025-04-08,Cash on Delivery,Delivered,2025,4,April,Q2,2025-04,2025Q2
O000528,C01970,2025-03-31,Net Banking,Delivered,2025,3,March,Q1,2025-03,2025Q1
O000529,C01196,2024-07-02,Cash on Delivery,Delivered,2024,7,July,Q3,2024-07,2024Q3
O000530,C00340,2025-01-17,Credit Card,Delivered,2025,1,January,Q1,2025-01,2025Q1
O000531,C00888,2025-01-30,Net Banking,Delivered,2025,1,January,Q1,2025-01,2025Q1
O000532,C01222,2025-08-07,Debit Card,Delivered,2025,8,August,Q3,2025-08,2025Q3
O000533,C01276,2025-01-26,UPI,Cancelled,2025,1,January,Q1,2025-01,2025Q1
O000534,C00785,2024-10-26,Credit Card,Cancelled,2024,10,October,Q4,2024-10,2024Q4
O000535,C00723,2024-03-30,Credit Card,Delivered,2024,3,March,Q1,2024-03,2024Q1
O000536,C00921,2024-07-28,Credit Card,Delivered,2024,7,July,Q3,2024-07,2024Q3
O000537,C01963,2024-02-17,Debit Card,Cancelled,2024,2,February,Q1,2024-02,2024Q1
O000538,C00840,2024-09-04,Credit Card,Cancelled,2024,9,September,Q3,2024-09,2024Q3
O000539,C00722,2024-12-27,Credit Card,Delivered,2024,12,December,Q4,2024-12,2024Q4
O000540,C00369,2025-03-05,Cash on Delivery,Delivered,2025,3,March,Q1,2025-03,2025Q1
O000541,C01620,2024-11-12,UPI,Delivered,2024,11,November,Q4,2024-11,2024Q4
O000542,C00149,2024-02-20,Credit Card,Delivered,2024,2,February,Q1,2024-02,2024Q1
O000543,C00762,2025-01-11,Credit Card,Delivered,2025,1,January,Q1,2025-01,2025Q1
O000544,C00251,2024-01-23,UPI,Delivered,2024,1,January,Q1,2024-01,2024Q1
O000545,C01469,2024-11-12,Credit Card,Delivered,2024,11,November,Q4,2024-11,2024Q4
O000546,C01163,2025-05-07,Cash on Delivery,Delivered,2025,5,May,Q2,2025-05,2025Q2
O000547,C01151,2024-06-30,UPI,Delivered,2024,6,June,Q2,2024-06,2024Q2
O000548,C00581,2025-12-10,Cash on Delivery,Delivered,2025,12,December,Q4,2025-12,2025Q4
O000549,C01080,2025-11-19,UPI,Cancelled,2025,11,November,Q4,2025-11,2025Q4
O000550,C00570,2024-01-15,Cash on Delivery,Delivered,2024,1,January,Q1,2024-01,2024Q1
O000551,C01176,2024-07-28,Net Banking,Delivered,2024,7,July,Q3,2024-07,2024Q3
O000552,C00651,2025-03-06,Debit Card,Delivered,2025,3,March,Q1,2025-03,2025Q1
O000553,C00404,2025-03-31,UPI,Delivered,2025,3,March,Q1,2025-03,2025Q1
O000554,C01022,2025-06-08,UPI,Delivered,2025,6,June,Q2,2025-06,2025Q2
O000555,C00863,2024-03-19,UPI,Delivered,2024,3,March,Q1,2024-03,2024Q1
O000556,C00928,2024-07-10,UPI,Delivered,2024,7,July,Q3,2024-07,2024Q3
O000557,C01211,2025-08-15,Net Banking,Delivered,2025,8,August,Q3,2025-08,2025Q3
O000558,C01181,2025-03-06,UPI,Delivered,2025,3,March,Q1,2025-03,2025Q1
O000559,C00037,2025-05-21,Cash on Delivery,Delivered,2025,5,May,Q2,2025-05,2025Q2
O000560,C01868,2025-09-01,Net Banking,Delivered,2025,9,September,Q3,2025-09,2025Q3
O000561,C00269,2024-04-07,Net Banking,Delivered,2024,4,April,Q2,2024-04,2024Q2
O000562,C00076,2024-08-24,Cash on Delivery,Cancelled,2024,8,August,Q3,2024-08,2024Q3
O000563,C00081,2025-03-17,Credit Card,Delivered,2025,3,March,Q1,2025-03,2025Q1
O000564,C00143,2024-11-11,Net Banking,Delivered,2024,11,November,Q4,2024-11,2024Q4
O000565,C01700,2024-12-12,Net Banking,Delivered,2024,12,December,Q4,2024-12,2024Q4
O000566,C00563,2024-03-06,Debit Card,Delivered,2024,3,March,Q1,2024-03,2024Q1
O000567,C00820,2025-10-19,UPI,Delivered,2025,10,October,Q4,2025-10,2025Q4
O000568,C01012,2025-05-08,Debit Card,Delivered,2025,5,May,Q2,2025-05,2025Q2
O000569,C00612,2025-01-23,Net Banking,Delivered,2025,1,January,Q1,2025-01,2025Q1
O000570,C01739,2024-06-07,UPI,Delivered,2024,6,June,Q2,2024-06,2024Q2
O000571,C01921,2025-08-31,Debit Card,Delivered,2025,8,August,Q3,2025-08,2025Q3
O000572,C00459,2024-04-20,UPI,Delivered,2024,4,April,Q2,2024-04,2024Q2
O000573,C00285,2024-10-16,UPI,Delivered,2024,10,October,Q4,2024-10,2024Q4
O000574,C01765,2025-02-23,Debit Card,Delivered,2025,2,February,Q1,2025-02,2025Q1
O000575,C00464,2024-05-10,Credit Card,Delivered,2024,5,May,Q2,2024-05,2024Q2
O000576,C00392,2025-08-30,Cash on Delivery,Delivered,2025,8,August,Q3,2025-08,2025Q3
O000577,C01672,2024-07-09,Cash on Delivery,Delivered,2024,7,July,Q3,2024-07,2024Q3
O000578,C01914,2025-02-21,Net Banking,Delivered,2025,2,February,Q1,2025-02,2025Q1
O000579,C00532,2024-11-25,UPI,Delivered,2024,11,November,Q4,2024-11,2024Q4
O000580,C00099,2025-12-08,Debit Card,Delivered,2025,12,December,Q4,2025-12,2025Q4
O000581,C00541,2025-03-07,Debit Card,Cancelled,2025,3,March,Q1,2025-03,2025Q1
O000582,C01622,2024-12-16,Net Banking,Delivered,2024,12,December,Q4,2024-12,2024Q4
O000583,C01431,2024-02-02,UPI,Delivered,2024,2,February,Q1,2024-02,2024Q1
O000584,C01195,2024-01-01,Net Banking,Delivered,2024,1,January,Q1,2024-01,2024Q1
O000585,C00259,2025-09-23,Debit Card,Delivered,2025,9,September,Q3,2025-09,2025Q3
O000586,C01543,2024-12-26,Credit Card,Delivered,2024,12,December,Q4,2024-12,2024Q4
O000587,C01305,2025-10-06,Credit Card,Delivered,2025,10,October,Q4,2025-10,2025Q4
O000588,C01069,2025-04-27,Cash on Delivery,Delivered,2025,4,April,Q2,2025-04,2025Q2
O000589,C01184,2024-08-12,Net Banking,Delivered,2024,8,August,Q3,2024-08,2024Q3
O000590,C02000,2025-05-22,Debit Card,Delivered,2025,5,May,Q2,2025-05,2025Q2
O000591,C01583,2024-05-10,Cash on Delivery,Delivered,2024,5,May,Q2,2024-05,2024Q2
O000592,C00189,2024-01-01,UPI,Delivered,2024,1,January,Q1,2024-01,2024Q1
O000593,C01457,2024-02-16,UPI,Cancelled,2024,2,February,Q1,2024-02,2024Q1
O000594,C01712,2025-12-26,Net Banking,Delivered,2025,12,December,Q4,2025-12,2025Q4
O000595,C01424,2025-12-16,UPI,Delivered,2025,12,December,Q4,2025-12,2025Q4
O000596,C00124,2025-01-09,Credit Card,Delivered,2025,1,January,Q1,2025-01,2025Q1
O000597,C01374,2024-07-31,UPI,Delivered,2024,7,July,Q3,2024-07,2024Q3
O000598,C00385,2025-04-09,Net Banking,Delivered,2025,4,April,Q2,2025-04,2025Q2
O000599,C00698,2024-07-13,Credit Card,Cancelled,2024,7,July,Q3,2024-07,2024Q3
O000600,C01560,2025-10-14,Cash on Delivery,Cancelled,2025,10,October,Q4,2025-10,2025Q4
O000601,C01759,2025-06-12,Debit Card,Delivered,2025,6,June,Q2,2025-06,2025Q2
O000602,C01452,2024-10-22,Net Banking,Delivered,2024,10,October,Q4,2024-10,2024Q4
O000603,C01737,2024-09-29,Cash on Delivery,Delivered,2024,9,September,Q3,2024-09,2024Q3
O000604,C01873,2025-10-16,UPI,Delivered,2025,10,October,Q4,2025-10,2025Q4
O000605,C00790,2025-05-06,Net Banking,Cancelled,2025,5,May,Q2,2025-05,2025Q2
O000606,C01052,2024-06-14,Credit Card,Delivered,2024,6,June,Q2,2024-06,2024Q2
O000607,C00385,2025-03-30,UPI,Delivered,2025,3,March,Q1,2025-03,2025Q1
O000608,C00867,2025-10-14,Credit Card,Delivered,2025,10,October,Q4,2025-10,2025Q4
O000609,C01949,2025-01-31,Cash on Delivery,Delivered,2025,1,January,Q1,2025-01,2025Q1
O000610,C00302,2024-08-06,Credit Card,Delivered,2024,8,August,Q3,2024-08,2024Q3
O000611,C01526,2024-02-05,UPI,Delivered,2024,2,February,Q1,2024-02,2024Q1
O000612,C01832,2024-05-05,Credit Card,Delivered,2024,5,May,Q2,2024-05,2024Q2
O000613,C00059,2025-07-28,Net Banking,Cancelled,2025,7,July,Q3,2025-07,2025Q3
O000614,C00928,2025-02-18,Credit Card,Delivered,2025,2,February,Q1,2025-02,2025Q1
O000615,C01899,2025-03-13,Debit Card,Delivered,2025,3,March,Q1,2025-03,2025Q1
O000616,C00884,2024-02-24,Credit Card,Delivered,2024,2,February,Q1,2024-02,2024Q1
O000617,C00813,2024-08-21,Cash on Delivery,Delivered,2024,8,August,Q3,2024-08,2024Q3
O000618,C01041,2024-03-10,UPI,Delivered,2024,3,March,Q1,2024-03,2024Q1
O000619,C00559,2024-11-03,Credit Card,Delivered,2024,11,November,Q4,2024-11,2024Q4
O000620,C01329,2025-06-26,Net Banking,Delivered,2025,6,June,Q2,2025-06,2025Q2
O000621,C00398,2024-04-05,Debit Card,Delivered,2024,4,April,Q2,2024-04,2024Q2
O000622,C00825,2025-10-07,Credit Card,Cancelled,2025,10,October,Q4,2025-10,2025Q4
O000623,C00566,2024-04-18,Cash on Delivery,Cancelled,2024,4,April,Q2,2024-04,2024Q2
O000624,C01011,2025-07-17,Cash on Delivery,Delivered,2025,7,July,Q3,2025-07,2025Q3
O000625,C00224,2025-03-08,Debit Card,Delivered,2025,3,March,Q1,2025-03,2025Q1
O000626,C01964,2024-08-05,UPI,Delivered,2024,8,August,Q3,2024-08,2024Q3
O000627,C00236,2025-11-13,UPI,Delivered,2025,11,November,Q4,2025-11,2025Q4
O000628,C01179,2024-12-01,UPI,Delivered,2024,12,December,Q4,2024-12,2024Q4
O000629,C01090,2024-06-12,UPI,Delivered,2024,6,June,Q2,2024-06,2024Q2
O000630,C00464,2025-04-19,Cash on Delivery,Delivered,2025,4,April,Q2,2025-04,2025Q2
O000631,C00803,2025-01-27,Net Banking,Delivered,2025,1,January,Q1,2025-01,2025Q1
O000632,C00451,2025-09-14,Cash on Delivery,Delivered,2025,9,September,Q3,2025-09,2025Q3
O000633,C01015,2024-09-04,Credit Card,Delivered,2024,9,September,Q3,2024-09,2024Q3
O000634,C00712,2025-11-17,Net Banking,Cancelled,2025,11,November,Q4,2025-11,2025Q4
O000635,C00590,2025-06-13,Cash on Delivery,Delivered,2025,6,June,Q2,2025-06,2025Q2
O000636,C00380,2024-09-23,Credit Card,Cancelled,2024,9,September,Q3,2024-09,2024Q3
O000637,C00977,2025-05-08,Debit Card,Delivered,2025,5,May,Q2,2025-05,2025Q2
O000638,C00349,2024-07-22,UPI,Delivered,2024,7,July,Q3,2024-07,2024Q3
O000639,C00342,2025-08-07,UPI,Delivered,2025,8,August,Q3,2025-08,2025Q3
O000640,C00291,2025-07-03,Cash on Delivery,Delivered,2025,7,July,Q3,2025-07,2025Q3
O000641,C00877,2024-12-17,Debit Card,Delivered,2024,12,December,Q4,2024-12,2024Q4
O000642,C00364,2024-07-31,Debit Card,Delivered,2024,7,July,Q3,2024-07,2024Q3
O000643,C00350,2024-07-10,Net Banking,Delivered,2024,7,July,Q3,2024-07,2024Q3
O000644,C01217,2025-05-29,Debit Card,Delivered,2025,5,May,Q2,2025-05,2025Q2
O000645,C01195,2024-09-06,UPI,Delivered,2024,9,September,Q3,2024-09,2024Q3
O000646,C01789,2024-09-22,UPI,Delivered,2024,9,September,Q3,2024-09,2024Q3
O000647,C00093,2024-06-12,Cash on Delivery,Cancelled,2024,6,June,Q2,2024-06,2024Q2
O000648,C01393,2024-12-23,Debit Card,Delivered,2024,12,December,Q4,2024-12,2024Q4
O000649,C01076,2025-04-10,Debit Card,Delivered,2025,4,April,Q2,2025-04,2025Q2
O000650,C01588,2024-09-12,UPI,Delivered,2024,9,September,Q3,2024-09,2024Q3
O000651,C00624,2024-01-13,Cash on Delivery,Delivered,2024,1,January,Q1,2024-01,2024Q1
O000652,C00927,2025-12-10,Credit Card,Delivered,2025,12,December,Q4,2025-12,2025Q4
O000653,C01118,2025-06-21,Debit Card,Delivered,2025,6,June,Q2,2025-06,2025Q2
O000654,C00520,2024-04-13,Debit Card,Delivered,2024,4,April,Q2,2024-04,2024Q2
O000655,C00028,2025-05-17,Debit Card,Delivered,2025,5,May,Q2,2025-05,2025Q2
O000656,C01455,2025-12-17,UPI,Cancelled,2025,12,December,Q4,2025-12,2025Q4
O000657,C01587,2024-01-02,Cash on Delivery,Delivered,2024,1,January,Q1,2024-01,2024Q1
O000658,C00231,2025-04-17,UPI,Cancelled,2025,4,April,Q2,2025-04,2025Q2
O000659,C01492,2025-01-05,Net Banking,Delivered,2025,1,January,Q1,2025-01,2025Q1
O000660,C00841,2024-01-04,Credit Card,Delivered,2024,1,January,Q1,2024-01,2024Q1
O000661,C00732,2025-12-01,Net Banking,Delivered,2025,12,December,Q4,2025-12,2025Q4
O000662,C00501,2024-01-08,Debit Card,Delivered,2024,1,January,Q1,2024-01,2024Q1
O000663,C00737,2025-06-06,UPI,Delivered,2025,6,June,Q2,2025-06,2025Q2
O000664,C00397,2024-05-14,Cash on Delivery,Delivered,2024,5,May,Q2,2024-05,2024Q2
O000665,C01309,2024-11-16,UPI,Delivered,2024,11,November,Q4,2024-11,2024Q4
O000666,C01797,2025-03-07,Cash on Delivery,Delivered,2025,3,March,Q1,2025-03,2025Q1
O000667,C01963,2025-11-26,Cash on Delivery,Delivered,2025,11,November,Q4,2025-11,2025Q4
O000668,C00544,2025-06-24,Cash on Delivery,Delivered,2025,6,June,Q2,2025-06,2025Q2
O000669,C01819,2025-06-30,UPI,Cancelled,2025,6,June,Q2,2025-06,2025Q2
O000670,C00855,2025-01-14,Net Banking,Delivered,2025,1,January,Q1,2025-01,2025Q1
O000671,C00634,2025-08-15,Credit Card,Delivered,2025,8,August,Q3,2025-08,2025Q3
O000672,C01187,2024-11-01,Debit Card,Delivered,2024,11,November,Q4,2024-11,2024Q4
O000673,C01709,2025-02-21,Cash on Delivery,Delivered,2025,2,February,Q1,2025-02,2025Q1
O000674,C00888,2024-03-04,Debit Card,Cancelled,2024,3,March,Q1,2024-03,2024Q1
O000675,C01983,2025-09-03,Debit Card,Delivered,2025,9,September,Q3,2025-09,2025Q3
O000676,C00226,2025-11-11,UPI,Delivered,2025,11,November,Q4,2025-11,2025Q4
O000677,C01899,2025-05-19,Net Banking,Delivered,2025,5,May,Q2,2025-05,2025Q2
O000678,C01395,2025-05-20,Credit Card,Cancelled,2025,5,May,Q2,2025-05,2025Q2
O000679,C01980,2024-03-01,Debit Card,Cancelled,2024,3,March,Q1,2024-03,2024Q1
O000680,C01144,2025-02-22,Credit Card,Delivered,2025,2,February,Q1,2025-02,2025Q1
O000681,C00998,2024-01-25,Credit Card,Delivered,2024,1,January,Q1,2024-01,2024Q1
O000682,C00032,2025-11-24,Debit Card,Delivered,2025,11,November,Q4,2025-11,2025Q4
O000683,C00580,2025-10-08,Cash on Delivery,Delivered,2025,10,October,Q4,2025-10,2025Q4
O000684,C00109,2025-09-25,Net Banking,Delivered,2025,9,September,Q3,2025-09,2025Q3
O000685,C00011,2025-06-05,Net Banking,Delivered,2025,6,June,Q2,2025-06,2025Q2
O000686,C01353,2024-12-11,UPI,Delivered,2024,12,December,Q4,2024-12,2024Q4
O000687,C00515,2025-06-06,UPI,Delivered,2025,6,June,Q2,2025-06,2025Q2
O000688,C01609,2024-04-05,Cash on Delivery,Cancelled,2024,4,April,Q2,2024-04,2024Q2
O000689,C00318,2024-10-01,Cash on Delivery,Delivered,2024,10,October,Q4,2024-10,2024Q4
O000690,C00293,2025-09-23,Credit Card,Delivered,2025,9,September,Q3,2025-09,2025Q3
O000691,C01199,2024-10-19,UPI,Delivered,2024,10,October,Q4,2024-10,2024Q4
O000692,C00449,2025-10-04,UPI,Delivered,2025,10,October,Q4,2025-10,2025Q4
O000693,C01911,2025-04-12,Debit Card,Delivered,2025,4,April,Q2,2025-04,2025Q2
O000694,C01663,2024-10-05,Debit Card,Delivered,2024,10,October,Q4,2024-10,2024Q4
O000695,C00866,2024-10-27,Net Banking,Delivered,2024,10,October,Q4,2024-10,2024Q4
O000696,C01829,2024-05-17,Credit Card,Delivered,2024,5,May,Q2,2024-05,2024Q2
O000697,C01223,2025-10-13,Debit Card,Delivered,2025,10,October,Q4,2025-10,2025Q4
O000698,C01155,2025-08-19,Net Banking,Delivered,2025,8,August,Q3,2025-08,2025Q3
O000699,C01648,2025-09-22,Debit Card,Delivered,2025,9,September,Q3,2025-09,2025Q3
O000700,C00513,2025-06-25,Credit Card,Delivered,2025,6,June,Q2,2025-06,2025Q2
O000701,C01136,2024-01-07,Credit Card,Delivered,2024,1,January,Q1,2024-01,2024Q1
O000702,C00625,2024-04-06,UPI,Delivered,2024,4,April,Q2,2024-04,2024Q2
O000703,C01161,2024-12-25,Net Banking,Cancelled,2024,12,December,Q4,2024-12,2024Q4
O000704,C00376,2024-10-14,Credit Card,Delivered,2024,10,October,Q4,2024-10,2024Q4
O000705,C00197,2025-12-28,Credit Card,Cancelled,2025,12,December,Q4,2025-12,2025Q4
O000706,C00906,2024-05-29,Debit Card,Cancelled,2024,5,May,Q2,2024-05,2024Q2
O000707,C01915,2024-12-11,Debit Card,Delivered,2024,12,December,Q4,2024-12,2024Q4
O000708,C00726,2024-01-08,Net Banking,Delivered,2024,1,January,Q1,2024-01,2024Q1
O000709,C00862,2024-06-21,Net Banking,Delivered,2024,6,June,Q2,2024-06,2024Q2
O000710,C00057,2025-07-31,Net Banking,Delivered,2025,7,July,Q3,2025-07,2025Q3
O000711,C01961,2024-01-16,Net Banking,Delivered,2024,1,January,Q1,2024-01,2024Q1
O000712,C01548,2025-08-12,Credit Card,Cancelled,2025,8,August,Q3,2025-08,2025Q3
O000713,C01858,2024-08-06,Debit Card,Delivered,2024,8,August,Q3,2024-08,2024Q3
O000714,C01189,2025-06-12,Credit Card,Delivered,2025,6,June,Q2,2025-06,2025Q2
O000715,C01272,2025-12-16,Cash on Delivery,Cancelled,2025,12,December,Q4,2025-12,2025Q4
O000716,C01798,2025-07-04,Debit Card,Delivered,2025,7,July,Q3,2025-07,2025Q3
O000717,C01547,2024-10-04,Net Banking,Delivered,2024,10,October,Q4,2024-10,2024Q4
O000718,C00826,2024-05-28,UPI,Delivered,2024,5,May,Q2,2024-05,2024Q2
O000719,C01654,2024-03-10,Cash on Delivery,Delivered,2024,3,March,Q1,2024-03,2024Q1
O000720,C01719,2025-09-26,UPI,Delivered,2025,9,September,Q3,2025-09,2025Q3
O000721,C00554,2025-04-21,UPI,Delivered,2025,4,April,Q2,2025-04,2025Q2
O000722,C01218,2025-04-30,UPI,Delivered,2025,4,April,Q2,2025-04,2025Q2
O000723,C01159,2024-08-23,Debit Card,Delivered,2024,8,August,Q3,2024-08,2024Q3
O000724,C01771,2025-09-19,UPI,Cancelled,2025,9,September,Q3,2025-09,2025Q3
O000725,C01382,2025-07-11,Cash on Delivery,Delivered,2025,7,July,Q3,2025-07,2025Q3
O000726,C01437,2024-06-20,Credit Card,Cancelled,2024,6,June,Q2,2024-06,2024Q2
O000727,C00296,2024-06-30,Debit Card,Delivered,2024,6,June,Q2,2024-06,2024Q2
O000728,C00280,2025-01-18,Credit Card,Delivered,2025,1,January,Q1,2025-01,2025Q1
O000729,C00617,2024-10-08,Debit Card,Delivered,2024,10,October,Q4,2024-10,2024Q4
O000730,C01650,2024-01-29,Net Banking,Cancelled,2024,1,January,Q1,2024-01,2024Q1
O000731,C01409,2024-08-06,Credit Card,Delivered,2024,8,August,Q3,2024-08,2024Q3
O000732,C00138,2025-01-17,UPI,Cancelled,2025,1,January,Q1,2025-01,2025Q1
O000733,C01803,2025-12-03,UPI,Delivered,2025,12,December,Q4,2025-12,2025Q4
O000734,C00507,2025-06-30,Credit Card,Delivered,2025,6,June,Q2,2025-06,2025Q2
O000735,C00971,2025-07-03,UPI,Cancelled,2025,7,July,Q3,2025-07,2025Q3
O000736,C00909,2025-04-15,Credit Card,Delivered,2025,4,April,Q2,2025-04,2025Q2
O000737,C00615,2024-06-11,Credit Card,Delivered,2024,6,June,Q2,2024-06,2024Q2
O000738,C01680,2024-01-06,Credit Card,Cancelled,2024,1,January,Q1,2024-01,2024Q1
O000739,C00534,2024-06-01,Cash on Delivery,Delivered,2024,6,June,Q2,2024-06,2024Q2
O000740,C01760,2025-09-29,Cash on Delivery,Delivered,2025,9,September,Q3,2025-09,2025Q3
O000741,C00886,2025-05-10,UPI,Delivered,2025,5,May,Q2,2025-05,2025Q2
O000742,C00379,2024-11-03,Credit Card,Delivered,2024,11,November,Q4,2024-11,2024Q4
O000743,C00350,2024-03-27,Debit Card,Cancelled,2024,3,March,Q1,2024-03,2024Q1
O000744,C00411,2025-11-06,Net Banking,Delivered,2025,11,November,Q4,2025-11,2025Q4
O000745,C00594,2024-08-03,Debit Card,Delivered,2024,8,August,Q3,2024-08,2024Q3
O000746,C01965,2025-03-18,Debit Card,Delivered,2025,3,March,Q1,2025-03,2025Q1
O000747,C01368,2025-01-23,Debit Card,Delivered,2025,1,January,Q1,2025-01,2025Q1
O000748,C00791,2025-01-18,Debit Card,Delivered,2025,1,January,Q1,2025-01,2025Q1
O000749,C00951,2024-05-12,Credit Card,Delivered,2024,5,May,Q2,2024-05,2024Q2
O000750,C00304,2025-03-04,UPI,Delivered,2025,3,March,Q1,2025-03,2025Q1
O000751,C00937,2024-05-30,UPI,Cancelled,2024,5,May,Q2,2024-05,2024Q2
O000752,C00798,2025-05-27,UPI,Delivered,2025,5,May,Q2,2025-05,2025Q2
O000753,C00070,2025-07-27,Cash on Delivery,Delivered,2025,7,July,Q3,2025-07,2025Q3
O000754,C00088,2025-03-15,Net Banking,Delivered,2025,3,March,Q1,2025-03,2025Q1
O000755,C01972,2025-06-06,UPI,Delivered,2025,6,June,Q2,2025-06,2025Q2
O000756,C00568,2025-06-14,UPI,Delivered,2025,6,June,Q2,2025-06,2025Q2
O000757,C00733,2025-04-13,Cash on Delivery,Cancelled,2025,4,April,Q2,2025-04,2025Q2
O000758,C00432,2025-03-14,Debit Card,Cancelled,2025,3,March,Q1,2025-03,2025Q1
O000759,C00800,2024-05-16,Debit Card,Delivered,2024,5,May,Q2,2024-05,2024Q2
O000760,C01344,2024-02-20,Credit Card,Delivered,2024,2,February,Q1,2024-02,2024Q1
O000761,C01344,2025-04-01,Cash on Delivery,Delivered,2025,4,April,Q2,2025-04,2025Q2
O000762,C00942,2024-04-09,Credit Card,Delivered,2024,4,April,Q2,2024-04,2024Q2
O000763,C01608,2025-08-02,Debit Card,Delivered,2025,8,August,Q3,2025-08,2025Q3
O000764,C00140,2024-02-20,Cash on Delivery,Delivered,2024,2,February,Q1,2024-02,2024Q1
O000765,C00772,2024-04-08,Cash on Delivery,Cancelled,2024,4,April,Q2,2024-04,2024Q2
O000766,C01350,2024-07-20,UPI,Cancelled,2024,7,July,Q3,2024-07,2024Q3
O000767,C01589,2025-12-26,Debit Card,Delivered,2025,12,December,Q4,2025-12,2025Q4
O000768,C00266,2025-03-18,Debit Card,Cancelled,2025,3,March,Q1,2025-03,2025Q1
O000769,C01957,2025-10-26,Cash on Delivery,Delivered,2025,10,October,Q4,2025-10,2025Q4
O000770,C01198,2024-06-26,Cash on Delivery,Delivered,2024,6,June,Q2,2024-06,2024Q2
O000771,C00139,2025-11-15,UPI,Delivered,2025,11,November,Q4,2025-11,2025Q4
O000772,C00475,2025-02-10,UPI,Delivered,2025,2,February,Q1,2025-02,2025Q1
O000773,C01023,2025-07-20,Net Banking,Delivered,2025,7,July,Q3,2025-07,2025Q3
O000774,C01557,2025-08-30,Credit Card,Delivered,2025,8,August,Q3,2025-08,2025Q3
O000775,C00216,2024-08-01,Cash on Delivery,Delivered,2024,8,August,Q3,2024-08,2024Q3
O000776,C01492,2024-05-29,Cash on Delivery,Delivered,2024,5,May,Q2,2024-05,2024Q2
O000777,C01890,2025-10-20,UPI,Delivered,2025,10,October,Q4,2025-10,2025Q4
O000778,C01254,2025-06-10,Debit Card,Delivered,2025,6,June,Q2,2025-06,2025Q2
O000779,C00077,2024-01-18,Cash on Delivery,Delivered,2024,1,January,Q1,2024-01,2024Q1
O000780,C00905,2025-06-22,Cash on Delivery,Cancelled,2025,6,June,Q2,2025-06,2025Q2
O000781,C01293,2025-06-10,Cash on Delivery,Delivered,2025,6,June,Q2,2025-06,2025Q2
O000782,C00658,2025-02-17,UPI,Delivered,2025,2,February,Q1,2025-02,2025Q1
O000783,C00774,2025-04-22,UPI,Cancelled,2025,4,April,Q2,2025-04,2025Q2
O000784,C01140,2024-07-15,UPI,Delivered,2024,7,July,Q3,2024-07,2024Q3
O000785,C01006,2025-06-12,Net Banking,Delivered,2025,6,June,Q2,2025-06,2025Q2
O000786,C00462,2025-03-11,Credit Card,Delivered,2025,3,March,Q1,2025-03,2025Q1
O000787,C00889,2025-11-16,Net Banking,Delivered,2025,11,November,Q4,2025-11,2025Q4
O000788,C00177,2024-12-18,Cash on Delivery,Delivered,2024,12,December,Q4,2024-12,2024Q4
O000789,C01289,2024-01-02,Cash on Delivery,Delivered,2024,1,January,Q1,2024-01,2024Q1
O000790,C00417,2025-12-29,UPI,Delivered,2025,12,December,Q4,2025-12,2025Q4
O000791,C01830,2024-11-27,UPI,Delivered,2024,11,November,Q4,2024-11,2024Q4
O000792,C01164,2025-05-12,Cash on Delivery,Delivered,2025,5,May,Q2,2025-05,2025Q2
O000793,C00698,2025-06-06,Credit Card,Cancelled,2025,6,June,Q2,2025-06,2025Q2
O000794,C01017,2025-05-19,Credit Card,Delivered,2025,5,May,Q2,2025-05,2025Q2
O000795,C01169,2024-02-10,Net Banking,Cancelled,2024,2,February,Q1,2024-02,2024Q1
O000796,C00722,2025-10-25,Credit Card,Cancelled,2025,10,October,Q4,2025-10,2025Q4
O000797,C01748,2025-12-30,UPI,Delivered,2025,12,December,Q4,2025-12,2025Q4
O000798,C00899,2024-09-07,Credit Card,Delivered,2024,9,September,Q3,2024-09,2024Q3
O000799,C01790,2024-12-01,UPI,Cancelled,2024,12,December,Q4,2024-12,2024Q4
O000800,C00161,2025-10-17,UPI,Cancelled,2025,10,October,Q4,2025-10,2025Q4
O000801,C00611,2024-11-12,UPI,Delivered,2024,11,November,Q4,2024-11,2024Q4
O000802,C01022,2024-07-31,Credit Card,Delivered,2024,7,July,Q3,2024-07,2024Q3
O000803,C01232,2024-04-04,Cash on Delivery,Delivered,2024,4,April,Q2,2024-04,2024Q2
O000804,C00047,2025-06-12,Credit Card,Delivered,2025,6,June,Q2,2025-06,2025Q2
O000805,C01889,2025-02-06,Debit Card,Delivered,2025,2,February,Q1,2025-02,2025Q1
O000806,C01441,2024-12-28,Debit Card,Delivered,2024,12,December,Q4,2024-12,2024Q4
O000807,C01787,2025-01-19,Credit Card,Delivered,2025,1,January,Q1,2025-01,2025Q1
O000808,C00154,2024-10-07,Cash on Delivery,Cancelled,2024,10,October,Q4,2024-10,2024Q4
O000809,C00495,2025-02-05,Cash on Delivery,Cancelled,2025,2,February,Q1,2025-02,2025Q1
O000810,C01025,2025-08-12,UPI,Cancelled,2025,8,August,Q3,2025-08,2025Q3
O000811,C00117,2024-02-03,Cash on Delivery,Delivered,2024,2,February,Q1,2024-02,2024Q1
O000812,C01194,2025-11-17,Credit Card,Delivered,2025,11,November,Q4,2025-11,2025Q4
O000813,C01338,2025-07-14,UPI,Delivered,2025,7,July,Q3,2025-07,2025Q3
O000814,C00864,2024-06-23,Debit Card,Delivered,2024,6,June,Q2,2024-06,2024Q2
O000815,C00686,2024-02-06,UPI,Delivered,2024,2,February,Q1,2024-02,2024Q1
O000816,C00419,2024-08-03,Debit Card,Delivered,2024,8,August,Q3,2024-08,2024Q3
O000817,C01893,2025-12-14,UPI,Delivered,2025,12,December,Q4,2025-12,2025Q4
O000818,C01011,2024-11-22,UPI,Cancelled,2024,11,November,Q4,2024-11,2024Q4
O000819,C01853,2025-02-17,Cash on Delivery,Delivered,2025,2,February,Q1,2025-02,2025Q1
O000820,C00709,2024-12-14,Cash on Delivery,Delivered,2024,12,December,Q4,2024-12,2024Q4
O000821,C01226,2024-09-02,Cash on Delivery,Delivered,2024,9,September,Q3,2024-09,2024Q3
O000822,C01818,2024-01-05,Debit Card,Delivered,2024,1,January,Q1,2024-01,2024Q1
O000823,C00555,2024-10-31,UPI,Delivered,2024,10,October,Q4,2024-10,2024Q4
O000824,C00073,2024-05-31,Net Banking,Cancelled,2024,5,May,Q2,2024-05,2024Q2
O000825,C00462,2024-09-16,Debit Card,Delivered,2024,9,September,Q3,2024-09,2024Q3
O000826,C00979,2024-03-04,Debit Card,Delivered,2024,3,March,Q1,2024-03,2024Q1
O000827,C00044,2025-11-14,UPI,Delivered,2025,11,November,Q4,2025-11,2025Q4
O000828,C01585,2025-03-20,Credit Card,Cancelled,2025,3,March,Q1,2025-03,2025Q1
O000829,C01246,2025-09-19,Cash on Delivery,Delivered,2025,9,September,Q3,2025-09,2025Q3
O000830,C01132,2024-01-20,Debit Card,Delivered,2024,1,January,Q1,2024-01,2024Q1
O000831,C01569,2025-07-26,Net Banking,Delivered,2025,7,July,Q3,2025-07,2025Q3
O000832,C00881,2024-06-24,Debit Card,Cancelled,2024,6,June,Q2,2024-06,2024Q2
O000833,C00283,2025-06-19,UPI,Delivered,2025,6,June,Q2,2025-06,2025Q2
O000834,C00242,2024-11-25,Cash on Delivery,Delivered,2024,11,November,Q4,2024-11,2024Q4
O000835,C00721,2024-02-27,UPI,Delivered,2024,2,February,Q1,2024-02,2024Q1
O000836,C01881,2025-12-13,UPI,Delivered,2025,12,December,Q4,2025-12,2025Q4
O000837,C00189,2024-07-13,Debit Card,Delivered,2024,7,July,Q3,2024-07,2024Q3
O000838,C00846,2024-06-01,Debit Card,Cancelled,2024,6,June,Q2,2024-06,2024Q2
O000839,C01164,2024-05-07,UPI,Delivered,2024,5,May,Q2,2024-05,2024Q2
O000840,C01789,2024-09-12,Cash on Delivery,Delivered,2024,9,September,Q3,2024-09,2024Q3
O000841,C00157,2024-08-29,UPI,Delivered,2024,8,August,Q3,2024-08,2024Q3
O000842,C00899,2024-02-18,UPI,Delivered,2024,2,February,Q1,2024-02,2024Q1
O000843,C00644,2025-05-01,UPI,Delivered,2025,5,May,Q2,2025-05,2025Q2
O000844,C00599,2025-04-30,Credit Card,Cancelled,2025,4,April,Q2,2025-04,2025Q2
O000845,C00815,2024-03-16,Net Banking,Delivered,2024,3,March,Q1,2024-03,2024Q1
O000846,C01345,2024-01-22,UPI,Delivered,2024,1,January,Q1,2024-01,2024Q1
O000847,C01922,2025-01-07,Cash on Delivery,Delivered,2025,1,January,Q1,2025-01,2025Q1
O000848,C01014,2024-12-01,Debit Card,Delivered,2024,12,December,Q4,2024-12,2024Q4
O000849,C01839,2025-09-19,Credit Card,Delivered,2025,9,September,Q3,2025-09,2025Q3
O000850,C01461,2024-01-19,Debit Card,Delivered,2024,1,January,Q1,2024-01,2024Q1
O000851,C01598,2025-04-05,Cash on Delivery,Delivered,2025,4,April,Q2,2025-04,2025Q2
O000852,C01780,2025-09-11,Credit Card,Cancelled,2025,9,September,Q3,2025-09,2025Q3
O000853,C01829,2025-05-01,Credit Card,Cancelled,2025,5,May,Q2,2025-05,2025Q2
O000854,C01032,2025-12-27,UPI,Delivered,2025,12,December,Q4,2025-12,2025Q4
O000855,C00710,2024-09-16,Net Banking,Cancelled,2024,9,September,Q3,2024-09,2024Q3
O000856,C00996,2025-10-14,Debit Card,Delivered,2025,10,October,Q4,2025-10,2025Q4
O000857,C00417,2024-07-13,Net Banking,Cancelled,2024,7,July,Q3,2024-07,2024Q3
O000858,C00473,2024-07-10,Credit Card,Cancelled,2024,7,July,Q3,2024-07,2024Q3
O000859,C00432,2024-03-24,UPI,Delivered,2024,3,March,Q1,2024-03,2024Q1
O000860,C01485,2025-01-02,Credit Card,Delivered,2025,1,January,Q1,2025-01,2025Q1
O000861,C00482,2024-07-04,Net Banking,Delivered,2024,7,July,Q3,2024-07,2024Q3
O000862,C01952,2024-09-21,UPI,Delivered,2024,9,September,Q3,2024-09,2024Q3
O000863,C01713,2025-10-08,UPI,Delivered,2025,10,October,Q4,2025-10,2025Q4
O000864,C00570,2024-02-12,Debit Card,Delivered,2024,2,February,Q1,2024-02,2024Q1
O000865,C01695,2025-09-30,Cash on Delivery,Delivered,2025,9,September,Q3,2025-09,2025Q3
O000866,C00572,2024-09-16,Cash on Delivery,Delivered,2024,9,September,Q3,2024-09,2024Q3
O000867,C01015,2025-02-07,UPI,Delivered,2025,2,February,Q1,2025-02,2025Q1
O000868,C00788,2025-09-08,Net Banking,Delivered,2025,9,September,Q3,2025-09,2025Q3
O000869,C00460,2024-07-02,UPI,Delivered,2024,7,July,Q3,2024-07,2024Q3
O000870,C01352,2024-02-26,Net Banking,Cancelled,2024,2,February,Q1,2024-02,2024Q1
O000871,C00108,2025-08-25,Debit Card,Delivered,2025,8,August,Q3,2025-08,2025Q3
O000872,C01110,2025-04-11,Debit Card,Delivered,2025,4,April,Q2,2025-04,2025Q2
O000873,C01864,2025-04-26,Cash on Delivery,Delivered,2025,4,April,Q2,2025-04,2025Q2
O000874,C01890,2024-12-06,Debit Card,Cancelled,2024,12,December,Q4,2024-12,2024Q4
O000875,C00444,2025-08-16,Cash on Delivery,Delivered,2025,8,August,Q3,2025-08,2025Q3
O000876,C01487,2024-03-15,Net Banking,Delivered,2024,3,March,Q1,2024-03,2024Q1
O000877,C01774,2025-04-30,Credit Card,Delivered,2025,4,April,Q2,2025-04,2025Q2
O000878,C01654,2024-12-12,UPI,Cancelled,2024,12,December,Q4,2024-12,2024Q4
O000879,C00795,2025-03-25,Cash on Delivery,Delivered,2025,3,March,Q1,2025-03,2025Q1
O000880,C01759,2024-04-06,Cash on Delivery,Delivered,2024,4,April,Q2,2024-04,2024Q2
O000881,C00869,2024-03-07,Cash on Delivery,Cancelled,2024,3,March,Q1,2024-03,2024Q1
O000882,C01575,2024-02-17,Cash on Delivery,Delivered,2024,2,February,Q1,2024-02,2024Q1
O000883,C00333,2025-12-13,Net Banking,Delivered,2025,12,December,Q4,2025-12,2025Q4
O000884,C01528,2024-01-26,Cash on Delivery,Delivered,2024,1,January,Q1,2024-01,2024Q1
O000885,C00271,2024-10-20,Net Banking,Delivered,2024,10,October,Q4,2024-10,2024Q4
O000886,C01638,2024-08-31,Debit Card,Delivered,2024,8,August,Q3,2024-08,2024Q3
O000887,C00512,2025-11-22,Cash on Delivery,Delivered,2025,11,November,Q4,2025-11,2025Q4
O000888,C00692,2025-10-20,Cash on Delivery,Delivered,2025,10,October,Q4,2025-10,2025Q4
O000889,C00080,2025-06-22,Net Banking,Delivered,2025,6,June,Q2,2025-06,2025Q2
O000890,C00551,2024-02-20,Debit Card,Cancelled,2024,2,February,Q1,2024-02,2024Q1
O000891,C00026,2025-08-30,UPI,Delivered,2025,8,August,Q3,2025-08,2025Q3
O000892,C01165,2024-04-09,Net Banking,Delivered,2024,4,April,Q2,2024-04,2024Q2
O000893,C01736,2024-02-18,UPI,Delivered,2024,2,February,Q1,2024-02,2024Q1
O000894,C00036,2025-12-14,Credit Card,Delivered,2025,12,December,Q4,2025-12,2025Q4
O000895,C00076,2025-09-15,Debit Card,Delivered,2025,9,September,Q3,2025-09,2025Q3
O000896,C01307,2024-12-09,Net Banking,Delivered,2024,12,December,Q4,2024-12,2024Q4
O000897,C00837,2024-02-12,UPI,Delivered,2024,2,February,Q1,2024-02,2024Q1
O000898,C00567,2024-08-22,Cash on Delivery,Cancelled,2024,8,August,Q3,2024-08,2024Q3
O000899,C00644,2025-04-19,Cash on Delivery,Delivered,2025,4,April,Q2,2025-04,2025Q2
O000900,C00369,2025-05-01,UPI,Delivered,2025,5,May,Q2,2025-05,2025Q2
O000901,C00532,2024-12-01,Net Banking,Delivered,2024,12,December,Q4,2024-12,2024Q4
O000902,C00466,2024-02-21,Credit Card,Delivered,2024,2,February,Q1,2024-02,2024Q1
O000903,C01785,2024-03-20,Cash on Delivery,Delivered,2024,3,March,Q1,2024-03,2024Q1
O000904,C00477,2025-06-10,UPI,Delivered,2025,6,June,Q2,2025-06,2025Q2
O000905,C00378,2024-02-13,Net Banking,Delivered,2024,2,February,Q1,2024-02,2024Q1
O000906,C01188,2025-03-10,Credit Card,Cancelled,2025,3,March,Q1,2025-03,2025Q1
O000907,C01470,2024-02-10,Credit Card,Delivered,2024,2,February,Q1,2024-02,2024Q1
O000908,C01950,2024-08-17,Debit Card,Delivered,2024,8,August,Q3,2024-08,2024Q3
O000909,C00034,2025-10-22,Net Banking,Delivered,2025,10,October,Q4,2025-10,2025Q4
O000910,C01107,2024-10-23,UPI,Cancelled,2024,10,October,Q4,2024-10,2024Q4
O000911,C00481,2024-11-07,Debit Card,Delivered,2024,11,November,Q4,2024-11,2024Q4
O000912,C00159,2024-03-15,Debit Card,Delivered,2024,3,March,Q1,2024-03,2024Q1
O000913,C01047,2025-04-24,UPI,Delivered,2025,4,April,Q2,2025-04,2025Q2
O000914,C00418,2025-08-07,UPI,Delivered,2025,8,August,Q3,2025-08,2025Q3
O000915,C01699,2024-11-15,Net Banking,Delivered,2024,11,November,Q4,2024-11,2024Q4
O000916,C01315,2024-06-30,Credit Card,Delivered,2024,6,June,Q2,2024-06,2024Q2
O000917,C00294,2025-11-02,UPI,Cancelled,2025,11,November,Q4,2025-11,2025Q4
O000918,C01615,2025-04-10,Credit Card,Delivered,2025,4,April,Q2,2025-04,2025Q2
O000919,C01838,2025-09-03,Net Banking,Delivered,2025,9,September,Q3,2025-09,2025Q3
O000920,C01931,2025-05-27,Cash on Delivery,Cancelled,2025,5,May,Q2,2025-05,2025Q2
O000921,C00064,2025-04-29,Credit Card,Delivered,2025,4,April,Q2,2025-04,2025Q2
O000922,C00092,2024-01-09,Debit Card,Delivered,2024,1,January,Q1,2024-01,2024Q1
O000923,C01868,2024-12-18,Cash on Delivery,Delivered,2024,12,December,Q4,2024-12,2024Q4
O000924,C00218,2024-10-25,Cash on Delivery,Delivered,2024,10,October,Q4,2024-10,2024Q4
O000925,C01655,2024-12-26,Credit Card,Cancelled,2024,12,December,Q4,2024-12,2024Q4
O000926,C01605,2025-09-09,Debit Card,Delivered,2025,9,September,Q3,2025-09,2025Q3
O000927,C01925,2024-11-28,Credit Card,Delivered,2024,11,November,Q4,2024-11,2024Q4
O000928,C01702,2025-11-14,Cash on Delivery,Delivered,2025,11,November,Q4,2025-11,2025Q4
O000929,C01346,2025-04-26,Credit Card,Delivered,2025,4,April,Q2,2025-04,2025Q2
O000930,C01562,2025-04-25,UPI,Delivered,2025,4,April,Q2,2025-04,2025Q2
O000931,C01964,2024-03-19,Credit Card,Cancelled,2024,3,March,Q1,2024-03,2024Q1
O000932,C01032,2024-09-20,Cash on Delivery,Cancelled,2024,9,September,Q3,2024-09,2024Q3
O000933,C01504,2025-05-20,Credit Card,Delivered,2025,5,May,Q2,2025-05,2025Q2
O000934,C01736,2025-12-29,Cash on Delivery,Delivered,2025,12,December,Q4,2025-12,2025Q4
O000935,C01244,2025-06-08,Net Banking,Cancelled,2025,6,June,Q2,2025-06,2025Q2
O000936,C01066,2025-08-31,Credit Card,Delivered,2025,8,August,Q3,2025-08,2025Q3
O000937,C00400,2024-01-21,Cash on Delivery,Delivered,2024,1,January,Q1,2024-01,2024Q1
O000938,C01866,2024-12-18,Credit Card,Delivered,2024,12,December,Q4,2024-12,2024Q4
O000939,C00498,2025-02-05,Debit Card,Delivered,2025,2,February,Q1,2025-02,2025Q1
O000940,C00934,2024-09-11,Debit Card,Delivered,2024,9,September,Q3,2024-09,2024Q3
O000941,C01420,2025-04-01,UPI,Delivered,2025,4,April,Q2,2025-04,2025Q2
O000942,C00742,2024-05-29,UPI,Delivered,2024,5,May,Q2,2024-05,2024Q2
O000943,C01148,2024-03-24,Cash on Delivery,Delivered,2024,3,March,Q1,2024-03,2024Q1
O000944,C01874,2024-03-20,Credit Card,Delivered,2024,3,March,Q1,2024-03,2024Q1
O000945,C01240,2024-01-10,Credit Card,Delivered,2024,1,January,Q1,2024-01,2024Q1
O000946,C01611,2025-04-07,Net Banking,Delivered,2025,4,April,Q2,2025-04,2025Q2
O000947,C01167,2025-07-08,Cash on Delivery,Delivered,2025,7,July,Q3,2025-07,2025Q3
O000948,C01896,2024-02-22,Debit Card,Delivered,2024,2,February,Q1,2024-02,2024Q1
O000949,C01381,2025-04-05,Cash on Delivery,Delivered,2025,4,April,Q2,2025-04,2025Q2
O000950,C01241,2025-09-05,UPI,Delivered,2025,9,September,Q3,2025-09,2025Q3
O000951,C00700,2025-10-15,UPI,Delivered,2025,10,October,Q4,2025-10,2025Q4
O000952,C00837,2024-05-30,Credit Card,Delivered,2024,5,May,Q2,2024-05,2024Q2
O000953,C01180,2025-12-03,Credit Card,Delivered,2025,12,December,Q4,2025-12,2025Q4
O000954,C01843,2025-03-21,Credit Card,Delivered,2025,3,March,Q1,2025-03,2025Q1
O000955,C00032,2024-04-07,UPI,Delivered,2024,4,April,Q2,2024-04,2024Q2
O000956,C00540,2025-05-10,Cash on Delivery,Delivered,2025,5,May,Q2,2025-05,2025Q2
O000957,C01522,2025-01-30,UPI,Delivered,2025,1,January,Q1,2025-01,2025Q1
O000958,C01781,2024-07-18,UPI,Delivered,2024,7,July,Q3,2024-07,2024Q3
O000959,C00050,2024-10-03,Credit Card,Delivered,2024,10,October,Q4,2024-10,2024Q4
O000960,C00272,2024-11-23,Cash on Delivery,Cancelled,2024,11,November,Q4,2024-11,2024Q4
O000961,C01882,2025-01-08,Net Banking,Delivered,2025,1,January,Q1,2025-01,2025Q1
O000962,C00726,2025-07-16,Credit Card,Delivered,2025,7,July,Q3,2025-07,2025Q3
O000963,C01428,2025-04-27,Cash on Delivery,Delivered,2025,4,April,Q2,2025-04,2025Q2
O000964,C01459,2024-12-11,Credit Card,Delivered,2024,12,December,Q4,2024-12,2024Q4
O000965,C01838,2024-05-24,Cash on Delivery,Delivered,2024,5,May,Q2,2024-05,2024Q2
O000966,C01212,2024-07-07,Cash on Delivery,Cancelled,2024,7,July,Q3,2024-07,2024Q3
O000967,C00221,2024-04-16,Cash on Delivery,Delivered,2024,4,April,Q2,2024-04,2024Q2
O000968,C00152,2025-09-11,Debit Card,Delivered,2025,9,September,Q3,2025-09,2025Q3
O000969,C01866,2024-02-04,Net Banking,Delivered,2024,2,February,Q1,2024-02,2024Q1
O000970,C01517,2024-02-16,Net Banking,Delivered,2024,2,February,Q1,2024-02,2024Q1
O000971,C01552,2024-04-09,Net Banking,Delivered,2024,4,April,Q2,2024-04,2024Q2
O000972,C01503,2024-08-30,Credit Card,Cancelled,2024,8,August,Q3,2024-08,2024Q3
O000973,C01877,2025-03-30,Cash on Delivery,Delivered,2025,3,March,Q1,2025-03,2025Q1
O000974,C00312,2024-12-04,UPI,Cancelled,2024,12,December,Q4,2024-12,2024Q4
O000975,C01215,2025-02-02,Credit Card,Delivered,2025,2,February,Q1,2025-02,2025Q1
O000976,C00777,2025-05-21,Debit Card,Delivered,2025,5,May,Q2,2025-05,2025Q2
O000977,C00362,2025-08-08,Cash on Delivery,Cancelled,2025,8,August,Q3,2025-08,2025Q3
O000978,C00573,2024-10-04,Net Banking,Delivered,2024,10,October,Q4,2024-10,2024Q4
O000979,C00476,2024-08-29,Debit Card,Delivered,2024,8,August,Q3,2024-08,2024Q3
O000980,C00699,2025-03-29,UPI,Cancelled,2025,3,March,Q1,2025-03,2025Q1
O000981,C01061,2025-11-18,Cash on Delivery,Cancelled,2025,11,November,Q4,2025-11,2025Q4
O000982,C01041,2025-02-24,Cash on Delivery,Delivered,2025,2,February,Q1,2025-02,2025Q1
O000983,C00585,2025-08-25,Debit Card,Delivered,2025,8,August,Q3,2025-08,2025Q3
O000984,C00653,2024-04-23,Credit Card,Delivered,2024,4,April,Q2,2024-04,2024Q2
O000985,C00086,2024-04-24,Cash on Delivery,Delivered,2024,4,April,Q2,2024-04,2024Q2
O000986,C00882,2024-12-30,Cash on Delivery,Delivered,2024,12,December,Q4,2024-12,2024Q4
O000987,C01178,2024-08-27,Cash on Delivery,Delivered,2024,8,August,Q3,2024-08,2024Q3
O000988,C00204,2025-04-13,UPI,Delivered,2025,4,April,Q2,2025-04,2025Q2
O000989,C00243,2024-09-23,Credit Card,Delivered,2024,9,September,Q3,2024-09,2024Q3
O000990,C00899,2024-08-14,UPI,Delivered,2024,8,August,Q3,2024-08,2024Q3
O000991,C00591,2024-10-13,Debit Card,Cancelled,2024,10,October,Q4,2024-10,2024Q4
O000992,C01544,2024-01-07,UPI,Delivered,2024,1,January,Q1,2024-01,2024Q1
O000993,C01365,2025-02-06,Debit Card,Delivered,2025,2,February,Q1,2025-02,2025Q1
O000994,C00197,2025-03-31,Credit Card,Cancelled,2025,3,March,Q1,2025-03,2025Q1
O000995,C01718,2025-05-25,Cash on Delivery,Delivered,2025,5,May,Q2,2025-05,2025Q2
O000996,C00057,2025-06-10,Credit Card,Delivered,2025,6,June,Q2,2025-06,2025Q2
O000997,C01966,2024-04-22,Cash on Delivery,Cancelled,2024,4,April,Q2,2024-04,2024Q2
O000998,C01637,2024-02-14,Credit Card,Delivered,2024,2,February,Q1,2024-02,2024Q1
O000999,C01001,2024-07-03,Net Banking,Delivered,2024,7,July,Q3,2024-07,2024Q3
O001000,C00757,2025-01-28,Credit Card,Cancelled,2025,1,January,Q1,2025-01,2025Q1
O001001,C00874,2025-09-28,Net Banking,Cancelled,2025,9,September,Q3,2025-09,2025Q3
O001002,C00259,2025-10-10,Net Banking,Delivered,2025,10,October,Q4,2025-10,2025Q4
O001003,C01881,2025-03-10,UPI,Delivered,2025,3,March,Q1,2025-03,2025Q1
O001004,C00911,2025-10-28,Net Banking,Delivered,2025,10,October,Q4,2025-10,2025Q4
O001005,C00539,2024-02-12,UPI,Delivered,2024,2,February,Q1,2024-02,2024Q1
O001006,C00571,2024-11-23,UPI,Delivered,2024,11,November,Q4,2024-11,2024Q4
O001007,C01646,2024-09-24,UPI,Delivered,2024,9,September,Q3,2024-09,2024Q3
O001008,C01490,2024-05-31,UPI,Delivered,2024,5,May,Q2,2024-05,2024Q2
O001009,C00321,2024-06-04,Cash on Delivery,Delivered,2024,6,June,Q2,2024-06,2024Q2
O001010,C00566,2025-05-12,Net Banking,Cancelled,2025,5,May,Q2,2025-05,2025Q2
O001011,C01377,2025-12-06,Debit Card,Delivered,2025,12,December,Q4,2025-12,2025Q4
O001012,C01828,2024-06-05,UPI,Delivered,2024,6,June,Q2,2024-06,2024Q2
O001013,C00206,2025-09-01,Cash on Delivery,Delivered,2025,9,September,Q3,2025-09,2025Q3
O001014,C00390,2024-02-23,Cash on Delivery,Delivered,2024,2,February,Q1,2024-02,2024Q1
O001015,C01944,2024-09-22,UPI,Delivered,2024,9,September,Q3,2024-09,2024Q3
O001016,C00281,2024-05-27,Debit Card,Delivered,2024,5,May,Q2,2024-05,2024Q2
O001017,C01380,2025-06-02,Credit Card,Delivered,2025,6,June,Q2,2025-06,2025Q2
O001018,C00963,2025-01-04,Credit Card,Delivered,2025,1,January,Q1,2025-01,2025Q1
O001019,C01667,2025-06-23,UPI,Delivered,2025,6,June,Q2,2025-06,2025Q2
O001020,C00579,2025-06-21,Credit Card,Delivered,2025,6,June,Q2,2025-06,2025Q2
O001021,C01301,2024-12-29,Cash on Delivery,Cancelled,2024,12,December,Q4,2024-12,2024Q4
O001022,C01756,2025-04-10,Cash on Delivery,Delivered,2025,4,April,Q2,2025-04,2025Q2
O001023,C00007,2025-06-21,Credit Card,Delivered,2025,6,June,Q2,2025-06,2025Q2
O001024,C01143,2024-09-14,Cash on Delivery,Delivered,2024,9,September,Q3,2024-09,2024Q3
O001025,C01455,2025-10-23,UPI,Delivered,2025,10,October,Q4,2025-10,2025Q4
O001026,C01409,2025-03-25,Debit Card,Cancelled,2025,3,March,Q1,2025-03,2025Q1
O001027,C00779,2025-03-15,Cash on Delivery,Delivered,2025,3,March,Q1,2025-03,2025Q1
O001028,C01307,2024-09-17,Credit Card,Cancelled,2024,9,September,Q3,2024-09,2024Q3
O001029,C01346,2025-04-23,Credit Card,Delivered,2025,4,April,Q2,2025-04,2025Q2
O001030,C01722,2024-08-20,Credit Card,Delivered,2024,8,August,Q3,2024-08,2024Q3
O001031,C01369,2024-11-21,Net Banking,Delivered,2024,11,November,Q4,2024-11,2024Q4
O001032,C01632,2024-09-12,Net Banking,Cancelled,2024,9,September,Q3,2024-09,2024Q3
O001033,C00732,2024-05-06,Cash on Delivery,Delivered,2024,5,May,Q2,2024-05,2024Q2
O001034,C00606,2024-03-22,UPI,Delivered,2024,3,March,Q1,2024-03,2024Q1
O001035,C01973,2024-12-18,Debit Card,Delivered,2024,12,December,Q4,2024-12,2024Q4
O001036,C01986,2025-11-11,Net Banking,Delivered,2025,11,November,Q4,2025-11,2025Q4
O001037,C00507,2025-09-04,Net Banking,Delivered,2025,9,September,Q3,2025-09,2025Q3
O001038,C00361,2025-12-08,Debit Card,Delivered,2025,12,December,Q4,2025-12,2025Q4
O001039,C01353,2024-02-02,UPI,Delivered,2024,2,February,Q1,2024-02,2024Q1
O001040,C01428,2025-01-20,Net Banking,Delivered,2025,1,January,Q1,2025-01,2025Q1
O001041,C01585,2024-06-19,Net Banking,Delivered,2024,6,June,Q2,2024-06,2024Q2
O001042,C01231,2025-12-15,Net Banking,Delivered,2025,12,December,Q4,2025-12,2025Q4
O001043,C00060,2024-01-03,UPI,Cancelled,2024,1,January,Q1,2024-01,2024Q1
O001044,C00441,2025-05-11,Cash on Delivery,Delivered,2025,5,May,Q2,2025-05,2025Q2
O001045,C00125,2024-06-22,Cash on Delivery,Delivered,2024,6,June,Q2,2024-06,2024Q2
O001046,C00536,2025-06-22,Net Banking,Delivered,2025,6,June,Q2,2025-06,2025Q2
O001047,C00802,2024-06-27,Net Banking,Delivered,2024,6,June,Q2,2024-06,2024Q2
O001048,C00817,2024-12-28,Debit Card,Delivered,2024,12,December,Q4,2024-12,2024Q4
O001049,C00550,2025-04-29,Credit Card,Delivered,2025,4,April,Q2,2025-04,2025Q2
O001050,C00696,2024-06-14,UPI,Delivered,2024,6,June,Q2,2024-06,2024Q2
O001051,C00917,2024-07-04,Credit Card,Cancelled,2024,7,July,Q3,2024-07,2024Q3
O001052,C01794,2025-01-08,UPI,Delivered,2025,1,January,Q1,2025-01,2025Q1
O001053,C01597,2025-07-24,Net Banking,Cancelled,2025,7,July,Q3,2025-07,2025Q3
O001054,C01251,2025-08-19,UPI,Cancelled,2025,8,August,Q3,2025-08,2025Q3
O001055,C01106,2025-09-24,UPI,Delivered,2025,9,September,Q3,2025-09,2025Q3
O001056,C01644,2024-09-14,Net Banking,Delivered,2024,9,September,Q3,2024-09,2024Q3
O001057,C01599,2025-09-19,Cash on Delivery,Delivered,2025,9,September,Q3,2025-09,2025Q3
O001058,C01571,2025-07-28,Cash on Delivery,Delivered,2025,7,July,Q3,2025-07,2025Q3
O001059,C01342,2024-10-18,UPI,Delivered,2024,10,October,Q4,2024-10,2024Q4
O001060,C00742,2024-06-08,Cash on Delivery,Delivered,2024,6,June,Q2,2024-06,2024Q2
O001061,C00322,2024-11-06,Cash on Delivery,Delivered,2024,11,November,Q4,2024-11,2024Q4
O001062,C01761,2024-05-23,Credit Card,Delivered,2024,5,May,Q2,2024-05,2024Q2
O001063,C01642,2025-10-03,Credit Card,Delivered,2025,10,October,Q4,2025-10,2025Q4
O001064,C00679,2024-01-06,Credit Card,Cancelled,2024,1,January,Q1,2024-01,2024Q1
O001065,C01502,2024-10-08,Credit Card,Delivered,2024,10,October,Q4,2024-10,2024Q4
O001066,C00074,2024-01-08,UPI,Cancelled,2024,1,January,Q1,2024-01,2024Q1
O001067,C00210,2024-02-27,Credit Card,Delivered,2024,2,February,Q1,2024-02,2024Q1
O001068,C00087,2024-10-04,Credit Card,Delivered,2024,10,October,Q4,2024-10,2024Q4
O001069,C00618,2024-01-24,UPI,Delivered,2024,1,January,Q1,2024-01,2024Q1
O001070,C00070,2025-03-06,Debit Card,Delivered,2025,3,March,Q1,2025-03,2025Q1
O001071,C01666,2024-03-30,Debit Card,Delivered,2024,3,March,Q1,2024-03,2024Q1
O001072,C00269,2024-04-20,Net Banking,Delivered,2024,4,April,Q2,2024-04,2024Q2
O001073,C01766,2024-08-13,UPI,Delivered,2024,8,August,Q3,2024-08,2024Q3
O001074,C01034,2024-12-08,Net Banking,Delivered,2024,12,December,Q4,2024-12,2024Q4
O001075,C00031,2024-05-30,Cash on Delivery,Cancelled,2024,5,May,Q2,2024-05,2024Q2
O001076,C01883,2025-05-05,UPI,Cancelled,2025,5,May,Q2,2025-05,2025Q2
O001077,C01624,2025-03-30,Net Banking,Delivered,2025,3,March,Q1,2025-03,2025Q1
O001078,C01703,2025-12-09,Debit Card,Delivered,2025,12,December,Q4,2025-12,2025Q4
O001079,C01608,2025-08-17,Debit Card,Delivered,2025,8,August,Q3,2025-08,2025Q3
O001080,C01050,2024-10-06,UPI,Delivered,2024,10,October,Q4,2024-10,2024Q4
O001081,C00562,2024-02-04,Debit Card,Delivered,2024,2,February,Q1,2024-02,2024Q1
O001082,C00542,2024-01-24,Cash on Delivery,Cancelled,2024,1,January,Q1,2024-01,2024Q1
O001083,C00966,2024-06-03,Net Banking,Delivered,2024,6,June,Q2,2024-06,2024Q2
O001084,C00880,2024-06-02,UPI,Delivered,2024,6,June,Q2,2024-06,2024Q2
O001085,C01981,2024-08-08,Credit Card,Delivered,2024,8,August,Q3,2024-08,2024Q3
O001086,C00990,2024-05-15,Debit Card,Cancelled,2024,5,May,Q2,2024-05,2024Q2
O001087,C01038,2024-06-19,Credit Card,Delivered,2024,6,June,Q2,2024-06,2024Q2
O001088,C00036,2025-11-18,Cash on Delivery,Delivered,2025,11,November,Q4,2025-11,2025Q4
O001089,C01949,2024-07-22,Debit Card,Cancelled,2024,7,July,Q3,2024-07,2024Q3
O001090,C01464,2025-07-12,UPI,Delivered,2025,7,July,Q3,2025-07,2025Q3
O001091,C01184,2024-05-15,UPI,Delivered,2024,5,May,Q2,2024-05,2024Q2
O001092,C01580,2024-09-20,Credit Card,Delivered,2024,9,September,Q3,2024-09,2024Q3
O001093,C00977,2025-10-20,Credit Card,Delivered,2025,10,October,Q4,2025-10,2025Q4
O001094,C00681,2025-03-06,Credit Card,Delivered,2025,3,March,Q1,2025-03,2025Q1
O001095,C00196,2024-07-10,Debit Card,Delivered,2024,7,July,Q3,2024-07,2024Q3
O001096,C01772,2024-05-18,Net Banking,Cancelled,2024,5,May,Q2,2024-05,2024Q2
O001097,C00512,2024-06-01,UPI,Delivered,2024,6,June,Q2,2024-06,2024Q2
O001098,C01263,2024-01-17,Net Banking,Cancelled,2024,1,January,Q1,2024-01,2024Q1
O001099,C01481,2024-05-16,Cash on Delivery,Delivered,2024,5,May,Q2,2024-05,2024Q2
O001100,C00121,2025-10-16,Net Banking,Delivered,2025,10,October,Q4,2025-10,2025Q4
O001101,C00844,2024-07-22,Debit Card,Delivered,2024,7,July,Q3,2024-07,2024Q3
O001102,C01709,2025-12-08,Credit Card,Delivered,2025,12,December,Q4,2025-12,2025Q4
O001103,C00659,2024-03-19,Cash on Delivery,Cancelled,2024,3,March,Q1,2024-03,2024Q1
O001104,C00833,2024-01-17,Cash on Delivery,Delivered,2024,1,January,Q1,2024-01,2024Q1
O001105,C01414,2025-10-07,Credit Card,Cancelled,2025,10,October,Q4,2025-10,2025Q4
O001106,C01628,2025-06-10,Net Banking,Cancelled,2025,6,June,Q2,2025-06,2025Q2
O001107,C01024,2024-04-16,Debit Card,Delivered,2024,4,April,Q2,2024-04,2024Q2
O001108,C00660,2024-10-21,Debit Card,Delivered,2024,10,October,Q4,2024-10,2024Q4
O001109,C01054,2025-05-23,Cash on Delivery,Delivered,2025,5,May,Q2,2025-05,2025Q2
O001110,C01887,2025-09-03,UPI,Delivered,2025,9,September,Q3,2025-09,2025Q3
O001111,C00770,2025-11-18,UPI,Delivered,2025,11,November,Q4,2025-11,2025Q4
O001112,C00332,2024-03-27,Cash on Delivery,Delivered,2024,3,March,Q1,2024-03,2024Q1
O001113,C00341,2024-09-19,Credit Card,Delivered,2024,9,September,Q3,2024-09,2024Q3
O001114,C01782,2025-12-28,Cash on Delivery,Delivered,2025,12,December,Q4,2025-12,2025Q4
O001115,C01814,2024-06-12,Credit Card,Delivered,2024,6,June,Q2,2024-06,2024Q2
O001116,C01283,2024-08-24,Cash on Delivery,Delivered,2024,8,August,Q3,2024-08,2024Q3
O001117,C00287,2024-12-20,Cash on Delivery,Cancelled,2024,12,December,Q4,2024-12,2024Q4
O001118,C00857,2024-07-05,Credit Card,Delivered,2024,7,July,Q3,2024-07,2024Q3
O001119,C00241,2024-10-14,Credit Card,Delivered,2024,10,October,Q4,2024-10,2024Q4
O001120,C01475,2025-09-20,Cash on Delivery,Delivered,2025,9,September,Q3,2025-09,2025Q3
O001121,C01071,2024-10-16,Credit Card,Delivered,2024,10,October,Q4,2024-10,2024Q4
O001122,C01155,2025-05-28,Credit Card,Delivered,2025,5,May,Q2,2025-05,2025Q2
O001123,C00595,2024-05-13,Debit Card,Delivered,2024,5,May,Q2,2024-05,2024Q2
O001124,C01645,2025-02-13,Cash on Delivery,Delivered,2025,2,February,Q1,2025-02,2025Q1
O001125,C01064,2025-09-12,Net Banking,Delivered,2025,9,September,Q3,2025-09,2025Q3
O001126,C00948,2025-04-29,Credit Card,Delivered,2025,4,April,Q2,2025-04,2025Q2
O001127,C01899,2025-11-15,Cash on Delivery,Delivered,2025,11,November,Q4,2025-11,2025Q4
O001128,C00337,2024-12-02,Cash on Delivery,Delivered,2024,12,December,Q4,2024-12,2024Q4
O001129,C00021,2025-11-13,UPI,Delivered,2025,11,November,Q4,2025-11,2025Q4
O001130,C00308,2025-07-06,Net Banking,Delivered,2025,7,July,Q3,2025-07,2025Q3
O001131,C00012,2024-02-20,Credit Card,Delivered,2024,2,February,Q1,2024-02,2024Q1
O001132,C00409,2024-04-02,UPI,Cancelled,2024,4,April,Q2,2024-04,2024Q2
O001133,C00940,2024-04-22,Debit Card,Delivered,2024,4,April,Q2,2024-04,2024Q2
O001134,C00126,2025-11-16,Net Banking,Cancelled,2025,11,November,Q4,2025-11,2025Q4
O001135,C00321,2025-12-18,UPI,Delivered,2025,12,December,Q4,2025-12,2025Q4
O001136,C01304,2024-04-11,Cash on Delivery,Delivered,2024,4,April,Q2,2024-04,2024Q2
O001137,C00707,2025-09-09,Net Banking,Delivered,2025,9,September,Q3,2025-09,2025Q3
O001138,C00563,2024-05-27,Debit Card,Delivered,2024,5,May,Q2,2024-05,2024Q2
O001139,C01197,2024-05-28,Cash on Delivery,Delivered,2024,5,May,Q2,2024-05,2024Q2
O001140,C01279,2025-02-17,Net Banking,Delivered,2025,2,February,Q1,2025-02,2025Q1
O001141,C01150,2024-10-20,Cash on Delivery,Delivered,2024,10,October,Q4,2024-10,2024Q4
O001142,C00159,2025-06-23,Debit Card,Delivered,2025,6,June,Q2,2025-06,2025Q2
O001143,C01497,2024-10-17,Credit Card,Delivered,2024,10,October,Q4,2024-10,2024Q4
O001144,C00539,2024-09-03,Debit Card,Delivered,2024,9,September,Q3,2024-09,2024Q3
O001145,C01633,2025-04-10,Debit Card,Delivered,2025,4,April,Q2,2025-04,2025Q2
O001146,C00677,2024-11-29,Credit Card,Cancelled,2024,11,November,Q4,2024-11,2024Q4
O001147,C01239,2025-05-09,UPI,Cancelled,2025,5,May,Q2,2025-05,2025Q2
O001148,C01370,2024-07-08,Net Banking,Delivered,2024,7,July,Q3,2024-07,2024Q3
O001149,C00345,2025-12-16,UPI,Delivered,2025,12,December,Q4,2025-12,2025Q4
O001150,C00444,2024-02-05,UPI,Cancelled,2024,2,February,Q1,2024-02,2024Q1
O001151,C00301,2025-08-15,Credit Card,Delivered,2025,8,August,Q3,2025-08,2025Q3
O001152,C00974,2025-04-23,Cash on Delivery,Delivered,2025,4,April,Q2,2025-04,2025Q2
O001153,C00160,2025-04-01,UPI,Delivered,2025,4,April,Q2,2025-04,2025Q2
O001154,C01048,2024-05-26,Cash on Delivery,Delivered,2024,5,May,Q2,2024-05,2024Q2
O001155,C01362,2025-10-25,Net Banking,Delivered,2025,10,October,Q4,2025-10,2025Q4
O001156,C00620,2025-02-19,Debit Card,Delivered,2025,2,February,Q1,2025-02,2025Q1
O001157,C00494,2024-08-16,Credit Card,Delivered,2024,8,August,Q3,2024-08,2024Q3
O001158,C01585,2025-09-05,Net Banking,Delivered,2025,9,September,Q3,2025-09,2025Q3
O001159,C00728,2024-04-25,Credit Card,Cancelled,2024,4,April,Q2,2024-04,2024Q2
O001160,C00650,2024-09-11,Credit Card,Cancelled,2024,9,September,Q3,2024-09,2024Q3
O001161,C01725,2024-07-10,Credit Card,Delivered,2024,7,July,Q3,2024-07,2024Q3
O001162,C01937,2024-02-11,Debit Card,Delivered,2024,2,February,Q1,2024-02,2024Q1
O001163,C01721,2025-05-03,Net Banking,Cancelled,2025,5,May,Q2,2025-05,2025Q2
O001164,C00905,2025-09-09,Debit Card,Delivered,2025,9,September,Q3,2025-09,2025Q3
O001165,C01404,2024-08-05,UPI,Cancelled,2024,8,August,Q3,2024-08,2024Q3
O001166,C01843,2025-11-08,Net Banking,Delivered,2025,11,November,Q4,2025-11,2025Q4
O001167,C00365,2024-04-08,UPI,Delivered,2024,4,April,Q2,2024-04,2024Q2
O001168,C01752,2025-10-23,Net Banking,Delivered,2025,10,October,Q4,2025-10,2025Q4
O001169,C01492,2025-01-29,Credit Card,Cancelled,2025,1,January,Q1,2025-01,2025Q1
O001170,C01147,2025-03-29,Credit Card,Delivered,2025,3,March,Q1,2025-03,2025Q1
O001171,C00767,2025-11-19,UPI,Delivered,2025,11,November,Q4,2025-11,2025Q4
O001172,C00402,2025-01-14,Credit Card,Cancelled,2025,1,January,Q1,2025-01,2025Q1
O001173,C00400,2024-06-11,UPI,Cancelled,2024,6,June,Q2,2024-06,2024Q2
O001174,C00636,2025-07-18,Debit Card,Delivered,2025,7,July,Q3,2025-07,2025Q3
O001175,C01866,2024-03-04,Debit Card,Delivered,2024,3,March,Q1,2024-03,2024Q1
O001176,C01030,2025-09-01,Cash on Delivery,Cancelled,2025,9,September,Q3,2025-09,2025Q3
O001177,C00560,2024-12-31,UPI,Delivered,2024,12,December,Q4,2024-12,2024Q4
O001178,C01315,2025-09-06,Debit Card,Delivered,2025,9,September,Q3,2025-09,2025Q3
O001179,C01425,2025-05-30,Cash on Delivery,Delivered,2025,5,May,Q2,2025-05,2025Q2
O001180,C01281,2025-04-22,UPI,Cancelled,2025,4,April,Q2,2025-04,2025Q2
O001181,C01687,2024-02-20,UPI,Delivered,2024,2,February,Q1,2024-02,2024Q1
O001182,C01245,2024-05-10,Net Banking,Delivered,2024,5,May,Q2,2024-05,2024Q2
O001183,C00356,2025-01-30,Debit Card,Cancelled,2025,1,January,Q1,2025-01,2025Q1
O001184,C01654,2024-10-28,UPI,Delivered,2024,10,October,Q4,2024-10,2024Q4
O001185,C00757,2025-08-06,UPI,Delivered,2025,8,August,Q3,2025-08,2025Q3
O001186,C01446,2025-11-16,Credit Card,Delivered,2025,11,November,Q4,2025-11,2025Q4
O001187,C00170,2025-05-16,Net Banking,Delivered,2025,5,May,Q2,2025-05,2025Q2
O001188,C00115,2025-08-06,Net Banking,Delivered,2025,8,August,Q3,2025-08,2025Q3
O001189,C00644,2025-01-30,UPI,Cancelled,2025,1,January,Q1,2025-01,2025Q1
O001190,C00569,2024-10-17,Credit Card,Cancelled,2024,10,October,Q4,2024-10,2024Q4
O001191,C01511,2025-01-22,UPI,Delivered,2025,1,January,Q1,2025-01,2025Q1
O001192,C01715,2025-02-07,Debit Card,Delivered,2025,2,February,Q1,2025-02,2025Q1
O001193,C01855,2024-12-26,Cash on Delivery,Delivered,2024,12,December,Q4,2024-12,2024Q4
O001194,C01058,2024-05-19,UPI,Delivered,2024,5,May,Q2,2024-05,2024Q2
O001195,C00853,2024-09-06,UPI,Delivered,2024,9,September,Q3,2024-09,2024Q3
O001196,C00396,2025-07-07,Cash on Delivery,Cancelled,2025,7,July,Q3,2025-07,2025Q3
O001197,C00303,2024-10-17,Debit Card,Delivered,2024,10,October,Q4,2024-10,2024Q4
O001198,C00354,2025-02-12,Net Banking,Delivered,2025,2,February,Q1,2025-02,2025Q1
O001199,C00565,2025-06-23,Cash on Delivery,Delivered,2025,6,June,Q2,2025-06,2025Q2
O001200,C01411,2025-01-10,Cash on Delivery,Delivered,2025,1,January,Q1,2025-01,2025Q1
O001201,C00355,2025-07-09,Debit Card,Delivered,2025,7,July,Q3,2025-07,2025Q3
O001202,C00638,2025-01-19,Debit Card,Cancelled,2025,1,January,Q1,2025-01,2025Q1
O001203,C00719,2025-01-02,UPI,Delivered,2025,1,January,Q1,2025-01,2025Q1
O001204,C00955,2024-07-27,Debit Card,Delivered,2024,7,July,Q3,2024-07,2024Q3
O001205,C01160,2025-03-27,Net Banking,Delivered,2025,3,March,Q1,2025-03,2025Q1
O001206,C00239,2024-11-07,Net Banking,Delivered,2024,11,November,Q4,2024-11,2024Q4
O001207,C01495,2025-05-10,UPI,Delivered,2025,5,May,Q2,2025-05,2025Q2
O001208,C00651,2025-12-16,Cash on Delivery,Delivered,2025,12,December,Q4,2025-12,2025Q4
O001209,C01571,2025-09-06,UPI,Delivered,2025,9,September,Q3,2025-09,2025Q3
O001210,C00446,2025-03-29,Debit Card,Delivered,2025,3,March,Q1,2025-03,2025Q1
O001211,C00167,2025-05-19,Cash on Delivery,Delivered,2025,5,May,Q2,2025-05,2025Q2
O001212,C00631,2024-01-29,Net Banking,Delivered,2024,1,January,Q1,2024-01,2024Q1
O001213,C01531,2024-06-09,Cash on Delivery,Delivered,2024,6,June,Q2,2024-06,2024Q2
O001214,C00636,2024-06-19,UPI,Delivered,2024,6,June,Q2,2024-06,2024Q2
O001215,C01446,2025-11-26,Debit Card,Delivered,2025,11,November,Q4,2025-11,2025Q4
O001216,C00572,2024-06-06,Credit Card,Cancelled,2024,6,June,Q2,2024-06,2024Q2
O001217,C00647,2024-12-17,Credit Card,Delivered,2024,12,December,Q4,2024-12,2024Q4
O001218,C00559,2025-11-01,Cash on Delivery,Delivered,2025,11,November,Q4,2025-11,2025Q4
O001219,C00605,2024-07-01,UPI,Delivered,2024,7,July,Q3,2024-07,2024Q3
O001220,C00542,2024-11-03,UPI,Delivered,2024,11,November,Q4,2024-11,2024Q4
O001221,C01186,2024-06-18,Credit Card,Cancelled,2024,6,June,Q2,2024-06,2024Q2
O001222,C00921,2024-08-25,Credit Card,Delivered,2024,8,August,Q3,2024-08,2024Q3
O001223,C01945,2024-11-26,Cash on Delivery,Delivered,2024,11,November,Q4,2024-11,2024Q4
O001224,C00319,2025-11-21,Credit Card,Delivered,2025,11,November,Q4,2025-11,2025Q4
O001225,C01439,2024-10-19,Credit Card,Delivered,2024,10,October,Q4,2024-10,2024Q4
O001226,C00425,2025-03-19,UPI,Cancelled,2025,3,March,Q1,2025-03,2025Q1
O001227,C01130,2024-05-02,Net Banking,Delivered,2024,5,May,Q2,2024-05,2024Q2
O001228,C00186,2025-12-27,Credit Card,Delivered,2025,12,December,Q4,2025-12,2025Q4
O001229,C00529,2025-10-16,Credit Card,Delivered,2025,10,October,Q4,2025-10,2025Q4
O001230,C00065,2024-10-17,Net Banking,Cancelled,2024,10,October,Q4,2024-10,2024Q4
O001231,C01349,2024-07-16,Debit Card,Delivered,2024,7,July,Q3,2024-07,2024Q3
O001232,C00287,2025-03-03,Debit Card,Delivered,2025,3,March,Q1,2025-03,2025Q1
O001233,C00763,2024-03-06,Cash on Delivery,Delivered,2024,3,March,Q1,2024-03,2024Q1
O001234,C01349,2024-04-14,Credit Card,Delivered,2024,4,April,Q2,2024-04,2024Q2
O001235,C00661,2025-08-06,Cash on Delivery,Delivered,2025,8,August,Q3,2025-08,2025Q3
O001236,C01781,2024-03-06,UPI,Delivered,2024,3,March,Q1,2024-03,2024Q1
O001237,C00864,2024-08-17,Net Banking,Delivered,2024,8,August,Q3,2024-08,2024Q3
O001238,C00690,2024-12-11,UPI,Delivered,2024,12,December,Q4,2024-12,2024Q4
O001239,C01871,2025-02-06,Debit Card,Delivered,2025,2,February,Q1,2025-02,2025Q1
O001240,C00334,2024-09-30,Debit Card,Delivered,2024,9,September,Q3,2024-09,2024Q3
O001241,C01541,2024-06-27,UPI,Delivered,2024,6,June,Q2,2024-06,2024Q2
O001242,C01658,2025-03-29,Cash on Delivery,Delivered,2025,3,March,Q1,2025-03,2025Q1
O001243,C01216,2024-02-01,Cash on Delivery,Delivered,2024,2,February,Q1,2024-02,2024Q1
O001244,C01497,2024-12-27,Credit Card,Delivered,2024,12,December,Q4,2024-12,2024Q4
O001245,C00518,2025-02-01,Debit Card,Cancelled,2025,2,February,Q1,2025-02,2025Q1
O001246,C00692,2025-04-27,Net Banking,Delivered,2025,4,April,Q2,2025-04,2025Q2
O001247,C00615,2024-09-18,UPI,Delivered,2024,9,September,Q3,2024-09,2024Q3
O001248,C01563,2024-11-26,Cash on Delivery,Delivered,2024,11,November,Q4,2024-11,2024Q4
O001249,C00863,2024-12-16,Net Banking,Delivered,2024,12,December,Q4,2024-12,2024Q4
O001250,C01954,2024-12-29,Credit Card,Cancelled,2024,12,December,Q4,2024-12,2024Q4
O001251,C00059,2024-12-01,Credit Card,Cancelled,2024,12,December,Q4,2024-12,2024Q4
O001252,C00341,2024-11-13,Debit Card,Cancelled,2024,11,November,Q4,2024-11,2024Q4
O001253,C01977,2024-10-12,Net Banking,Cancelled,2024,10,October,Q4,2024-10,2024Q4
O001254,C00407,2025-09-16,Cash on Delivery,Cancelled,2025,9,September,Q3,2025-09,2025Q3
O001255,C01540,2025-01-21,Credit Card,Delivered,2025,1,January,Q1,2025-01,2025Q1
O001256,C01359,2024-09-03,Debit Card,Delivered,2024,9,September,Q3,2024-09,2024Q3
O001257,C01988,2024-07-31,UPI,Delivered,2024,7,July,Q3,2024-07,2024Q3
O001258,C01624,2024-10-23,Credit Card,Delivered,2024,10,October,Q4,2024-10,2024Q4
O001259,C00940,2024-01-20,Net Banking,Delivered,2024,1,January,Q1,2024-01,2024Q1
O001260,C00944,2024-05-19,UPI,Delivered,2024,5,May,Q2,2024-05,2024Q2
O001261,C00411,2024-12-09,Credit Card,Delivered,2024,12,December,Q4,2024-12,2024Q4
O001262,C00630,2024-06-30,UPI,Delivered,2024,6,June,Q2,2024-06,2024Q2
O001263,C01757,2024-07-25,UPI,Delivered,2024,7,July,Q3,2024-07,2024Q3
O001264,C01484,2025-05-16,Credit Card,Delivered,2025,5,May,Q2,2025-05,2025Q2
O001265,C01403,2024-02-28,Cash on Delivery,Delivered,2024,2,February,Q1,2024-02,2024Q1
O001266,C00011,2024-10-05,Net Banking,Delivered,2024,10,October,Q4,2024-10,2024Q4
O001267,C00706,2025-12-01,UPI,Delivered,2025,12,December,Q4,2025-12,2025Q4
O001268,C01127,2024-03-05,Net Banking,Delivered,2024,3,March,Q1,2024-03,2024Q1
O001269,C01870,2024-08-16,Net Banking,Delivered,2024,8,August,Q3,2024-08,2024Q3
O001270,C01703,2025-10-16,Credit Card,Delivered,2025,10,October,Q4,2025-10,2025Q4
O001271,C01563,2025-01-24,UPI,Delivered,2025,1,January,Q1,2025-01,2025Q1
O001272,C00264,2025-02-02,Debit Card,Delivered,2025,2,February,Q1,2025-02,2025Q1
O001273,C00819,2025-02-28,Cash on Delivery,Delivered,2025,2,February,Q1,2025-02,2025Q1
O001274,C01679,2025-05-14,Net Banking,Cancelled,2025,5,May,Q2,2025-05,2025Q2
O001275,C00807,2024-03-01,Cash on Delivery,Delivered,2024,3,March,Q1,2024-03,2024Q1
O001276,C00711,2025-09-02,Net Banking,Cancelled,2025,9,September,Q3,2025-09,2025Q3
O001277,C00056,2024-08-02,Credit Card,Cancelled,2024,8,August,Q3,2024-08,2024Q3
O001278,C00365,2025-12-20,Credit Card,Delivered,2025,12,December,Q4,2025-12,2025Q4
O001279,C00742,2024-06-25,Debit Card,Cancelled,2024,6,June,Q2,2024-06,2024Q2
O001280,C01686,2024-03-17,UPI,Cancelled,2024,3,March,Q1,2024-03,2024Q1
O001281,C01228,2024-04-02,Net Banking,Delivered,2024,4,April,Q2,2024-04,2024Q2
O001282,C01323,2024-02-25,Credit Card,Delivered,2024,2,February,Q1,2024-02,2024Q1
O001283,C01024,2024-10-06,Credit Card,Delivered,2024,10,October,Q4,2024-10,2024Q4
O001284,C00433,2024-01-30,Credit Card,Delivered,2024,1,January,Q1,2024-01,2024Q1
O001285,C00696,2025-02-28,Net Banking,Delivered,2025,2,February,Q1,2025-02,2025Q1
O001286,C00872,2024-06-04,UPI,Delivered,2024,6,June,Q2,2024-06,2024Q2
O001287,C00793,2024-09-16,Net Banking,Delivered,2024,9,September,Q3,2024-09,2024Q3
O001288,C00072,2024-06-01,UPI,Delivered,2024,6,June,Q2,2024-06,2024Q2
O001289,C00368,2025-06-08,UPI,Cancelled,2025,6,June,Q2,2025-06,2025Q2
O001290,C01709,2024-09-12,UPI,Delivered,2024,9,September,Q3,2024-09,2024Q3
O001291,C01652,2024-07-13,UPI,Delivered,2024,7,July,Q3,2024-07,2024Q3
O001292,C01406,2024-08-23,UPI,Delivered,2024,8,August,Q3,2024-08,2024Q3
O001293,C01646,2025-08-01,UPI,Delivered,2025,8,August,Q3,2025-08,2025Q3
O001294,C00654,2025-09-25,Credit Card,Cancelled,2025,9,September,Q3,2025-09,2025Q3
O001295,C01039,2025-08-19,Credit Card,Delivered,2025,8,August,Q3,2025-08,2025Q3
O001296,C00024,2025-06-14,Credit Card,Delivered,2025,6,June,Q2,2025-06,2025Q2
O001297,C00866,2025-10-18,UPI,Delivered,2025,10,October,Q4,2025-10,2025Q4
O001298,C00871,2024-08-01,UPI,Delivered,2024,8,August,Q3,2024-08,2024Q3
O001299,C01237,2024-05-28,Net Banking,Cancelled,2024,5,May,Q2,2024-05,2024Q2
O001300,C00764,2025-07-02,Cash on Delivery,Delivered,2025,7,July,Q3,2025-07,2025Q3
O001301,C01729,2025-04-14,Cash on Delivery,Delivered,2025,4,April,Q2,2025-04,2025Q2
O001302,C00229,2024-04-17,Credit Card,Delivered,2024,4,April,Q2,2024-04,2024Q2
O001303,C01089,2025-10-26,Cash on Delivery,Delivered,2025,10,October,Q4,2025-10,2025Q4
O001304,C00308,2025-08-07,UPI,Delivered,2025,8,August,Q3,2025-08,2025Q3
O001305,C01942,2025-07-10,Cash on Delivery,Delivered,2025,7,July,Q3,2025-07,2025Q3
O001306,C00405,2025-07-28,Debit Card,Cancelled,2025,7,July,Q3,2025-07,2025Q3
O001307,C01491,2025-02-25,Cash on Delivery,Delivered,2025,2,February,Q1,2025-02,2025Q1
O001308,C00100,2025-12-09,Net Banking,Delivered,2025,12,December,Q4,2025-12,2025Q4
O001309,C00082,2024-07-21,UPI,Delivered,2024,7,July,Q3,2024-07,2024Q3
O001310,C00943,2024-01-07,Debit Card,Delivered,2024,1,January,Q1,2024-01,2024Q1
O001311,C01822,2025-08-21,Debit Card,Delivered,2025,8,August,Q3,2025-08,2025Q3
O001312,C00517,2024-08-20,Credit Card,Delivered,2024,8,August,Q3,2024-08,2024Q3
O001313,C01571,2024-08-06,Cash on Delivery,Cancelled,2024,8,August,Q3,2024-08,2024Q3
O001314,C00548,2025-09-30,UPI,Delivered,2025,9,September,Q3,2025-09,2025Q3
O001315,C00855,2024-09-26,UPI,Delivered,2024,9,September,Q3,2024-09,2024Q3
O001316,C00610,2025-08-31,UPI,Cancelled,2025,8,August,Q3,2025-08,2025Q3
O001317,C00229,2024-11-09,Debit Card,Delivered,2024,11,November,Q4,2024-11,2024Q4
O001318,C01089,2024-11-11,Cash on Delivery,Delivered,2024,11,November,Q4,2024-11,2024Q4
O001319,C00359,2025-09-30,UPI,Delivered,2025,9,September,Q3,2025-09,2025Q3
O001320,C00259,2025-03-26,Credit Card,Delivered,2025,3,March,Q1,2025-03,2025Q1
O001321,C00883,2025-08-11,Debit Card,Delivered,2025,8,August,Q3,2025-08,2025Q3
O001322,C01991,2025-05-23,Net Banking,Cancelled,2025,5,May,Q2,2025-05,2025Q2
O001323,C00500,2024-01-10,Cash on Delivery,Cancelled,2024,1,January,Q1,2024-01,2024Q1
O001324,C01166,2025-01-01,Credit Card,Delivered,2025,1,January,Q1,2025-01,2025Q1
O001325,C00669,2025-05-23,Credit Card,Delivered,2025,5,May,Q2,2025-05,2025Q2
O001326,C01248,2025-02-02,Cash on Delivery,Delivered,2025,2,February,Q1,2025-02,2025Q1
O001327,C00783,2025-08-14,Credit Card,Delivered,2025,8,August,Q3,2025-08,2025Q3
O001328,C00692,2024-04-25,Debit Card,Delivered,2024,4,April,Q2,2024-04,2024Q2
O001329,C00821,2025-11-03,UPI,Delivered,2025,11,November,Q4,2025-11,2025Q4
O001330,C01947,2024-11-04,Debit Card,Delivered,2024,11,November,Q4,2024-11,2024Q4
O001331,C01714,2024-06-25,Net Banking,Delivered,2024,6,June,Q2,2024-06,2024Q2
O001332,C01626,2024-06-25,UPI,Delivered,2024,6,June,Q2,2024-06,2024Q2
O001333,C00621,2025-07-15,Cash on Delivery,Cancelled,2025,7,July,Q3,2025-07,2025Q3
O001334,C01105,2025-08-04,Net Banking,Delivered,2025,8,August,Q3,2025-08,2025Q3
O001335,C01422,2024-06-12,UPI,Delivered,2024,6,June,Q2,2024-06,2024Q2
O001336,C01175,2025-01-03,Net Banking,Delivered,2025,1,January,Q1,2025-01,2025Q1
O001337,C01558,2024-06-30,Net Banking,Delivered,2024,6,June,Q2,2024-06,2024Q2
O001338,C01530,2025-02-04,Credit Card,Delivered,2025,2,February,Q1,2025-02,2025Q1
O001339,C01028,2025-03-31,Net Banking,Cancelled,2025,3,March,Q1,2025-03,2025Q1
O001340,C00817,2025-09-02,Credit Card,Delivered,2025,9,September,Q3,2025-09,2025Q3
O001341,C00559,2025-03-05,UPI,Delivered,2025,3,March,Q1,2025-03,2025Q1
O001342,C00039,2025-08-11,Net Banking,Delivered,2025,8,August,Q3,2025-08,2025Q3
O001343,C00563,2024-12-30,Debit Card,Delivered,2024,12,December,Q4,2024-12,2024Q4
O001344,C01227,2025-07-15,Debit Card,Delivered,2025,7,July,Q3,2025-07,2025Q3
O001345,C00454,2025-09-24,Credit Card,Delivered,2025,9,September,Q3,2025-09,2025Q3
O001346,C01453,2024-12-24,UPI,Delivered,2024,12,December,Q4,2024-12,2024Q4
O001347,C01253,2024-09-21,Debit Card,Cancelled,2024,9,September,Q3,2024-09,2024Q3
O001348,C01694,2025-09-07,Net Banking,Cancelled,2025,9,September,Q3,2025-09,2025Q3
O001349,C00862,2024-03-07,Cash on Delivery,Delivered,2024,3,March,Q1,2024-03,2024Q1
O001350,C01109,2024-08-31,Credit Card,Cancelled,2024,8,August,Q3,2024-08,2024Q3
O001351,C00026,2025-10-18,Debit Card,Delivered,2025,10,October,Q4,2025-10,2025Q4
O001352,C00655,2024-05-25,Debit Card,Delivered,2024,5,May,Q2,2024-05,2024Q2
O001353,C00311,2024-11-29,Net Banking,Delivered,2024,11,November,Q4,2024-11,2024Q4
O001354,C00432,2025-08-21,Cash on Delivery,Delivered,2025,8,August,Q3,2025-08,2025Q3
O001355,C01379,2025-06-26,Net Banking,Delivered,2025,6,June,Q2,2025-06,2025Q2
O001356,C00826,2024-11-20,UPI,Cancelled,2024,11,November,Q4,2024-11,2024Q4
O001357,C01982,2024-06-11,UPI,Delivered,2024,6,June,Q2,2024-06,2024Q2
O001358,C01150,2024-12-06,Debit Card,Delivered,2024,12,December,Q4,2024-12,2024Q4
O001359,C00426,2024-12-15,Cash on Delivery,Delivered,2024,12,December,Q4,2024-12,2024Q4
O001360,C00623,2025-10-24,Credit Card,Delivered,2025,10,October,Q4,2025-10,2025Q4
O001361,C00925,2025-03-09,Net Banking,Delivered,2025,3,March,Q1,2025-03,2025Q1
O001362,C00320,2024-01-24,Cash on Delivery,Cancelled,2024,1,January,Q1,2024-01,2024Q1
O001363,C00342,2024-10-18,Net Banking,Cancelled,2024,10,October,Q4,2024-10,2024Q4
O001364,C00884,2024-04-17,Net Banking,Delivered,2024,4,April,Q2,2024-04,2024Q2
O001365,C01539,2025-03-24,Cash on Delivery,Cancelled,2025,3,March,Q1,2025-03,2025Q1
O001366,C01524,2025-11-09,Net Banking,Delivered,2025,11,November,Q4,2025-11,2025Q4
O001367,C00769,2024-04-09,Cash on Delivery,Delivered,2024,4,April,Q2,2024-04,2024Q2
O001368,C00776,2024-08-25,Cash on Delivery,Delivered,2024,8,August,Q3,2024-08,2024Q3
O001369,C00199,2025-07-27,Net Banking,Delivered,2025,7,July,Q3,2025-07,2025Q3
O001370,C00433,2024-01-08,Cash on Delivery,Cancelled,2024,1,January,Q1,2024-01,2024Q1
O001371,C00593,2025-01-23,Credit Card,Delivered,2025,1,January,Q1,2025-01,2025Q1
O001372,C01571,2025-09-21,Cash on Delivery,Delivered,2025,9,September,Q3,2025-09,2025Q3
O001373,C01127,2025-05-26,Credit Card,Delivered,2025,5,May,Q2,2025-05,2025Q2
O001374,C00857,2025-10-10,Cash on Delivery,Delivered,2025,10,October,Q4,2025-10,2025Q4
O001375,C00655,2024-10-02,Debit Card,Delivered,2024,10,October,Q4,2024-10,2024Q4
O001376,C01361,2024-09-20,Debit Card,Cancelled,2024,9,September,Q3,2024-09,2024Q3
O001377,C01097,2024-06-24,Cash on Delivery,Delivered,2024,6,June,Q2,2024-06,2024Q2
O001378,C00462,2024-11-21,Net Banking,Delivered,2024,11,November,Q4,2024-11,2024Q4
O001379,C01550,2024-11-26,Net Banking,Delivered,2024,11,November,Q4,2024-11,2024Q4
O001380,C01692,2025-06-16,Net Banking,Delivered,2025,6,June,Q2,2025-06,2025Q2
O001381,C01893,2025-08-07,Credit Card,Delivered,2025,8,August,Q3,2025-08,2025Q3
O001382,C00591,2024-11-09,UPI,Cancelled,2024,11,November,Q4,2024-11,2024Q4
O001383,C01700,2025-08-15,Debit Card,Delivered,2025,8,August,Q3,2025-08,2025Q3
O001384,C01344,2025-08-27,Credit Card,Delivered,2025,8,August,Q3,2025-08,2025Q3
O001385,C00786,2025-06-20,Cash on Delivery,Delivered,2025,6,June,Q2,2025-06,2025Q2
O001386,C01996,2025-02-21,Credit Card,Delivered,2025,2,February,Q1,2025-02,2025Q1
O001387,C01304,2024-08-20,UPI,Cancelled,2024,8,August,Q3,2024-08,2024Q3
O001388,C00460,2024-09-10,UPI,Cancelled,2024,9,September,Q3,2024-09,2024Q3
O001389,C01031,2025-03-31,Cash on Delivery,Cancelled,2025,3,March,Q1,2025-03,2025Q1
O001390,C01169,2024-01-19,Net Banking,Delivered,2024,1,January,Q1,2024-01,2024Q1
O001391,C00666,2025-03-16,Cash on Delivery,Delivered,2025,3,March,Q1,2025-03,2025Q1
O001392,C00341,2025-09-02,Cash on Delivery,Delivered,2025,9,September,Q3,2025-09,2025Q3
O001393,C01402,2024-01-26,UPI,Delivered,2024,1,January,Q1,2024-01,2024Q1
O001394,C00047,2025-12-17,Debit Card,Delivered,2025,12,December,Q4,2025-12,2025Q4
O001395,C01131,2024-04-18,Cash on Delivery,Delivered,2024,4,April,Q2,2024-04,2024Q2
O001396,C01742,2024-04-29,Credit Card,Delivered,2024,4,April,Q2,2024-04,2024Q2
O001397,C00756,2024-09-13,Cash on Delivery,Delivered,2024,9,September,Q3,2024-09,2024Q3
O001398,C00359,2025-03-17,Debit Card,Delivered,2025,3,March,Q1,2025-03,2025Q1
O001399,C00661,2025-05-04,UPI,Delivered,2025,5,May,Q2,2025-05,2025Q2
O001400,C01832,2025-09-12,UPI,Cancelled,2025,9,September,Q3,2025-09,2025Q3
O001401,C00945,2025-04-13,Net Banking,Delivered,2025,4,April,Q2,2025-04,2025Q2
O001402,C01401,2025-12-10,Net Banking,Delivered,2025,12,December,Q4,2025-12,2025Q4
O001403,C01632,2025-04-17,Credit Card,Delivered,2025,4,April,Q2,2025-04,2025Q2
O001404,C01025,2025-03-21,Net Banking,Cancelled,2025,3,March,Q1,2025-03,2025Q1
O001405,C01716,2025-11-04,Credit Card,Delivered,2025,11,November,Q4,2025-11,2025Q4
O001406,C00502,2024-10-30,Net Banking,Delivered,2024,10,October,Q4,2024-10,2024Q4
O001407,C00015,2024-10-23,UPI,Delivered,2024,10,October,Q4,2024-10,2024Q4
O001408,C01776,2024-06-07,Cash on Delivery,Delivered,2024,6,June,Q2,2024-06,2024Q2
O001409,C01766,2024-10-30,Credit Card,Delivered,2024,10,October,Q4,2024-10,2024Q4
O001410,C01962,2024-02-19,Debit Card,Cancelled,2024,2,February,Q1,2024-02,2024Q1
O001411,C00248,2025-02-19,Cash on Delivery,Cancelled,2025,2,February,Q1,2025-02,2025Q1
O001412,C01326,2024-10-27,Cash on Delivery,Delivered,2024,10,October,Q4,2024-10,2024Q4
O001413,C00899,2024-05-26,Debit Card,Delivered,2024,5,May,Q2,2024-05,2024Q2
O001414,C00600,2025-01-03,Net Banking,Delivered,2025,1,January,Q1,2025-01,2025Q1
O001415,C00745,2024-03-25,Credit Card,Cancelled,2024,3,March,Q1,2024-03,2024Q1
O001416,C01289,2024-09-12,Net Banking,Delivered,2024,9,September,Q3,2024-09,2024Q3
O001417,C01613,2025-03-18,UPI,Delivered,2025,3,March,Q1,2025-03,2025Q1
O001418,C00299,2024-12-16,Cash on Delivery,Cancelled,2024,12,December,Q4,2024-12,2024Q4
O001419,C01544,2025-05-11,Debit Card,Delivered,2025,5,May,Q2,2025-05,2025Q2
O001420,C00751,2025-11-25,Credit Card,Delivered,2025,11,November,Q4,2025-11,2025Q4
O001421,C00291,2024-08-24,Net Banking,Delivered,2024,8,August,Q3,2024-08,2024Q3
O001422,C00431,2024-03-13,Debit Card,Delivered,2024,3,March,Q1,2024-03,2024Q1
O001423,C00676,2024-05-13,Debit Card,Delivered,2024,5,May,Q2,2024-05,2024Q2
O001424,C00939,2024-03-22,Net Banking,Delivered,2024,3,March,Q1,2024-03,2024Q1
O001425,C01551,2025-06-08,Debit Card,Delivered,2025,6,June,Q2,2025-06,2025Q2
O001426,C00605,2025-03-05,Net Banking,Delivered,2025,3,March,Q1,2025-03,2025Q1
O001427,C01613,2024-05-17,Net Banking,Delivered,2024,5,May,Q2,2024-05,2024Q2
O001428,C01164,2024-01-25,Debit Card,Cancelled,2024,1,January,Q1,2024-01,2024Q1
O001429,C00074,2025-10-03,Credit Card,Delivered,2025,10,October,Q4,2025-10,2025Q4
O001430,C01069,2025-06-19,Debit Card,Delivered,2025,6,June,Q2,2025-06,2025Q2
O001431,C00453,2025-04-13,Net Banking,Cancelled,2025,4,April,Q2,2025-04,2025Q2
O001432,C00743,2025-01-14,Cash on Delivery,Delivered,2025,1,January,Q1,2025-01,2025Q1
O001433,C01935,2024-01-21,Credit Card,Cancelled,2024,1,January,Q1,2024-01,2024Q1
O001434,C01299,2024-05-25,UPI,Delivered,2024,5,May,Q2,2024-05,2024Q2
O001435,C01379,2024-06-03,Debit Card,Delivered,2024,6,June,Q2,2024-06,2024Q2
O001436,C01524,2024-02-23,Credit Card,Delivered,2024,2,February,Q1,2024-02,2024Q1
O001437,C01245,2025-12-08,UPI,Delivered,2025,12,December,Q4,2025-12,2025Q4
O001438,C00527,2024-10-26,Credit Card,Delivered,2024,10,October,Q4,2024-10,2024Q4
O001439,C01743,2024-08-08,Credit Card,Delivered,2024,8,August,Q3,2024-08,2024Q3
O001440,C00304,2024-06-08,Cash on Delivery,Delivered,2024,6,June,Q2,2024-06,2024Q2
O001441,C00532,2024-06-30,Debit Card,Cancelled,2024,6,June,Q2,2024-06,2024Q2
O001442,C01527,2024-08-14,Cash on Delivery,Delivered,2024,8,August,Q3,2024-08,2024Q3
O001443,C00977,2025-05-27,Debit Card,Delivered,2025,5,May,Q2,2025-05,2025Q2
O001444,C01992,2025-02-11,Credit Card,Delivered,2025,2,February,Q1,2025-02,2025Q1
O001445,C01203,2024-02-24,Cash on Delivery,Delivered,2024,2,February,Q1,2024-02,2024Q1
O001446,C01072,2024-12-19,Debit Card,Delivered,2024,12,December,Q4,2024-12,2024Q4
O001447,C01773,2024-02-14,Cash on Delivery,Delivered,2024,2,February,Q1,2024-02,2024Q1
O001448,C01784,2024-10-13,Credit Card,Delivered,2024,10,October,Q4,2024-10,2024Q4
O001449,C00992,2025-02-06,Net Banking,Delivered,2025,2,February,Q1,2025-02,2025Q1
O001450,C01370,2024-01-09,UPI,Delivered,2024,1,January,Q1,2024-01,2024Q1
O001451,C00461,2024-05-13,UPI,Delivered,2024,5,May,Q2,2024-05,2024Q2
O001452,C00308,2024-09-10,Debit Card,Cancelled,2024,9,September,Q3,2024-09,2024Q3
O001453,C01594,2025-10-29,UPI,Delivered,2025,10,October,Q4,2025-10,2025Q4
O001454,C00731,2025-12-07,Net Banking,Delivered,2025,12,December,Q4,2025-12,2025Q4
O001455,C01167,2024-11-15,Cash on Delivery,Delivered,2024,11,November,Q4,2024-11,2024Q4
O001456,C01721,2024-10-30,Cash on Delivery,Delivered,2024,10,October,Q4,2024-10,2024Q4
O001457,C01519,2024-05-01,Credit Card,Delivered,2024,5,May,Q2,2024-05,2024Q2
O001458,C01361,2024-03-27,UPI,Delivered,2024,3,March,Q1,2024-03,2024Q1
O001459,C01283,2024-04-10,UPI,Delivered,2024,4,April,Q2,2024-04,2024Q2
O001460,C01040,2025-02-20,UPI,Cancelled,2025,2,February,Q1,2025-02,2025Q1
O001461,C01970,2024-11-20,Cash on Delivery,Cancelled,2024,11,November,Q4,2024-11,2024Q4
O001462,C01788,2025-01-06,UPI,Delivered,2025,1,January,Q1,2025-01,2025Q1
O001463,C00915,2025-07-31,Credit Card,Delivered,2025,7,July,Q3,2025-07,2025Q3
O001464,C00502,2024-02-23,Debit Card,Delivered,2024,2,February,Q1,2024-02,2024Q1
O001465,C01413,2024-10-29,Credit Card,Delivered,2024,10,October,Q4,2024-10,2024Q4
O001466,C01413,2025-12-02,Net Banking,Delivered,2025,12,December,Q4,2025-12,2025Q4
O001467,C00083,2025-11-03,Cash on Delivery,Delivered,2025,11,November,Q4,2025-11,2025Q4
O001468,C01131,2024-06-09,Debit Card,Delivered,2024,6,June,Q2,2024-06,2024Q2
O001469,C01522,2024-04-10,Credit Card,Delivered,2024,4,April,Q2,2024-04,2024Q2
O001470,C01856,2025-11-07,Credit Card,Cancelled,2025,11,November,Q4,2025-11,2025Q4
O001471,C00621,2024-06-08,UPI,Delivered,2024,6,June,Q2,2024-06,2024Q2
O001472,C00467,2024-08-28,Credit Card,Cancelled,2024,8,August,Q3,2024-08,2024Q3
O001473,C00978,2024-12-01,Credit Card,Cancelled,2024,12,December,Q4,2024-12,2024Q4
O001474,C01806,2025-09-27,Debit Card,Delivered,2025,9,September,Q3,2025-09,2025Q3
O001475,C01618,2025-07-05,Net Banking,Delivered,2025,7,July,Q3,2025-07,2025Q3
O001476,C00980,2025-05-31,UPI,Delivered,2025,5,May,Q2,2025-05,2025Q2
O001477,C00171,2025-01-03,Net Banking,Delivered,2025,1,January,Q1,2025-01,2025Q1
O001478,C00205,2024-05-03,Credit Card,Delivered,2024,5,May,Q2,2024-05,2024Q2
O001479,C01226,2025-04-13,Net Banking,Delivered,2025,4,April,Q2,2025-04,2025Q2
O001480,C01166,2025-03-22,UPI,Delivered,2025,3,March,Q1,2025-03,2025Q1
O001481,C01764,2025-12-30,Cash on Delivery,Delivered,2025,12,December,Q4,2025-12,2025Q4
O001482,C01593,2024-08-29,Credit Card,Cancelled,2024,8,August,Q3,2024-08,2024Q3
O001483,C01651,2025-04-01,Debit Card,Delivered,2025,4,April,Q2,2025-04,2025Q2
O001484,C00002,2024-06-06,Debit Card,Delivered,2024,6,June,Q2,2024-06,2024Q2
O001485,C01232,2025-01-25,Debit Card,Delivered,2025,1,January,Q1,2025-01,2025Q1
O001486,C01293,2025-07-10,UPI,Cancelled,2025,7,July,Q3,2025-07,2025Q3
O001487,C00990,2025-06-15,Cash on Delivery,Delivered,2025,6,June,Q2,2025-06,2025Q2
O001488,C01949,2024-12-22,Debit Card,Delivered,2024,12,December,Q4,2024-12,2024Q4
O001489,C01777,2024-08-01,Cash on Delivery,Delivered,2024,8,August,Q3,2024-08,2024Q3
O001490,C00699,2024-06-05,Debit Card,Cancelled,2024,6,June,Q2,2024-06,2024Q2
O001491,C01031,2024-01-06,UPI,Delivered,2024,1,January,Q1,2024-01,2024Q1
O001492,C00229,2024-04-20,Credit Card,Delivered,2024,4,April,Q2,2024-04,2024Q2
O001493,C00014,2024-12-12,UPI,Cancelled,2024,12,December,Q4,2024-12,2024Q4
O001494,C00964,2024-02-19,Debit Card,Delivered,2024,2,February,Q1,2024-02,2024Q1
O001495,C00135,2025-10-02,Net Banking,Delivered,2025,10,October,Q4,2025-10,2025Q4
O001496,C00194,2024-11-06,Net Banking,Delivered,2024,11,November,Q4,2024-11,2024Q4
O001497,C01307,2025-04-14,Debit Card,Delivered,2025,4,April,Q2,2025-04,2025Q2
O001498,C00397,2025-09-19,Cash on Delivery,Delivered,2025,9,September,Q3,2025-09,2025Q3
O001499,C00437,2024-07-10,UPI,Delivered,2024,7,July,Q3,2024-07,2024Q3
O001500,C00656,2025-02-12,Debit Card,Delivered,2025,2,February,Q1,2025-02,2025Q1
O001501,C00211,2024-09-12,Net Banking,Cancelled,2024,9,September,Q3,2024-09,2024Q3
O001502,C00431,2025-12-08,Cash on Delivery,Delivered,2025,12,December,Q4,2025-12,2025Q4
O001503,C00664,2025-03-18,UPI,Delivered,2025,3,March,Q1,2025-03,2025Q1
O001504,C01610,2025-11-13,Credit Card,Delivered,2025,11,November,Q4,2025-11,2025Q4
O001505,C01250,2025-01-16,Credit Card,Delivered,2025,1,January,Q1,2025-01,2025Q1
O001506,C01960,2024-12-23,Cash on Delivery,Delivered,2024,12,December,Q4,2024-12,2024Q4
O001507,C01339,2024-12-25,Cash on Delivery,Delivered,2024,12,December,Q4,2024-12,2024Q4
O001508,C01597,2025-03-23,Cash on Delivery,Delivered,2025,3,March,Q1,2025-03,2025Q1
O001509,C01911,2024-01-31,Debit Card,Delivered,2024,1,January,Q1,2024-01,2024Q1
O001510,C01914,2025-07-26,Cash on Delivery,Delivered,2025,7,July,Q3,2025-07,2025Q3
O001511,C00760,2024-03-11,UPI,Delivered,2024,3,March,Q1,2024-03,2024Q1
O001512,C01489,2024-08-11,Credit Card,Delivered,2024,8,August,Q3,2024-08,2024Q3
O001513,C00922,2025-05-16,Debit Card,Delivered,2025,5,May,Q2,2025-05,2025Q2
O001514,C01154,2025-11-15,Credit Card,Delivered,2025,11,November,Q4,2025-11,2025Q4
O001515,C00012,2025-12-14,Debit Card,Delivered,2025,12,December,Q4,2025-12,2025Q4
O001516,C00114,2024-12-20,Net Banking,Delivered,2024,12,December,Q4,2024-12,2024Q4
O001517,C01323,2024-09-26,Credit Card,Delivered,2024,9,September,Q3,2024-09,2024Q3
O001518,C01571,2025-06-27,UPI,Delivered,2025,6,June,Q2,2025-06,2025Q2
O001519,C00428,2025-10-16,Debit Card,Delivered,2025,10,October,Q4,2025-10,2025Q4
O001520,C01706,2025-07-06,Debit Card,Delivered,2025,7,July,Q3,2025-07,2025Q3
O001521,C00660,2025-09-07,Credit Card,Delivered,2025,9,September,Q3,2025-09,2025Q3
O001522,C00668,2024-08-19,Cash on Delivery,Cancelled,2024,8,August,Q3,2024-08,2024Q3
O001523,C01514,2024-10-30,UPI,Delivered,2024,10,October,Q4,2024-10,2024Q4
O001524,C01265,2025-04-21,Cash on Delivery,Delivered,2025,4,April,Q2,2025-04,2025Q2
O001525,C01754,2025-10-01,Debit Card,Delivered,2025,10,October,Q4,2025-10,2025Q4
O001526,C00153,2025-09-21,Credit Card,Delivered,2025,9,September,Q3,2025-09,2025Q3
O001527,C00667,2025-10-22,Net Banking,Cancelled,2025,10,October,Q4,2025-10,2025Q4
O001528,C00963,2024-05-16,UPI,Delivered,2024,5,May,Q2,2024-05,2024Q2
O001529,C01409,2024-11-18,Net Banking,Delivered,2024,11,November,Q4,2024-11,2024Q4
O001530,C00574,2024-07-12,Cash on Delivery,Cancelled,2024,7,July,Q3,2024-07,2024Q3
O001531,C00769,2024-05-19,UPI,Delivered,2024,5,May,Q2,2024-05,2024Q2
O001532,C00115,2025-11-30,Debit Card,Delivered,2025,11,November,Q4,2025-11,2025Q4
O001533,C01102,2025-04-24,Debit Card,Delivered,2025,4,April,Q2,2025-04,2025Q2
O001534,C01892,2025-07-23,Debit Card,Delivered,2025,7,July,Q3,2025-07,2025Q3
O001535,C00967,2024-12-01,Credit Card,Delivered,2024,12,December,Q4,2024-12,2024Q4
O001536,C00665,2024-12-21,Net Banking,Delivered,2024,12,December,Q4,2024-12,2024Q4
O001537,C01790,2024-10-25,Credit Card,Cancelled,2024,10,October,Q4,2024-10,2024Q4
O001538,C00613,2025-12-08,Cash on Delivery,Delivered,2025,12,December,Q4,2025-12,2025Q4
O001539,C01151,2025-05-26,UPI,Delivered,2025,5,May,Q2,2025-05,2025Q2
O001540,C00503,2024-05-22,Debit Card,Cancelled,2024,5,May,Q2,2024-05,2024Q2
O001541,C01120,2025-06-26,Cash on Delivery,Delivered,2025,6,June,Q2,2025-06,2025Q2
O001542,C01141,2025-03-17,Debit Card,Delivered,2025,3,March,Q1,2025-03,2025Q1
O001543,C01413,2024-03-15,UPI,Delivered,2024,3,March,Q1,2024-03,2024Q1
O001544,C01582,2024-11-01,Cash on Delivery,Delivered,2024,11,November,Q4,2024-11,2024Q4
O001545,C01961,2025-06-26,Debit Card,Delivered,2025,6,June,Q2,2025-06,2025Q2
O001546,C01531,2024-02-03,Cash on Delivery,Delivered,2024,2,February,Q1,2024-02,2024Q1
O001547,C00658,2024-07-05,Debit Card,Delivered,2024,7,July,Q3,2024-07,2024Q3
O001548,C00742,2025-11-18,Debit Card,Delivered,2025,11,November,Q4,2025-11,2025Q4
O001549,C01388,2025-11-07,Debit Card,Delivered,2025,11,November,Q4,2025-11,2025Q4
O001550,C01237,2024-05-02,UPI,Delivered,2024,5,May,Q2,2024-05,2024Q2
O001551,C00245,2024-07-31,Net Banking,Delivered,2024,7,July,Q3,2024-07,2024Q3
O001552,C00812,2025-11-16,Net Banking,Delivered,2025,11,November,Q4,2025-11,2025Q4
O001553,C01704,2025-05-02,Cash on Delivery,Delivered,2025,5,May,Q2,2025-05,2025Q2
O001554,C01870,2025-02-21,Cash on Delivery,Delivered,2025,2,February,Q1,2025-02,2025Q1
O001555,C00034,2024-08-14,Debit Card,Delivered,2024,8,August,Q3,2024-08,2024Q3
O001556,C01966,2025-06-01,Debit Card,Delivered,2025,6,June,Q2,2025-06,2025Q2
O001557,C01619,2025-12-12,Debit Card,Delivered,2025,12,December,Q4,2025-12,2025Q4
O001558,C01178,2024-02-21,Debit Card,Delivered,2024,2,February,Q1,2024-02,2024Q1
O001559,C01505,2025-06-26,UPI,Cancelled,2025,6,June,Q2,2025-06,2025Q2
O001560,C00189,2025-07-18,Cash on Delivery,Delivered,2025,7,July,Q3,2025-07,2025Q3
O001561,C01090,2025-07-15,Credit Card,Cancelled,2025,7,July,Q3,2025-07,2025Q3
O001562,C01734,2025-12-01,Cash on Delivery,Cancelled,2025,12,December,Q4,2025-12,2025Q4
O001563,C01890,2024-06-17,Net Banking,Cancelled,2024,6,June,Q2,2024-06,2024Q2
O001564,C01332,2025-12-06,Cash on Delivery,Delivered,2025,12,December,Q4,2025-12,2025Q4
O001565,C01572,2025-01-18,Net Banking,Delivered,2025,1,January,Q1,2025-01,2025Q1
O001566,C00954,2024-11-15,Debit Card,Delivered,2024,11,November,Q4,2024-11,2024Q4
O001567,C01333,2025-08-14,Debit Card,Delivered,2025,8,August,Q3,2025-08,2025Q3
O001568,C00373,2025-03-05,Debit Card,Delivered,2025,3,March,Q1,2025-03,2025Q1
O001569,C00930,2024-04-04,Cash on Delivery,Delivered,2024,4,April,Q2,2024-04,2024Q2
O001570,C01822,2024-10-13,UPI,Cancelled,2024,10,October,Q4,2024-10,2024Q4
O001571,C00602,2024-02-29,UPI,Delivered,2024,2,February,Q1,2024-02,2024Q1
O001572,C00039,2025-08-09,UPI,Delivered,2025,8,August,Q3,2025-08,2025Q3
O001573,C00661,2024-03-22,Credit Card,Delivered,2024,3,March,Q1,2024-03,2024Q1
O001574,C01753,2025-01-26,Credit Card,Delivered,2025,1,January,Q1,2025-01,2025Q1
O001575,C01091,2025-08-18,Net Banking,Delivered,2025,8,August,Q3,2025-08,2025Q3
O001576,C01577,2025-08-28,Cash on Delivery,Delivered,2025,8,August,Q3,2025-08,2025Q3
O001577,C01830,2024-09-10,Cash on Delivery,Cancelled,2024,9,September,Q3,2024-09,2024Q3
O001578,C00313,2024-11-14,UPI,Delivered,2024,11,November,Q4,2024-11,2024Q4
O001579,C00423,2024-12-16,UPI,Delivered,2024,12,December,Q4,2024-12,2024Q4
O001580,C00054,2024-05-08,Cash on Delivery,Cancelled,2024,5,May,Q2,2024-05,2024Q2
O001581,C01935,2024-07-15,UPI,Delivered,2024,7,July,Q3,2024-07,2024Q3
O001582,C01107,2024-06-10,Debit Card,Delivered,2024,6,June,Q2,2024-06,2024Q2
O001583,C00671,2025-01-28,Debit Card,Delivered,2025,1,January,Q1,2025-01,2025Q1
O001584,C01348,2024-02-04,UPI,Delivered,2024,2,February,Q1,2024-02,2024Q1
O001585,C00335,2024-12-24,Net Banking,Delivered,2024,12,December,Q4,2024-12,2024Q4
O001586,C00478,2024-01-21,Credit Card,Delivered,2024,1,January,Q1,2024-01,2024Q1
O001587,C00056,2024-02-26,UPI,Delivered,2024,2,February,Q1,2024-02,2024Q1
O001588,C00253,2025-05-11,Net Banking,Delivered,2025,5,May,Q2,2025-05,2025Q2
O001589,C00910,2025-06-23,Cash on Delivery,Delivered,2025,6,June,Q2,2025-06,2025Q2
O001590,C00780,2025-06-08,UPI,Delivered,2025,6,June,Q2,2025-06,2025Q2
O001591,C00899,2025-08-05,Credit Card,Delivered,2025,8,August,Q3,2025-08,2025Q3
O001592,C01579,2024-12-24,Net Banking,Cancelled,2024,12,December,Q4,2024-12,2024Q4
O001593,C01669,2024-10-23,UPI,Delivered,2024,10,October,Q4,2024-10,2024Q4
O001594,C01986,2024-09-23,Credit Card,Cancelled,2024,9,September,Q3,2024-09,2024Q3
O001595,C01871,2025-08-02,Cash on Delivery,Cancelled,2025,8,August,Q3,2025-08,2025Q3
O001596,C00250,2024-11-06,Credit Card,Delivered,2024,11,November,Q4,2024-11,2024Q4
O001597,C00247,2025-10-26,Net Banking,Cancelled,2025,10,October,Q4,2025-10,2025Q4
O001598,C00734,2024-05-30,Debit Card,Delivered,2024,5,May,Q2,2024-05,2024Q2
O001599,C00392,2024-11-04,UPI,Delivered,2024,11,November,Q4,2024-11,2024Q4
O001600,C01638,2024-01-30,Cash on Delivery,Delivered,2024,1,January,Q1,2024-01,2024Q1
O001601,C00979,2024-01-09,Debit Card,Cancelled,2024,1,January,Q1,2024-01,2024Q1
O001602,C00230,2024-07-13,Net Banking,Delivered,2024,7,July,Q3,2024-07,2024Q3
O001603,C00015,2024-03-30,Net Banking,Delivered,2024,3,March,Q1,2024-03,2024Q1
O001604,C00820,2025-07-04,Cash on Delivery,Delivered,2025,7,July,Q3,2025-07,2025Q3
O001605,C00727,2025-12-13,Credit Card,Delivered,2025,12,December,Q4,2025-12,2025Q4
O001606,C01714,2024-04-16,UPI,Delivered,2024,4,April,Q2,2024-04,2024Q2
O001607,C00470,2024-09-11,Cash on Delivery,Delivered,2024,9,September,Q3,2024-09,2024Q3
O001608,C01333,2025-06-04,Net Banking,Delivered,2025,6,June,Q2,2025-06,2025Q2
O001609,C00033,2025-08-04,Debit Card,Delivered,2025,8,August,Q3,2025-08,2025Q3
O001610,C00093,2024-12-26,UPI,Delivered,2024,12,December,Q4,2024-12,2024Q4
O001611,C00364,2025-01-11,Cash on Delivery,Delivered,2025,1,January,Q1,2025-01,2025Q1
O001612,C00263,2024-12-24,Credit Card,Delivered,2024,12,December,Q4,2024-12,2024Q4
O001613,C01424,2024-02-23,Debit Card,Delivered,2024,2,February,Q1,2024-02,2024Q1
O001614,C00126,2024-03-05,Debit Card,Delivered,2024,3,March,Q1,2024-03,2024Q1
O001615,C01775,2025-03-01,Debit Card,Delivered,2025,3,March,Q1,2025-03,2025Q1
O001616,C01265,2025-05-25,Net Banking,Delivered,2025,5,May,Q2,2025-05,2025Q2
O001617,C00859,2024-07-07,UPI,Cancelled,2024,7,July,Q3,2024-07,2024Q3
O001618,C01977,2025-07-08,UPI,Delivered,2025,7,July,Q3,2025-07,2025Q3
O001619,C00748,2024-12-05,UPI,Delivered,2024,12,December,Q4,2024-12,2024Q4
O001620,C00062,2024-04-18,Credit Card,Delivered,2024,4,April,Q2,2024-04,2024Q2
O001621,C00827,2024-12-31,Debit Card,Delivered,2024,12,December,Q4,2024-12,2024Q4
O001622,C01274,2025-09-29,UPI,Delivered,2025,9,September,Q3,2025-09,2025Q3
O001623,C00680,2024-08-04,UPI,Delivered,2024,8,August,Q3,2024-08,2024Q3
O001624,C00071,2025-10-15,Credit Card,Delivered,2025,10,October,Q4,2025-10,2025Q4
O001625,C00096,2024-05-05,Debit Card,Cancelled,2024,5,May,Q2,2024-05,2024Q2
O001626,C01480,2024-05-12,Debit Card,Delivered,2024,5,May,Q2,2024-05,2024Q2
O001627,C00206,2025-10-13,UPI,Delivered,2025,10,October,Q4,2025-10,2025Q4
O001628,C01838,2024-01-15,UPI,Delivered,2024,1,January,Q1,2024-01,2024Q1
O001629,C00136,2025-04-16,UPI,Delivered,2025,4,April,Q2,2025-04,2025Q2
O001630,C00952,2024-03-19,Net Banking,Cancelled,2024,3,March,Q1,2024-03,2024Q1
O001631,C00902,2024-05-17,Credit Card,Cancelled,2024,5,May,Q2,2024-05,2024Q2
O001632,C01658,2024-08-16,UPI,Delivered,2024,8,August,Q3,2024-08,2024Q3
O001633,C00976,2024-04-06,Net Banking,Delivered,2024,4,April,Q2,2024-04,2024Q2
O001634,C00263,2025-02-19,Credit Card,Cancelled,2025,2,February,Q1,2025-02,2025Q1
O001635,C00749,2025-07-29,Cash on Delivery,Delivered,2025,7,July,Q3,2025-07,2025Q3
O001636,C00979,2024-10-30,Net Banking,Cancelled,2024,10,October,Q4,2024-10,2024Q4
O001637,C00402,2024-05-10,UPI,Cancelled,2024,5,May,Q2,2024-05,2024Q2
O001638,C00266,2024-03-01,Credit Card,Delivered,2024,3,March,Q1,2024-03,2024Q1
O001639,C01351,2025-06-05,UPI,Delivered,2025,6,June,Q2,2025-06,2025Q2
O001640,C01469,2025-08-16,Credit Card,Cancelled,2025,8,August,Q3,2025-08,2025Q3
O001641,C00216,2024-01-09,UPI,Delivered,2024,1,January,Q1,2024-01,2024Q1
O001642,C00379,2025-06-10,Debit Card,Delivered,2025,6,June,Q2,2025-06,2025Q2
O001643,C01456,2024-07-31,Cash on Delivery,Cancelled,2024,7,July,Q3,2024-07,2024Q3
O001644,C01065,2024-04-29,Cash on Delivery,Cancelled,2024,4,April,Q2,2024-04,2024Q2
O001645,C01810,2024-12-08,Credit Card,Delivered,2024,12,December,Q4,2024-12,2024Q4
O001646,C00672,2024-10-05,Net Banking,Delivered,2024,10,October,Q4,2024-10,2024Q4
O001647,C01355,2024-05-18,Credit Card,Cancelled,2024,5,May,Q2,2024-05,2024Q2
O001648,C01509,2024-06-17,UPI,Delivered,2024,6,June,Q2,2024-06,2024Q2
O001649,C01295,2025-07-08,UPI,Delivered,2025,7,July,Q3,2025-07,2025Q3
O001650,C00374,2024-01-27,UPI,Delivered,2024,1,January,Q1,2024-01,2024Q1
O001651,C01300,2025-11-24,UPI,Delivered,2025,11,November,Q4,2025-11,2025Q4
O001652,C00332,2025-06-08,Net Banking,Delivered,2025,6,June,Q2,2025-06,2025Q2
O001653,C00024,2025-02-17,Credit Card,Delivered,2025,2,February,Q1,2025-02,2025Q1
O001654,C01757,2024-06-16,UPI,Cancelled,2024,6,June,Q2,2024-06,2024Q2
O001655,C00831,2024-12-09,Net Banking,Delivered,2024,12,December,Q4,2024-12,2024Q4
O001656,C00929,2025-06-25,Cash on Delivery,Delivered,2025,6,June,Q2,2025-06,2025Q2
O001657,C01118,2024-02-07,Net Banking,Delivered,2024,2,February,Q1,2024-02,2024Q1
O001658,C01526,2025-10-11,Credit Card,Cancelled,2025,10,October,Q4,2025-10,2025Q4
O001659,C01893,2025-05-08,Debit Card,Delivered,2025,5,May,Q2,2025-05,2025Q2
O001660,C01828,2025-09-22,Credit Card,Delivered,2025,9,September,Q3,2025-09,2025Q3
O001661,C00699,2025-02-10,Net Banking,Cancelled,2025,2,February,Q1,2025-02,2025Q1
O001662,C00935,2025-05-12,Net Banking,Delivered,2025,5,May,Q2,2025-05,2025Q2
O001663,C01564,2025-05-29,Cash on Delivery,Delivered,2025,5,May,Q2,2025-05,2025Q2
O001664,C00130,2025-07-10,Cash on Delivery,Delivered,2025,7,July,Q3,2025-07,2025Q3
O001665,C01316,2025-05-27,UPI,Cancelled,2025,5,May,Q2,2025-05,2025Q2
O001666,C00259,2025-11-27,UPI,Delivered,2025,11,November,Q4,2025-11,2025Q4
O001667,C01997,2024-03-20,Net Banking,Delivered,2024,3,March,Q1,2024-03,2024Q1
O001668,C00247,2024-10-30,Cash on Delivery,Delivered,2024,10,October,Q4,2024-10,2024Q4
O001669,C00259,2025-06-20,Debit Card,Delivered,2025,6,June,Q2,2025-06,2025Q2
O001670,C00927,2024-08-27,Credit Card,Delivered,2024,8,August,Q3,2024-08,2024Q3
O001671,C01979,2024-12-10,Net Banking,Cancelled,2024,12,December,Q4,2024-12,2024Q4
O001672,C00374,2024-02-10,Net Banking,Cancelled,2024,2,February,Q1,2024-02,2024Q1
O001673,C00400,2025-04-09,Credit Card,Delivered,2025,4,April,Q2,2025-04,2025Q2
O001674,C01590,2024-01-04,UPI,Delivered,2024,1,January,Q1,2024-01,2024Q1
O001675,C01503,2024-02-07,Debit Card,Cancelled,2024,2,February,Q1,2024-02,2024Q1
O001676,C01231,2025-08-22,Credit Card,Cancelled,2025,8,August,Q3,2025-08,2025Q3
O001677,C01762,2024-10-20,Debit Card,Delivered,2024,10,October,Q4,2024-10,2024Q4
O001678,C01639,2025-08-18,Credit Card,Cancelled,2025,8,August,Q3,2025-08,2025Q3
O001679,C00472,2024-06-05,Cash on Delivery,Delivered,2024,6,June,Q2,2024-06,2024Q2
O001680,C00767,2025-12-22,UPI,Delivered,2025,12,December,Q4,2025-12,2025Q4
O001681,C01301,2024-07-12,Net Banking,Cancelled,2024,7,July,Q3,2024-07,2024Q3
O001682,C00464,2024-10-17,Credit Card,Cancelled,2024,10,October,Q4,2024-10,2024Q4
O001683,C01930,2025-12-06,Cash on Delivery,Delivered,2025,12,December,Q4,2025-12,2025Q4
O001684,C01758,2024-07-04,Credit Card,Delivered,2024,7,July,Q3,2024-07,2024Q3
O001685,C01965,2024-06-04,Cash on Delivery,Delivered,2024,6,June,Q2,2024-06,2024Q2
O001686,C00608,2024-03-11,Net Banking,Cancelled,2024,3,March,Q1,2024-03,2024Q1
O001687,C01991,2024-01-13,Net Banking,Delivered,2024,1,January,Q1,2024-01,2024Q1
O001688,C00959,2024-11-23,Debit Card,Delivered,2024,11,November,Q4,2024-11,2024Q4
O001689,C01478,2024-01-22,Cash on Delivery,Delivered,2024,1,January,Q1,2024-01,2024Q1
O001690,C00154,2024-01-12,Debit Card,Cancelled,2024,1,January,Q1,2024-01,2024Q1
O001691,C01369,2024-09-18,Debit Card,Delivered,2024,9,September,Q3,2024-09,2024Q3
O001692,C01891,2025-09-29,Cash on Delivery,Cancelled,2025,9,September,Q3,2025-09,2025Q3
O001693,C01965,2024-05-29,UPI,Delivered,2024,5,May,Q2,2024-05,2024Q2
O001694,C00288,2025-06-12,UPI,Delivered,2025,6,June,Q2,2025-06,2025Q2
O001695,C01566,2025-06-03,Cash on Delivery,Delivered,2025,6,June,Q2,2025-06,2025Q2
O001696,C00802,2024-02-19,Credit Card,Delivered,2024,2,February,Q1,2024-02,2024Q1
O001697,C00801,2024-06-20,Cash on Delivery,Delivered,2024,6,June,Q2,2024-06,2024Q2
O001698,C00510,2025-11-16,Net Banking,Delivered,2025,11,November,Q4,2025-11,2025Q4
O001699,C00464,2024-03-16,Debit Card,Delivered,2024,3,March,Q1,2024-03,2024Q1
O001700,C01829,2025-09-10,Credit Card,Cancelled,2025,9,September,Q3,2025-09,2025Q3
O001701,C01935,2025-10-10,Credit Card,Delivered,2025,10,October,Q4,2025-10,2025Q4
O001702,C00909,2025-10-07,UPI,Delivered,2025,10,October,Q4,2025-10,2025Q4
O001703,C01558,2025-05-30,Debit Card,Delivered,2025,5,May,Q2,2025-05,2025Q2
O001704,C01305,2024-05-10,UPI,Delivered,2024,5,May,Q2,2024-05,2024Q2
O001705,C01074,2025-07-16,UPI,Cancelled,2025,7,July,Q3,2025-07,2025Q3
O001706,C00965,2024-05-09,Credit Card,Delivered,2024,5,May,Q2,2024-05,2024Q2
O001707,C00612,2024-02-04,UPI,Cancelled,2024,2,February,Q1,2024-02,2024Q1
O001708,C01522,2024-11-18,Cash on Delivery,Delivered,2024,11,November,Q4,2024-11,2024Q4
O001709,C00315,2025-02-02,UPI,Delivered,2025,2,February,Q1,2025-02,2025Q1
O001710,C01793,2024-03-24,Debit Card,Delivered,2024,3,March,Q1,2024-03,2024Q1
O001711,C00782,2025-09-25,Debit Card,Delivered,2025,9,September,Q3,2025-09,2025Q3
O001712,C01284,2024-09-11,Net Banking,Delivered,2024,9,September,Q3,2024-09,2024Q3
O001713,C01199,2024-09-07,Credit Card,Delivered,2024,9,September,Q3,2024-09,2024Q3
O001714,C01554,2025-03-12,Debit Card,Delivered,2025,3,March,Q1,2025-03,2025Q1
O001715,C01071,2025-05-01,UPI,Cancelled,2025,5,May,Q2,2025-05,2025Q2
O001716,C01966,2024-05-27,Debit Card,Delivered,2024,5,May,Q2,2024-05,2024Q2
O001717,C00495,2025-04-30,Cash on Delivery,Delivered,2025,4,April,Q2,2025-04,2025Q2
O001718,C01714,2024-06-09,Debit Card,Delivered,2024,6,June,Q2,2024-06,2024Q2
O001719,C00864,2025-12-26,UPI,Delivered,2025,12,December,Q4,2025-12,2025Q4
O001720,C01772,2025-02-24,Debit Card,Delivered,2025,2,February,Q1,2025-02,2025Q1
O001721,C01853,2024-11-02,Debit Card,Cancelled,2024,11,November,Q4,2024-11,2024Q4
O001722,C00674,2025-12-30,Net Banking,Delivered,2025,12,December,Q4,2025-12,2025Q4
O001723,C00731,2024-11-28,UPI,Delivered,2024,11,November,Q4,2024-11,2024Q4
O001724,C00208,2024-04-03,Net Banking,Delivered,2024,4,April,Q2,2024-04,2024Q2
O001725,C01200,2024-06-29,Net Banking,Delivered,2024,6,June,Q2,2024-06,2024Q2
O001726,C01211,2024-06-15,Net Banking,Delivered,2024,6,June,Q2,2024-06,2024Q2
O001727,C00213,2024-03-23,Cash on Delivery,Delivered,2024,3,March,Q1,2024-03,2024Q1
O001728,C01149,2024-10-03,Cash on Delivery,Cancelled,2024,10,October,Q4,2024-10,2024Q4
O001729,C00770,2024-09-08,Debit Card,Delivered,2024,9,September,Q3,2024-09,2024Q3
O001730,C00087,2024-05-14,Cash on Delivery,Delivered,2024,5,May,Q2,2024-05,2024Q2
O001731,C01210,2024-01-12,UPI,Cancelled,2024,1,January,Q1,2024-01,2024Q1
O001732,C00195,2024-11-08,UPI,Delivered,2024,11,November,Q4,2024-11,2024Q4
O001733,C00739,2025-05-22,Cash on Delivery,Cancelled,2025,5,May,Q2,2025-05,2025Q2
O001734,C00864,2024-09-02,Net Banking,Delivered,2024,9,September,Q3,2024-09,2024Q3
O001735,C00712,2024-01-10,Net Banking,Delivered,2024,1,January,Q1,2024-01,2024Q1
O001736,C01746,2024-10-29,Net Banking,Cancelled,2024,10,October,Q4,2024-10,2024Q4
O001737,C01769,2024-06-14,Debit Card,Delivered,2024,6,June,Q2,2024-06,2024Q2
O001738,C01666,2024-12-22,Net Banking,Delivered,2024,12,December,Q4,2024-12,2024Q4
O001739,C01371,2024-06-19,UPI,Delivered,2024,6,June,Q2,2024-06,2024Q2
O001740,C01162,2024-02-21,UPI,Delivered,2024,2,February,Q1,2024-02,2024Q1
O001741,C00203,2025-05-26,Debit Card,Delivered,2025,5,May,Q2,2025-05,2025Q2
O001742,C01643,2025-09-25,UPI,Delivered,2025,9,September,Q3,2025-09,2025Q3
O001743,C01740,2024-08-04,Debit Card,Delivered,2024,8,August,Q3,2024-08,2024Q3
O001744,C01677,2025-05-19,Debit Card,Delivered,2025,5,May,Q2,2025-05,2025Q2
O001745,C01994,2025-04-29,Credit Card,Delivered,2025,4,April,Q2,2025-04,2025Q2
O001746,C00914,2024-10-13,UPI,Delivered,2024,10,October,Q4,2024-10,2024Q4
O001747,C00939,2024-02-04,Debit Card,Delivered,2024,2,February,Q1,2024-02,2024Q1
O001748,C00429,2024-02-22,Debit Card,Cancelled,2024,2,February,Q1,2024-02,2024Q1
O001749,C01328,2025-11-18,UPI,Delivered,2025,11,November,Q4,2025-11,2025Q4
O001750,C01543,2024-06-18,Credit Card,Delivered,2024,6,June,Q2,2024-06,2024Q2
O001751,C01730,2024-11-15,Net Banking,Delivered,2024,11,November,Q4,2024-11,2024Q4
O001752,C00684,2024-08-22,Debit Card,Cancelled,2024,8,August,Q3,2024-08,2024Q3
O001753,C01103,2025-08-19,Cash on Delivery,Delivered,2025,8,August,Q3,2025-08,2025Q3
O001754,C00649,2025-04-10,Debit Card,Delivered,2025,4,April,Q2,2025-04,2025Q2
O001755,C01873,2025-01-23,Cash on Delivery,Delivered,2025,1,January,Q1,2025-01,2025Q1
O001756,C00641,2024-03-20,Net Banking,Delivered,2024,3,March,Q1,2024-03,2024Q1
O001757,C01550,2025-07-07,Net Banking,Delivered,2025,7,July,Q3,2025-07,2025Q3
O001758,C00543,2025-02-20,Net Banking,Delivered,2025,2,February,Q1,2025-02,2025Q1
O001759,C00691,2025-09-06,Net Banking,Delivered,2025,9,September,Q3,2025-09,2025Q3
O001760,C01546,2025-12-17,Credit Card,Delivered,2025,12,December,Q4,2025-12,2025Q4
O001761,C00662,2025-10-22,UPI,Delivered,2025,10,October,Q4,2025-10,2025Q4
O001762,C00389,2025-03-18,Cash on Delivery,Delivered,2025,3,March,Q1,2025-03,2025Q1
O001763,C01862,2024-05-13,Credit Card,Cancelled,2024,5,May,Q2,2024-05,2024Q2
O001764,C00607,2024-07-14,Debit Card,Cancelled,2024,7,July,Q3,2024-07,2024Q3
O001765,C00365,2024-03-14,Net Banking,Cancelled,2024,3,March,Q1,2024-03,2024Q1
O001766,C01425,2025-04-10,UPI,Delivered,2025,4,April,Q2,2025-04,2025Q2
O001767,C00186,2024-09-08,Debit Card,Delivered,2024,9,September,Q3,2024-09,2024Q3
O001768,C01746,2025-05-05,Debit Card,Delivered,2025,5,May,Q2,2025-05,2025Q2
O001769,C01467,2025-06-24,UPI,Delivered,2025,6,June,Q2,2025-06,2025Q2
O001770,C00813,2024-10-28,Credit Card,Delivered,2024,10,October,Q4,2024-10,2024Q4
O001771,C00213,2025-06-10,Cash on Delivery,Delivered,2025,6,June,Q2,2025-06,2025Q2
O001772,C01257,2025-12-19,Cash on Delivery,Delivered,2025,12,December,Q4,2025-12,2025Q4
O001773,C00664,2025-08-22,Cash on Delivery,Delivered,2025,8,August,Q3,2025-08,2025Q3
O001774,C01692,2025-06-22,UPI,Delivered,2025,6,June,Q2,2025-06,2025Q2
O001775,C01123,2024-04-13,UPI,Delivered,2024,4,April,Q2,2024-04,2024Q2
O001776,C00054,2024-09-14,Net Banking,Delivered,2024,9,September,Q3,2024-09,2024Q3
O001777,C01707,2024-05-16,Credit Card,Delivered,2024,5,May,Q2,2024-05,2024Q2
O001778,C01793,2025-05-08,Credit Card,Delivered,2025,5,May,Q2,2025-05,2025Q2
O001779,C01327,2025-08-14,Net Banking,Delivered,2025,8,August,Q3,2025-08,2025Q3
O001780,C00026,2025-11-17,Debit Card,Delivered,2025,11,November,Q4,2025-11,2025Q4
O001781,C01976,2025-06-18,UPI,Cancelled,2025,6,June,Q2,2025-06,2025Q2
O001782,C00990,2024-09-03,Net Banking,Delivered,2024,9,September,Q3,2024-09,2024Q3
O001783,C01140,2025-10-23,Credit Card,Cancelled,2025,10,October,Q4,2025-10,2025Q4
O001784,C00394,2025-06-01,Net Banking,Delivered,2025,6,June,Q2,2025-06,2025Q2
O001785,C01737,2025-01-09,Cash on Delivery,Cancelled,2025,1,January,Q1,2025-01,2025Q1
O001786,C00819,2024-02-22,Net Banking,Delivered,2024,2,February,Q1,2024-02,2024Q1
O001787,C01530,2024-09-17,Debit Card,Delivered,2024,9,September,Q3,2024-09,2024Q3
O001788,C01646,2024-01-14,Debit Card,Delivered,2024,1,January,Q1,2024-01,2024Q1
O001789,C00759,2025-04-17,Credit Card,Delivered,2025,4,April,Q2,2025-04,2025Q2
O001790,C00656,2025-12-09,Credit Card,Delivered,2025,12,December,Q4,2025-12,2025Q4
O001791,C01963,2025-03-30,Net Banking,Delivered,2025,3,March,Q1,2025-03,2025Q1
O001792,C01762,2024-12-14,Cash on Delivery,Delivered,2024,12,December,Q4,2024-12,2024Q4
O001793,C01630,2024-10-23,Cash on Delivery,Cancelled,2024,10,October,Q4,2024-10,2024Q4
O001794,C00264,2025-01-31,UPI,Cancelled,2025,1,January,Q1,2025-01,2025Q1
O001795,C01451,2025-05-12,Net Banking,Cancelled,2025,5,May,Q2,2025-05,2025Q2
O001796,C00643,2025-07-30,UPI,Cancelled,2025,7,July,Q3,2025-07,2025Q3
O001797,C00467,2024-06-29,Debit Card,Cancelled,2024,6,June,Q2,2024-06,2024Q2
O001798,C01682,2025-01-26,Credit Card,Delivered,2025,1,January,Q1,2025-01,2025Q1
O001799,C00552,2025-04-01,Cash on Delivery,Delivered,2025,4,April,Q2,2025-04,2025Q2
O001800,C00943,2025-07-01,Cash on Delivery,Delivered,2025,7,July,Q3,2025-07,2025Q3
O001801,C01019,2024-01-11,Credit Card,Delivered,2024,1,January,Q1,2024-01,2024Q1
O001802,C01953,2024-06-29,Credit Card,Delivered,2024,6,June,Q2,2024-06,2024Q2
O001803,C01147,2024-01-17,Net Banking,Cancelled,2024,1,January,Q1,2024-01,2024Q1
O001804,C01332,2025-04-23,UPI,Delivered,2025,4,April,Q2,2025-04,2025Q2
O001805,C00977,2025-08-12,Net Banking,Delivered,2025,8,August,Q3,2025-08,2025Q3
O001806,C00131,2025-11-27,Debit Card,Delivered,2025,11,November,Q4,2025-11,2025Q4
O001807,C01956,2024-04-06,Cash on Delivery,Cancelled,2024,4,April,Q2,2024-04,2024Q2
O001808,C00517,2024-08-27,Net Banking,Delivered,2024,8,August,Q3,2024-08,2024Q3
O001809,C01462,2024-07-02,Debit Card,Delivered,2024,7,July,Q3,2024-07,2024Q3
O001810,C01443,2025-07-27,Debit Card,Delivered,2025,7,July,Q3,2025-07,2025Q3
O001811,C00812,2024-11-28,Credit Card,Delivered,2024,11,November,Q4,2024-11,2024Q4
O001812,C00635,2025-08-11,Credit Card,Delivered,2025,8,August,Q3,2025-08,2025Q3
O001813,C00677,2024-07-08,Credit Card,Cancelled,2024,7,July,Q3,2024-07,2024Q3
O001814,C01938,2025-04-26,Net Banking,Delivered,2025,4,April,Q2,2025-04,2025Q2
O001815,C01570,2024-03-02,Cash on Delivery,Cancelled,2024,3,March,Q1,2024-03,2024Q1
O001816,C00645,2024-02-16,Net Banking,Cancelled,2024,2,February,Q1,2024-02,2024Q1
O001817,C00109,2024-04-16,Debit Card,Cancelled,2024,4,April,Q2,2024-04,2024Q2
O001818,C00246,2024-10-17,Cash on Delivery,Delivered,2024,10,October,Q4,2024-10,2024Q4
O001819,C01258,2025-01-22,UPI,Cancelled,2025,1,January,Q1,2025-01,2025Q1
O001820,C00848,2024-08-18,Credit Card,Delivered,2024,8,August,Q3,2024-08,2024Q3
O001821,C00510,2024-06-05,Cash on Delivery,Delivered,2024,6,June,Q2,2024-06,2024Q2
O001822,C01712,2024-04-27,UPI,Delivered,2024,4,April,Q2,2024-04,2024Q2
O001823,C01493,2024-10-18,UPI,Delivered,2024,10,October,Q4,2024-10,2024Q4
O001824,C00183,2024-06-07,UPI,Delivered,2024,6,June,Q2,2024-06,2024Q2
O001825,C01176,2025-05-13,Net Banking,Delivered,2025,5,May,Q2,2025-05,2025Q2
O001826,C00781,2024-01-30,Debit Card,Delivered,2024,1,January,Q1,2024-01,2024Q1
O001827,C01736,2024-07-03,UPI,Delivered,2024,7,July,Q3,2024-07,2024Q3
O001828,C00638,2025-12-18,Debit Card,Delivered,2025,12,December,Q4,2025-12,2025Q4
O001829,C01449,2025-07-17,Credit Card,Delivered,2025,7,July,Q3,2025-07,2025Q3
O001830,C01024,2025-04-09,UPI,Delivered,2025,4,April,Q2,2025-04,2025Q2
O001831,C00534,2024-12-10,Credit Card,Delivered,2024,12,December,Q4,2024-12,2024Q4
O001832,C00720,2025-07-28,UPI,Delivered,2025,7,July,Q3,2025-07,2025Q3
O001833,C00926,2025-11-12,UPI,Cancelled,2025,11,November,Q4,2025-11,2025Q4
O001834,C00528,2024-09-12,UPI,Cancelled,2024,9,September,Q3,2024-09,2024Q3
O001835,C00125,2024-04-14,Cash on Delivery,Delivered,2024,4,April,Q2,2024-04,2024Q2
O001836,C01399,2024-08-04,Credit Card,Delivered,2024,8,August,Q3,2024-08,2024Q3
O001837,C00004,2024-09-03,Cash on Delivery,Delivered,2024,9,September,Q3,2024-09,2024Q3
O001838,C00010,2025-05-14,UPI,Delivered,2025,5,May,Q2,2025-05,2025Q2
O001839,C00057,2025-09-03,Net Banking,Cancelled,2025,9,September,Q3,2025-09,2025Q3
O001840,C01154,2025-08-13,Credit Card,Delivered,2025,8,August,Q3,2025-08,2025Q3
O001841,C01958,2024-01-31,Credit Card,Delivered,2024,1,January,Q1,2024-01,2024Q1
O001842,C01304,2025-02-08,Cash on Delivery,Delivered,2025,2,February,Q1,2025-02,2025Q1
O001843,C00373,2025-09-06,Credit Card,Delivered,2025,9,September,Q3,2025-09,2025Q3
O001844,C00199,2024-11-18,Credit Card,Cancelled,2024,11,November,Q4,2024-11,2024Q4
O001845,C00767,2025-05-18,Debit Card,Delivered,2025,5,May,Q2,2025-05,2025Q2
O001846,C01447,2025-09-23,Credit Card,Cancelled,2025,9,September,Q3,2025-09,2025Q3
O001847,C00305,2024-08-12,Cash on Delivery,Delivered,2024,8,August,Q3,2024-08,2024Q3
O001848,C00063,2025-08-05,Net Banking,Cancelled,2025,8,August,Q3,2025-08,2025Q3
O001849,C01820,2024-01-19,UPI,Delivered,2024,1,January,Q1,2024-01,2024Q1
O001850,C01915,2024-06-26,Debit Card,Delivered,2024,6,June,Q2,2024-06,2024Q2
O001851,C00715,2025-10-19,Credit Card,Cancelled,2025,10,October,Q4,2025-10,2025Q4
O001852,C01062,2025-07-23,Credit Card,Delivered,2025,7,July,Q3,2025-07,2025Q3
O001853,C01020,2024-09-14,UPI,Delivered,2024,9,September,Q3,2024-09,2024Q3
O001854,C01256,2024-09-23,Net Banking,Delivered,2024,9,September,Q3,2024-09,2024Q3
O001855,C01902,2024-07-07,Debit Card,Delivered,2024,7,July,Q3,2024-07,2024Q3
O001856,C01606,2024-06-08,Credit Card,Delivered,2024,6,June,Q2,2024-06,2024Q2
O001857,C01370,2025-02-22,Cash on Delivery,Delivered,2025,2,February,Q1,2025-02,2025Q1
O001858,C00693,2024-02-12,Credit Card,Delivered,2024,2,February,Q1,2024-02,2024Q1
O001859,C00290,2025-12-05,Credit Card,Delivered,2025,12,December,Q4,2025-12,2025Q4
O001860,C00386,2025-12-13,Net Banking,Delivered,2025,12,December,Q4,2025-12,2025Q4
O001861,C00734,2025-05-31,UPI,Delivered,2025,5,May,Q2,2025-05,2025Q2
O001862,C01661,2024-07-11,Cash on Delivery,Cancelled,2024,7,July,Q3,2024-07,2024Q3
O001863,C00203,2025-09-14,Cash on Delivery,Delivered,2025,9,September,Q3,2025-09,2025Q3
O001864,C01359,2025-06-17,Debit Card,Cancelled,2025,6,June,Q2,2025-06,2025Q2
O001865,C01154,2025-06-24,Credit Card,Cancelled,2025,6,June,Q2,2025-06,2025Q2
O001866,C01069,2025-07-12,Net Banking,Cancelled,2025,7,July,Q3,2025-07,2025Q3
O001867,C01318,2024-06-21,Credit Card,Delivered,2024,6,June,Q2,2024-06,2024Q2
O001868,C00657,2025-04-17,Credit Card,Delivered,2025,4,April,Q2,2025-04,2025Q2
O001869,C01564,2025-11-08,Credit Card,Delivered,2025,11,November,Q4,2025-11,2025Q4
O001870,C01934,2024-10-23,Net Banking,Delivered,2024,10,October,Q4,2024-10,2024Q4
O001871,C00892,2025-02-09,Credit Card,Delivered,2025,2,February,Q1,2025-02,2025Q1
O001872,C00049,2024-09-06,Net Banking,Delivered,2024,9,September,Q3,2024-09,2024Q3
O001873,C00659,2024-05-22,Cash on Delivery,Delivered,2024,5,May,Q2,2024-05,2024Q2
O001874,C01249,2024-12-09,Net Banking,Delivered,2024,12,December,Q4,2024-12,2024Q4
O001875,C01020,2025-05-04,Cash on Delivery,Delivered,2025,5,May,Q2,2025-05,2025Q2
O001876,C01579,2024-01-05,UPI,Cancelled,2024,1,January,Q1,2024-01,2024Q1
O001877,C01703,2024-02-20,UPI,Delivered,2024,2,February,Q1,2024-02,2024Q1
O001878,C00629,2025-11-06,Cash on Delivery,Cancelled,2025,11,November,Q4,2025-11,2025Q4
O001879,C01112,2025-01-16,Credit Card,Delivered,2025,1,January,Q1,2025-01,2025Q1
O001880,C01514,2024-02-24,UPI,Delivered,2024,2,February,Q1,2024-02,2024Q1
O001881,C00097,2024-05-29,Cash on Delivery,Delivered,2024,5,May,Q2,2024-05,2024Q2
O001882,C00386,2024-02-10,Debit Card,Cancelled,2024,2,February,Q1,2024-02,2024Q1
O001883,C00108,2025-05-07,Net Banking,Cancelled,2025,5,May,Q2,2025-05,2025Q2
O001884,C01074,2024-04-19,Credit Card,Cancelled,2024,4,April,Q2,2024-04,2024Q2
O001885,C00760,2025-12-29,Net Banking,Delivered,2025,12,December,Q4,2025-12,2025Q4
O001886,C01866,2024-06-07,Credit Card,Delivered,2024,6,June,Q2,2024-06,2024Q2
O001887,C00937,2024-04-07,Credit Card,Delivered,2024,4,April,Q2,2024-04,2024Q2
O001888,C01460,2024-03-12,Debit Card,Delivered,2024,3,March,Q1,2024-03,2024Q1
O001889,C01463,2024-05-14,Credit Card,Delivered,2024,5,May,Q2,2024-05,2024Q2
O001890,C00424,2025-04-05,Credit Card,Cancelled,2025,4,April,Q2,2025-04,2025Q2
O001891,C00032,2025-03-02,UPI,Delivered,2025,3,March,Q1,2025-03,2025Q1
O001892,C00422,2025-10-07,Cash on Delivery,Delivered,2025,10,October,Q4,2025-10,2025Q4
O001893,C01893,2025-09-09,Debit Card,Delivered,2025,9,September,Q3,2025-09,2025Q3
O001894,C01853,2025-12-24,Credit Card,Delivered,2025,12,December,Q4,2025-12,2025Q4
O001895,C00363,2024-06-07,Cash on Delivery,Delivered,2024,6,June,Q2,2024-06,2024Q2
O001896,C00762,2024-07-02,Net Banking,Delivered,2024,7,July,Q3,2024-07,2024Q3
O001897,C00320,2025-01-29,Credit Card,Cancelled,2025,1,January,Q1,2025-01,2025Q1
O001898,C00505,2024-03-01,Net Banking,Delivered,2024,3,March,Q1,2024-03,2024Q1
O001899,C01807,2024-11-27,Net Banking,Cancelled,2024,11,November,Q4,2024-11,2024Q4
O001900,C01455,2025-07-17,Cash on Delivery,Delivered,2025,7,July,Q3,2025-07,2025Q3
O001901,C00420,2024-12-28,Cash on Delivery,Delivered,2024,12,December,Q4,2024-12,2024Q4
O001902,C00839,2024-08-29,UPI,Delivered,2024,8,August,Q3,2024-08,2024Q3
O001903,C01687,2024-05-07,Credit Card,Delivered,2024,5,May,Q2,2024-05,2024Q2
O001904,C01726,2025-07-14,Cash on Delivery,Delivered,2025,7,July,Q3,2025-07,2025Q3
O001905,C00520,2024-06-02,Cash on Delivery,Delivered,2024,6,June,Q2,2024-06,2024Q2
O001906,C01284,2024-07-09,Net Banking,Delivered,2024,7,July,Q3,2024-07,2024Q3
O001907,C01426,2024-11-25,Net Banking,Delivered,2024,11,November,Q4,2024-11,2024Q4
O001908,C01358,2024-05-17,Net Banking,Delivered,2024,5,May,Q2,2024-05,2024Q2
O001909,C01306,2025-04-15,UPI,Delivered,2025,4,April,Q2,2025-04,2025Q2
O001910,C00326,2024-07-12,Cash on Delivery,Delivered,2024,7,July,Q3,2024-07,2024Q3
O001911,C00137,2024-08-23,Credit Card,Cancelled,2024,8,August,Q3,2024-08,2024Q3
O001912,C00671,2024-08-09,Credit Card,Delivered,2024,8,August,Q3,2024-08,2024Q3
O001913,C01957,2025-03-23,Net Banking,Delivered,2025,3,March,Q1,2025-03,2025Q1
O001914,C01099,2024-12-14,Debit Card,Delivered,2024,12,December,Q4,2024-12,2024Q4
O001915,C01753,2025-05-08,Credit Card,Delivered,2025,5,May,Q2,2025-05,2025Q2
O001916,C01559,2024-06-05,UPI,Delivered,2024,6,June,Q2,2024-06,2024Q2
O001917,C01686,2024-07-30,Credit Card,Delivered,2024,7,July,Q3,2024-07,2024Q3
O001918,C01137,2025-10-31,Net Banking,Delivered,2025,10,October,Q4,2025-10,2025Q4
O001919,C00261,2025-08-29,Debit Card,Delivered,2025,8,August,Q3,2025-08,2025Q3
O001920,C00961,2025-01-08,Net Banking,Delivered,2025,1,January,Q1,2025-01,2025Q1
O001921,C00229,2024-03-03,Credit Card,Delivered,2024,3,March,Q1,2024-03,2024Q1
O001922,C01707,2024-10-06,Net Banking,Delivered,2024,10,October,Q4,2024-10,2024Q4
O001923,C00172,2024-11-05,UPI,Delivered,2024,11,November,Q4,2024-11,2024Q4
O001924,C00893,2024-10-20,Net Banking,Delivered,2024,10,October,Q4,2024-10,2024Q4
O001925,C01513,2024-05-10,Credit Card,Delivered,2024,5,May,Q2,2024-05,2024Q2
O001926,C01223,2024-12-31,UPI,Cancelled,2024,12,December,Q4,2024-12,2024Q4
O001927,C01571,2024-12-08,Cash on Delivery,Delivered,2024,12,December,Q4,2024-12,2024Q4
O001928,C01485,2024-11-24,Debit Card,Delivered,2024,11,November,Q4,2024-11,2024Q4
O001929,C01165,2025-01-27,UPI,Delivered,2025,1,January,Q1,2025-01,2025Q1
O001930,C00700,2025-04-18,Cash on Delivery,Delivered,2025,4,April,Q2,2025-04,2025Q2
O001931,C01888,2025-07-24,UPI,Delivered,2025,7,July,Q3,2025-07,2025Q3
O001932,C00411,2024-12-02,UPI,Delivered,2024,12,December,Q4,2024-12,2024Q4
O001933,C00779,2025-08-13,Credit Card,Delivered,2025,8,August,Q3,2025-08,2025Q3
O001934,C01036,2024-05-01,UPI,Delivered,2024,5,May,Q2,2024-05,2024Q2
O001935,C01285,2025-09-28,UPI,Delivered,2025,9,September,Q3,2025-09,2025Q3
O001936,C00052,2025-09-08,Net Banking,Delivered,2025,9,September,Q3,2025-09,2025Q3
O001937,C01728,2025-01-09,Credit Card,Cancelled,2025,1,January,Q1,2025-01,2025Q1
O001938,C01083,2024-01-16,Debit Card,Cancelled,2024,1,January,Q1,2024-01,2024Q1
O001939,C00330,2025-08-14,UPI,Delivered,2025,8,August,Q3,2025-08,2025Q3
O001940,C00117,2024-10-23,UPI,Delivered,2024,10,October,Q4,2024-10,2024Q4
O001941,C00840,2024-11-27,Credit Card,Delivered,2024,11,November,Q4,2024-11,2024Q4
O001942,C01267,2025-10-25,Credit Card,Delivered,2025,10,October,Q4,2025-10,2025Q4
O001943,C00759,2024-03-05,UPI,Delivered,2024,3,March,Q1,2024-03,2024Q1
O001944,C01402,2025-08-12,Credit Card,Delivered,2025,8,August,Q3,2025-08,2025Q3
O001945,C00781,2025-12-05,UPI,Delivered,2025,12,December,Q4,2025-12,2025Q4
O001946,C01667,2025-12-16,Credit Card,Cancelled,2025,12,December,Q4,2025-12,2025Q4
O001947,C00246,2024-08-21,Cash on Delivery,Delivered,2024,8,August,Q3,2024-08,2024Q3
O001948,C01155,2025-04-07,Cash on Delivery,Delivered,2025,4,April,Q2,2025-04,2025Q2
O001949,C00041,2025-02-21,Debit Card,Delivered,2025,2,February,Q1,2025-02,2025Q1
O001950,C01920,2024-04-28,Cash on Delivery,Delivered,2024,4,April,Q2,2024-04,2024Q2
O001951,C00579,2025-03-05,Cash on Delivery,Delivered,2025,3,March,Q1,2025-03,2025Q1
O001952,C00921,2025-07-18,Credit Card,Delivered,2025,7,July,Q3,2025-07,2025Q3
O001953,C01255,2024-05-16,Debit Card,Delivered,2024,5,May,Q2,2024-05,2024Q2
O001954,C01304,2024-07-18,Net Banking,Delivered,2024,7,July,Q3,2024-07,2024Q3
O001955,C01883,2024-10-22,Cash on Delivery,Delivered,2024,10,October,Q4,2024-10,2024Q4
O001956,C01099,2024-12-26,Debit Card,Delivered,2024,12,December,Q4,2024-12,2024Q4
O001957,C00296,2024-08-25,UPI,Delivered,2024,8,August,Q3,2024-08,2024Q3
O001958,C01973,2024-12-18,Net Banking,Delivered,2024,12,December,Q4,2024-12,2024Q4
O001959,C01807,2024-08-07,Credit Card,Delivered,2024,8,August,Q3,2024-08,2024Q3
O001960,C01516,2024-10-18,UPI,Delivered,2024,10,October,Q4,2024-10,2024Q4
O001961,C00295,2025-03-12,UPI,Delivered,2025,3,March,Q1,2025-03,2025Q1
O001962,C01456,2025-04-15,Cash on Delivery,Delivered,2025,4,April,Q2,2025-04,2025Q2
O001963,C00824,2025-01-08,Credit Card,Delivered,2025,1,January,Q1,2025-01,2025Q1
O001964,C00427,2024-02-25,Net Banking,Delivered,2024,2,February,Q1,2024-02,2024Q1
O001965,C01810,2024-09-15,Credit Card,Delivered,2024,9,September,Q3,2024-09,2024Q3
O001966,C00910,2024-04-16,Cash on Delivery,Delivered,2024,4,April,Q2,2024-04,2024Q2
O001967,C00745,2025-07-09,UPI,Delivered,2025,7,July,Q3,2025-07,2025Q3
O001968,C00273,2024-12-30,Cash on Delivery,Delivered,2024,12,December,Q4,2024-12,2024Q4
O001969,C00504,2024-06-01,Credit Card,Delivered,2024,6,June,Q2,2024-06,2024Q2
O001970,C01165,2024-04-30,UPI,Cancelled,2024,4,April,Q2,2024-04,2024Q2
O001971,C00745,2025-12-12,Cash on Delivery,Cancelled,2025,12,December,Q4,2025-12,2025Q4
O001972,C01767,2024-05-27,Cash on Delivery,Delivered,2024,5,May,Q2,2024-05,2024Q2
O001973,C00768,2024-01-04,Debit Card,Delivered,2024,1,January,Q1,2024-01,2024Q1
O001974,C00805,2024-01-10,Credit Card,Delivered,2024,1,January,Q1,2024-01,2024Q1
O001975,C00223,2025-10-31,Cash on Delivery,Delivered,2025,10,October,Q4,2025-10,2025Q4
O001976,C00616,2025-01-23,Cash on Delivery,Delivered,2025,1,January,Q1,2025-01,2025Q1
O001977,C00105,2025-07-21,Credit Card,Delivered,2025,7,July,Q3,2025-07,2025Q3
O001978,C00692,2025-07-17,Cash on Delivery,Delivered,2025,7,July,Q3,2025-07,2025Q3
O001979,C01351,2024-10-17,Net Banking,Cancelled,2024,10,October,Q4,2024-10,2024Q4
O001980,C00885,2025-01-16,UPI,Delivered,2025,1,January,Q1,2025-01,2025Q1
O001981,C00049,2024-11-10,Credit Card,Delivered,2024,11,November,Q4,2024-11,2024Q4
O001982,C01163,2025-12-20,Net Banking,Delivered,2025,12,December,Q4,2025-12,2025Q4
O001983,C01528,2024-11-18,Net Banking,Delivered,2024,11,November,Q4,2024-11,2024Q4
O001984,C01314,2024-11-02,Credit Card,Delivered,2024,11,November,Q4,2024-11,2024Q4
O001985,C00309,2025-07-30,Net Banking,Delivered,2025,7,July,Q3,2025-07,2025Q3
O001986,C00960,2024-10-16,Credit Card,Delivered,2024,10,October,Q4,2024-10,2024Q4
O001987,C01562,2024-10-25,Net Banking,Delivered,2024,10,October,Q4,2024-10,2024Q4
O001988,C01251,2025-01-15,Cash on Delivery,Cancelled,2025,1,January,Q1,2025-01,2025Q1
O001989,C01087,2024-08-27,Cash on Delivery,Delivered,2024,8,August,Q3,2024-08,2024Q3
O001990,C01385,2025-05-12,UPI,Delivered,2025,5,May,Q2,2025-05,2025Q2
O001991,C00176,2025-04-01,UPI,Delivered,2025,4,April,Q2,2025-04,2025Q2
O001992,C01885,2024-02-25,Cash on Delivery,Delivered,2024,2,February,Q1,2024-02,2024Q1
O001993,C00679,2024-11-13,Net Banking,Delivered,2024,11,November,Q4,2024-11,2024Q4
O001994,C01908,2025-11-18,Net Banking,Delivered,2025,11,November,Q4,2025-11,2025Q4
O001995,C01523,2024-01-31,Credit Card,Delivered,2024,1,January,Q1,2024-01,2024Q1
O001996,C00630,2025-12-16,Cash on Delivery,Delivered,2025,12,December,Q4,2025-12,2025Q4
O001997,C01277,2024-04-06,Debit Card,Cancelled,2024,4,April,Q2,2024-04,2024Q2
O001998,C01853,2024-10-25,Net Banking,Delivered,2024,10,October,Q4,2024-10,2024Q4
O001999,C00694,2025-12-25,Credit Card,Delivered,2025,12,December,Q4,2025-12,2025Q4
O002000,C00622,2025-03-15,UPI,Cancelled,2025,3,March,Q1,2025-03,2025Q1
O002001,C00328,2024-05-06,Credit Card,Delivered,2024,5,May,Q2,2024-05,2024Q2
O002002,C00851,2024-05-30,UPI,Cancelled,2024,5,May,Q2,2024-05,2024Q2
O002003,C01865,2025-08-15,Cash on Delivery,Delivered,2025,8,August,Q3,2025-08,2025Q3
O002004,C00325,2024-12-04,Cash on Delivery,Cancelled,2024,12,December,Q4,2024-12,2024Q4
O002005,C01288,2024-07-17,Net Banking,Delivered,2024,7,July,Q3,2024-07,2024Q3
O002006,C01414,2025-08-22,Credit Card,Delivered,2025,8,August,Q3,2025-08,2025Q3
O002007,C01360,2025-12-10,Credit Card,Delivered,2025,12,December,Q4,2025-12,2025Q4
O002008,C00199,2025-08-06,UPI,Delivered,2025,8,August,Q3,2025-08,2025Q3
O002009,C01803,2025-07-14,Credit Card,Delivered,2025,7,July,Q3,2025-07,2025Q3
O002010,C00977,2024-09-27,UPI,Delivered,2024,9,September,Q3,2024-09,2024Q3
O002011,C01201,2025-01-30,Debit Card,Delivered,2025,1,January,Q1,2025-01,2025Q1
O002012,C01198,2025-07-04,Cash on Delivery,Delivered,2025,7,July,Q3,2025-07,2025Q3
O002013,C00917,2025-01-14,Cash on Delivery,Delivered,2025,1,January,Q1,2025-01,2025Q1
O002014,C01939,2025-05-08,Cash on Delivery,Delivered,2025,5,May,Q2,2025-05,2025Q2
O002015,C01814,2025-06-18,Credit Card,Delivered,2025,6,June,Q2,2025-06,2025Q2
O002016,C01816,2024-10-12,Credit Card,Delivered,2024,10,October,Q4,2024-10,2024Q4
O002017,C00277,2025-06-24,Debit Card,Delivered,2025,6,June,Q2,2025-06,2025Q2
O002018,C01878,2024-02-14,Credit Card,Delivered,2024,2,February,Q1,2024-02,2024Q1
O002019,C01915,2025-05-20,Credit Card,Delivered,2025,5,May,Q2,2025-05,2025Q2
O002020,C00599,2024-10-26,UPI,Delivered,2024,10,October,Q4,2024-10,2024Q4
O002021,C01235,2025-12-20,Net Banking,Delivered,2025,12,December,Q4,2025-12,2025Q4
O002022,C01274,2024-11-25,Cash on Delivery,Delivered,2024,11,November,Q4,2024-11,2024Q4
O002023,C00347,2025-07-25,Debit Card,Delivered,2025,7,July,Q3,2025-07,2025Q3
O002024,C00394,2024-07-10,Cash on Delivery,Delivered,2024,7,July,Q3,2024-07,2024Q3
O002025,C01066,2024-07-07,Cash on Delivery,Delivered,2024,7,July,Q3,2024-07,2024Q3
O002026,C01003,2025-01-06,Credit Card,Delivered,2025,1,January,Q1,2025-01,2025Q1
O002027,C00107,2024-01-27,Debit Card,Delivered,2024,1,January,Q1,2024-01,2024Q1
O002028,C00539,2025-12-16,Credit Card,Delivered,2025,12,December,Q4,2025-12,2025Q4
O002029,C00692,2025-09-23,UPI,Delivered,2025,9,September,Q3,2025-09,2025Q3
O002030,C01536,2024-10-07,Cash on Delivery,Delivered,2024,10,October,Q4,2024-10,2024Q4
O002031,C01351,2025-05-05,UPI,Delivered,2025,5,May,Q2,2025-05,2025Q2
O002032,C01130,2025-07-02,UPI,Cancelled,2025,7,July,Q3,2025-07,2025Q3
O002033,C00022,2025-06-09,Cash on Delivery,Delivered,2025,6,June,Q2,2025-06,2025Q2
O002034,C00620,2024-01-22,Credit Card,Delivered,2024,1,January,Q1,2024-01,2024Q1
O002035,C00779,2025-06-25,Net Banking,Delivered,2025,6,June,Q2,2025-06,2025Q2
O002036,C01424,2025-06-01,Net Banking,Delivered,2025,6,June,Q2,2025-06,2025Q2
O002037,C00688,2025-05-16,Debit Card,Cancelled,2025,5,May,Q2,2025-05,2025Q2
O002038,C01749,2024-04-24,Net Banking,Delivered,2024,4,April,Q2,2024-04,2024Q2
O002039,C01449,2024-07-21,Credit Card,Delivered,2024,7,July,Q3,2024-07,2024Q3
O002040,C01473,2025-04-15,Debit Card,Cancelled,2025,4,April,Q2,2025-04,2025Q2
O002041,C00396,2024-12-19,Debit Card,Delivered,2024,12,December,Q4,2024-12,2024Q4
O002042,C00171,2025-06-12,Net Banking,Delivered,2025,6,June,Q2,2025-06,2025Q2
O002043,C01650,2024-04-24,Debit Card,Cancelled,2024,4,April,Q2,2024-04,2024Q2
O002044,C01835,2024-07-16,UPI,Delivered,2024,7,July,Q3,2024-07,2024Q3
O002045,C01652,2024-07-11,UPI,Delivered,2024,7,July,Q3,2024-07,2024Q3
O002046,C00153,2025-04-12,Credit Card,Delivered,2025,4,April,Q2,2025-04,2025Q2
O002047,C00134,2025-03-25,UPI,Delivered,2025,3,March,Q1,2025-03,2025Q1
O002048,C01596,2025-05-29,UPI,Delivered,2025,5,May,Q2,2025-05,2025Q2
O002049,C00020,2025-10-15,Cash on Delivery,Delivered,2025,10,October,Q4,2025-10,2025Q4
O002050,C01783,2024-05-05,Net Banking,Delivered,2024,5,May,Q2,2024-05,2024Q2
O002051,C00320,2024-01-10,Cash on Delivery,Delivered,2024,1,January,Q1,2024-01,2024Q1
O002052,C01293,2024-03-31,Cash on Delivery,Delivered,2024,3,March,Q1,2024-03,2024Q1
O002053,C01255,2025-08-21,UPI,Delivered,2025,8,August,Q3,2025-08,2025Q3
O002054,C01443,2024-03-12,UPI,Delivered,2024,3,March,Q1,2024-03,2024Q1
O002055,C00381,2025-05-15,UPI,Delivered,2025,5,May,Q2,2025-05,2025Q2
O002056,C00008,2025-07-06,Net Banking,Delivered,2025,7,July,Q3,2025-07,2025Q3
O002057,C00431,2025-12-13,UPI,Delivered,2025,12,December,Q4,2025-12,2025Q4
O002058,C00793,2024-10-25,UPI,Cancelled,2024,10,October,Q4,2024-10,2024Q4
O002059,C00395,2024-11-04,Debit Card,Delivered,2024,11,November,Q4,2024-11,2024Q4
O002060,C01451,2025-07-02,Net Banking,Cancelled,2025,7,July,Q3,2025-07,2025Q3
O002061,C01447,2025-03-31,Credit Card,Delivered,2025,3,March,Q1,2025-03,2025Q1
O002062,C00590,2025-11-30,Cash on Delivery,Cancelled,2025,11,November,Q4,2025-11,2025Q4
O002063,C01772,2024-03-03,UPI,Delivered,2024,3,March,Q1,2024-03,2024Q1
O002064,C00379,2025-02-06,Cash on Delivery,Delivered,2025,2,February,Q1,2025-02,2025Q1
O002065,C00163,2025-12-07,Credit Card,Delivered,2025,12,December,Q4,2025-12,2025Q4
O002066,C00540,2024-05-26,Credit Card,Cancelled,2024,5,May,Q2,2024-05,2024Q2
O002067,C01179,2025-11-11,Cash on Delivery,Delivered,2025,11,November,Q4,2025-11,2025Q4
O002068,C01440,2024-11-24,UPI,Delivered,2024,11,November,Q4,2024-11,2024Q4
O002069,C00384,2024-05-08,Net Banking,Delivered,2024,5,May,Q2,2024-05,2024Q2
O002070,C00333,2025-10-06,Net Banking,Cancelled,2025,10,October,Q4,2025-10,2025Q4
O002071,C00608,2024-11-27,Cash on Delivery,Delivered,2024,11,November,Q4,2024-11,2024Q4
O002072,C01038,2024-07-15,Debit Card,Delivered,2024,7,July,Q3,2024-07,2024Q3
O002073,C00874,2025-06-21,Debit Card,Delivered,2025,6,June,Q2,2025-06,2025Q2
O002074,C01507,2024-08-22,Credit Card,Delivered,2024,8,August,Q3,2024-08,2024Q3
O002075,C01342,2025-01-23,Cash on Delivery,Delivered,2025,1,January,Q1,2025-01,2025Q1
O002076,C00577,2025-02-18,Credit Card,Delivered,2025,2,February,Q1,2025-02,2025Q1
O002077,C00127,2025-05-26,UPI,Delivered,2025,5,May,Q2,2025-05,2025Q2
O002078,C01849,2025-11-19,UPI,Cancelled,2025,11,November,Q4,2025-11,2025Q4
O002079,C01548,2024-10-24,Net Banking,Delivered,2024,10,October,Q4,2024-10,2024Q4
O002080,C01381,2025-03-31,Net Banking,Delivered,2025,3,March,Q1,2025-03,2025Q1
O002081,C01525,2024-08-27,Debit Card,Delivered,2024,8,August,Q3,2024-08,2024Q3
O002082,C01205,2025-07-24,Cash on Delivery,Delivered,2025,7,July,Q3,2025-07,2025Q3
O002083,C01430,2024-11-15,Debit Card,Delivered,2024,11,November,Q4,2024-11,2024Q4
O002084,C01166,2025-08-07,Credit Card,Delivered,2025,8,August,Q3,2025-08,2025Q3
O002085,C00924,2025-11-11,Debit Card,Delivered,2025,11,November,Q4,2025-11,2025Q4
O002086,C00759,2025-12-18,Debit Card,Delivered,2025,12,December,Q4,2025-12,2025Q4
O002087,C00642,2025-07-19,Cash on Delivery,Delivered,2025,7,July,Q3,2025-07,2025Q3
O002088,C00468,2025-11-06,Debit Card,Delivered,2025,11,November,Q4,2025-11,2025Q4
O002089,C01415,2024-03-10,Debit Card,Delivered,2024,3,March,Q1,2024-03,2024Q1
O002090,C00953,2024-03-25,Net Banking,Delivered,2024,3,March,Q1,2024-03,2024Q1
O002091,C01892,2025-05-09,Net Banking,Delivered,2025,5,May,Q2,2025-05,2025Q2
O002092,C01780,2025-03-20,Net Banking,Delivered,2025,3,March,Q1,2025-03,2025Q1
O002093,C00313,2025-08-26,UPI,Delivered,2025,8,August,Q3,2025-08,2025Q3
O002094,C00860,2025-09-11,Cash on Delivery,Delivered,2025,9,September,Q3,2025-09,2025Q3
O002095,C01615,2024-09-24,Credit Card,Delivered,2024,9,September,Q3,2024-09,2024Q3
O002096,C00819,2025-09-24,Credit Card,Delivered,2025,9,September,Q3,2025-09,2025Q3
O002097,C01621,2024-04-20,Credit Card,Delivered,2024,4,April,Q2,2024-04,2024Q2
O002098,C01215,2024-07-27,Net Banking,Delivered,2024,7,July,Q3,2024-07,2024Q3
O002099,C00195,2025-08-04,UPI,Delivered,2025,8,August,Q3,2025-08,2025Q3
O002100,C00968,2024-06-11,Credit Card,Delivered,2024,6,June,Q2,2024-06,2024Q2
O002101,C00691,2025-12-23,Credit Card,Delivered,2025,12,December,Q4,2025-12,2025Q4
O002102,C01019,2025-08-04,Credit Card,Delivered,2025,8,August,Q3,2025-08,2025Q3
O002103,C01700,2024-11-05,Cash on Delivery,Delivered,2024,11,November,Q4,2024-11,2024Q4
O002104,C00467,2025-06-26,UPI,Cancelled,2025,6,June,Q2,2025-06,2025Q2
O002105,C01483,2024-08-27,Credit Card,Delivered,2024,8,August,Q3,2024-08,2024Q3
O002106,C01941,2024-01-05,Net Banking,Delivered,2024,1,January,Q1,2024-01,2024Q1
O002107,C01985,2024-05-10,Debit Card,Delivered,2024,5,May,Q2,2024-05,2024Q2
O002108,C01970,2025-09-26,UPI,Delivered,2025,9,September,Q3,2025-09,2025Q3
O002109,C01952,2025-01-16,UPI,Delivered,2025,1,January,Q1,2025-01,2025Q1
O002110,C01245,2024-01-02,UPI,Delivered,2024,1,January,Q1,2024-01,2024Q1
O002111,C01063,2024-03-16,Cash on Delivery,Delivered,2024,3,March,Q1,2024-03,2024Q1
O002112,C00853,2024-02-24,Net Banking,Delivered,2024,2,February,Q1,2024-02,2024Q1
O002113,C01960,2025-08-23,Debit Card,Delivered,2025,8,August,Q3,2025-08,2025Q3
O002114,C00694,2025-06-24,Debit Card,Cancelled,2025,6,June,Q2,2025-06,2025Q2
O002115,C00879,2024-11-20,Debit Card,Cancelled,2024,11,November,Q4,2024-11,2024Q4
O002116,C00266,2025-02-11,Cash on Delivery,Delivered,2025,2,February,Q1,2025-02,2025Q1
O002117,C00699,2024-11-19,Debit Card,Delivered,2024,11,November,Q4,2024-11,2024Q4
O002118,C00757,2025-05-23,Credit Card,Delivered,2025,5,May,Q2,2025-05,2025Q2
O002119,C00130,2024-08-11,UPI,Delivered,2024,8,August,Q3,2024-08,2024Q3
O002120,C00855,2025-07-23,Credit Card,Delivered,2025,7,July,Q3,2025-07,2025Q3
O002121,C01410,2024-11-30,Credit Card,Delivered,2024,11,November,Q4,2024-11,2024Q4
O002122,C01299,2024-05-12,Cash on Delivery,Delivered,2024,5,May,Q2,2024-05,2024Q2
O002123,C01612,2024-05-17,Credit Card,Delivered,2024,5,May,Q2,2024-05,2024Q2
O002124,C01183,2024-10-18,Cash on Delivery,Delivered,2024,10,October,Q4,2024-10,2024Q4
O002125,C01848,2024-05-24,Credit Card,Delivered,2024,5,May,Q2,2024-05,2024Q2
O002126,C01601,2025-06-30,Net Banking,Delivered,2025,6,June,Q2,2025-06,2025Q2
O002127,C01451,2024-04-14,Cash on Delivery,Cancelled,2024,4,April,Q2,2024-04,2024Q2
O002128,C00486,2024-06-02,Credit Card,Delivered,2024,6,June,Q2,2024-06,2024Q2
O002129,C01154,2025-01-12,Credit Card,Delivered,2025,1,January,Q1,2025-01,2025Q1
O002130,C00642,2024-05-21,Cash on Delivery,Delivered,2024,5,May,Q2,2024-05,2024Q2
O002131,C00787,2025-01-25,Credit Card,Cancelled,2025,1,January,Q1,2025-01,2025Q1
O002132,C00659,2024-03-26,UPI,Cancelled,2024,3,March,Q1,2024-03,2024Q1
O002133,C01006,2024-12-16,Net Banking,Cancelled,2024,12,December,Q4,2024-12,2024Q4
O002134,C01845,2025-03-16,Cash on Delivery,Delivered,2025,3,March,Q1,2025-03,2025Q1
O002135,C00138,2025-09-24,Credit Card,Delivered,2025,9,September,Q3,2025-09,2025Q3
O002136,C01621,2024-06-14,Debit Card,Delivered,2024,6,June,Q2,2024-06,2024Q2
O002137,C00746,2024-05-24,Net Banking,Delivered,2024,5,May,Q2,2024-05,2024Q2
O002138,C00971,2024-06-05,Credit Card,Delivered,2024,6,June,Q2,2024-06,2024Q2
O002139,C00671,2024-02-15,Debit Card,Cancelled,2024,2,February,Q1,2024-02,2024Q1
O002140,C00989,2025-08-05,Cash on Delivery,Delivered,2025,8,August,Q3,2025-08,2025Q3
O002141,C01605,2024-05-21,UPI,Delivered,2024,5,May,Q2,2024-05,2024Q2
O002142,C00993,2025-09-20,Debit Card,Cancelled,2025,9,September,Q3,2025-09,2025Q3
O002143,C01809,2025-08-12,Cash on Delivery,Delivered,2025,8,August,Q3,2025-08,2025Q3
O002144,C01688,2024-05-29,Credit Card,Cancelled,2024,5,May,Q2,2024-05,2024Q2
O002145,C01240,2024-07-20,UPI,Delivered,2024,7,July,Q3,2024-07,2024Q3
O002146,C01503,2025-12-01,UPI,Delivered,2025,12,December,Q4,2025-12,2025Q4
O002147,C01073,2025-11-08,Cash on Delivery,Delivered,2025,11,November,Q4,2025-11,2025Q4
O002148,C00509,2024-11-13,Debit Card,Delivered,2024,11,November,Q4,2024-11,2024Q4
O002149,C01435,2024-12-08,Net Banking,Delivered,2024,12,December,Q4,2024-12,2024Q4
O002150,C00611,2025-05-01,Debit Card,Delivered,2025,5,May,Q2,2025-05,2025Q2
O002151,C00296,2025-12-10,UPI,Delivered,2025,12,December,Q4,2025-12,2025Q4
O002152,C01335,2025-04-30,Net Banking,Delivered,2025,4,April,Q2,2025-04,2025Q2
O002153,C00755,2024-03-25,Net Banking,Delivered,2024,3,March,Q1,2024-03,2024Q1
O002154,C00915,2025-11-05,Debit Card,Cancelled,2025,11,November,Q4,2025-11,2025Q4
O002155,C00322,2025-05-09,Debit Card,Delivered,2025,5,May,Q2,2025-05,2025Q2
O002156,C00221,2024-05-09,Net Banking,Delivered,2024,5,May,Q2,2024-05,2024Q2
O002157,C00566,2024-03-02,Credit Card,Cancelled,2024,3,March,Q1,2024-03,2024Q1
O002158,C00929,2024-08-15,Debit Card,Delivered,2024,8,August,Q3,2024-08,2024Q3
O002159,C01202,2024-03-07,Credit Card,Delivered,2024,3,March,Q1,2024-03,2024Q1
O002160,C01959,2024-10-20,UPI,Delivered,2024,10,October,Q4,2024-10,2024Q4
O002161,C01778,2024-04-06,UPI,Delivered,2024,4,April,Q2,2024-04,2024Q2
O002162,C00756,2024-08-02,UPI,Delivered,2024,8,August,Q3,2024-08,2024Q3
O002163,C01127,2024-02-19,UPI,Delivered,2024,2,February,Q1,2024-02,2024Q1
O002164,C01324,2024-09-22,Credit Card,Delivered,2024,9,September,Q3,2024-09,2024Q3
O002165,C00669,2024-01-24,Net Banking,Delivered,2024,1,January,Q1,2024-01,2024Q1
O002166,C01319,2025-03-30,Credit Card,Cancelled,2025,3,March,Q1,2025-03,2025Q1
O002167,C01550,2024-07-01,Cash on Delivery,Delivered,2024,7,July,Q3,2024-07,2024Q3
O002168,C01809,2025-01-06,Cash on Delivery,Delivered,2025,1,January,Q1,2025-01,2025Q1
O002169,C01481,2025-01-11,Credit Card,Delivered,2025,1,January,Q1,2025-01,2025Q1
O002170,C00131,2025-06-06,UPI,Delivered,2025,6,June,Q2,2025-06,2025Q2
O002171,C00311,2025-08-13,UPI,Cancelled,2025,8,August,Q3,2025-08,2025Q3
O002172,C00335,2024-03-19,Credit Card,Delivered,2024,3,March,Q1,2024-03,2024Q1
O002173,C01546,2024-01-08,Debit Card,Delivered,2024,1,January,Q1,2024-01,2024Q1
O002174,C00693,2024-02-17,UPI,Delivered,2024,2,February,Q1,2024-02,2024Q1
O002175,C00704,2024-07-25,UPI,Delivered,2024,7,July,Q3,2024-07,2024Q3
O002176,C00821,2025-08-06,Cash on Delivery,Delivered,2025,8,August,Q3,2025-08,2025Q3
O002177,C01075,2024-01-06,Credit Card,Delivered,2024,1,January,Q1,2024-01,2024Q1
O002178,C01423,2025-05-31,Credit Card,Cancelled,2025,5,May,Q2,2025-05,2025Q2
O002179,C01686,2025-03-28,UPI,Delivered,2025,3,March,Q1,2025-03,2025Q1
O002180,C00919,2025-09-04,UPI,Delivered,2025,9,September,Q3,2025-09,2025Q3
O002181,C00466,2024-02-02,Credit Card,Delivered,2024,2,February,Q1,2024-02,2024Q1
O002182,C01321,2024-03-16,Debit Card,Delivered,2024,3,March,Q1,2024-03,2024Q1
O002183,C00108,2024-06-12,Credit Card,Delivered,2024,6,June,Q2,2024-06,2024Q2
O002184,C00087,2025-02-09,UPI,Delivered,2025,2,February,Q1,2025-02,2025Q1
O002185,C01554,2025-09-06,Credit Card,Delivered,2025,9,September,Q3,2025-09,2025Q3
O002186,C01955,2024-01-06,Cash on Delivery,Cancelled,2024,1,January,Q1,2024-01,2024Q1
O002187,C00655,2024-10-18,Debit Card,Delivered,2024,10,October,Q4,2024-10,2024Q4
O002188,C01549,2025-04-13,Net Banking,Delivered,2025,4,April,Q2,2025-04,2025Q2
O002189,C01045,2025-02-07,Debit Card,Delivered,2025,2,February,Q1,2025-02,2025Q1
O002190,C00049,2025-08-14,Net Banking,Cancelled,2025,8,August,Q3,2025-08,2025Q3
O002191,C00140,2024-07-25,UPI,Cancelled,2024,7,July,Q3,2024-07,2024Q3
O002192,C00074,2025-12-25,Credit Card,Delivered,2025,12,December,Q4,2025-12,2025Q4
O002193,C01194,2025-01-12,Credit Card,Delivered,2025,1,January,Q1,2025-01,2025Q1
O002194,C01438,2025-01-02,UPI,Delivered,2025,1,January,Q1,2025-01,2025Q1
O002195,C01043,2025-08-10,Cash on Delivery,Delivered,2025,8,August,Q3,2025-08,2025Q3
O002196,C00814,2024-09-18,Credit Card,Cancelled,2024,9,September,Q3,2024-09,2024Q3
O002197,C00016,2025-04-14,Net Banking,Cancelled,2025,4,April,Q2,2025-04,2025Q2
O002198,C00577,2024-11-29,Debit Card,Cancelled,2024,11,November,Q4,2024-11,2024Q4
O002199,C00767,2024-09-18,Debit Card,Delivered,2024,9,September,Q3,2024-09,2024Q3
O002200,C01710,2024-10-14,Credit Card,Cancelled,2024,10,October,Q4,2024-10,2024Q4
O002201,C00525,2025-06-13,UPI,Delivered,2025,6,June,Q2,2025-06,2025Q2
O002202,C01839,2025-11-22,Debit Card,Delivered,2025,11,November,Q4,2025-11,2025Q4
O002203,C00245,2024-09-23,Debit Card,Delivered,2024,9,September,Q3,2024-09,2024Q3
O002204,C00060,2024-09-01,Credit Card,Cancelled,2024,9,September,Q3,2024-09,2024Q3
O002205,C01577,2025-09-26,Net Banking,Delivered,2025,9,September,Q3,2025-09,2025Q3
O002206,C00379,2024-07-05,UPI,Delivered,2024,7,July,Q3,2024-07,2024Q3
O002207,C00794,2024-10-07,UPI,Delivered,2024,10,October,Q4,2024-10,2024Q4
O002208,C00410,2025-05-31,Cash on Delivery,Delivered,2025,5,May,Q2,2025-05,2025Q2
O002209,C01706,2024-11-05,Credit Card,Cancelled,2024,11,November,Q4,2024-11,2024Q4
O002210,C01675,2024-10-20,Credit Card,Delivered,2024,10,October,Q4,2024-10,2024Q4
O002211,C00112,2025-04-19,Credit Card,Cancelled,2025,4,April,Q2,2025-04,2025Q2
O002212,C01824,2024-02-14,Debit Card,Delivered,2024,2,February,Q1,2024-02,2024Q1
O002213,C01047,2024-10-03,UPI,Delivered,2024,10,October,Q4,2024-10,2024Q4
O002214,C00026,2025-11-09,Credit Card,Delivered,2025,11,November,Q4,2025-11,2025Q4
O002215,C01763,2024-09-13,Debit Card,Delivered,2024,9,September,Q3,2024-09,2024Q3
O002216,C01024,2025-09-18,Net Banking,Delivered,2025,9,September,Q3,2025-09,2025Q3
O002217,C00938,2024-03-18,Net Banking,Cancelled,2024,3,March,Q1,2024-03,2024Q1
O002218,C01544,2024-01-03,UPI,Delivered,2024,1,January,Q1,2024-01,2024Q1
O002219,C00984,2024-12-20,Credit Card,Delivered,2024,12,December,Q4,2024-12,2024Q4
O002220,C01629,2025-11-07,Credit Card,Delivered,2025,11,November,Q4,2025-11,2025Q4
O002221,C01263,2025-06-26,UPI,Delivered,2025,6,June,Q2,2025-06,2025Q2
O002222,C01747,2024-11-08,UPI,Delivered,2024,11,November,Q4,2024-11,2024Q4
O002223,C01756,2025-07-17,UPI,Delivered,2025,7,July,Q3,2025-07,2025Q3
O002224,C01905,2025-10-10,UPI,Delivered,2025,10,October,Q4,2025-10,2025Q4
O002225,C00782,2025-11-20,Cash on Delivery,Delivered,2025,11,November,Q4,2025-11,2025Q4
O002226,C00200,2025-12-19,UPI,Delivered,2025,12,December,Q4,2025-12,2025Q4
O002227,C01323,2024-04-17,Credit Card,Delivered,2024,4,April,Q2,2024-04,2024Q2
O002228,C01520,2024-01-20,Cash on Delivery,Delivered,2024,1,January,Q1,2024-01,2024Q1
O002229,C00574,2025-04-12,Net Banking,Delivered,2025,4,April,Q2,2025-04,2025Q2
O002230,C00610,2024-04-05,UPI,Delivered,2024,4,April,Q2,2024-04,2024Q2
O002231,C00619,2025-11-05,Credit Card,Delivered,2025,11,November,Q4,2025-11,2025Q4
O002232,C00936,2025-02-16,Credit Card,Delivered,2025,2,February,Q1,2025-02,2025Q1
O002233,C01883,2024-08-05,Net Banking,Delivered,2024,8,August,Q3,2024-08,2024Q3
O002234,C01803,2025-06-27,Net Banking,Delivered,2025,6,June,Q2,2025-06,2025Q2
O002235,C00358,2025-08-06,UPI,Delivered,2025,8,August,Q3,2025-08,2025Q3
O002236,C00177,2025-09-25,Credit Card,Delivered,2025,9,September,Q3,2025-09,2025Q3
O002237,C01782,2024-07-12,Cash on Delivery,Cancelled,2024,7,July,Q3,2024-07,2024Q3
O002238,C00560,2024-10-13,Credit Card,Cancelled,2024,10,October,Q4,2024-10,2024Q4
O002239,C00983,2024-12-17,UPI,Delivered,2024,12,December,Q4,2024-12,2024Q4
O002240,C00442,2025-04-25,UPI,Delivered,2025,4,April,Q2,2025-04,2025Q2
O002241,C01389,2025-06-16,Net Banking,Delivered,2025,6,June,Q2,2025-06,2025Q2
O002242,C00077,2025-05-26,Debit Card,Delivered,2025,5,May,Q2,2025-05,2025Q2
O002243,C00845,2025-11-06,Credit Card,Delivered,2025,11,November,Q4,2025-11,2025Q4
O002244,C01182,2025-01-04,Cash on Delivery,Delivered,2025,1,January,Q1,2025-01,2025Q1
O002245,C01965,2025-02-03,Cash on Delivery,Delivered,2025,2,February,Q1,2025-02,2025Q1
O002246,C01454,2024-11-16,Credit Card,Delivered,2024,11,November,Q4,2024-11,2024Q4
O002247,C00416,2025-05-27,Debit Card,Delivered,2025,5,May,Q2,2025-05,2025Q2
O002248,C01375,2024-05-25,Debit Card,Delivered,2024,5,May,Q2,2024-05,2024Q2
O002249,C00481,2024-01-03,Net Banking,Delivered,2024,1,January,Q1,2024-01,2024Q1
O002250,C01332,2025-05-10,UPI,Cancelled,2025,5,May,Q2,2025-05,2025Q2
O002251,C01711,2025-09-23,Net Banking,Cancelled,2025,9,September,Q3,2025-09,2025Q3
O002252,C01950,2024-09-07,Net Banking,Delivered,2024,9,September,Q3,2024-09,2024Q3
O002253,C01466,2024-01-13,UPI,Delivered,2024,1,January,Q1,2024-01,2024Q1
O002254,C00746,2025-05-07,UPI,Delivered,2025,5,May,Q2,2025-05,2025Q2
O002255,C00935,2024-10-06,Cash on Delivery,Cancelled,2024,10,October,Q4,2024-10,2024Q4
O002256,C00336,2025-11-09,Debit Card,Delivered,2025,11,November,Q4,2025-11,2025Q4
O002257,C01488,2024-02-05,Debit Card,Delivered,2024,2,February,Q1,2024-02,2024Q1
O002258,C00657,2025-09-19,Debit Card,Delivered,2025,9,September,Q3,2025-09,2025Q3
O002259,C00357,2025-07-25,Cash on Delivery,Delivered,2025,7,July,Q3,2025-07,2025Q3
O002260,C00763,2024-09-09,Net Banking,Delivered,2024,9,September,Q3,2024-09,2024Q3
O002261,C01572,2025-06-10,UPI,Delivered,2025,6,June,Q2,2025-06,2025Q2
O002262,C01384,2024-12-11,Cash on Delivery,Delivered,2024,12,December,Q4,2024-12,2024Q4
O002263,C00738,2024-06-30,Cash on Delivery,Delivered,2024,6,June,Q2,2024-06,2024Q2
O002264,C01234,2025-04-16,UPI,Delivered,2025,4,April,Q2,2025-04,2025Q2
O002265,C00682,2025-01-11,Debit Card,Delivered,2025,1,January,Q1,2025-01,2025Q1
O002266,C00924,2024-11-06,Cash on Delivery,Delivered,2024,11,November,Q4,2024-11,2024Q4
O002267,C01823,2025-07-28,UPI,Cancelled,2025,7,July,Q3,2025-07,2025Q3
O002268,C01881,2025-04-20,Cash on Delivery,Delivered,2025,4,April,Q2,2025-04,2025Q2
O002269,C01227,2025-09-08,Debit Card,Cancelled,2025,9,September,Q3,2025-09,2025Q3
O002270,C01296,2024-03-04,Credit Card,Cancelled,2024,3,March,Q1,2024-03,2024Q1
O002271,C00286,2024-09-27,Credit Card,Delivered,2024,9,September,Q3,2024-09,2024Q3
O002272,C00168,2024-11-28,Net Banking,Delivered,2024,11,November,Q4,2024-11,2024Q4
O002273,C01027,2025-12-30,Cash on Delivery,Delivered,2025,12,December,Q4,2025-12,2025Q4
O002274,C01065,2025-12-24,UPI,Cancelled,2025,12,December,Q4,2025-12,2025Q4
O002275,C00009,2025-12-24,Credit Card,Cancelled,2025,12,December,Q4,2025-12,2025Q4
O002276,C01362,2025-01-04,Credit Card,Delivered,2025,1,January,Q1,2025-01,2025Q1
O002277,C01401,2025-05-26,Cash on Delivery,Delivered,2025,5,May,Q2,2025-05,2025Q2
O002278,C01002,2025-10-27,UPI,Delivered,2025,10,October,Q4,2025-10,2025Q4
O002279,C01499,2025-06-27,Debit Card,Cancelled,2025,6,June,Q2,2025-06,2025Q2
O002280,C01919,2025-12-04,Credit Card,Delivered,2025,12,December,Q4,2025-12,2025Q4
O002281,C00449,2024-03-19,Cash on Delivery,Delivered,2024,3,March,Q1,2024-03,2024Q1
O002282,C01536,2025-07-24,Credit Card,Delivered,2025,7,July,Q3,2025-07,2025Q3
O002283,C00463,2024-10-25,Net Banking,Delivered,2024,10,October,Q4,2024-10,2024Q4
O002284,C01709,2024-08-16,Credit Card,Delivered,2024,8,August,Q3,2024-08,2024Q3
O002285,C01830,2025-04-16,Cash on Delivery,Cancelled,2025,4,April,Q2,2025-04,2025Q2
O002286,C01639,2024-05-31,UPI,Delivered,2024,5,May,Q2,2024-05,2024Q2
O002287,C01876,2025-07-06,UPI,Delivered,2025,7,July,Q3,2025-07,2025Q3
O002288,C00496,2024-04-21,Cash on Delivery,Delivered,2024,4,April,Q2,2024-04,2024Q2
O002289,C01691,2025-11-06,Credit Card,Delivered,2025,11,November,Q4,2025-11,2025Q4
O002290,C01949,2025-02-07,Credit Card,Delivered,2025,2,February,Q1,2025-02,2025Q1
O002291,C00034,2025-11-11,UPI,Delivered,2025,11,November,Q4,2025-11,2025Q4
O002292,C00425,2025-03-20,UPI,Delivered,2025,3,March,Q1,2025-03,2025Q1
O002293,C00138,2025-09-01,UPI,Delivered,2025,9,September,Q3,2025-09,2025Q3
O002294,C00865,2025-10-27,Debit Card,Delivered,2025,10,October,Q4,2025-10,2025Q4
O002295,C00022,2025-07-10,Cash on Delivery,Delivered,2025,7,July,Q3,2025-07,2025Q3
O002296,C00703,2025-01-26,Net Banking,Delivered,2025,1,January,Q1,2025-01,2025Q1
O002297,C00427,2024-01-25,Debit Card,Delivered,2024,1,January,Q1,2024-01,2024Q1
O002298,C01269,2024-04-09,Debit Card,Delivered,2024,4,April,Q2,2024-04,2024Q2
O002299,C01301,2025-01-21,Net Banking,Delivered,2025,1,January,Q1,2025-01,2025Q1
O002300,C01391,2025-09-10,Credit Card,Delivered,2025,9,September,Q3,2025-09,2025Q3
O002301,C01024,2024-03-08,Debit Card,Delivered,2024,3,March,Q1,2024-03,2024Q1
O002302,C00064,2024-08-22,Debit Card,Delivered,2024,8,August,Q3,2024-08,2024Q3
O002303,C01764,2025-10-08,Cash on Delivery,Cancelled,2025,10,October,Q4,2025-10,2025Q4
O002304,C01577,2025-06-06,UPI,Delivered,2025,6,June,Q2,2025-06,2025Q2
O002305,C01411,2025-03-02,Cash on Delivery,Cancelled,2025,3,March,Q1,2025-03,2025Q1
O002306,C01804,2025-11-10,Debit Card,Delivered,2025,11,November,Q4,2025-11,2025Q4
O002307,C00056,2024-12-28,Credit Card,Delivered,2024,12,December,Q4,2024-12,2024Q4
O002308,C01555,2024-05-10,Cash on Delivery,Delivered,2024,5,May,Q2,2024-05,2024Q2
O002309,C00517,2025-11-27,Credit Card,Delivered,2025,11,November,Q4,2025-11,2025Q4
O002310,C00503,2024-12-12,UPI,Delivered,2024,12,December,Q4,2024-12,2024Q4
O002311,C00778,2024-03-30,Cash on Delivery,Delivered,2024,3,March,Q1,2024-03,2024Q1
O002312,C01237,2025-01-09,Net Banking,Delivered,2025,1,January,Q1,2025-01,2025Q1
O002313,C00662,2025-05-29,Debit Card,Cancelled,2025,5,May,Q2,2025-05,2025Q2
O002314,C01592,2025-02-23,Cash on Delivery,Delivered,2025,2,February,Q1,2025-02,2025Q1
O002315,C00444,2024-07-06,Net Banking,Delivered,2024,7,July,Q3,2024-07,2024Q3
O002316,C00022,2024-07-08,Credit Card,Cancelled,2024,7,July,Q3,2024-07,2024Q3
O002317,C01767,2024-06-13,Net Banking,Delivered,2024,6,June,Q2,2024-06,2024Q2
O002318,C01916,2024-05-12,Credit Card,Delivered,2024,5,May,Q2,2024-05,2024Q2
O002319,C01029,2025-08-08,UPI,Delivered,2025,8,August,Q3,2025-08,2025Q3
O002320,C01428,2025-05-27,Cash on Delivery,Delivered,2025,5,May,Q2,2025-05,2025Q2
O002321,C01642,2025-06-27,Cash on Delivery,Delivered,2025,6,June,Q2,2025-06,2025Q2
O002322,C00519,2024-03-10,Cash on Delivery,Delivered,2024,3,March,Q1,2024-03,2024Q1
O002323,C01430,2024-03-22,Credit Card,Delivered,2024,3,March,Q1,2024-03,2024Q1
O002324,C01848,2024-12-03,Net Banking,Delivered,2024,12,December,Q4,2024-12,2024Q4
O002325,C01749,2025-07-09,Credit Card,Delivered,2025,7,July,Q3,2025-07,2025Q3
O002326,C00595,2024-01-23,Net Banking,Delivered,2024,1,January,Q1,2024-01,2024Q1
O002327,C00225,2024-05-04,Credit Card,Delivered,2024,5,May,Q2,2024-05,2024Q2
O002328,C00408,2025-12-22,Credit Card,Delivered,2025,12,December,Q4,2025-12,2025Q4
O002329,C00012,2025-12-22,Credit Card,Delivered,2025,12,December,Q4,2025-12,2025Q4
O002330,C01583,2024-09-10,Credit Card,Delivered,2024,9,September,Q3,2024-09,2024Q3
O002331,C00375,2025-12-02,Credit Card,Cancelled,2025,12,December,Q4,2025-12,2025Q4
O002332,C01732,2024-10-24,Debit Card,Delivered,2024,10,October,Q4,2024-10,2024Q4
O002333,C01656,2025-08-18,Debit Card,Delivered,2025,8,August,Q3,2025-08,2025Q3
O002334,C00208,2024-08-05,Credit Card,Delivered,2024,8,August,Q3,2024-08,2024Q3
O002335,C00271,2024-06-20,Debit Card,Cancelled,2024,6,June,Q2,2024-06,2024Q2
O002336,C01153,2025-07-12,UPI,Delivered,2025,7,July,Q3,2025-07,2025Q3
O002337,C00751,2024-07-19,Debit Card,Delivered,2024,7,July,Q3,2024-07,2024Q3
O002338,C00043,2025-06-01,Cash on Delivery,Delivered,2025,6,June,Q2,2025-06,2025Q2
O002339,C01301,2025-01-04,Debit Card,Delivered,2025,1,January,Q1,2025-01,2025Q1
O002340,C00971,2025-11-28,UPI,Delivered,2025,11,November,Q4,2025-11,2025Q4
O002341,C01142,2025-06-04,Net Banking,Delivered,2025,6,June,Q2,2025-06,2025Q2
O002342,C00134,2024-04-05,UPI,Delivered,2024,4,April,Q2,2024-04,2024Q2
O002343,C00973,2025-05-31,Credit Card,Delivered,2025,5,May,Q2,2025-05,2025Q2
O002344,C01857,2024-04-15,Credit Card,Delivered,2024,4,April,Q2,2024-04,2024Q2
O002345,C00050,2025-12-17,Credit Card,Delivered,2025,12,December,Q4,2025-12,2025Q4
O002346,C01169,2025-02-19,Credit Card,Delivered,2025,2,February,Q1,2025-02,2025Q1
O002347,C00914,2025-05-07,Cash on Delivery,Delivered,2025,5,May,Q2,2025-05,2025Q2
O002348,C01142,2025-07-17,Debit Card,Delivered,2025,7,July,Q3,2025-07,2025Q3
O002349,C00137,2025-01-17,Credit Card,Cancelled,2025,1,January,Q1,2025-01,2025Q1
O002350,C00847,2024-03-11,UPI,Delivered,2024,3,March,Q1,2024-03,2024Q1
O002351,C00476,2025-09-09,Credit Card,Delivered,2025,9,September,Q3,2025-09,2025Q3
O002352,C00616,2025-06-21,Credit Card,Delivered,2025,6,June,Q2,2025-06,2025Q2
O002353,C00023,2024-09-15,Debit Card,Delivered,2024,9,September,Q3,2024-09,2024Q3
O002354,C01045,2025-11-08,UPI,Delivered,2025,11,November,Q4,2025-11,2025Q4
O002355,C01075,2024-06-22,Debit Card,Cancelled,2024,6,June,Q2,2024-06,2024Q2
O002356,C01087,2025-12-24,UPI,Delivered,2025,12,December,Q4,2025-12,2025Q4
O002357,C00655,2025-03-23,Credit Card,Delivered,2025,3,March,Q1,2025-03,2025Q1
O002358,C01641,2025-08-18,Credit Card,Delivered,2025,8,August,Q3,2025-08,2025Q3
O002359,C00980,2025-12-18,Net Banking,Delivered,2025,12,December,Q4,2025-12,2025Q4
O002360,C00203,2025-04-11,Credit Card,Delivered,2025,4,April,Q2,2025-04,2025Q2
O002361,C01133,2024-02-20,Net Banking,Cancelled,2024,2,February,Q1,2024-02,2024Q1
O002362,C01759,2025-05-15,UPI,Delivered,2025,5,May,Q2,2025-05,2025Q2
O002363,C01367,2024-09-23,UPI,Cancelled,2024,9,September,Q3,2024-09,2024Q3
O002364,C00298,2024-10-19,Cash on Delivery,Delivered,2024,10,October,Q4,2024-10,2024Q4
O002365,C00979,2025-12-07,Cash on Delivery,Delivered,2025,12,December,Q4,2025-12,2025Q4
O002366,C01160,2025-07-11,UPI,Delivered,2025,7,July,Q3,2025-07,2025Q3
O002367,C01720,2025-07-31,Debit Card,Delivered,2025,7,July,Q3,2025-07,2025Q3
O002368,C01696,2025-07-25,UPI,Delivered,2025,7,July,Q3,2025-07,2025Q3
O002369,C01541,2025-07-17,Net Banking,Delivered,2025,7,July,Q3,2025-07,2025Q3
O002370,C01784,2024-10-23,Credit Card,Delivered,2024,10,October,Q4,2024-10,2024Q4
O002371,C00057,2025-05-22,UPI,Delivered,2025,5,May,Q2,2025-05,2025Q2
O002372,C00801,2025-05-13,Net Banking,Cancelled,2025,5,May,Q2,2025-05,2025Q2
O002373,C01713,2025-09-01,Credit Card,Delivered,2025,9,September,Q3,2025-09,2025Q3
O002374,C00982,2025-03-12,Debit Card,Cancelled,2025,3,March,Q1,2025-03,2025Q1
O002375,C01821,2025-10-26,Net Banking,Delivered,2025,10,October,Q4,2025-10,2025Q4
O002376,C00495,2024-12-05,Debit Card,Delivered,2024,12,December,Q4,2024-12,2024Q4
O002377,C01019,2025-09-19,Debit Card,Delivered,2025,9,September,Q3,2025-09,2025Q3
O002378,C01229,2024-06-30,UPI,Delivered,2024,6,June,Q2,2024-06,2024Q2
O002379,C00136,2024-06-22,Cash on Delivery,Delivered,2024,6,June,Q2,2024-06,2024Q2
O002380,C01443,2024-07-20,Net Banking,Delivered,2024,7,July,Q3,2024-07,2024Q3
O002381,C01583,2024-03-30,Net Banking,Delivered,2024,3,March,Q1,2024-03,2024Q1
O002382,C00569,2024-08-14,Net Banking,Delivered,2024,8,August,Q3,2024-08,2024Q3
O002383,C00952,2024-03-09,Debit Card,Delivered,2024,3,March,Q1,2024-03,2024Q1
O002384,C01713,2024-03-27,Cash on Delivery,Cancelled,2024,3,March,Q1,2024-03,2024Q1
O002385,C00670,2024-03-10,Cash on Delivery,Delivered,2024,3,March,Q1,2024-03,2024Q1
O002386,C01048,2024-09-21,Debit Card,Cancelled,2024,9,September,Q3,2024-09,2024Q3
O002387,C01424,2025-07-29,Debit Card,Cancelled,2025,7,July,Q3,2025-07,2025Q3
O002388,C01228,2025-04-04,Cash on Delivery,Delivered,2025,4,April,Q2,2025-04,2025Q2
O002389,C00962,2025-12-28,Credit Card,Delivered,2025,12,December,Q4,2025-12,2025Q4
O002390,C01998,2024-05-26,Debit Card,Cancelled,2024,5,May,Q2,2024-05,2024Q2
O002391,C01059,2025-08-01,Cash on Delivery,Delivered,2025,8,August,Q3,2025-08,2025Q3
O002392,C00516,2024-03-31,Debit Card,Delivered,2024,3,March,Q1,2024-03,2024Q1
O002393,C01792,2025-03-20,UPI,Cancelled,2025,3,March,Q1,2025-03,2025Q1
O002394,C00467,2024-10-12,Credit Card,Delivered,2024,10,October,Q4,2024-10,2024Q4
O002395,C01858,2024-04-08,Credit Card,Cancelled,2024,4,April,Q2,2024-04,2024Q2
O002396,C00392,2025-10-24,UPI,Delivered,2025,10,October,Q4,2025-10,2025Q4
O002397,C00393,2024-08-31,Cash on Delivery,Cancelled,2024,8,August,Q3,2024-08,2024Q3
O002398,C01385,2024-10-22,Credit Card,Delivered,2024,10,October,Q4,2024-10,2024Q4
O002399,C01225,2025-03-24,Net Banking,Delivered,2025,3,March,Q1,2025-03,2025Q1
O002400,C01574,2025-07-26,Cash on Delivery,Delivered,2025,7,July,Q3,2025-07,2025Q3
O002401,C01643,2024-01-02,Debit Card,Delivered,2024,1,January,Q1,2024-01,2024Q1
O002402,C01408,2024-08-29,Net Banking,Cancelled,2024,8,August,Q3,2024-08,2024Q3
O002403,C01133,2024-02-18,UPI,Delivered,2024,2,February,Q1,2024-02,2024Q1
O002404,C01192,2025-04-03,Cash on Delivery,Delivered,2025,4,April,Q2,2025-04,2025Q2
O002405,C00241,2025-02-20,Debit Card,Delivered,2025,2,February,Q1,2025-02,2025Q1
O002406,C01308,2024-05-27,UPI,Cancelled,2024,5,May,Q2,2024-05,2024Q2
O002407,C01618,2025-10-19,Net Banking,Delivered,2025,10,October,Q4,2025-10,2025Q4
O002408,C00375,2024-10-28,Net Banking,Delivered,2024,10,October,Q4,2024-10,2024Q4
O002409,C00768,2024-11-25,Credit Card,Delivered,2024,11,November,Q4,2024-11,2024Q4
O002410,C01469,2024-09-05,Credit Card,Cancelled,2024,9,September,Q3,2024-09,2024Q3
O002411,C00941,2025-08-22,Debit Card,Delivered,2025,8,August,Q3,2025-08,2025Q3
O002412,C00522,2024-10-10,Net Banking,Delivered,2024,10,October,Q4,2024-10,2024Q4
O002413,C00255,2025-09-11,Net Banking,Cancelled,2025,9,September,Q3,2025-09,2025Q3
O002414,C00806,2025-06-11,UPI,Delivered,2025,6,June,Q2,2025-06,2025Q2
O002415,C01663,2025-12-26,Net Banking,Delivered,2025,12,December,Q4,2025-12,2025Q4
O002416,C00932,2025-09-10,Net Banking,Cancelled,2025,9,September,Q3,2025-09,2025Q3
O002417,C01196,2024-04-08,Debit Card,Cancelled,2024,4,April,Q2,2024-04,2024Q2
O002418,C01163,2025-02-07,Credit Card,Delivered,2025,2,February,Q1,2025-02,2025Q1
O002419,C00105,2025-05-30,Net Banking,Delivered,2025,5,May,Q2,2025-05,2025Q2
O002420,C01220,2025-04-12,UPI,Delivered,2025,4,April,Q2,2025-04,2025Q2
O002421,C00793,2025-04-03,UPI,Delivered,2025,4,April,Q2,2025-04,2025Q2
O002422,C00371,2024-06-21,UPI,Delivered,2024,6,June,Q2,2024-06,2024Q2
O002423,C01557,2024-03-23,UPI,Delivered,2024,3,March,Q1,2024-03,2024Q1
O002424,C01736,2024-11-03,UPI,Delivered,2024,11,November,Q4,2024-11,2024Q4
O002425,C01124,2024-01-08,Cash on Delivery,Delivered,2024,1,January,Q1,2024-01,2024Q1
O002426,C00261,2025-02-22,Cash on Delivery,Delivered,2025,2,February,Q1,2025-02,2025Q1
O002427,C00420,2025-10-24,UPI,Cancelled,2025,10,October,Q4,2025-10,2025Q4
O002428,C00123,2024-12-23,UPI,Delivered,2024,12,December,Q4,2024-12,2024Q4
O002429,C01279,2024-09-02,Debit Card,Delivered,2024,9,September,Q3,2024-09,2024Q3
O002430,C00881,2024-04-22,Credit Card,Delivered,2024,4,April,Q2,2024-04,2024Q2
O002431,C01267,2025-09-25,Cash on Delivery,Cancelled,2025,9,September,Q3,2025-09,2025Q3
O002432,C01540,2024-08-18,Debit Card,Cancelled,2024,8,August,Q3,2024-08,2024Q3
O002433,C00725,2025-10-12,Credit Card,Delivered,2025,10,October,Q4,2025-10,2025Q4
O002434,C00048,2024-06-19,Debit Card,Delivered,2024,6,June,Q2,2024-06,2024Q2
O002435,C01562,2025-01-23,Credit Card,Delivered,2025,1,January,Q1,2025-01,2025Q1
O002436,C01651,2025-06-12,Cash on Delivery,Delivered,2025,6,June,Q2,2025-06,2025Q2
O002437,C00417,2024-12-20,Credit Card,Delivered,2024,12,December,Q4,2024-12,2024Q4
O002438,C01955,2024-04-24,UPI,Cancelled,2024,4,April,Q2,2024-04,2024Q2
O002439,C01517,2025-04-12,Cash on Delivery,Delivered,2025,4,April,Q2,2025-04,2025Q2
O002440,C01658,2024-08-08,Net Banking,Delivered,2024,8,August,Q3,2024-08,2024Q3
O002441,C00196,2024-04-23,UPI,Delivered,2024,4,April,Q2,2024-04,2024Q2
O002442,C00453,2025-08-03,Credit Card,Cancelled,2025,8,August,Q3,2025-08,2025Q3
O002443,C00340,2025-05-31,Credit Card,Delivered,2025,5,May,Q2,2025-05,2025Q2
O002444,C00573,2025-10-21,UPI,Delivered,2025,10,October,Q4,2025-10,2025Q4
O002445,C01375,2025-09-14,Debit Card,Delivered,2025,9,September,Q3,2025-09,2025Q3
O002446,C01188,2025-10-04,Net Banking,Delivered,2025,10,October,Q4,2025-10,2025Q4
O002447,C00914,2025-06-30,Credit Card,Delivered,2025,6,June,Q2,2025-06,2025Q2
O002448,C00206,2024-01-27,UPI,Delivered,2024,1,January,Q1,2024-01,2024Q1
O002449,C01460,2025-04-10,Net Banking,Delivered,2025,4,April,Q2,2025-04,2025Q2
O002450,C00308,2024-09-05,Net Banking,Cancelled,2024,9,September,Q3,2024-09,2024Q3
O002451,C01538,2024-08-27,Credit Card,Cancelled,2024,8,August,Q3,2024-08,2024Q3
O002452,C01567,2025-01-25,Debit Card,Delivered,2025,1,January,Q1,2025-01,2025Q1
O002453,C01806,2025-06-18,Debit Card,Delivered,2025,6,June,Q2,2025-06,2025Q2
O002454,C01618,2024-04-05,Cash on Delivery,Delivered,2024,4,April,Q2,2024-04,2024Q2
O002455,C00660,2024-07-31,UPI,Cancelled,2024,7,July,Q3,2024-07,2024Q3
O002456,C01261,2025-10-20,Net Banking,Delivered,2025,10,October,Q4,2025-10,2025Q4
O002457,C01243,2025-07-02,Credit Card,Delivered,2025,7,July,Q3,2025-07,2025Q3
O002458,C00296,2025-03-21,Cash on Delivery,Cancelled,2025,3,March,Q1,2025-03,2025Q1
O002459,C01715,2025-01-06,Net Banking,Delivered,2025,1,January,Q1,2025-01,2025Q1
O002460,C01614,2025-05-05,Net Banking,Delivered,2025,5,May,Q2,2025-05,2025Q2
O002461,C00447,2025-10-05,Credit Card,Delivered,2025,10,October,Q4,2025-10,2025Q4
O002462,C00562,2024-06-16,UPI,Delivered,2024,6,June,Q2,2024-06,2024Q2
O002463,C01841,2025-01-19,Credit Card,Delivered,2025,1,January,Q1,2025-01,2025Q1
O002464,C01230,2024-08-14,Net Banking,Delivered,2024,8,August,Q3,2024-08,2024Q3
O002465,C01406,2025-06-30,Cash on Delivery,Delivered,2025,6,June,Q2,2025-06,2025Q2
O002466,C01322,2024-10-19,Debit Card,Delivered,2024,10,October,Q4,2024-10,2024Q4
O002467,C01461,2024-02-15,UPI,Delivered,2024,2,February,Q1,2024-02,2024Q1
O002468,C01171,2025-09-21,Credit Card,Delivered,2025,9,September,Q3,2025-09,2025Q3
O002469,C00042,2024-09-15,Net Banking,Delivered,2024,9,September,Q3,2024-09,2024Q3
O002470,C01484,2024-04-28,Net Banking,Delivered,2024,4,April,Q2,2024-04,2024Q2
O002471,C00184,2025-10-05,Net Banking,Delivered,2025,10,October,Q4,2025-10,2025Q4
O002472,C00714,2025-07-10,UPI,Delivered,2025,7,July,Q3,2025-07,2025Q3
O002473,C01867,2024-06-12,Cash on Delivery,Delivered,2024,6,June,Q2,2024-06,2024Q2
O002474,C00324,2025-10-20,UPI,Cancelled,2025,10,October,Q4,2025-10,2025Q4
O002475,C01321,2025-07-23,Credit Card,Cancelled,2025,7,July,Q3,2025-07,2025Q3
O002476,C01660,2025-12-26,Credit Card,Delivered,2025,12,December,Q4,2025-12,2025Q4
O002477,C00782,2025-09-21,Debit Card,Delivered,2025,9,September,Q3,2025-09,2025Q3
O002478,C01558,2024-06-23,Credit Card,Delivered,2024,6,June,Q2,2024-06,2024Q2
O002479,C01449,2025-06-28,Net Banking,Delivered,2025,6,June,Q2,2025-06,2025Q2
O002480,C01261,2025-07-25,Cash on Delivery,Delivered,2025,7,July,Q3,2025-07,2025Q3
O002481,C00513,2024-02-10,UPI,Cancelled,2024,2,February,Q1,2024-02,2024Q1
O002482,C01909,2025-12-18,Credit Card,Delivered,2025,12,December,Q4,2025-12,2025Q4
O002483,C00601,2025-11-03,Credit Card,Delivered,2025,11,November,Q4,2025-11,2025Q4
O002484,C00571,2025-08-25,Credit Card,Delivered,2025,8,August,Q3,2025-08,2025Q3
O002485,C00839,2024-05-19,Debit Card,Delivered,2024,5,May,Q2,2024-05,2024Q2
O002486,C01067,2025-10-27,UPI,Delivered,2025,10,October,Q4,2025-10,2025Q4
O002487,C01272,2025-01-13,UPI,Cancelled,2025,1,January,Q1,2025-01,2025Q1
O002488,C01341,2025-07-18,Cash on Delivery,Delivered,2025,7,July,Q3,2025-07,2025Q3
O002489,C00591,2024-10-31,Cash on Delivery,Delivered,2024,10,October,Q4,2024-10,2024Q4
O002490,C01930,2024-08-20,Credit Card,Delivered,2024,8,August,Q3,2024-08,2024Q3
O002491,C00484,2025-09-25,UPI,Delivered,2025,9,September,Q3,2025-09,2025Q3
O002492,C01235,2025-05-27,UPI,Delivered,2025,5,May,Q2,2025-05,2025Q2
O002493,C01583,2025-12-09,UPI,Delivered,2025,12,December,Q4,2025-12,2025Q4
O002494,C01094,2025-10-21,UPI,Delivered,2025,10,October,Q4,2025-10,2025Q4
O002495,C01134,2024-05-03,Debit Card,Delivered,2024,5,May,Q2,2024-05,2024Q2
O002496,C00313,2024-01-17,Debit Card,Delivered,2024,1,January,Q1,2024-01,2024Q1
O002497,C00504,2025-03-01,UPI,Delivered,2025,3,March,Q1,2025-03,2025Q1
O002498,C01752,2024-10-31,Credit Card,Delivered,2024,10,October,Q4,2024-10,2024Q4
O002499,C01052,2024-09-19,UPI,Cancelled,2024,9,September,Q3,2024-09,2024Q3
O002500,C01034,2024-11-24,UPI,Delivered,2024,11,November,Q4,2024-11,2024Q4
O002501,C00277,2025-06-10,UPI,Delivered,2025,6,June,Q2,2025-06,2025Q2
O002502,C00320,2025-01-02,Credit Card,Delivered,2025,1,January,Q1,2025-01,2025Q1
O002503,C01765,2024-09-27,Debit Card,Delivered,2024,9,September,Q3,2024-09,2024Q3
O002504,C01176,2025-08-11,Debit Card,Delivered,2025,8,August,Q3,2025-08,2025Q3
O002505,C00504,2024-10-30,Net Banking,Delivered,2024,10,October,Q4,2024-10,2024Q4
O002506,C01455,2024-10-30,UPI,Delivered,2024,10,October,Q4,2024-10,2024Q4
O002507,C00332,2024-02-25,Cash on Delivery,Delivered,2024,2,February,Q1,2024-02,2024Q1
O002508,C00138,2025-02-13,Cash on Delivery,Delivered,2025,2,February,Q1,2025-02,2025Q1
O002509,C00002,2025-07-18,Debit Card,Delivered,2025,7,July,Q3,2025-07,2025Q3
O002510,C01084,2024-08-07,Debit Card,Delivered,2024,8,August,Q3,2024-08,2024Q3
O002511,C01128,2024-08-07,Cash on Delivery,Delivered,2024,8,August,Q3,2024-08,2024Q3
O002512,C01821,2025-06-24,Cash on Delivery,Delivered,2025,6,June,Q2,2025-06,2025Q2
O002513,C01971,2025-12-17,Cash on Delivery,Delivered,2025,12,December,Q4,2025-12,2025Q4
O002514,C01611,2024-05-31,Cash on Delivery,Cancelled,2024,5,May,Q2,2024-05,2024Q2
O002515,C01472,2025-06-28,Net Banking,Delivered,2025,6,June,Q2,2025-06,2025Q2
O002516,C01540,2025-10-27,Debit Card,Cancelled,2025,10,October,Q4,2025-10,2025Q4
O002517,C01919,2025-03-01,Credit Card,Cancelled,2025,3,March,Q1,2025-03,2025Q1
O002518,C01758,2024-11-01,Credit Card,Delivered,2024,11,November,Q4,2024-11,2024Q4
O002519,C00424,2024-03-16,UPI,Delivered,2024,3,March,Q1,2024-03,2024Q1
O002520,C01725,2024-04-11,Debit Card,Delivered,2024,4,April,Q2,2024-04,2024Q2
O002521,C01238,2024-09-08,Net Banking,Delivered,2024,9,September,Q3,2024-09,2024Q3
O002522,C00770,2025-08-07,Credit Card,Delivered,2025,8,August,Q3,2025-08,2025Q3
O002523,C00645,2025-09-06,Credit Card,Delivered,2025,9,September,Q3,2025-09,2025Q3
O002524,C00442,2025-03-26,Net Banking,Delivered,2025,3,March,Q1,2025-03,2025Q1
O002525,C00922,2025-11-03,Cash on Delivery,Delivered,2025,11,November,Q4,2025-11,2025Q4
O002526,C01330,2025-09-17,Cash on Delivery,Delivered,2025,9,September,Q3,2025-09,2025Q3
O002527,C00501,2024-02-12,UPI,Delivered,2024,2,February,Q1,2024-02,2024Q1
O002528,C01851,2025-10-22,Net Banking,Delivered,2025,10,October,Q4,2025-10,2025Q4
O002529,C00997,2025-12-26,Credit Card,Delivered,2025,12,December,Q4,2025-12,2025Q4
O002530,C00761,2025-07-05,Cash on Delivery,Delivered,2025,7,July,Q3,2025-07,2025Q3
O002531,C00268,2024-08-24,Credit Card,Delivered,2024,8,August,Q3,2024-08,2024Q3
O002532,C00503,2024-12-21,Credit Card,Delivered,2024,12,December,Q4,2024-12,2024Q4
O002533,C00606,2025-05-23,Credit Card,Delivered,2025,5,May,Q2,2025-05,2025Q2
O002534,C00953,2024-05-07,Net Banking,Delivered,2024,5,May,Q2,2024-05,2024Q2
O002535,C00160,2025-03-24,Cash on Delivery,Delivered,2025,3,March,Q1,2025-03,2025Q1
O002536,C00727,2024-04-16,Cash on Delivery,Cancelled,2024,4,April,Q2,2024-04,2024Q2
O002537,C00978,2024-12-09,UPI,Delivered,2024,12,December,Q4,2024-12,2024Q4
O002538,C00139,2025-06-24,Credit Card,Delivered,2025,6,June,Q2,2025-06,2025Q2
O002539,C00636,2025-01-09,Cash on Delivery,Delivered,2025,1,January,Q1,2025-01,2025Q1
O002540,C00023,2024-08-14,UPI,Delivered,2024,8,August,Q3,2024-08,2024Q3
O002541,C01525,2025-11-27,Debit Card,Delivered,2025,11,November,Q4,2025-11,2025Q4
O002542,C00123,2024-04-22,UPI,Delivered,2024,4,April,Q2,2024-04,2024Q2
O002543,C01292,2024-06-11,Credit Card,Delivered,2024,6,June,Q2,2024-06,2024Q2
O002544,C00919,2024-06-18,Credit Card,Cancelled,2024,6,June,Q2,2024-06,2024Q2
O002545,C00943,2025-09-16,Debit Card,Cancelled,2025,9,September,Q3,2025-09,2025Q3
O002546,C00669,2025-08-04,UPI,Delivered,2025,8,August,Q3,2025-08,2025Q3
O002547,C01641,2024-05-31,Credit Card,Delivered,2024,5,May,Q2,2024-05,2024Q2
O002548,C01810,2025-07-25,Credit Card,Delivered,2025,7,July,Q3,2025-07,2025Q3
O002549,C00888,2025-05-20,Debit Card,Delivered,2025,5,May,Q2,2025-05,2025Q2
O002550,C01365,2024-01-08,Cash on Delivery,Cancelled,2024,1,January,Q1,2024-01,2024Q1
O002551,C01037,2024-10-08,UPI,Delivered,2024,10,October,Q4,2024-10,2024Q4
O002552,C01911,2025-07-17,Net Banking,Delivered,2025,7,July,Q3,2025-07,2025Q3
O002553,C01353,2025-10-26,Net Banking,Delivered,2025,10,October,Q4,2025-10,2025Q4
O002554,C00295,2025-03-23,UPI,Delivered,2025,3,March,Q1,2025-03,2025Q1
O002555,C00191,2024-03-20,Net Banking,Delivered,2024,3,March,Q1,2024-03,2024Q1
O002556,C00808,2025-06-10,UPI,Delivered,2025,6,June,Q2,2025-06,2025Q2
O002557,C00621,2025-09-02,UPI,Delivered,2025,9,September,Q3,2025-09,2025Q3
O002558,C00399,2025-10-28,Credit Card,Delivered,2025,10,October,Q4,2025-10,2025Q4
O002559,C00856,2024-04-24,Debit Card,Delivered,2024,4,April,Q2,2024-04,2024Q2
O002560,C00875,2024-10-19,Credit Card,Delivered,2024,10,October,Q4,2024-10,2024Q4
O002561,C01877,2024-11-27,Credit Card,Delivered,2024,11,November,Q4,2024-11,2024Q4
O002562,C00136,2025-06-11,Credit Card,Delivered,2025,6,June,Q2,2025-06,2025Q2
O002563,C00544,2025-10-15,Cash on Delivery,Delivered,2025,10,October,Q4,2025-10,2025Q4
O002564,C00449,2024-05-10,Net Banking,Delivered,2024,5,May,Q2,2024-05,2024Q2
O002565,C01895,2025-12-20,Net Banking,Delivered,2025,12,December,Q4,2025-12,2025Q4
O002566,C00164,2024-02-13,Net Banking,Delivered,2024,2,February,Q1,2024-02,2024Q1
O002567,C01264,2024-03-15,Debit Card,Delivered,2024,3,March,Q1,2024-03,2024Q1
O002568,C01743,2024-10-03,Credit Card,Delivered,2024,10,October,Q4,2024-10,2024Q4
O002569,C01182,2025-01-03,Debit Card,Delivered,2025,1,January,Q1,2025-01,2025Q1
O002570,C01294,2024-05-19,Debit Card,Cancelled,2024,5,May,Q2,2024-05,2024Q2
O002571,C00319,2024-02-10,Debit Card,Cancelled,2024,2,February,Q1,2024-02,2024Q1
O002572,C01066,2024-04-01,Net Banking,Cancelled,2024,4,April,Q2,2024-04,2024Q2
O002573,C01594,2025-02-04,Credit Card,Delivered,2025,2,February,Q1,2025-02,2025Q1
O002574,C01669,2025-05-19,UPI,Delivered,2025,5,May,Q2,2025-05,2025Q2
O002575,C00990,2024-09-19,Debit Card,Delivered,2024,9,September,Q3,2024-09,2024Q3
O002576,C01925,2025-04-05,Cash on Delivery,Delivered,2025,4,April,Q2,2025-04,2025Q2
O002577,C01022,2024-12-02,Net Banking,Delivered,2024,12,December,Q4,2024-12,2024Q4
O002578,C01950,2024-04-25,Cash on Delivery,Delivered,2024,4,April,Q2,2024-04,2024Q2
O002579,C01642,2025-05-01,Debit Card,Delivered,2025,5,May,Q2,2025-05,2025Q2
O002580,C01688,2025-07-15,Credit Card,Cancelled,2025,7,July,Q3,2025-07,2025Q3
O002581,C00458,2024-11-09,Credit Card,Delivered,2024,11,November,Q4,2024-11,2024Q4
O002582,C00951,2024-07-09,Cash on Delivery,Delivered,2024,7,July,Q3,2024-07,2024Q3
O002583,C01429,2024-01-27,Cash on Delivery,Cancelled,2024,1,January,Q1,2024-01,2024Q1
O002584,C00744,2024-04-02,Credit Card,Delivered,2024,4,April,Q2,2024-04,2024Q2
O002585,C00859,2024-07-06,Credit Card,Delivered,2024,7,July,Q3,2024-07,2024Q3
O002586,C00167,2024-11-04,UPI,Cancelled,2024,11,November,Q4,2024-11,2024Q4
O002587,C00986,2025-01-14,UPI,Delivered,2025,1,January,Q1,2025-01,2025Q1
O002588,C01897,2024-08-23,UPI,Delivered,2024,8,August,Q3,2024-08,2024Q3
O002589,C00832,2025-06-18,Net Banking,Delivered,2025,6,June,Q2,2025-06,2025Q2
O002590,C00849,2025-04-08,Debit Card,Delivered,2025,4,April,Q2,2025-04,2025Q2
O002591,C00684,2024-05-13,Debit Card,Delivered,2024,5,May,Q2,2024-05,2024Q2
O002592,C00631,2025-05-22,Credit Card,Delivered,2025,5,May,Q2,2025-05,2025Q2
O002593,C01901,2025-08-01,Net Banking,Cancelled,2025,8,August,Q3,2025-08,2025Q3
O002594,C00439,2024-10-18,Credit Card,Delivered,2024,10,October,Q4,2024-10,2024Q4
O002595,C00587,2025-08-25,Credit Card,Delivered,2025,8,August,Q3,2025-08,2025Q3
O002596,C00689,2025-06-21,Credit Card,Cancelled,2025,6,June,Q2,2025-06,2025Q2
O002597,C00670,2025-09-09,Debit Card,Delivered,2025,9,September,Q3,2025-09,2025Q3
O002598,C00207,2025-06-04,UPI,Delivered,2025,6,June,Q2,2025-06,2025Q2
O002599,C01631,2025-05-26,Cash on Delivery,Delivered,2025,5,May,Q2,2025-05,2025Q2
O002600,C01107,2024-03-10,Net Banking,Delivered,2024,3,March,Q1,2024-03,2024Q1
O002601,C01837,2025-08-27,UPI,Delivered,2025,8,August,Q3,2025-08,2025Q3
O002602,C00106,2024-12-26,UPI,Delivered,2024,12,December,Q4,2024-12,2024Q4
O002603,C00364,2025-11-02,UPI,Delivered,2025,11,November,Q4,2025-11,2025Q4
O002604,C00597,2025-09-27,Cash on Delivery,Delivered,2025,9,September,Q3,2025-09,2025Q3
O002605,C01391,2025-05-20,Debit Card,Delivered,2025,5,May,Q2,2025-05,2025Q2
O002606,C01365,2024-10-23,Cash on Delivery,Delivered,2024,10,October,Q4,2024-10,2024Q4
O002607,C00083,2024-08-01,Credit Card,Delivered,2024,8,August,Q3,2024-08,2024Q3
O002608,C00677,2025-05-06,UPI,Cancelled,2025,5,May,Q2,2025-05,2025Q2
O002609,C00169,2025-05-22,UPI,Cancelled,2025,5,May,Q2,2025-05,2025Q2
O002610,C00001,2024-12-11,Credit Card,Delivered,2024,12,December,Q4,2024-12,2024Q4
O002611,C01838,2024-10-12,Credit Card,Delivered,2024,10,October,Q4,2024-10,2024Q4
O002612,C00221,2024-01-10,Credit Card,Delivered,2024,1,January,Q1,2024-01,2024Q1
O002613,C01261,2024-04-03,Cash on Delivery,Delivered,2024,4,April,Q2,2024-04,2024Q2
O002614,C01704,2024-03-31,Cash on Delivery,Delivered,2024,3,March,Q1,2024-03,2024Q1
O002615,C00284,2024-03-05,UPI,Cancelled,2024,3,March,Q1,2024-03,2024Q1
O002616,C01746,2024-04-04,Debit Card,Delivered,2024,4,April,Q2,2024-04,2024Q2
O002617,C01318,2025-01-14,Cash on Delivery,Delivered,2025,1,January,Q1,2025-01,2025Q1
O002618,C01017,2025-05-13,Cash on Delivery,Delivered,2025,5,May,Q2,2025-05,2025Q2
O002619,C01412,2025-06-03,Debit Card,Delivered,2025,6,June,Q2,2025-06,2025Q2
O002620,C00806,2025-12-06,Net Banking,Delivered,2025,12,December,Q4,2025-12,2025Q4
O002621,C01424,2025-01-30,Debit Card,Delivered,2025,1,January,Q1,2025-01,2025Q1
O002622,C00735,2024-06-23,Cash on Delivery,Delivered,2024,6,June,Q2,2024-06,2024Q2
O002623,C00602,2024-01-18,Net Banking,Delivered,2024,1,January,Q1,2024-01,2024Q1
O002624,C00857,2025-03-31,Cash on Delivery,Delivered,2025,3,March,Q1,2025-03,2025Q1
O002625,C01627,2025-03-21,Debit Card,Delivered,2025,3,March,Q1,2025-03,2025Q1
O002626,C00432,2025-03-20,Credit Card,Delivered,2025,3,March,Q1,2025-03,2025Q1
O002627,C00305,2025-01-07,Cash on Delivery,Delivered,2025,1,January,Q1,2025-01,2025Q1
O002628,C00163,2024-07-31,UPI,Cancelled,2024,7,July,Q3,2024-07,2024Q3
O002629,C01793,2025-06-22,UPI,Delivered,2025,6,June,Q2,2025-06,2025Q2
O002630,C00221,2025-08-01,Cash on Delivery,Delivered,2025,8,August,Q3,2025-08,2025Q3
O002631,C00306,2024-03-14,UPI,Delivered,2024,3,March,Q1,2024-03,2024Q1
O002632,C01578,2025-09-08,Debit Card,Delivered,2025,9,September,Q3,2025-09,2025Q3
O002633,C01187,2025-04-05,UPI,Delivered,2025,4,April,Q2,2025-04,2025Q2
O002634,C00892,2024-05-20,Credit Card,Cancelled,2024,5,May,Q2,2024-05,2024Q2
O002635,C01494,2024-10-25,Cash on Delivery,Delivered,2024,10,October,Q4,2024-10,2024Q4
O002636,C01920,2025-01-11,Credit Card,Delivered,2025,1,January,Q1,2025-01,2025Q1
O002637,C01344,2025-05-15,UPI,Delivered,2025,5,May,Q2,2025-05,2025Q2
O002638,C00321,2025-06-29,Net Banking,Delivered,2025,6,June,Q2,2025-06,2025Q2
O002639,C00707,2024-12-02,UPI,Delivered,2024,12,December,Q4,2024-12,2024Q4
O002640,C01723,2024-08-19,Cash on Delivery,Delivered,2024,8,August,Q3,2024-08,2024Q3
O002641,C00798,2025-03-19,UPI,Delivered,2025,3,March,Q1,2025-03,2025Q1
O002642,C00950,2024-04-07,Net Banking,Delivered,2024,4,April,Q2,2024-04,2024Q2
O002643,C00921,2024-03-18,Credit Card,Delivered,2024,3,March,Q1,2024-03,2024Q1
O002644,C01527,2024-09-09,Net Banking,Delivered,2024,9,September,Q3,2024-09,2024Q3
O002645,C01963,2024-02-19,Cash on Delivery,Cancelled,2024,2,February,Q1,2024-02,2024Q1
O002646,C01778,2025-07-08,Net Banking,Delivered,2025,7,July,Q3,2025-07,2025Q3
O002647,C01781,2025-12-06,Credit Card,Delivered,2025,12,December,Q4,2025-12,2025Q4
O002648,C00852,2025-10-31,UPI,Delivered,2025,10,October,Q4,2025-10,2025Q4
O002649,C01794,2025-09-09,Cash on Delivery,Delivered,2025,9,September,Q3,2025-09,2025Q3
O002650,C00087,2025-02-21,Credit Card,Delivered,2025,2,February,Q1,2025-02,2025Q1
O002651,C01051,2024-05-23,Cash on Delivery,Delivered,2024,5,May,Q2,2024-05,2024Q2
O002652,C01961,2024-11-10,Debit Card,Delivered,2024,11,November,Q4,2024-11,2024Q4
O002653,C01477,2025-09-23,Credit Card,Delivered,2025,9,September,Q3,2025-09,2025Q3
O002654,C00079,2025-06-28,UPI,Delivered,2025,6,June,Q2,2025-06,2025Q2
O002655,C01457,2024-01-16,Credit Card,Cancelled,2024,1,January,Q1,2024-01,2024Q1
O002656,C00764,2024-11-01,UPI,Delivered,2024,11,November,Q4,2024-11,2024Q4
O002657,C00989,2025-03-07,Cash on Delivery,Delivered,2025,3,March,Q1,2025-03,2025Q1
O002658,C00433,2025-09-26,UPI,Cancelled,2025,9,September,Q3,2025-09,2025Q3
O002659,C00561,2025-02-20,Cash on Delivery,Delivered,2025,2,February,Q1,2025-02,2025Q1
O002660,C01822,2025-08-31,Debit Card,Cancelled,2025,8,August,Q3,2025-08,2025Q3
O002661,C01255,2025-09-22,Cash on Delivery,Delivered,2025,9,September,Q3,2025-09,2025Q3
O002662,C00891,2025-02-15,Debit Card,Delivered,2025,2,February,Q1,2025-02,2025Q1
O002663,C00932,2025-01-14,Cash on Delivery,Cancelled,2025,1,January,Q1,2025-01,2025Q1
O002664,C01121,2024-02-19,UPI,Delivered,2024,2,February,Q1,2024-02,2024Q1
O002665,C00092,2025-02-07,Debit Card,Delivered,2025,2,February,Q1,2025-02,2025Q1
O002666,C00037,2025-10-12,Net Banking,Cancelled,2025,10,October,Q4,2025-10,2025Q4
O002667,C01285,2025-03-30,Cash on Delivery,Delivered,2025,3,March,Q1,2025-03,2025Q1
O002668,C00972,2025-02-22,Net Banking,Delivered,2025,2,February,Q1,2025-02,2025Q1
O002669,C01873,2025-07-08,Cash on Delivery,Cancelled,2025,7,July,Q3,2025-07,2025Q3
O002670,C00473,2025-09-28,Net Banking,Cancelled,2025,9,September,Q3,2025-09,2025Q3
O002671,C00457,2025-09-05,Credit Card,Delivered,2025,9,September,Q3,2025-09,2025Q3
O002672,C01826,2025-05-21,UPI,Delivered,2025,5,May,Q2,2025-05,2025Q2
O002673,C01369,2024-04-06,Cash on Delivery,Delivered,2024,4,April,Q2,2024-04,2024Q2
O002674,C00809,2025-08-08,Credit Card,Cancelled,2025,8,August,Q3,2025-08,2025Q3
O002675,C00470,2025-08-07,UPI,Delivered,2025,8,August,Q3,2025-08,2025Q3
O002676,C00490,2024-06-10,Credit Card,Delivered,2024,6,June,Q2,2024-06,2024Q2
O002677,C00098,2025-05-26,Cash on Delivery,Delivered,2025,5,May,Q2,2025-05,2025Q2
O002678,C01097,2025-11-28,Cash on Delivery,Delivered,2025,11,November,Q4,2025-11,2025Q4
O002679,C00034,2024-04-01,Debit Card,Delivered,2024,4,April,Q2,2024-04,2024Q2
O002680,C01575,2024-05-20,Cash on Delivery,Delivered,2024,5,May,Q2,2024-05,2024Q2
O002681,C01018,2025-10-31,Cash on Delivery,Delivered,2025,10,October,Q4,2025-10,2025Q4
O002682,C01094,2025-04-10,Cash on Delivery,Delivered,2025,4,April,Q2,2025-04,2025Q2
O002683,C01597,2025-06-23,UPI,Delivered,2025,6,June,Q2,2025-06,2025Q2
O002684,C01896,2024-05-19,Cash on Delivery,Cancelled,2024,5,May,Q2,2024-05,2024Q2
O002685,C01487,2024-01-05,Credit Card,Cancelled,2024,1,January,Q1,2024-01,2024Q1
O002686,C01344,2025-03-06,Credit Card,Delivered,2025,3,March,Q1,2025-03,2025Q1
O002687,C01404,2024-12-13,Net Banking,Delivered,2024,12,December,Q4,2024-12,2024Q4
O002688,C00674,2025-09-13,Credit Card,Delivered,2025,9,September,Q3,2025-09,2025Q3
O002689,C00043,2024-09-01,UPI,Delivered,2024,9,September,Q3,2024-09,2024Q3
O002690,C00347,2024-04-05,Debit Card,Delivered,2024,4,April,Q2,2024-04,2024Q2
O002691,C00852,2024-01-31,Credit Card,Delivered,2024,1,January,Q1,2024-01,2024Q1
O002692,C00418,2024-04-10,Cash on Delivery,Delivered,2024,4,April,Q2,2024-04,2024Q2
O002693,C00200,2025-03-22,Debit Card,Delivered,2025,3,March,Q1,2025-03,2025Q1
O002694,C00634,2024-06-09,Cash on Delivery,Cancelled,2024,6,June,Q2,2024-06,2024Q2
O002695,C01309,2025-05-21,UPI,Delivered,2025,5,May,Q2,2025-05,2025Q2
O002696,C01789,2024-05-05,UPI,Delivered,2024,5,May,Q2,2024-05,2024Q2
O002697,C01953,2024-03-09,Credit Card,Delivered,2024,3,March,Q1,2024-03,2024Q1
O002698,C01595,2025-03-12,Cash on Delivery,Delivered,2025,3,March,Q1,2025-03,2025Q1
O002699,C01977,2024-07-18,UPI,Delivered,2024,7,July,Q3,2024-07,2024Q3
O002700,C00692,2025-10-23,UPI,Cancelled,2025,10,October,Q4,2025-10,2025Q4
O002701,C01569,2025-08-07,Cash on Delivery,Delivered,2025,8,August,Q3,2025-08,2025Q3
O002702,C01047,2024-01-28,UPI,Delivered,2024,1,January,Q1,2024-01,2024Q1
O002703,C01369,2024-03-06,Cash on Delivery,Delivered,2024,3,March,Q1,2024-03,2024Q1
O002704,C01609,2024-04-06,UPI,Delivered,2024,4,April,Q2,2024-04,2024Q2
O002705,C01616,2025-01-28,UPI,Delivered,2025,1,January,Q1,2025-01,2025Q1
O002706,C00362,2024-08-19,Net Banking,Delivered,2024,8,August,Q3,2024-08,2024Q3
O002707,C01117,2024-10-09,Cash on Delivery,Delivered,2024,10,October,Q4,2024-10,2024Q4
O002708,C01866,2025-02-26,Cash on Delivery,Delivered,2025,2,February,Q1,2025-02,2025Q1
O002709,C00130,2024-05-13,UPI,Delivered,2024,5,May,Q2,2024-05,2024Q2
O002710,C00329,2024-11-24,Cash on Delivery,Cancelled,2024,11,November,Q4,2024-11,2024Q4
O002711,C00398,2025-05-26,Net Banking,Delivered,2025,5,May,Q2,2025-05,2025Q2
O002712,C00062,2024-01-01,Credit Card,Delivered,2024,1,January,Q1,2024-01,2024Q1
O002713,C01624,2024-07-11,Net Banking,Delivered,2024,7,July,Q3,2024-07,2024Q3
O002714,C01654,2024-08-21,Cash on Delivery,Delivered,2024,8,August,Q3,2024-08,2024Q3
O002715,C00435,2024-02-05,Credit Card,Delivered,2024,2,February,Q1,2024-02,2024Q1
O002716,C01272,2025-02-07,Net Banking,Cancelled,2025,2,February,Q1,2025-02,2025Q1
O002717,C01532,2025-12-03,Net Banking,Delivered,2025,12,December,Q4,2025-12,2025Q4
O002718,C01710,2025-08-31,Net Banking,Cancelled,2025,8,August,Q3,2025-08,2025Q3
O002719,C01579,2024-08-15,Net Banking,Delivered,2024,8,August,Q3,2024-08,2024Q3
O002720,C00660,2025-05-26,Net Banking,Delivered,2025,5,May,Q2,2025-05,2025Q2
O002721,C01844,2025-02-18,UPI,Delivered,2025,2,February,Q1,2025-02,2025Q1
O002722,C00928,2024-12-11,UPI,Cancelled,2024,12,December,Q4,2024-12,2024Q4
O002723,C00728,2024-04-18,UPI,Delivered,2024,4,April,Q2,2024-04,2024Q2
O002724,C01329,2025-03-24,Debit Card,Delivered,2025,3,March,Q1,2025-03,2025Q1
O002725,C01536,2025-01-15,Cash on Delivery,Delivered,2025,1,January,Q1,2025-01,2025Q1
O002726,C01766,2025-06-23,Credit Card,Delivered,2025,6,June,Q2,2025-06,2025Q2
O002727,C01727,2024-08-31,UPI,Cancelled,2024,8,August,Q3,2024-08,2024Q3
O002728,C01150,2025-02-09,UPI,Cancelled,2025,2,February,Q1,2025-02,2025Q1
O002729,C00279,2025-12-08,Net Banking,Delivered,2025,12,December,Q4,2025-12,2025Q4
O002730,C01134,2024-09-30,Cash on Delivery,Delivered,2024,9,September,Q3,2024-09,2024Q3
O002731,C00246,2025-04-15,Net Banking,Delivered,2025,4,April,Q2,2025-04,2025Q2
O002732,C01611,2025-02-22,Debit Card,Delivered,2025,2,February,Q1,2025-02,2025Q1
O002733,C00640,2025-01-31,Debit Card,Delivered,2025,1,January,Q1,2025-01,2025Q1
O002734,C00601,2024-06-11,UPI,Delivered,2024,6,June,Q2,2024-06,2024Q2
O002735,C00113,2025-06-18,Debit Card,Delivered,2025,6,June,Q2,2025-06,2025Q2
O002736,C01426,2024-03-17,Debit Card,Delivered,2024,3,March,Q1,2024-03,2024Q1
O002737,C00314,2025-05-29,Debit Card,Delivered,2025,5,May,Q2,2025-05,2025Q2
O002738,C01741,2025-09-28,Credit Card,Delivered,2025,9,September,Q3,2025-09,2025Q3
O002739,C01998,2024-02-04,Cash on Delivery,Delivered,2024,2,February,Q1,2024-02,2024Q1
O002740,C00154,2024-07-03,Net Banking,Delivered,2024,7,July,Q3,2024-07,2024Q3
O002741,C01513,2024-01-29,Debit Card,Delivered,2024,1,January,Q1,2024-01,2024Q1
O002742,C00047,2024-05-26,UPI,Delivered,2024,5,May,Q2,2024-05,2024Q2
O002743,C00672,2024-04-20,Credit Card,Delivered,2024,4,April,Q2,2024-04,2024Q2
O002744,C01781,2024-08-20,Credit Card,Cancelled,2024,8,August,Q3,2024-08,2024Q3
O002745,C01235,2025-10-26,Cash on Delivery,Delivered,2025,10,October,Q4,2025-10,2025Q4
O002746,C00743,2025-10-08,UPI,Delivered,2025,10,October,Q4,2025-10,2025Q4
O002747,C01573,2024-06-16,UPI,Delivered,2024,6,June,Q2,2024-06,2024Q2
O002748,C00375,2024-04-14,Credit Card,Cancelled,2024,4,April,Q2,2024-04,2024Q2
O002749,C01640,2025-04-12,UPI,Delivered,2025,4,April,Q2,2025-04,2025Q2
O002750,C00567,2025-03-04,Debit Card,Cancelled,2025,3,March,Q1,2025-03,2025Q1
O002751,C01546,2024-06-16,Cash on Delivery,Delivered,2024,6,June,Q2,2024-06,2024Q2
O002752,C01663,2025-04-04,Debit Card,Cancelled,2025,4,April,Q2,2025-04,2025Q2
O002753,C01783,2024-10-05,Debit Card,Delivered,2024,10,October,Q4,2024-10,2024Q4
O002754,C01857,2024-08-03,Cash on Delivery,Delivered,2024,8,August,Q3,2024-08,2024Q3
O002755,C00206,2024-04-09,Net Banking,Delivered,2024,4,April,Q2,2024-04,2024Q2
O002756,C00639,2025-07-20,Net Banking,Delivered,2025,7,July,Q3,2025-07,2025Q3
O002757,C01348,2025-04-28,UPI,Delivered,2025,4,April,Q2,2025-04,2025Q2
O002758,C00281,2024-11-23,UPI,Cancelled,2024,11,November,Q4,2024-11,2024Q4
O002759,C00009,2024-02-27,UPI,Delivered,2024,2,February,Q1,2024-02,2024Q1
O002760,C00088,2025-03-03,Credit Card,Delivered,2025,3,March,Q1,2025-03,2025Q1
O002761,C00832,2024-07-17,Credit Card,Delivered,2024,7,July,Q3,2024-07,2024Q3
O002762,C00326,2024-07-21,Debit Card,Cancelled,2024,7,July,Q3,2024-07,2024Q3
O002763,C01834,2024-10-23,Cash on Delivery,Delivered,2024,10,October,Q4,2024-10,2024Q4
O002764,C00685,2025-05-19,Credit Card,Delivered,2025,5,May,Q2,2025-05,2025Q2
O002765,C01329,2025-12-02,Cash on Delivery,Delivered,2025,12,December,Q4,2025-12,2025Q4
O002766,C01292,2024-05-06,Net Banking,Delivered,2024,5,May,Q2,2024-05,2024Q2
O002767,C00448,2024-11-06,Cash on Delivery,Delivered,2024,11,November,Q4,2024-11,2024Q4
O002768,C00347,2024-12-20,Cash on Delivery,Delivered,2024,12,December,Q4,2024-12,2024Q4
O002769,C00836,2024-03-05,UPI,Cancelled,2024,3,March,Q1,2024-03,2024Q1
O002770,C01793,2024-07-16,Debit Card,Cancelled,2024,7,July,Q3,2024-07,2024Q3
O002771,C01628,2025-06-09,Credit Card,Delivered,2025,6,June,Q2,2025-06,2025Q2
O002772,C01122,2024-11-26,Credit Card,Delivered,2024,11,November,Q4,2024-11,2024Q4
O002773,C00433,2025-06-23,Debit Card,Delivered,2025,6,June,Q2,2025-06,2025Q2
O002774,C00395,2024-04-21,Cash on Delivery,Delivered,2024,4,April,Q2,2024-04,2024Q2
O002775,C00706,2025-02-20,Credit Card,Delivered,2025,2,February,Q1,2025-02,2025Q1
O002776,C01995,2024-06-07,Debit Card,Cancelled,2024,6,June,Q2,2024-06,2024Q2
O002777,C00590,2024-02-24,UPI,Cancelled,2024,2,February,Q1,2024-02,2024Q1
O002778,C01754,2025-05-04,UPI,Delivered,2025,5,May,Q2,2025-05,2025Q2
O002779,C00523,2025-07-23,Cash on Delivery,Delivered,2025,7,July,Q3,2025-07,2025Q3
O002780,C00003,2024-07-28,Cash on Delivery,Delivered,2024,7,July,Q3,2024-07,2024Q3
O002781,C01210,2025-05-06,Credit Card,Delivered,2025,5,May,Q2,2025-05,2025Q2
O002782,C01416,2025-06-25,Credit Card,Cancelled,2025,6,June,Q2,2025-06,2025Q2
O002783,C00378,2025-05-16,Cash on Delivery,Cancelled,2025,5,May,Q2,2025-05,2025Q2
O002784,C00246,2024-05-29,Cash on Delivery,Delivered,2024,5,May,Q2,2024-05,2024Q2
O002785,C00272,2025-07-08,UPI,Delivered,2025,7,July,Q3,2025-07,2025Q3
O002786,C00512,2024-10-16,Cash on Delivery,Delivered,2024,10,October,Q4,2024-10,2024Q4
O002787,C01401,2025-03-13,Credit Card,Delivered,2025,3,March,Q1,2025-03,2025Q1
O002788,C00567,2025-05-25,UPI,Cancelled,2025,5,May,Q2,2025-05,2025Q2
O002789,C00006,2025-05-18,Credit Card,Delivered,2025,5,May,Q2,2025-05,2025Q2
O002790,C01700,2025-09-29,UPI,Delivered,2025,9,September,Q3,2025-09,2025Q3
O002791,C00220,2025-02-01,Debit Card,Delivered,2025,2,February,Q1,2025-02,2025Q1
O002792,C00916,2025-04-14,Credit Card,Delivered,2025,4,April,Q2,2025-04,2025Q2
O002793,C01484,2024-05-07,UPI,Delivered,2024,5,May,Q2,2024-05,2024Q2
O002794,C00666,2024-11-21,Net Banking,Delivered,2024,11,November,Q4,2024-11,2024Q4
O002795,C01351,2025-09-30,Cash on Delivery,Delivered,2025,9,September,Q3,2025-09,2025Q3
O002796,C00909,2024-04-29,Net Banking,Delivered,2024,4,April,Q2,2024-04,2024Q2
O002797,C00424,2024-09-02,Credit Card,Delivered,2024,9,September,Q3,2024-09,2024Q3
O002798,C01782,2025-09-03,Net Banking,Delivered,2025,9,September,Q3,2025-09,2025Q3
O002799,C01004,2024-12-02,Net Banking,Delivered,2024,12,December,Q4,2024-12,2024Q4
O002800,C00896,2024-10-21,UPI,Delivered,2024,10,October,Q4,2024-10,2024Q4
O002801,C00007,2024-01-21,Credit Card,Delivered,2024,1,January,Q1,2024-01,2024Q1
O002802,C00126,2025-04-13,Cash on Delivery,Delivered,2025,4,April,Q2,2025-04,2025Q2
O002803,C01533,2024-07-11,Net Banking,Cancelled,2024,7,July,Q3,2024-07,2024Q3
O002804,C00593,2024-03-01,Credit Card,Delivered,2024,3,March,Q1,2024-03,2024Q1
O002805,C00227,2024-07-28,Debit Card,Delivered,2024,7,July,Q3,2024-07,2024Q3
O002806,C00581,2024-04-06,Debit Card,Delivered,2024,4,April,Q2,2024-04,2024Q2
O002807,C00873,2025-02-16,UPI,Delivered,2025,2,February,Q1,2025-02,2025Q1
O002808,C01610,2024-03-26,Cash on Delivery,Delivered,2024,3,March,Q1,2024-03,2024Q1
O002809,C01202,2025-06-15,Net Banking,Delivered,2025,6,June,Q2,2025-06,2025Q2
O002810,C00621,2025-03-01,Credit Card,Delivered,2025,3,March,Q1,2025-03,2025Q1
O002811,C00412,2024-11-11,Debit Card,Delivered,2024,11,November,Q4,2024-11,2024Q4
O002812,C01974,2024-02-21,Credit Card,Delivered,2024,2,February,Q1,2024-02,2024Q1
O002813,C00984,2024-09-12,Credit Card,Delivered,2024,9,September,Q3,2024-09,2024Q3
O002814,C00036,2025-05-12,Debit Card,Delivered,2025,5,May,Q2,2025-05,2025Q2
O002815,C00788,2024-03-10,Credit Card,Cancelled,2024,3,March,Q1,2024-03,2024Q1
O002816,C01044,2024-10-08,Credit Card,Delivered,2024,10,October,Q4,2024-10,2024Q4
O002817,C00549,2025-12-07,Debit Card,Cancelled,2025,12,December,Q4,2025-12,2025Q4
O002818,C00522,2024-09-16,Net Banking,Delivered,2024,9,September,Q3,2024-09,2024Q3
O002819,C01766,2025-08-27,Debit Card,Delivered,2025,8,August,Q3,2025-08,2025Q3
O002820,C01529,2024-07-31,Net Banking,Delivered,2024,7,July,Q3,2024-07,2024Q3
O002821,C00129,2024-04-23,Cash on Delivery,Delivered,2024,4,April,Q2,2024-04,2024Q2
O002822,C00495,2025-11-05,Cash on Delivery,Delivered,2025,11,November,Q4,2025-11,2025Q4
O002823,C01659,2025-09-11,Credit Card,Cancelled,2025,9,September,Q3,2025-09,2025Q3
O002824,C01753,2024-06-24,Debit Card,Cancelled,2024,6,June,Q2,2024-06,2024Q2
O002825,C01888,2024-07-31,UPI,Delivered,2024,7,July,Q3,2024-07,2024Q3
O002826,C01083,2024-01-08,UPI,Delivered,2024,1,January,Q1,2024-01,2024Q1
O002827,C01964,2024-03-17,UPI,Delivered,2024,3,March,Q1,2024-03,2024Q1
O002828,C01574,2024-10-19,Cash on Delivery,Delivered,2024,10,October,Q4,2024-10,2024Q4
O002829,C01164,2024-06-21,Debit Card,Delivered,2024,6,June,Q2,2024-06,2024Q2
O002830,C00986,2024-10-21,Credit Card,Delivered,2024,10,October,Q4,2024-10,2024Q4
O002831,C00223,2024-03-22,Debit Card,Delivered,2024,3,March,Q1,2024-03,2024Q1
O002832,C00515,2025-08-30,Net Banking,Delivered,2025,8,August,Q3,2025-08,2025Q3
O002833,C01201,2025-12-19,Credit Card,Delivered,2025,12,December,Q4,2025-12,2025Q4
O002834,C01372,2024-04-05,Cash on Delivery,Cancelled,2024,4,April,Q2,2024-04,2024Q2
O002835,C01156,2024-05-16,Credit Card,Delivered,2024,5,May,Q2,2024-05,2024Q2
O002836,C00967,2025-02-12,Cash on Delivery,Delivered,2025,2,February,Q1,2025-02,2025Q1
O002837,C01824,2025-07-19,Credit Card,Delivered,2025,7,July,Q3,2025-07,2025Q3
O002838,C00094,2025-11-11,Cash on Delivery,Delivered,2025,11,November,Q4,2025-11,2025Q4
O002839,C00966,2024-08-26,Credit Card,Cancelled,2024,8,August,Q3,2024-08,2024Q3
O002840,C00683,2025-04-02,Net Banking,Delivered,2025,4,April,Q2,2025-04,2025Q2
O002841,C00883,2025-09-29,Cash on Delivery,Delivered,2025,9,September,Q3,2025-09,2025Q3
O002842,C01413,2025-09-18,UPI,Delivered,2025,9,September,Q3,2025-09,2025Q3
O002843,C01158,2025-01-15,Credit Card,Delivered,2025,1,January,Q1,2025-01,2025Q1
O002844,C00842,2024-03-15,Cash on Delivery,Delivered,2024,3,March,Q1,2024-03,2024Q1
O002845,C00957,2025-02-14,Net Banking,Cancelled,2025,2,February,Q1,2025-02,2025Q1
O002846,C01513,2024-09-27,UPI,Delivered,2024,9,September,Q3,2024-09,2024Q3
O002847,C01395,2025-06-28,Cash on Delivery,Delivered,2025,6,June,Q2,2025-06,2025Q2
O002848,C01472,2025-03-20,UPI,Delivered,2025,3,March,Q1,2025-03,2025Q1
O002849,C00448,2025-11-03,Credit Card,Delivered,2025,11,November,Q4,2025-11,2025Q4
O002850,C00526,2024-08-07,UPI,Cancelled,2024,8,August,Q3,2024-08,2024Q3
O002851,C00838,2025-03-04,UPI,Delivered,2025,3,March,Q1,2025-03,2025Q1
O002852,C01317,2024-07-29,Debit Card,Delivered,2024,7,July,Q3,2024-07,2024Q3
O002853,C01830,2025-04-16,UPI,Delivered,2025,4,April,Q2,2025-04,2025Q2
O002854,C01892,2024-03-17,Credit Card,Cancelled,2024,3,March,Q1,2024-03,2024Q1
O002855,C00244,2025-11-27,UPI,Delivered,2025,11,November,Q4,2025-11,2025Q4
O002856,C01621,2024-02-07,Cash on Delivery,Cancelled,2024,2,February,Q1,2024-02,2024Q1
O002857,C01529,2024-05-12,Credit Card,Delivered,2024,5,May,Q2,2024-05,2024Q2
O002858,C00975,2024-09-03,Debit Card,Cancelled,2024,9,September,Q3,2024-09,2024Q3
O002859,C00343,2025-08-06,Debit Card,Delivered,2025,8,August,Q3,2025-08,2025Q3
O002860,C01897,2024-10-29,Net Banking,Delivered,2024,10,October,Q4,2024-10,2024Q4
O002861,C01630,2024-05-20,Net Banking,Delivered,2024,5,May,Q2,2024-05,2024Q2
O002862,C00205,2024-09-25,UPI,Cancelled,2024,9,September,Q3,2024-09,2024Q3
O002863,C00470,2025-09-18,Cash on Delivery,Delivered,2025,9,September,Q3,2025-09,2025Q3
O002864,C00001,2025-07-29,Net Banking,Delivered,2025,7,July,Q3,2025-07,2025Q3
O002865,C01915,2025-06-10,Debit Card,Delivered,2025,6,June,Q2,2025-06,2025Q2
O002866,C01140,2025-09-04,Debit Card,Delivered,2025,9,September,Q3,2025-09,2025Q3
O002867,C01514,2025-02-16,UPI,Cancelled,2025,2,February,Q1,2025-02,2025Q1
O002868,C00044,2025-03-04,Debit Card,Delivered,2025,3,March,Q1,2025-03,2025Q1
O002869,C00353,2025-04-06,Credit Card,Delivered,2025,4,April,Q2,2025-04,2025Q2
O002870,C01511,2025-11-16,UPI,Delivered,2025,11,November,Q4,2025-11,2025Q4
O002871,C00402,2025-10-21,Cash on Delivery,Delivered,2025,10,October,Q4,2025-10,2025Q4
O002872,C00272,2024-11-08,Debit Card,Delivered,2024,11,November,Q4,2024-11,2024Q4
O002873,C00126,2025-01-05,Net Banking,Delivered,2025,1,January,Q1,2025-01,2025Q1
O002874,C01267,2025-04-05,Credit Card,Delivered,2025,4,April,Q2,2025-04,2025Q2
O002875,C00242,2024-04-09,Cash on Delivery,Delivered,2024,4,April,Q2,2024-04,2024Q2
O002876,C00751,2024-07-20,Debit Card,Delivered,2024,7,July,Q3,2024-07,2024Q3
O002877,C01710,2024-01-08,Net Banking,Delivered,2024,1,January,Q1,2024-01,2024Q1
O002878,C01409,2025-06-17,UPI,Delivered,2025,6,June,Q2,2025-06,2025Q2
O002879,C00971,2025-02-02,Credit Card,Delivered,2025,2,February,Q1,2025-02,2025Q1
O002880,C00768,2025-07-07,UPI,Delivered,2025,7,July,Q3,2025-07,2025Q3
O002881,C01402,2024-04-30,Net Banking,Delivered,2024,4,April,Q2,2024-04,2024Q2
O002882,C00174,2025-05-25,Credit Card,Delivered,2025,5,May,Q2,2025-05,2025Q2
O002883,C00150,2024-04-08,Credit Card,Delivered,2024,4,April,Q2,2024-04,2024Q2
O002884,C00223,2024-04-20,Net Banking,Delivered,2024,4,April,Q2,2024-04,2024Q2
O002885,C01433,2024-10-21,Credit Card,Delivered,2024,10,October,Q4,2024-10,2024Q4
O002886,C01462,2025-03-16,Debit Card,Cancelled,2025,3,March,Q1,2025-03,2025Q1
O002887,C01811,2025-07-25,Cash on Delivery,Cancelled,2025,7,July,Q3,2025-07,2025Q3
O002888,C01842,2024-07-26,Cash on Delivery,Delivered,2024,7,July,Q3,2024-07,2024Q3
O002889,C01816,2024-02-11,Debit Card,Cancelled,2024,2,February,Q1,2024-02,2024Q1
O002890,C01092,2025-12-14,Cash on Delivery,Delivered,2025,12,December,Q4,2025-12,2025Q4
O002891,C01954,2025-07-17,Credit Card,Delivered,2025,7,July,Q3,2025-07,2025Q3
O002892,C01252,2025-05-11,Net Banking,Delivered,2025,5,May,Q2,2025-05,2025Q2
O002893,C00647,2024-10-14,UPI,Delivered,2024,10,October,Q4,2024-10,2024Q4
O002894,C01897,2025-07-03,UPI,Delivered,2025,7,July,Q3,2025-07,2025Q3
O002895,C00832,2025-08-26,Credit Card,Cancelled,2025,8,August,Q3,2025-08,2025Q3
O002896,C00953,2024-07-12,UPI,Cancelled,2024,7,July,Q3,2024-07,2024Q3
O002897,C00237,2025-06-10,Credit Card,Delivered,2025,6,June,Q2,2025-06,2025Q2
O002898,C00471,2025-04-17,Cash on Delivery,Delivered,2025,4,April,Q2,2025-04,2025Q2
O002899,C01148,2024-11-20,Net Banking,Delivered,2024,11,November,Q4,2024-11,2024Q4
O002900,C01863,2025-07-02,Cash on Delivery,Delivered,2025,7,July,Q3,2025-07,2025Q3
O002901,C00109,2024-12-21,Cash on Delivery,Delivered,2024,12,December,Q4,2024-12,2024Q4
O002902,C01104,2024-05-22,Credit Card,Delivered,2024,5,May,Q2,2024-05,2024Q2
O002903,C00493,2024-12-06,Cash on Delivery,Cancelled,2024,12,December,Q4,2024-12,2024Q4
O002904,C01758,2024-10-01,Debit Card,Delivered,2024,10,October,Q4,2024-10,2024Q4
O002905,C00495,2025-09-12,Debit Card,Delivered,2025,9,September,Q3,2025-09,2025Q3
O002906,C00695,2024-12-30,Debit Card,Delivered,2024,12,December,Q4,2024-12,2024Q4
O002907,C00532,2025-01-25,Debit Card,Delivered,2025,1,January,Q1,2025-01,2025Q1
O002908,C01125,2024-08-10,UPI,Delivered,2024,8,August,Q3,2024-08,2024Q3
O002909,C00091,2024-08-02,Credit Card,Delivered,2024,8,August,Q3,2024-08,2024Q3
O002910,C00287,2024-11-28,Cash on Delivery,Delivered,2024,11,November,Q4,2024-11,2024Q4
O002911,C01432,2025-02-08,UPI,Cancelled,2025,2,February,Q1,2025-02,2025Q1
O002912,C00303,2025-07-12,Cash on Delivery,Delivered,2025,7,July,Q3,2025-07,2025Q3
O002913,C00147,2025-11-15,Net Banking,Cancelled,2025,11,November,Q4,2025-11,2025Q4
O002914,C00165,2025-12-18,Debit Card,Delivered,2025,12,December,Q4,2025-12,2025Q4
O002915,C00338,2025-09-24,Debit Card,Delivered,2025,9,September,Q3,2025-09,2025Q3
O002916,C00062,2024-06-26,UPI,Delivered,2024,6,June,Q2,2024-06,2024Q2
O002917,C01598,2024-08-25,UPI,Delivered,2024,8,August,Q3,2024-08,2024Q3
O002918,C01768,2025-05-08,Net Banking,Delivered,2025,5,May,Q2,2025-05,2025Q2
O002919,C00172,2025-10-28,Debit Card,Delivered,2025,10,October,Q4,2025-10,2025Q4
O002920,C01552,2024-03-08,Cash on Delivery,Delivered,2024,3,March,Q1,2024-03,2024Q1
O002921,C00170,2024-08-25,Credit Card,Delivered,2024,8,August,Q3,2024-08,2024Q3
O002922,C01952,2024-11-11,Cash on Delivery,Delivered,2024,11,November,Q4,2024-11,2024Q4
O002923,C01605,2025-08-21,Cash on Delivery,Delivered,2025,8,August,Q3,2025-08,2025Q3
O002924,C00118,2024-08-30,Cash on Delivery,Cancelled,2024,8,August,Q3,2024-08,2024Q3
O002925,C00053,2025-10-18,Credit Card,Delivered,2025,10,October,Q4,2025-10,2025Q4
O002926,C00641,2024-03-11,Credit Card,Delivered,2024,3,March,Q1,2024-03,2024Q1
O002927,C01628,2025-05-07,Cash on Delivery,Delivered,2025,5,May,Q2,2025-05,2025Q2
O002928,C01542,2024-03-02,Debit Card,Delivered,2024,3,March,Q1,2024-03,2024Q1
O002929,C00327,2024-02-29,UPI,Delivered,2024,2,February,Q1,2024-02,2024Q1
O002930,C01230,2025-07-20,Cash on Delivery,Cancelled,2025,7,July,Q3,2025-07,2025Q3
O002931,C00977,2024-07-05,Credit Card,Cancelled,2024,7,July,Q3,2024-07,2024Q3
O002932,C01865,2024-03-13,UPI,Delivered,2024,3,March,Q1,2024-03,2024Q1
O002933,C00360,2024-05-08,Net Banking,Delivered,2024,5,May,Q2,2024-05,2024Q2
O002934,C01027,2025-03-22,Cash on Delivery,Delivered,2025,3,March,Q1,2025-03,2025Q1
O002935,C00644,2024-02-14,Credit Card,Delivered,2024,2,February,Q1,2024-02,2024Q1
O002936,C01039,2024-03-06,Credit Card,Delivered,2024,3,March,Q1,2024-03,2024Q1
O002937,C00091,2025-07-31,Debit Card,Delivered,2025,7,July,Q3,2025-07,2025Q3
O002938,C01356,2024-08-10,Credit Card,Delivered,2024,8,August,Q3,2024-08,2024Q3
O002939,C00774,2025-03-06,UPI,Delivered,2025,3,March,Q1,2025-03,2025Q1
O002940,C00182,2025-12-23,Credit Card,Cancelled,2025,12,December,Q4,2025-12,2025Q4
O002941,C00564,2025-01-17,Cash on Delivery,Delivered,2025,1,January,Q1,2025-01,2025Q1
O002942,C00830,2025-09-19,Credit Card,Delivered,2025,9,September,Q3,2025-09,2025Q3
O002943,C00483,2025-11-10,Net Banking,Delivered,2025,11,November,Q4,2025-11,2025Q4
O002944,C01634,2024-01-09,Debit Card,Cancelled,2024,1,January,Q1,2024-01,2024Q1
O002945,C00467,2024-11-25,Cash on Delivery,Delivered,2024,11,November,Q4,2024-11,2024Q4
O002946,C01355,2025-06-09,UPI,Delivered,2025,6,June,Q2,2025-06,2025Q2
O002947,C00636,2025-01-30,Credit Card,Cancelled,2025,1,January,Q1,2025-01,2025Q1
O002948,C00769,2025-12-25,UPI,Cancelled,2025,12,December,Q4,2025-12,2025Q4
O002949,C01463,2025-07-21,UPI,Delivered,2025,7,July,Q3,2025-07,2025Q3
O002950,C00109,2024-04-15,Net Banking,Delivered,2024,4,April,Q2,2024-04,2024Q2
O002951,C00493,2025-01-07,Credit Card,Cancelled,2025,1,January,Q1,2025-01,2025Q1
O002952,C01144,2025-01-21,Net Banking,Cancelled,2025,1,January,Q1,2025-01,2025Q1
O002953,C00728,2025-02-04,Debit Card,Delivered,2025,2,February,Q1,2025-02,2025Q1
O002954,C01582,2025-06-16,Net Banking,Cancelled,2025,6,June,Q2,2025-06,2025Q2
O002955,C00379,2025-06-09,Credit Card,Delivered,2025,6,June,Q2,2025-06,2025Q2
O002956,C00125,2025-11-20,Debit Card,Delivered,2025,11,November,Q4,2025-11,2025Q4
O002957,C01901,2025-02-17,UPI,Delivered,2025,2,February,Q1,2025-02,2025Q1
O002958,C00518,2025-06-26,Cash on Delivery,Delivered,2025,6,June,Q2,2025-06,2025Q2
O002959,C01824,2024-04-06,Cash on Delivery,Cancelled,2024,4,April,Q2,2024-04,2024Q2
O002960,C01513,2024-11-10,UPI,Delivered,2024,11,November,Q4,2024-11,2024Q4
O002961,C01282,2024-01-11,Debit Card,Delivered,2024,1,January,Q1,2024-01,2024Q1
O002962,C01122,2025-04-23,Net Banking,Delivered,2025,4,April,Q2,2025-04,2025Q2
O002963,C01804,2024-05-27,Credit Card,Cancelled,2024,5,May,Q2,2024-05,2024Q2
O002964,C00398,2025-12-08,Net Banking,Delivered,2025,12,December,Q4,2025-12,2025Q4
O002965,C01083,2025-10-07,UPI,Delivered,2025,10,October,Q4,2025-10,2025Q4
O002966,C00549,2025-08-02,Credit Card,Delivered,2025,8,August,Q3,2025-08,2025Q3
O002967,C01379,2024-01-06,UPI,Delivered,2024,1,January,Q1,2024-01,2024Q1
O002968,C01427,2025-07-08,Net Banking,Cancelled,2025,7,July,Q3,2025-07,2025Q3
O002969,C01389,2024-11-26,Debit Card,Delivered,2024,11,November,Q4,2024-11,2024Q4
O002970,C01069,2025-06-29,Cash on Delivery,Delivered,2025,6,June,Q2,2025-06,2025Q2
O002971,C00835,2025-02-19,UPI,Delivered,2025,2,February,Q1,2025-02,2025Q1
O002972,C00498,2025-08-05,Net Banking,Delivered,2025,8,August,Q3,2025-08,2025Q3
O002973,C00755,2024-09-25,Cash on Delivery,Delivered,2024,9,September,Q3,2024-09,2024Q3
O002974,C00439,2024-07-08,UPI,Delivered,2024,7,July,Q3,2024-07,2024Q3
O002975,C00169,2025-07-27,Net Banking,Delivered,2025,7,July,Q3,2025-07,2025Q3
O002976,C01684,2025-05-28,Net Banking,Delivered,2025,5,May,Q2,2025-05,2025Q2
O002977,C01937,2025-12-15,Net Banking,Delivered,2025,12,December,Q4,2025-12,2025Q4
O002978,C00727,2025-10-01,Cash on Delivery,Delivered,2025,10,October,Q4,2025-10,2025Q4
O002979,C01552,2025-11-14,Debit Card,Delivered,2025,11,November,Q4,2025-11,2025Q4
O002980,C00383,2025-02-14,Net Banking,Delivered,2025,2,February,Q1,2025-02,2025Q1
O002981,C01477,2025-06-15,Debit Card,Delivered,2025,6,June,Q2,2025-06,2025Q2
O002982,C01114,2025-04-18,Debit Card,Delivered,2025,4,April,Q2,2025-04,2025Q2
O002983,C00393,2024-02-02,Cash on Delivery,Delivered,2024,2,February,Q1,2024-02,2024Q1
O002984,C01370,2025-04-16,UPI,Delivered,2025,4,April,Q2,2025-04,2025Q2
O002985,C00773,2024-12-14,Credit Card,Delivered,2024,12,December,Q4,2024-12,2024Q4
O002986,C01768,2024-05-10,Credit Card,Cancelled,2024,5,May,Q2,2024-05,2024Q2
O002987,C01967,2025-06-07,Cash on Delivery,Cancelled,2025,6,June,Q2,2025-06,2025Q2
O002988,C01877,2025-12-23,UPI,Delivered,2025,12,December,Q4,2025-12,2025Q4
O002989,C01497,2025-11-16,UPI,Delivered,2025,11,November,Q4,2025-11,2025Q4
O002990,C01139,2025-08-16,Net Banking,Cancelled,2025,8,August,Q3,2025-08,2025Q3
O002991,C00366,2025-02-10,Debit Card,Delivered,2025,2,February,Q1,2025-02,2025Q1
O002992,C01486,2025-12-03,Credit Card,Delivered,2025,12,December,Q4,2025-12,2025Q4
O002993,C01250,2024-06-23,UPI,Delivered,2024,6,June,Q2,2024-06,2024Q2
O002994,C00077,2024-05-15,UPI,Delivered,2024,5,May,Q2,2024-05,2024Q2
O002995,C01747,2024-02-28,Credit Card,Delivered,2024,2,February,Q1,2024-02,2024Q1
O002996,C01877,2024-10-12,Credit Card,Delivered,2024,10,October,Q4,2024-10,2024Q4
O002997,C01987,2025-10-13,Debit Card,Delivered,2025,10,October,Q4,2025-10,2025Q4
O002998,C01697,2024-04-13,Cash on Delivery,Delivered,2024,4,April,Q2,2024-04,2024Q2
O002999,C01203,2025-02-02,Debit Card,Delivered,2025,2,February,Q1,2025-02,2025Q1
O003000,C00809,2024-10-01,Debit Card,Delivered,2024,10,October,Q4,2024-10,2024Q4
O003001,C01651,2024-02-09,UPI,Delivered,2024,2,February,Q1,2024-02,2024Q1
O003002,C01457,2024-11-24,Credit Card,Cancelled,2024,11,November,Q4,2024-11,2024Q4
O003003,C00956,2025-01-19,Debit Card,Delivered,2025,1,January,Q1,2025-01,2025Q1
O003004,C01115,2024-10-21,UPI,Cancelled,2024,10,October,Q4,2024-10,2024Q4
O003005,C01999,2024-05-12,Credit Card,Delivered,2024,5,May,Q2,2024-05,2024Q2
O003006,C01216,2024-10-16,UPI,Delivered,2024,10,October,Q4,2024-10,2024Q4
O003007,C01009,2024-03-28,Credit Card,Delivered,2024,3,March,Q1,2024-03,2024Q1
O003008,C00830,2024-09-19,Debit Card,Delivered,2024,9,September,Q3,2024-09,2024Q3
O003009,C00081,2025-12-10,Net Banking,Delivered,2025,12,December,Q4,2025-12,2025Q4
O003010,C01482,2025-06-11,UPI,Delivered,2025,6,June,Q2,2025-06,2025Q2
O003011,C01881,2024-07-12,Cash on Delivery,Cancelled,2024,7,July,Q3,2024-07,2024Q3
O003012,C01018,2025-10-08,Debit Card,Delivered,2025,10,October,Q4,2025-10,2025Q4
O003013,C00196,2025-02-22,Debit Card,Cancelled,2025,2,February,Q1,2025-02,2025Q1
O003014,C01758,2025-10-22,Credit Card,Cancelled,2025,10,October,Q4,2025-10,2025Q4
O003015,C01476,2025-08-18,Cash on Delivery,Delivered,2025,8,August,Q3,2025-08,2025Q3
O003016,C00022,2025-10-28,Credit Card,Delivered,2025,10,October,Q4,2025-10,2025Q4
O003017,C01681,2024-04-01,UPI,Delivered,2024,4,April,Q2,2024-04,2024Q2
O003018,C01201,2024-08-13,UPI,Delivered,2024,8,August,Q3,2024-08,2024Q3
O003019,C01595,2024-08-20,Credit Card,Cancelled,2024,8,August,Q3,2024-08,2024Q3
O003020,C00262,2025-01-10,Cash on Delivery,Cancelled,2025,1,January,Q1,2025-01,2025Q1
O003021,C01894,2024-08-16,UPI,Delivered,2024,8,August,Q3,2024-08,2024Q3
O003022,C01410,2024-07-24,Credit Card,Delivered,2024,7,July,Q3,2024-07,2024Q3
O003023,C01305,2024-06-14,Cash on Delivery,Delivered,2024,6,June,Q2,2024-06,2024Q2
O003024,C01494,2024-01-02,Debit Card,Cancelled,2024,1,January,Q1,2024-01,2024Q1
O003025,C00246,2025-07-27,Cash on Delivery,Delivered,2025,7,July,Q3,2025-07,2025Q3
O003026,C01878,2025-05-05,UPI,Cancelled,2025,5,May,Q2,2025-05,2025Q2
O003027,C01393,2025-03-17,Credit Card,Delivered,2025,3,March,Q1,2025-03,2025Q1
O003028,C00754,2024-11-01,Cash on Delivery,Delivered,2024,11,November,Q4,2024-11,2024Q4
O003029,C00275,2024-06-17,UPI,Delivered,2024,6,June,Q2,2024-06,2024Q2
O003030,C00638,2025-12-17,Cash on Delivery,Delivered,2025,12,December,Q4,2025-12,2025Q4
O003031,C01656,2024-08-24,UPI,Cancelled,2024,8,August,Q3,2024-08,2024Q3
O003032,C01310,2025-12-22,Cash on Delivery,Delivered,2025,12,December,Q4,2025-12,2025Q4
O003033,C00223,2025-12-25,Cash on Delivery,Delivered,2025,12,December,Q4,2025-12,2025Q4
O003034,C00463,2025-05-14,Credit Card,Delivered,2025,5,May,Q2,2025-05,2025Q2
O003035,C01086,2025-02-04,Credit Card,Delivered,2025,2,February,Q1,2025-02,2025Q1
O003036,C01202,2025-10-03,Credit Card,Delivered,2025,10,October,Q4,2025-10,2025Q4
O003037,C00399,2025-11-24,UPI,Delivered,2025,11,November,Q4,2025-11,2025Q4
O003038,C01929,2024-01-28,Credit Card,Cancelled,2024,1,January,Q1,2024-01,2024Q1
O003039,C01233,2025-12-27,Cash on Delivery,Delivered,2025,12,December,Q4,2025-12,2025Q4
O003040,C00151,2024-12-25,UPI,Delivered,2024,12,December,Q4,2024-12,2024Q4
O003041,C00687,2025-11-24,Debit Card,Delivered,2025,11,November,Q4,2025-11,2025Q4
O003042,C00158,2025-04-24,UPI,Delivered,2025,4,April,Q2,2025-04,2025Q2
O003043,C01425,2025-10-20,Cash on Delivery,Delivered,2025,10,October,Q4,2025-10,2025Q4
O003044,C00267,2025-01-14,Cash on Delivery,Cancelled,2025,1,January,Q1,2025-01,2025Q1
O003045,C00835,2024-02-14,Cash on Delivery,Delivered,2024,2,February,Q1,2024-02,2024Q1
O003046,C01699,2024-10-03,Debit Card,Delivered,2024,10,October,Q4,2024-10,2024Q4
O003047,C01594,2024-01-05,Debit Card,Delivered,2024,1,January,Q1,2024-01,2024Q1
O003048,C01009,2025-04-23,Net Banking,Delivered,2025,4,April,Q2,2025-04,2025Q2
O003049,C00892,2024-12-23,Cash on Delivery,Delivered,2024,12,December,Q4,2024-12,2024Q4
O003050,C01064,2024-09-12,Net Banking,Delivered,2024,9,September,Q3,2024-09,2024Q3
O003051,C01529,2024-08-19,Credit Card,Delivered,2024,8,August,Q3,2024-08,2024Q3
O003052,C01599,2024-10-01,Cash on Delivery,Delivered,2024,10,October,Q4,2024-10,2024Q4
O003053,C01934,2024-03-24,Credit Card,Delivered,2024,3,March,Q1,2024-03,2024Q1
O003054,C01066,2024-01-05,Cash on Delivery,Delivered,2024,1,January,Q1,2024-01,2024Q1
O003055,C00800,2024-09-28,Credit Card,Cancelled,2024,9,September,Q3,2024-09,2024Q3
O003056,C00182,2025-11-22,Cash on Delivery,Delivered,2025,11,November,Q4,2025-11,2025Q4
O003057,C00792,2025-07-15,Credit Card,Delivered,2025,7,July,Q3,2025-07,2025Q3
O003058,C00149,2024-05-24,Debit Card,Delivered,2024,5,May,Q2,2024-05,2024Q2
O003059,C00205,2024-11-08,Cash on Delivery,Delivered,2024,11,November,Q4,2024-11,2024Q4
O003060,C00521,2024-10-02,Debit Card,Delivered,2024,10,October,Q4,2024-10,2024Q4
O003061,C00107,2024-01-07,Net Banking,Cancelled,2024,1,January,Q1,2024-01,2024Q1
O003062,C01127,2024-03-19,UPI,Cancelled,2024,3,March,Q1,2024-03,2024Q1
O003063,C00223,2024-11-30,Net Banking,Delivered,2024,11,November,Q4,2024-11,2024Q4
O003064,C00870,2025-01-17,Cash on Delivery,Delivered,2025,1,January,Q1,2025-01,2025Q1
O003065,C01273,2024-06-02,UPI,Cancelled,2024,6,June,Q2,2024-06,2024Q2
O003066,C01703,2024-03-06,Credit Card,Delivered,2024,3,March,Q1,2024-03,2024Q1
O003067,C00238,2025-02-14,Credit Card,Delivered,2025,2,February,Q1,2025-02,2025Q1
O003068,C01836,2025-02-03,Cash on Delivery,Delivered,2025,2,February,Q1,2025-02,2025Q1
O003069,C01626,2025-11-28,Debit Card,Delivered,2025,11,November,Q4,2025-11,2025Q4
O003070,C01598,2024-04-29,Credit Card,Delivered,2024,4,April,Q2,2024-04,2024Q2
O003071,C00612,2024-11-15,Credit Card,Delivered,2024,11,November,Q4,2024-11,2024Q4
O003072,C01768,2024-04-06,Debit Card,Cancelled,2024,4,April,Q2,2024-04,2024Q2
O003073,C01509,2025-12-10,Cash on Delivery,Delivered,2025,12,December,Q4,2025-12,2025Q4
O003074,C00835,2025-01-13,UPI,Delivered,2025,1,January,Q1,2025-01,2025Q1
O003075,C01322,2024-01-06,Credit Card,Delivered,2024,1,January,Q1,2024-01,2024Q1
O003076,C00110,2024-04-30,UPI,Delivered,2024,4,April,Q2,2024-04,2024Q2
O003077,C00925,2025-08-20,UPI,Cancelled,2025,8,August,Q3,2025-08,2025Q3
O003078,C01684,2025-05-25,UPI,Cancelled,2025,5,May,Q2,2025-05,2025Q2
O003079,C00755,2024-07-13,Cash on Delivery,Cancelled,2024,7,July,Q3,2024-07,2024Q3
O003080,C01450,2024-06-24,UPI,Delivered,2024,6,June,Q2,2024-06,2024Q2
O003081,C00586,2024-12-31,Cash on Delivery,Delivered,2024,12,December,Q4,2024-12,2024Q4
O003082,C01915,2024-11-03,UPI,Delivered,2024,11,November,Q4,2024-11,2024Q4
O003083,C00523,2024-10-17,Cash on Delivery,Delivered,2024,10,October,Q4,2024-10,2024Q4
O003084,C00826,2024-08-20,Cash on Delivery,Cancelled,2024,8,August,Q3,2024-08,2024Q3
O003085,C01278,2024-10-10,Net Banking,Cancelled,2024,10,October,Q4,2024-10,2024Q4
O003086,C01173,2024-11-28,Net Banking,Delivered,2024,11,November,Q4,2024-11,2024Q4
O003087,C01701,2025-11-23,Credit Card,Cancelled,2025,11,November,Q4,2025-11,2025Q4
O003088,C01556,2024-05-21,Cash on Delivery,Delivered,2024,5,May,Q2,2024-05,2024Q2
O003089,C00184,2025-02-20,Cash on Delivery,Delivered,2025,2,February,Q1,2025-02,2025Q1
O003090,C00298,2025-09-22,Debit Card,Delivered,2025,9,September,Q3,2025-09,2025Q3
O003091,C01187,2024-07-28,Credit Card,Cancelled,2024,7,July,Q3,2024-07,2024Q3
O003092,C00509,2024-03-25,UPI,Cancelled,2024,3,March,Q1,2024-03,2024Q1
O003093,C00211,2024-12-06,UPI,Cancelled,2024,12,December,Q4,2024-12,2024Q4
O003094,C01818,2025-05-24,UPI,Cancelled,2025,5,May,Q2,2025-05,2025Q2
O003095,C01623,2025-10-13,Credit Card,Delivered,2025,10,October,Q4,2025-10,2025Q4
O003096,C01824,2024-12-07,Credit Card,Delivered,2024,12,December,Q4,2024-12,2024Q4
O003097,C00379,2024-05-05,Credit Card,Delivered,2024,5,May,Q2,2024-05,2024Q2
O003098,C01599,2024-04-18,UPI,Delivered,2024,4,April,Q2,2024-04,2024Q2
O003099,C00828,2024-10-01,Credit Card,Delivered,2024,10,October,Q4,2024-10,2024Q4
O003100,C00836,2025-08-03,Cash on Delivery,Delivered,2025,8,August,Q3,2025-08,2025Q3
O003101,C01143,2024-12-03,Net Banking,Delivered,2024,12,December,Q4,2024-12,2024Q4
O003102,C00816,2024-01-05,UPI,Delivered,2024,1,January,Q1,2024-01,2024Q1
O003103,C01565,2024-10-06,Net Banking,Delivered,2024,10,October,Q4,2024-10,2024Q4
O003104,C01315,2025-11-17,Credit Card,Delivered,2025,11,November,Q4,2025-11,2025Q4
O003105,C00634,2025-11-07,Cash on Delivery,Delivered,2025,11,November,Q4,2025-11,2025Q4
O003106,C01065,2025-07-04,Cash on Delivery,Delivered,2025,7,July,Q3,2025-07,2025Q3
O003107,C00668,2024-06-03,Cash on Delivery,Delivered,2024,6,June,Q2,2024-06,2024Q2
O003108,C01332,2024-03-26,UPI,Cancelled,2024,3,March,Q1,2024-03,2024Q1
O003109,C00284,2024-05-27,Net Banking,Cancelled,2024,5,May,Q2,2024-05,2024Q2
O003110,C01551,2024-08-09,UPI,Delivered,2024,8,August,Q3,2024-08,2024Q3
O003111,C01696,2024-02-01,UPI,Delivered,2024,2,February,Q1,2024-02,2024Q1
O003112,C01967,2024-04-13,Net Banking,Delivered,2024,4,April,Q2,2024-04,2024Q2
O003113,C00292,2024-11-02,Cash on Delivery,Cancelled,2024,11,November,Q4,2024-11,2024Q4
O003114,C01250,2024-11-23,Net Banking,Delivered,2024,11,November,Q4,2024-11,2024Q4
O003115,C00062,2025-07-31,Credit Card,Delivered,2025,7,July,Q3,2025-07,2025Q3
O003116,C00832,2024-09-14,Credit Card,Delivered,2024,9,September,Q3,2024-09,2024Q3
O003117,C01116,2025-11-30,Credit Card,Delivered,2025,11,November,Q4,2025-11,2025Q4
O003118,C01354,2024-01-25,UPI,Cancelled,2024,1,January,Q1,2024-01,2024Q1
O003119,C00784,2024-05-04,Credit Card,Delivered,2024,5,May,Q2,2024-05,2024Q2
O003120,C00834,2025-06-01,Debit Card,Delivered,2025,6,June,Q2,2025-06,2025Q2
O003121,C00031,2024-06-03,Cash on Delivery,Delivered,2024,6,June,Q2,2024-06,2024Q2
O003122,C01657,2025-01-07,Credit Card,Delivered,2025,1,January,Q1,2025-01,2025Q1
O003123,C01570,2025-05-31,Credit Card,Cancelled,2025,5,May,Q2,2025-05,2025Q2
O003124,C00643,2024-07-25,Cash on Delivery,Delivered,2024,7,July,Q3,2024-07,2024Q3
O003125,C01892,2024-04-02,UPI,Delivered,2024,4,April,Q2,2024-04,2024Q2
O003126,C01728,2024-11-23,Credit Card,Delivered,2024,11,November,Q4,2024-11,2024Q4
O003127,C00817,2025-01-14,Cash on Delivery,Delivered,2025,1,January,Q1,2025-01,2025Q1
O003128,C00493,2025-03-03,Debit Card,Delivered,2025,3,March,Q1,2025-03,2025Q1
O003129,C01741,2025-01-19,Debit Card,Delivered,2025,1,January,Q1,2025-01,2025Q1
O003130,C01751,2025-09-13,UPI,Delivered,2025,9,September,Q3,2025-09,2025Q3
O003131,C00980,2025-06-13,Credit Card,Delivered,2025,6,June,Q2,2025-06,2025Q2
O003132,C00014,2025-07-08,Net Banking,Cancelled,2025,7,July,Q3,2025-07,2025Q3
O003133,C00890,2024-04-08,Debit Card,Delivered,2024,4,April,Q2,2024-04,2024Q2
O003134,C00129,2024-09-09,UPI,Delivered,2024,9,September,Q3,2024-09,2024Q3
O003135,C01708,2025-08-06,Cash on Delivery,Delivered,2025,8,August,Q3,2025-08,2025Q3
O003136,C01032,2025-08-16,Credit Card,Delivered,2025,8,August,Q3,2025-08,2025Q3
O003137,C00167,2025-08-29,Net Banking,Cancelled,2025,8,August,Q3,2025-08,2025Q3
O003138,C00686,2025-11-15,UPI,Delivered,2025,11,November,Q4,2025-11,2025Q4
O003139,C01937,2024-11-06,UPI,Delivered,2024,11,November,Q4,2024-11,2024Q4
O003140,C01081,2025-01-24,UPI,Cancelled,2025,1,January,Q1,2025-01,2025Q1
O003141,C01328,2025-07-17,UPI,Delivered,2025,7,July,Q3,2025-07,2025Q3
O003142,C01290,2025-12-18,Cash on Delivery,Delivered,2025,12,December,Q4,2025-12,2025Q4
O003143,C01757,2025-07-30,Cash on Delivery,Delivered,2025,7,July,Q3,2025-07,2025Q3
O003144,C00929,2025-10-16,Net Banking,Delivered,2025,10,October,Q4,2025-10,2025Q4
O003145,C01768,2025-10-03,Debit Card,Delivered,2025,10,October,Q4,2025-10,2025Q4
O003146,C01786,2024-10-29,Cash on Delivery,Delivered,2024,10,October,Q4,2024-10,2024Q4
O003147,C01315,2024-04-12,Credit Card,Delivered,2024,4,April,Q2,2024-04,2024Q2
O003148,C00104,2024-03-26,Debit Card,Delivered,2024,3,March,Q1,2024-03,2024Q1
O003149,C01306,2024-03-24,Debit Card,Delivered,2024,3,March,Q1,2024-03,2024Q1
O003150,C00035,2025-09-07,Cash on Delivery,Delivered,2025,9,September,Q3,2025-09,2025Q3
O003151,C00907,2024-01-17,Debit Card,Delivered,2024,1,January,Q1,2024-01,2024Q1
O003152,C00333,2024-04-07,UPI,Delivered,2024,4,April,Q2,2024-04,2024Q2
O003153,C01814,2024-04-30,UPI,Delivered,2024,4,April,Q2,2024-04,2024Q2
O003154,C01563,2024-09-24,Net Banking,Delivered,2024,9,September,Q3,2024-09,2024Q3
O003155,C01222,2025-01-23,Credit Card,Delivered,2025,1,January,Q1,2025-01,2025Q1
O003156,C00040,2024-01-11,Cash on Delivery,Delivered,2024,1,January,Q1,2024-01,2024Q1
O003157,C01528,2025-08-19,Cash on Delivery,Delivered,2025,8,August,Q3,2025-08,2025Q3
O003158,C01890,2025-06-15,Net Banking,Delivered,2025,6,June,Q2,2025-06,2025Q2
O003159,C00330,2024-07-02,Credit Card,Cancelled,2024,7,July,Q3,2024-07,2024Q3
O003160,C00137,2024-02-10,Debit Card,Delivered,2024,2,February,Q1,2024-02,2024Q1
O003161,C00814,2025-06-10,Net Banking,Cancelled,2025,6,June,Q2,2025-06,2025Q2
O003162,C00539,2025-10-06,UPI,Delivered,2025,10,October,Q4,2025-10,2025Q4
O003163,C00407,2024-09-22,Credit Card,Delivered,2024,9,September,Q3,2024-09,2024Q3
O003164,C00183,2024-11-29,Credit Card,Delivered,2024,11,November,Q4,2024-11,2024Q4
O003165,C00733,2025-04-08,Credit Card,Delivered,2025,4,April,Q2,2025-04,2025Q2
O003166,C00707,2025-07-26,Cash on Delivery,Delivered,2025,7,July,Q3,2025-07,2025Q3
O003167,C00223,2024-01-07,Net Banking,Cancelled,2024,1,January,Q1,2024-01,2024Q1
O003168,C01899,2024-12-03,UPI,Delivered,2024,12,December,Q4,2024-12,2024Q4
O003169,C00420,2025-01-07,Cash on Delivery,Delivered,2025,1,January,Q1,2025-01,2025Q1
O003170,C01389,2024-08-12,UPI,Delivered,2024,8,August,Q3,2024-08,2024Q3
O003171,C01235,2024-08-07,Credit Card,Delivered,2024,8,August,Q3,2024-08,2024Q3
O003172,C00778,2025-01-12,UPI,Delivered,2025,1,January,Q1,2025-01,2025Q1
O003173,C00488,2024-03-05,Cash on Delivery,Delivered,2024,3,March,Q1,2024-03,2024Q1
O003174,C00272,2025-08-14,Net Banking,Delivered,2025,8,August,Q3,2025-08,2025Q3
O003175,C01119,2024-11-29,Cash on Delivery,Delivered,2024,11,November,Q4,2024-11,2024Q4
O003176,C00771,2024-07-11,UPI,Delivered,2024,7,July,Q3,2024-07,2024Q3
O003177,C00447,2025-04-24,Credit Card,Cancelled,2025,4,April,Q2,2025-04,2025Q2
O003178,C00608,2024-04-28,Debit Card,Delivered,2024,4,April,Q2,2024-04,2024Q2
O003179,C01214,2025-07-20,UPI,Delivered,2025,7,July,Q3,2025-07,2025Q3
O003180,C01771,2025-02-01,Debit Card,Delivered,2025,2,February,Q1,2025-02,2025Q1
O003181,C00289,2024-05-25,Net Banking,Delivered,2024,5,May,Q2,2024-05,2024Q2
O003182,C01046,2024-07-12,UPI,Delivered,2024,7,July,Q3,2024-07,2024Q3
O003183,C00884,2024-08-06,Debit Card,Delivered,2024,8,August,Q3,2024-08,2024Q3
O003184,C00109,2025-08-18,Credit Card,Delivered,2025,8,August,Q3,2025-08,2025Q3
O003185,C00420,2024-03-30,Net Banking,Delivered,2024,3,March,Q1,2024-03,2024Q1
O003186,C00816,2025-11-02,Net Banking,Cancelled,2025,11,November,Q4,2025-11,2025Q4
O003187,C00222,2024-07-23,Credit Card,Delivered,2024,7,July,Q3,2024-07,2024Q3
O003188,C01518,2025-06-28,Net Banking,Cancelled,2025,6,June,Q2,2025-06,2025Q2
O003189,C00349,2024-07-11,Cash on Delivery,Delivered,2024,7,July,Q3,2024-07,2024Q3
O003190,C00029,2025-06-01,Credit Card,Delivered,2025,6,June,Q2,2025-06,2025Q2
O003191,C01799,2025-09-29,Net Banking,Cancelled,2025,9,September,Q3,2025-09,2025Q3
O003192,C01099,2024-11-29,Credit Card,Delivered,2024,11,November,Q4,2024-11,2024Q4
O003193,C01287,2024-06-03,Credit Card,Delivered,2024,6,June,Q2,2024-06,2024Q2
O003194,C01064,2025-01-03,Cash on Delivery,Delivered,2025,1,January,Q1,2025-01,2025Q1
O003195,C00352,2025-07-02,Cash on Delivery,Cancelled,2025,7,July,Q3,2025-07,2025Q3
O003196,C00697,2025-08-30,Net Banking,Cancelled,2025,8,August,Q3,2025-08,2025Q3
O003197,C00897,2025-09-21,Credit Card,Delivered,2025,9,September,Q3,2025-09,2025Q3
O003198,C01775,2024-03-21,Credit Card,Cancelled,2024,3,March,Q1,2024-03,2024Q1
O003199,C00498,2025-06-28,UPI,Cancelled,2025,6,June,Q2,2025-06,2025Q2
O003200,C00363,2025-07-21,Credit Card,Delivered,2025,7,July,Q3,2025-07,2025Q3
O003201,C00837,2025-01-25,UPI,Delivered,2025,1,January,Q1,2025-01,2025Q1
O003202,C01173,2025-04-19,Net Banking,Delivered,2025,4,April,Q2,2025-04,2025Q2
O003203,C01010,2024-05-20,Cash on Delivery,Cancelled,2024,5,May,Q2,2024-05,2024Q2
O003204,C01473,2024-05-26,Net Banking,Delivered,2024,5,May,Q2,2024-05,2024Q2
O003205,C01395,2025-10-25,UPI,Delivered,2025,10,October,Q4,2025-10,2025Q4
O003206,C00980,2025-04-04,UPI,Delivered,2025,4,April,Q2,2025-04,2025Q2
O003207,C01764,2025-05-03,Cash on Delivery,Delivered,2025,5,May,Q2,2025-05,2025Q2
O003208,C01844,2025-05-07,Net Banking,Cancelled,2025,5,May,Q2,2025-05,2025Q2
O003209,C01598,2024-04-25,Credit Card,Delivered,2024,4,April,Q2,2024-04,2024Q2
O003210,C00748,2024-06-27,UPI,Delivered,2024,6,June,Q2,2024-06,2024Q2
O003211,C01108,2024-04-03,UPI,Delivered,2024,4,April,Q2,2024-04,2024Q2
O003212,C00370,2024-04-12,Credit Card,Delivered,2024,4,April,Q2,2024-04,2024Q2
O003213,C00672,2024-11-07,Credit Card,Delivered,2024,11,November,Q4,2024-11,2024Q4
O003214,C00806,2024-01-30,Debit Card,Delivered,2024,1,January,Q1,2024-01,2024Q1
O003215,C00031,2024-07-31,Debit Card,Cancelled,2024,7,July,Q3,2024-07,2024Q3
O003216,C00917,2024-05-29,Cash on Delivery,Delivered,2024,5,May,Q2,2024-05,2024Q2
O003217,C00830,2025-12-22,Credit Card,Delivered,2025,12,December,Q4,2025-12,2025Q4
O003218,C01071,2024-04-23,Debit Card,Delivered,2024,4,April,Q2,2024-04,2024Q2
O003219,C00149,2024-11-27,Cash on Delivery,Delivered,2024,11,November,Q4,2024-11,2024Q4
O003220,C00671,2024-01-14,Cash on Delivery,Delivered,2024,1,January,Q1,2024-01,2024Q1
O003221,C01985,2025-04-23,Credit Card,Cancelled,2025,4,April,Q2,2025-04,2025Q2
O003222,C01956,2024-06-04,UPI,Cancelled,2024,6,June,Q2,2024-06,2024Q2
O003223,C01095,2024-03-11,Debit Card,Delivered,2024,3,March,Q1,2024-03,2024Q1
O003224,C00881,2025-11-02,Debit Card,Cancelled,2025,11,November,Q4,2025-11,2025Q4
O003225,C00592,2024-02-09,Cash on Delivery,Delivered,2024,2,February,Q1,2024-02,2024Q1
O003226,C01952,2024-10-22,UPI,Delivered,2024,10,October,Q4,2024-10,2024Q4
O003227,C01743,2024-11-12,Credit Card,Delivered,2024,11,November,Q4,2024-11,2024Q4
O003228,C01949,2025-02-11,Cash on Delivery,Delivered,2025,2,February,Q1,2025-02,2025Q1
O003229,C01357,2024-08-26,Cash on Delivery,Delivered,2024,8,August,Q3,2024-08,2024Q3
O003230,C01997,2025-06-27,Cash on Delivery,Delivered,2025,6,June,Q2,2025-06,2025Q2
O003231,C01040,2025-05-06,Cash on Delivery,Delivered,2025,5,May,Q2,2025-05,2025Q2
O003232,C00611,2024-06-28,Cash on Delivery,Delivered,2024,6,June,Q2,2024-06,2024Q2
O003233,C01733,2024-06-21,Debit Card,Cancelled,2024,6,June,Q2,2024-06,2024Q2
O003234,C01134,2024-09-18,Debit Card,Delivered,2024,9,September,Q3,2024-09,2024Q3
O003235,C00581,2024-11-26,Debit Card,Delivered,2024,11,November,Q4,2024-11,2024Q4
O003236,C01283,2025-01-07,Cash on Delivery,Cancelled,2025,1,January,Q1,2025-01,2025Q1
O003237,C00938,2024-02-17,UPI,Delivered,2024,2,February,Q1,2024-02,2024Q1
O003238,C00188,2025-01-31,Credit Card,Delivered,2025,1,January,Q1,2025-01,2025Q1
O003239,C00482,2024-11-27,Cash on Delivery,Delivered,2024,11,November,Q4,2024-11,2024Q4
O003240,C00917,2025-05-15,Credit Card,Delivered,2025,5,May,Q2,2025-05,2025Q2
O003241,C01105,2024-02-10,Debit Card,Delivered,2024,2,February,Q1,2024-02,2024Q1
O003242,C00054,2024-08-24,Cash on Delivery,Delivered,2024,8,August,Q3,2024-08,2024Q3
O003243,C00563,2024-03-26,Net Banking,Delivered,2024,3,March,Q1,2024-03,2024Q1
O003244,C01974,2024-07-28,Debit Card,Delivered,2024,7,July,Q3,2024-07,2024Q3
O003245,C01014,2024-10-09,Debit Card,Delivered,2024,10,October,Q4,2024-10,2024Q4
O003246,C00788,2024-08-05,Cash on Delivery,Delivered,2024,8,August,Q3,2024-08,2024Q3
O003247,C01756,2024-09-29,Net Banking,Delivered,2024,9,September,Q3,2024-09,2024Q3
O003248,C01036,2025-07-06,Credit Card,Delivered,2025,7,July,Q3,2025-07,2025Q3
O003249,C01715,2024-11-20,Credit Card,Delivered,2024,11,November,Q4,2024-11,2024Q4
O003250,C01058,2024-07-10,Credit Card,Delivered,2024,7,July,Q3,2024-07,2024Q3
O003251,C01536,2024-09-05,UPI,Cancelled,2024,9,September,Q3,2024-09,2024Q3
O003252,C00652,2025-11-26,Cash on Delivery,Delivered,2025,11,November,Q4,2025-11,2025Q4
O003253,C00817,2024-02-06,Credit Card,Delivered,2024,2,February,Q1,2024-02,2024Q1
O003254,C00756,2024-05-21,UPI,Delivered,2024,5,May,Q2,2024-05,2024Q2
O003255,C01809,2024-02-01,UPI,Delivered,2024,2,February,Q1,2024-02,2024Q1
O003256,C01548,2024-01-01,Net Banking,Delivered,2024,1,January,Q1,2024-01,2024Q1
O003257,C01491,2024-02-10,Net Banking,Delivered,2024,2,February,Q1,2024-02,2024Q1
O003258,C01166,2025-05-27,UPI,Delivered,2025,5,May,Q2,2025-05,2025Q2
O003259,C00344,2025-08-01,Debit Card,Cancelled,2025,8,August,Q3,2025-08,2025Q3
O003260,C00361,2024-09-06,Cash on Delivery,Delivered,2024,9,September,Q3,2024-09,2024Q3
O003261,C01746,2024-06-13,Debit Card,Delivered,2024,6,June,Q2,2024-06,2024Q2
O003262,C00515,2024-08-09,UPI,Cancelled,2024,8,August,Q3,2024-08,2024Q3
O003263,C00806,2025-01-01,Credit Card,Delivered,2025,1,January,Q1,2025-01,2025Q1
O003264,C00402,2024-08-05,UPI,Cancelled,2024,8,August,Q3,2024-08,2024Q3
O003265,C00603,2025-12-06,Credit Card,Delivered,2025,12,December,Q4,2025-12,2025Q4
O003266,C01299,2025-04-16,Cash on Delivery,Cancelled,2025,4,April,Q2,2025-04,2025Q2
O003267,C01515,2024-03-19,Debit Card,Delivered,2024,3,March,Q1,2024-03,2024Q1
O003268,C01617,2024-11-30,Credit Card,Delivered,2024,11,November,Q4,2024-11,2024Q4
O003269,C01775,2024-05-23,Credit Card,Cancelled,2024,5,May,Q2,2024-05,2024Q2
O003270,C01968,2024-07-14,Cash on Delivery,Delivered,2024,7,July,Q3,2024-07,2024Q3
O003271,C00697,2025-01-16,Net Banking,Delivered,2025,1,January,Q1,2025-01,2025Q1
O003272,C00534,2024-10-09,UPI,Delivered,2024,10,October,Q4,2024-10,2024Q4
O003273,C00383,2024-09-16,Cash on Delivery,Delivered,2024,9,September,Q3,2024-09,2024Q3
O003274,C01480,2024-08-24,Cash on Delivery,Delivered,2024,8,August,Q3,2024-08,2024Q3
O003275,C00365,2024-03-27,Debit Card,Delivered,2024,3,March,Q1,2024-03,2024Q1
O003276,C00344,2024-03-16,Cash on Delivery,Delivered,2024,3,March,Q1,2024-03,2024Q1
O003277,C00827,2025-06-03,Net Banking,Delivered,2025,6,June,Q2,2025-06,2025Q2
O003278,C01779,2024-01-11,Debit Card,Delivered,2024,1,January,Q1,2024-01,2024Q1
O003279,C01085,2025-06-14,Cash on Delivery,Delivered,2025,6,June,Q2,2025-06,2025Q2
O003280,C00210,2025-03-04,Credit Card,Cancelled,2025,3,March,Q1,2025-03,2025Q1
O003281,C00218,2025-08-21,Cash on Delivery,Delivered,2025,8,August,Q3,2025-08,2025Q3
O003282,C00757,2025-10-31,Credit Card,Delivered,2025,10,October,Q4,2025-10,2025Q4
O003283,C01063,2024-04-11,UPI,Delivered,2024,4,April,Q2,2024-04,2024Q2
O003284,C01945,2024-09-14,Cash on Delivery,Delivered,2024,9,September,Q3,2024-09,2024Q3
O003285,C00033,2024-10-07,Cash on Delivery,Delivered,2024,10,October,Q4,2024-10,2024Q4
O003286,C01549,2025-07-29,Net Banking,Delivered,2025,7,July,Q3,2025-07,2025Q3
O003287,C01690,2025-09-21,Debit Card,Delivered,2025,9,September,Q3,2025-09,2025Q3
O003288,C00016,2024-10-07,UPI,Cancelled,2024,10,October,Q4,2024-10,2024Q4
O003289,C00246,2025-07-31,Cash on Delivery,Cancelled,2025,7,July,Q3,2025-07,2025Q3
O003290,C01689,2025-08-27,Debit Card,Delivered,2025,8,August,Q3,2025-08,2025Q3
O003291,C01872,2025-04-02,Net Banking,Cancelled,2025,4,April,Q2,2025-04,2025Q2
O003292,C00992,2025-02-14,UPI,Delivered,2025,2,February,Q1,2025-02,2025Q1
O003293,C01069,2025-04-14,Debit Card,Cancelled,2025,4,April,Q2,2025-04,2025Q2
O003294,C00484,2024-10-15,UPI,Delivered,2024,10,October,Q4,2024-10,2024Q4
O003295,C00177,2024-07-04,Debit Card,Delivered,2024,7,July,Q3,2024-07,2024Q3
O003296,C00808,2025-05-20,UPI,Delivered,2025,5,May,Q2,2025-05,2025Q2
O003297,C00602,2024-08-02,Debit Card,Delivered,2024,8,August,Q3,2024-08,2024Q3
O003298,C01695,2024-06-12,UPI,Delivered,2024,6,June,Q2,2024-06,2024Q2
O003299,C00444,2025-03-29,Cash on Delivery,Delivered,2025,3,March,Q1,2025-03,2025Q1
O003300,C01269,2024-10-25,Cash on Delivery,Delivered,2024,10,October,Q4,2024-10,2024Q4
O003301,C00975,2024-03-08,Debit Card,Cancelled,2024,3,March,Q1,2024-03,2024Q1
O003302,C00200,2025-11-20,Credit Card,Delivered,2025,11,November,Q4,2025-11,2025Q4
O003303,C00917,2024-03-23,Cash on Delivery,Delivered,2024,3,March,Q1,2024-03,2024Q1
O003304,C00033,2024-04-11,Cash on Delivery,Delivered,2024,4,April,Q2,2024-04,2024Q2
O003305,C01952,2025-05-03,Cash on Delivery,Delivered,2025,5,May,Q2,2025-05,2025Q2
O003306,C00581,2025-07-30,UPI,Delivered,2025,7,July,Q3,2025-07,2025Q3
O003307,C01590,2025-04-12,Debit Card,Delivered,2025,4,April,Q2,2025-04,2025Q2
O003308,C00936,2024-04-03,Net Banking,Cancelled,2024,4,April,Q2,2024-04,2024Q2
O003309,C01084,2024-02-01,Net Banking,Delivered,2024,2,February,Q1,2024-02,2024Q1
O003310,C01426,2025-03-31,Cash on Delivery,Cancelled,2025,3,March,Q1,2025-03,2025Q1
O003311,C00969,2025-12-09,Credit Card,Cancelled,2025,12,December,Q4,2025-12,2025Q4
O003312,C01501,2025-11-17,Net Banking,Delivered,2025,11,November,Q4,2025-11,2025Q4
O003313,C00014,2025-05-23,UPI,Delivered,2025,5,May,Q2,2025-05,2025Q2
O003314,C00482,2025-09-26,Cash on Delivery,Cancelled,2025,9,September,Q3,2025-09,2025Q3
O003315,C01143,2024-05-27,Debit Card,Delivered,2024,5,May,Q2,2024-05,2024Q2
O003316,C00334,2024-05-29,Cash on Delivery,Delivered,2024,5,May,Q2,2024-05,2024Q2
O003317,C01142,2025-07-01,Net Banking,Delivered,2025,7,July,Q3,2025-07,2025Q3
O003318,C00120,2024-12-12,Cash on Delivery,Cancelled,2024,12,December,Q4,2024-12,2024Q4
O003319,C01038,2025-12-19,Net Banking,Delivered,2025,12,December,Q4,2025-12,2025Q4
O003320,C01104,2024-03-17,Net Banking,Delivered,2024,3,March,Q1,2024-03,2024Q1
O003321,C00612,2024-02-28,Credit Card,Delivered,2024,2,February,Q1,2024-02,2024Q1
O003322,C01010,2025-02-28,Debit Card,Cancelled,2025,2,February,Q1,2025-02,2025Q1
O003323,C00691,2025-04-25,Debit Card,Cancelled,2025,4,April,Q2,2025-04,2025Q2
O003324,C01295,2024-09-23,Credit Card,Cancelled,2024,9,September,Q3,2024-09,2024Q3
O003325,C00865,2024-08-22,Debit Card,Delivered,2024,8,August,Q3,2024-08,2024Q3
O003326,C01614,2025-07-17,Cash on Delivery,Delivered,2025,7,July,Q3,2025-07,2025Q3
O003327,C00365,2025-01-03,Cash on Delivery,Delivered,2025,1,January,Q1,2025-01,2025Q1
O003328,C00624,2025-08-14,Cash on Delivery,Delivered,2025,8,August,Q3,2025-08,2025Q3
O003329,C01982,2024-06-05,UPI,Delivered,2024,6,June,Q2,2024-06,2024Q2
O003330,C00681,2025-02-18,UPI,Delivered,2025,2,February,Q1,2025-02,2025Q1
O003331,C01910,2025-07-13,Cash on Delivery,Delivered,2025,7,July,Q3,2025-07,2025Q3
O003332,C00088,2024-04-29,UPI,Delivered,2024,4,April,Q2,2024-04,2024Q2
O003333,C00763,2024-02-04,Credit Card,Cancelled,2024,2,February,Q1,2024-02,2024Q1
O003334,C01326,2024-04-09,Credit Card,Delivered,2024,4,April,Q2,2024-04,2024Q2
O003335,C01963,2024-05-28,UPI,Delivered,2024,5,May,Q2,2024-05,2024Q2
O003336,C01637,2024-11-20,Debit Card,Delivered,2024,11,November,Q4,2024-11,2024Q4
O003337,C00142,2025-03-03,Credit Card,Delivered,2025,3,March,Q1,2025-03,2025Q1
O003338,C00697,2025-07-06,Net Banking,Delivered,2025,7,July,Q3,2025-07,2025Q3
O003339,C01069,2024-07-15,Credit Card,Delivered,2024,7,July,Q3,2024-07,2024Q3
O003340,C01138,2025-11-23,Credit Card,Delivered,2025,11,November,Q4,2025-11,2025Q4
O003341,C00582,2025-11-12,UPI,Cancelled,2025,11,November,Q4,2025-11,2025Q4
O003342,C01075,2025-08-12,Debit Card,Delivered,2025,8,August,Q3,2025-08,2025Q3
O003343,C01202,2025-10-24,Cash on Delivery,Delivered,2025,10,October,Q4,2025-10,2025Q4
O003344,C00296,2025-10-19,Debit Card,Delivered,2025,10,October,Q4,2025-10,2025Q4
O003345,C00867,2025-12-05,Net Banking,Delivered,2025,12,December,Q4,2025-12,2025Q4
O003346,C01474,2025-03-11,Net Banking,Delivered,2025,3,March,Q1,2025-03,2025Q1
O003347,C00307,2024-09-26,Cash on Delivery,Delivered,2024,9,September,Q3,2024-09,2024Q3
O003348,C00751,2025-11-26,Net Banking,Delivered,2025,11,November,Q4,2025-11,2025Q4
O003349,C01883,2024-10-11,Credit Card,Delivered,2024,10,October,Q4,2024-10,2024Q4
O003350,C01945,2024-12-14,UPI,Cancelled,2024,12,December,Q4,2024-12,2024Q4
O003351,C00448,2025-05-04,Cash on Delivery,Delivered,2025,5,May,Q2,2025-05,2025Q2
O003352,C01450,2025-07-11,Cash on Delivery,Delivered,2025,7,July,Q3,2025-07,2025Q3
O003353,C01510,2024-04-01,Credit Card,Delivered,2024,4,April,Q2,2024-04,2024Q2
O003354,C01713,2025-12-08,UPI,Delivered,2025,12,December,Q4,2025-12,2025Q4
O003355,C00410,2024-12-04,Cash on Delivery,Delivered,2024,12,December,Q4,2024-12,2024Q4
O003356,C01800,2024-02-22,Cash on Delivery,Delivered,2024,2,February,Q1,2024-02,2024Q1
O003357,C01284,2025-01-10,Debit Card,Cancelled,2025,1,January,Q1,2025-01,2025Q1
O003358,C00190,2024-11-21,UPI,Delivered,2024,11,November,Q4,2024-11,2024Q4
O003359,C01513,2025-02-10,UPI,Delivered,2025,2,February,Q1,2025-02,2025Q1
O003360,C01065,2025-12-24,Credit Card,Delivered,2025,12,December,Q4,2025-12,2025Q4
O003361,C00538,2025-01-26,Debit Card,Delivered,2025,1,January,Q1,2025-01,2025Q1
O003362,C01470,2025-09-06,Cash on Delivery,Delivered,2025,9,September,Q3,2025-09,2025Q3
O003363,C00707,2024-01-17,UPI,Delivered,2024,1,January,Q1,2024-01,2024Q1
O003364,C01571,2024-05-09,Debit Card,Cancelled,2024,5,May,Q2,2024-05,2024Q2
O003365,C01447,2025-04-10,UPI,Delivered,2025,4,April,Q2,2025-04,2025Q2
O003366,C00363,2024-07-31,Debit Card,Delivered,2024,7,July,Q3,2024-07,2024Q3
O003367,C00984,2025-06-25,Credit Card,Delivered,2025,6,June,Q2,2025-06,2025Q2
O003368,C01530,2024-04-10,Debit Card,Cancelled,2024,4,April,Q2,2024-04,2024Q2
O003369,C01286,2024-08-12,Credit Card,Delivered,2024,8,August,Q3,2024-08,2024Q3
O003370,C00777,2024-02-05,Credit Card,Cancelled,2024,2,February,Q1,2024-02,2024Q1
O003371,C01930,2025-03-15,UPI,Delivered,2025,3,March,Q1,2025-03,2025Q1
O003372,C01267,2024-02-17,UPI,Cancelled,2024,2,February,Q1,2024-02,2024Q1
O003373,C01673,2025-09-09,Net Banking,Delivered,2025,9,September,Q3,2025-09,2025Q3
O003374,C01843,2025-06-22,Cash on Delivery,Delivered,2025,6,June,Q2,2025-06,2025Q2
O003375,C01495,2024-05-27,UPI,Delivered,2024,5,May,Q2,2024-05,2024Q2
O003376,C00109,2025-07-29,Cash on Delivery,Delivered,2025,7,July,Q3,2025-07,2025Q3
O003377,C01472,2025-09-24,Credit Card,Delivered,2025,9,September,Q3,2025-09,2025Q3
O003378,C01322,2024-11-04,Credit Card,Delivered,2024,11,November,Q4,2024-11,2024Q4
O003379,C00937,2025-01-19,Credit Card,Delivered,2025,1,January,Q1,2025-01,2025Q1
O003380,C00908,2025-06-15,Debit Card,Delivered,2025,6,June,Q2,2025-06,2025Q2
O003381,C01897,2025-02-17,Cash on Delivery,Cancelled,2025,2,February,Q1,2025-02,2025Q1
O003382,C01980,2025-11-06,Credit Card,Delivered,2025,11,November,Q4,2025-11,2025Q4
O003383,C00668,2025-02-02,Credit Card,Delivered,2025,2,February,Q1,2025-02,2025Q1
O003384,C00318,2024-02-28,Credit Card,Cancelled,2024,2,February,Q1,2024-02,2024Q1
O003385,C01863,2024-05-08,Cash on Delivery,Delivered,2024,5,May,Q2,2024-05,2024Q2
O003386,C01518,2024-12-06,Net Banking,Delivered,2024,12,December,Q4,2024-12,2024Q4
O003387,C01957,2025-08-06,UPI,Delivered,2025,8,August,Q3,2025-08,2025Q3
O003388,C01638,2025-01-30,Debit Card,Cancelled,2025,1,January,Q1,2025-01,2025Q1
O003389,C00155,2024-10-25,Net Banking,Delivered,2024,10,October,Q4,2024-10,2024Q4
O003390,C01133,2025-03-12,Debit Card,Delivered,2025,3,March,Q1,2025-03,2025Q1
O003391,C01837,2025-08-28,Credit Card,Delivered,2025,8,August,Q3,2025-08,2025Q3
O003392,C01338,2024-10-30,Credit Card,Delivered,2024,10,October,Q4,2024-10,2024Q4
O003393,C01617,2024-11-07,Debit Card,Cancelled,2024,11,November,Q4,2024-11,2024Q4
O003394,C00417,2025-04-16,Credit Card,Delivered,2025,4,April,Q2,2025-04,2025Q2
O003395,C00547,2024-07-29,Net Banking,Delivered,2024,7,July,Q3,2024-07,2024Q3
O003396,C01002,2024-06-09,Net Banking,Delivered,2024,6,June,Q2,2024-06,2024Q2
O003397,C00449,2024-05-22,Credit Card,Delivered,2024,5,May,Q2,2024-05,2024Q2
O003398,C00594,2024-01-03,Credit Card,Delivered,2024,1,January,Q1,2024-01,2024Q1
O003399,C01170,2024-05-04,Debit Card,Delivered,2024,5,May,Q2,2024-05,2024Q2
O003400,C01773,2025-03-20,UPI,Delivered,2025,3,March,Q1,2025-03,2025Q1
O003401,C01252,2024-06-18,UPI,Delivered,2024,6,June,Q2,2024-06,2024Q2
O003402,C01830,2025-04-04,Credit Card,Cancelled,2025,4,April,Q2,2025-04,2025Q2
O003403,C00899,2025-06-25,UPI,Cancelled,2025,6,June,Q2,2025-06,2025Q2
O003404,C00358,2024-01-07,Net Banking,Delivered,2024,1,January,Q1,2024-01,2024Q1
O003405,C00332,2025-11-13,UPI,Delivered,2025,11,November,Q4,2025-11,2025Q4
O003406,C00505,2025-12-22,Net Banking,Cancelled,2025,12,December,Q4,2025-12,2025Q4
O003407,C00960,2025-09-06,Cash on Delivery,Delivered,2025,9,September,Q3,2025-09,2025Q3
O003408,C01473,2025-02-02,UPI,Delivered,2025,2,February,Q1,2025-02,2025Q1
O003409,C01005,2024-12-19,Cash on Delivery,Delivered,2024,12,December,Q4,2024-12,2024Q4
O003410,C00284,2025-01-26,Debit Card,Cancelled,2025,1,January,Q1,2025-01,2025Q1
O003411,C01938,2025-07-03,Cash on Delivery,Delivered,2025,7,July,Q3,2025-07,2025Q3
O003412,C00268,2025-07-13,UPI,Delivered,2025,7,July,Q3,2025-07,2025Q3
O003413,C00276,2025-02-11,Cash on Delivery,Delivered,2025,2,February,Q1,2025-02,2025Q1
O003414,C01494,2024-07-20,UPI,Cancelled,2024,7,July,Q3,2024-07,2024Q3
O003415,C00386,2024-08-23,Credit Card,Delivered,2024,8,August,Q3,2024-08,2024Q3
O003416,C01810,2025-10-24,UPI,Cancelled,2025,10,October,Q4,2025-10,2025Q4
O003417,C01002,2024-06-20,Cash on Delivery,Delivered,2024,6,June,Q2,2024-06,2024Q2
O003418,C01063,2024-08-18,Debit Card,Cancelled,2024,8,August,Q3,2024-08,2024Q3
O003419,C00898,2025-07-04,Credit Card,Delivered,2025,7,July,Q3,2025-07,2025Q3
O003420,C01420,2024-07-27,Cash on Delivery,Delivered,2024,7,July,Q3,2024-07,2024Q3
O003421,C01367,2025-03-04,Debit Card,Delivered,2025,3,March,Q1,2025-03,2025Q1
O003422,C00485,2024-04-02,Net Banking,Delivered,2024,4,April,Q2,2024-04,2024Q2
O003423,C01893,2024-05-12,UPI,Delivered,2024,5,May,Q2,2024-05,2024Q2
O003424,C00414,2024-06-22,UPI,Delivered,2024,6,June,Q2,2024-06,2024Q2
O003425,C00484,2024-02-05,Cash on Delivery,Delivered,2024,2,February,Q1,2024-02,2024Q1
O003426,C01669,2025-02-18,Cash on Delivery,Cancelled,2025,2,February,Q1,2025-02,2025Q1
O003427,C00657,2024-07-04,UPI,Delivered,2024,7,July,Q3,2024-07,2024Q3
O003428,C00137,2024-08-14,Debit Card,Delivered,2024,8,August,Q3,2024-08,2024Q3
O003429,C01954,2024-01-31,Credit Card,Cancelled,2024,1,January,Q1,2024-01,2024Q1
O003430,C01841,2025-05-11,UPI,Delivered,2025,5,May,Q2,2025-05,2025Q2
O003431,C01596,2024-04-25,Credit Card,Cancelled,2024,4,April,Q2,2024-04,2024Q2
O003432,C00343,2025-11-17,Debit Card,Cancelled,2025,11,November,Q4,2025-11,2025Q4
O003433,C01535,2024-08-03,UPI,Delivered,2024,8,August,Q3,2024-08,2024Q3
O003434,C00190,2025-12-21,Debit Card,Delivered,2025,12,December,Q4,2025-12,2025Q4
O003435,C00979,2024-04-13,Debit Card,Cancelled,2024,4,April,Q2,2024-04,2024Q2
O003436,C00395,2024-07-29,UPI,Delivered,2024,7,July,Q3,2024-07,2024Q3
O003437,C01868,2025-11-09,UPI,Cancelled,2025,11,November,Q4,2025-11,2025Q4
O003438,C00852,2025-09-06,Net Banking,Delivered,2025,9,September,Q3,2025-09,2025Q3
O003439,C00431,2024-02-10,Cash on Delivery,Delivered,2024,2,February,Q1,2024-02,2024Q1
O003440,C00191,2025-05-13,Net Banking,Delivered,2025,5,May,Q2,2025-05,2025Q2
O003441,C00298,2024-07-12,Credit Card,Delivered,2024,7,July,Q3,2024-07,2024Q3
O003442,C01499,2025-10-01,Credit Card,Delivered,2025,10,October,Q4,2025-10,2025Q4
O003443,C00425,2024-06-12,UPI,Delivered,2024,6,June,Q2,2024-06,2024Q2
O003444,C00840,2025-02-19,Credit Card,Delivered,2025,2,February,Q1,2025-02,2025Q1
O003445,C00110,2024-03-31,UPI,Cancelled,2024,3,March,Q1,2024-03,2024Q1
O003446,C01580,2024-01-02,Debit Card,Delivered,2024,1,January,Q1,2024-01,2024Q1
O003447,C00238,2025-05-18,UPI,Delivered,2025,5,May,Q2,2025-05,2025Q2
O003448,C00825,2024-09-26,UPI,Delivered,2024,9,September,Q3,2024-09,2024Q3
O003449,C01871,2025-05-06,Credit Card,Delivered,2025,5,May,Q2,2025-05,2025Q2
O003450,C00248,2025-04-15,Net Banking,Delivered,2025,4,April,Q2,2025-04,2025Q2
O003451,C00915,2024-10-13,UPI,Delivered,2024,10,October,Q4,2024-10,2024Q4
O003452,C01356,2024-09-09,Debit Card,Cancelled,2024,9,September,Q3,2024-09,2024Q3
O003453,C01557,2024-03-05,Net Banking,Delivered,2024,3,March,Q1,2024-03,2024Q1
O003454,C00406,2025-07-01,Net Banking,Delivered,2025,7,July,Q3,2025-07,2025Q3
O003455,C00076,2025-11-17,Debit Card,Cancelled,2025,11,November,Q4,2025-11,2025Q4
O003456,C00395,2025-03-02,Credit Card,Delivered,2025,3,March,Q1,2025-03,2025Q1
O003457,C00427,2024-07-24,Cash on Delivery,Delivered,2024,7,July,Q3,2024-07,2024Q3
O003458,C01353,2025-07-14,Credit Card,Delivered,2025,7,July,Q3,2025-07,2025Q3
O003459,C01333,2024-04-13,Debit Card,Cancelled,2024,4,April,Q2,2024-04,2024Q2
O003460,C00213,2024-11-13,UPI,Delivered,2024,11,November,Q4,2024-11,2024Q4
O003461,C00361,2025-11-28,UPI,Delivered,2025,11,November,Q4,2025-11,2025Q4
O003462,C00047,2025-04-19,Debit Card,Delivered,2025,4,April,Q2,2025-04,2025Q2
O003463,C01281,2024-08-17,Cash on Delivery,Delivered,2024,8,August,Q3,2024-08,2024Q3
O003464,C01889,2024-09-09,Debit Card,Delivered,2024,9,September,Q3,2024-09,2024Q3
O003465,C01181,2024-02-14,Debit Card,Delivered,2024,2,February,Q1,2024-02,2024Q1
O003466,C00308,2025-05-01,Cash on Delivery,Delivered,2025,5,May,Q2,2025-05,2025Q2
O003467,C00770,2025-09-25,UPI,Cancelled,2025,9,September,Q3,2025-09,2025Q3
O003468,C00397,2024-01-09,Cash on Delivery,Delivered,2024,1,January,Q1,2024-01,2024Q1
O003469,C01982,2025-10-01,Debit Card,Delivered,2025,10,October,Q4,2025-10,2025Q4
O003470,C01720,2024-10-03,UPI,Delivered,2024,10,October,Q4,2024-10,2024Q4
O003471,C01650,2024-06-19,Credit Card,Cancelled,2024,6,June,Q2,2024-06,2024Q2
O003472,C01222,2025-07-21,Debit Card,Delivered,2025,7,July,Q3,2025-07,2025Q3
O003473,C01596,2024-08-05,Cash on Delivery,Delivered,2024,8,August,Q3,2024-08,2024Q3
O003474,C01687,2024-05-17,UPI,Delivered,2024,5,May,Q2,2024-05,2024Q2
O003475,C00469,2024-07-17,Cash on Delivery,Delivered,2024,7,July,Q3,2024-07,2024Q3
O003476,C00291,2024-01-13,Credit Card,Delivered,2024,1,January,Q1,2024-01,2024Q1
O003477,C01916,2025-02-21,Credit Card,Delivered,2025,2,February,Q1,2025-02,2025Q1
O003478,C01106,2025-05-25,Debit Card,Delivered,2025,5,May,Q2,2025-05,2025Q2
O003479,C00629,2025-11-05,Cash on Delivery,Delivered,2025,11,November,Q4,2025-11,2025Q4
O003480,C00435,2025-08-27,UPI,Delivered,2025,8,August,Q3,2025-08,2025Q3
O003481,C01929,2025-12-30,UPI,Delivered,2025,12,December,Q4,2025-12,2025Q4
O003482,C00053,2025-08-29,Credit Card,Delivered,2025,8,August,Q3,2025-08,2025Q3
O003483,C01906,2025-03-29,UPI,Delivered,2025,3,March,Q1,2025-03,2025Q1
O003484,C00253,2024-03-23,Debit Card,Cancelled,2024,3,March,Q1,2024-03,2024Q1
O003485,C00332,2025-07-15,Net Banking,Delivered,2025,7,July,Q3,2025-07,2025Q3
O003486,C01142,2025-08-02,Net Banking,Delivered,2025,8,August,Q3,2025-08,2025Q3
O003487,C00124,2025-06-18,Credit Card,Cancelled,2025,6,June,Q2,2025-06,2025Q2
O003488,C01269,2024-10-23,UPI,Delivered,2024,10,October,Q4,2024-10,2024Q4
O003489,C00884,2025-05-22,Net Banking,Cancelled,2025,5,May,Q2,2025-05,2025Q2
O003490,C00046,2024-07-18,Credit Card,Delivered,2024,7,July,Q3,2024-07,2024Q3
O003491,C00260,2025-11-06,Debit Card,Cancelled,2025,11,November,Q4,2025-11,2025Q4
O003492,C01332,2025-05-01,Cash on Delivery,Delivered,2025,5,May,Q2,2025-05,2025Q2
O003493,C00702,2025-05-07,Debit Card,Delivered,2025,5,May,Q2,2025-05,2025Q2
O003494,C01952,2025-04-14,Cash on Delivery,Delivered,2025,4,April,Q2,2025-04,2025Q2
O003495,C00455,2025-03-03,Debit Card,Delivered,2025,3,March,Q1,2025-03,2025Q1
O003496,C00067,2024-06-09,Credit Card,Delivered,2024,6,June,Q2,2024-06,2024Q2
O003497,C00035,2025-09-26,Net Banking,Delivered,2025,9,September,Q3,2025-09,2025Q3
O003498,C01960,2024-12-09,Net Banking,Cancelled,2024,12,December,Q4,2024-12,2024Q4
O003499,C01873,2024-06-20,Cash on Delivery,Delivered,2024,6,June,Q2,2024-06,2024Q2
O003500,C00755,2024-09-08,Net Banking,Delivered,2024,9,September,Q3,2024-09,2024Q3
O003501,C01276,2024-07-27,UPI,Delivered,2024,7,July,Q3,2024-07,2024Q3
O003502,C00907,2024-06-07,Debit Card,Delivered,2024,6,June,Q2,2024-06,2024Q2
O003503,C00762,2025-03-27,Debit Card,Delivered,2025,3,March,Q1,2025-03,2025Q1
O003504,C01728,2025-05-04,Credit Card,Delivered,2025,5,May,Q2,2025-05,2025Q2
O003505,C00515,2025-09-19,Debit Card,Delivered,2025,9,September,Q3,2025-09,2025Q3
O003506,C00281,2025-10-28,Cash on Delivery,Delivered,2025,10,October,Q4,2025-10,2025Q4
O003507,C00946,2025-08-07,Net Banking,Delivered,2025,8,August,Q3,2025-08,2025Q3
O003508,C00227,2024-11-03,UPI,Cancelled,2024,11,November,Q4,2024-11,2024Q4
O003509,C00122,2024-04-30,UPI,Cancelled,2024,4,April,Q2,2024-04,2024Q2
O003510,C00252,2024-12-12,UPI,Delivered,2024,12,December,Q4,2024-12,2024Q4
O003511,C00055,2024-06-28,Net Banking,Cancelled,2024,6,June,Q2,2024-06,2024Q2
O003512,C00471,2025-07-20,UPI,Delivered,2025,7,July,Q3,2025-07,2025Q3
O003513,C00817,2025-07-18,Debit Card,Delivered,2025,7,July,Q3,2025-07,2025Q3
O003514,C01002,2024-12-03,Credit Card,Delivered,2024,12,December,Q4,2024-12,2024Q4
O003515,C01058,2024-10-13,UPI,Delivered,2024,10,October,Q4,2024-10,2024Q4
O003516,C01059,2024-04-25,UPI,Delivered,2024,4,April,Q2,2024-04,2024Q2
O003517,C00918,2025-12-01,UPI,Cancelled,2025,12,December,Q4,2025-12,2025Q4
O003518,C00063,2025-01-07,Cash on Delivery,Delivered,2025,1,January,Q1,2025-01,2025Q1
O003519,C01996,2024-03-13,Credit Card,Delivered,2024,3,March,Q1,2024-03,2024Q1
O003520,C00950,2025-01-20,UPI,Delivered,2025,1,January,Q1,2025-01,2025Q1
O003521,C01042,2024-05-20,UPI,Delivered,2024,5,May,Q2,2024-05,2024Q2
O003522,C00928,2024-12-22,UPI,Delivered,2024,12,December,Q4,2024-12,2024Q4
O003523,C00947,2024-05-23,Cash on Delivery,Delivered,2024,5,May,Q2,2024-05,2024Q2
O003524,C00164,2025-09-25,UPI,Delivered,2025,9,September,Q3,2025-09,2025Q3
O003525,C00740,2025-10-31,Cash on Delivery,Delivered,2025,10,October,Q4,2025-10,2025Q4
O003526,C01008,2024-05-16,Debit Card,Delivered,2024,5,May,Q2,2024-05,2024Q2
O003527,C01641,2024-05-26,Credit Card,Delivered,2024,5,May,Q2,2024-05,2024Q2
O003528,C01442,2025-03-18,UPI,Delivered,2025,3,March,Q1,2025-03,2025Q1
O003529,C01158,2025-01-15,Net Banking,Delivered,2025,1,January,Q1,2025-01,2025Q1
O003530,C00715,2025-07-20,Cash on Delivery,Cancelled,2025,7,July,Q3,2025-07,2025Q3
O003531,C01386,2024-05-20,Debit Card,Delivered,2024,5,May,Q2,2024-05,2024Q2
O003532,C00873,2025-05-17,Net Banking,Cancelled,2025,5,May,Q2,2025-05,2025Q2
O003533,C00520,2024-08-07,Net Banking,Delivered,2024,8,August,Q3,2024-08,2024Q3
O003534,C00419,2024-01-17,UPI,Delivered,2024,1,January,Q1,2024-01,2024Q1
O003535,C00684,2024-08-28,Credit Card,Delivered,2024,8,August,Q3,2024-08,2024Q3
O003536,C01244,2024-05-06,Net Banking,Delivered,2024,5,May,Q2,2024-05,2024Q2
O003537,C01685,2025-11-18,Net Banking,Delivered,2025,11,November,Q4,2025-11,2025Q4
O003538,C01717,2024-05-18,Credit Card,Delivered,2024,5,May,Q2,2024-05,2024Q2
O003539,C00895,2025-09-26,Credit Card,Delivered,2025,9,September,Q3,2025-09,2025Q3
O003540,C00724,2024-11-02,Debit Card,Cancelled,2024,11,November,Q4,2024-11,2024Q4
O003541,C00493,2025-06-17,Cash on Delivery,Delivered,2025,6,June,Q2,2025-06,2025Q2
O003542,C00039,2025-04-17,UPI,Delivered,2025,4,April,Q2,2025-04,2025Q2
O003543,C00545,2024-05-25,Net Banking,Delivered,2024,5,May,Q2,2024-05,2024Q2
O003544,C00872,2024-02-23,UPI,Delivered,2024,2,February,Q1,2024-02,2024Q1
O003545,C01284,2024-04-21,Cash on Delivery,Delivered,2024,4,April,Q2,2024-04,2024Q2
O003546,C01547,2024-02-25,UPI,Delivered,2024,2,February,Q1,2024-02,2024Q1
O003547,C00104,2024-11-27,Credit Card,Delivered,2024,11,November,Q4,2024-11,2024Q4
O003548,C01366,2024-07-09,Net Banking,Delivered,2024,7,July,Q3,2024-07,2024Q3
O003549,C01872,2024-12-19,Debit Card,Delivered,2024,12,December,Q4,2024-12,2024Q4
O003550,C00041,2025-12-07,Debit Card,Delivered,2025,12,December,Q4,2025-12,2025Q4
O003551,C01200,2025-05-16,Credit Card,Cancelled,2025,5,May,Q2,2025-05,2025Q2
O003552,C01574,2024-11-08,Cash on Delivery,Delivered,2024,11,November,Q4,2024-11,2024Q4
O003553,C01681,2024-03-18,Cash on Delivery,Delivered,2024,3,March,Q1,2024-03,2024Q1
O003554,C01176,2025-07-16,UPI,Delivered,2025,7,July,Q3,2025-07,2025Q3
O003555,C00511,2025-02-13,Debit Card,Delivered,2025,2,February,Q1,2025-02,2025Q1
O003556,C00649,2024-04-16,Credit Card,Delivered,2024,4,April,Q2,2024-04,2024Q2
O003557,C00524,2025-07-18,Cash on Delivery,Cancelled,2025,7,July,Q3,2025-07,2025Q3
O003558,C01028,2025-08-05,UPI,Cancelled,2025,8,August,Q3,2025-08,2025Q3
O003559,C00610,2025-09-19,Cash on Delivery,Delivered,2025,9,September,Q3,2025-09,2025Q3
O003560,C01904,2024-01-10,Net Banking,Cancelled,2024,1,January,Q1,2024-01,2024Q1
O003561,C01084,2025-04-13,Cash on Delivery,Delivered,2025,4,April,Q2,2025-04,2025Q2
O003562,C01328,2024-03-18,UPI,Delivered,2024,3,March,Q1,2024-03,2024Q1
O003563,C01209,2024-10-20,Credit Card,Delivered,2024,10,October,Q4,2024-10,2024Q4
O003564,C01667,2024-10-25,Credit Card,Cancelled,2024,10,October,Q4,2024-10,2024Q4
O003565,C01140,2024-01-17,Debit Card,Delivered,2024,1,January,Q1,2024-01,2024Q1
O003566,C00842,2024-03-26,Cash on Delivery,Delivered,2024,3,March,Q1,2024-03,2024Q1
O003567,C00305,2025-10-04,UPI,Delivered,2025,10,October,Q4,2025-10,2025Q4
O003568,C01951,2024-01-11,UPI,Delivered,2024,1,January,Q1,2024-01,2024Q1
O003569,C00983,2025-08-15,Cash on Delivery,Delivered,2025,8,August,Q3,2025-08,2025Q3
O003570,C00509,2025-10-07,Credit Card,Delivered,2025,10,October,Q4,2025-10,2025Q4
O003571,C01561,2025-05-15,Credit Card,Delivered,2025,5,May,Q2,2025-05,2025Q2
O003572,C00432,2025-12-26,Cash on Delivery,Cancelled,2025,12,December,Q4,2025-12,2025Q4
O003573,C01219,2024-02-03,Debit Card,Cancelled,2024,2,February,Q1,2024-02,2024Q1
O003574,C01165,2024-04-12,Cash on Delivery,Cancelled,2024,4,April,Q2,2024-04,2024Q2
O003575,C00914,2024-07-11,UPI,Delivered,2024,7,July,Q3,2024-07,2024Q3
O003576,C01458,2025-08-21,Debit Card,Delivered,2025,8,August,Q3,2025-08,2025Q3
O003577,C01810,2024-03-05,Credit Card,Delivered,2024,3,March,Q1,2024-03,2024Q1
O003578,C00054,2024-07-26,Credit Card,Delivered,2024,7,July,Q3,2024-07,2024Q3
O003579,C00105,2024-04-20,Cash on Delivery,Delivered,2024,4,April,Q2,2024-04,2024Q2
O003580,C01679,2025-12-30,Cash on Delivery,Delivered,2025,12,December,Q4,2025-12,2025Q4
O003581,C00217,2025-05-02,UPI,Delivered,2025,5,May,Q2,2025-05,2025Q2
O003582,C00113,2025-04-10,Credit Card,Delivered,2025,4,April,Q2,2025-04,2025Q2
O003583,C01292,2024-01-11,Net Banking,Delivered,2024,1,January,Q1,2024-01,2024Q1
O003584,C00195,2025-09-07,Cash on Delivery,Delivered,2025,9,September,Q3,2025-09,2025Q3
O003585,C00482,2024-01-08,Credit Card,Cancelled,2024,1,January,Q1,2024-01,2024Q1
O003586,C01171,2025-09-06,Credit Card,Cancelled,2025,9,September,Q3,2025-09,2025Q3
O003587,C01813,2024-03-23,Cash on Delivery,Delivered,2024,3,March,Q1,2024-03,2024Q1
O003588,C01845,2025-02-25,UPI,Delivered,2025,2,February,Q1,2025-02,2025Q1
O003589,C00172,2025-07-25,Net Banking,Delivered,2025,7,July,Q3,2025-07,2025Q3
O003590,C01497,2025-09-27,Net Banking,Cancelled,2025,9,September,Q3,2025-09,2025Q3
O003591,C01282,2024-09-19,Cash on Delivery,Delivered,2024,9,September,Q3,2024-09,2024Q3
O003592,C01901,2025-10-24,Cash on Delivery,Delivered,2025,10,October,Q4,2025-10,2025Q4
O003593,C01670,2025-07-03,Net Banking,Delivered,2025,7,July,Q3,2025-07,2025Q3
O003594,C01988,2024-03-06,Cash on Delivery,Delivered,2024,3,March,Q1,2024-03,2024Q1
O003595,C01832,2024-06-06,Credit Card,Cancelled,2024,6,June,Q2,2024-06,2024Q2
O003596,C00284,2024-04-18,UPI,Delivered,2024,4,April,Q2,2024-04,2024Q2
O003597,C00925,2025-01-08,Debit Card,Cancelled,2025,1,January,Q1,2025-01,2025Q1
O003598,C01051,2025-08-13,Credit Card,Cancelled,2025,8,August,Q3,2025-08,2025Q3
O003599,C00902,2025-03-13,Cash on Delivery,Delivered,2025,3,March,Q1,2025-03,2025Q1
O003600,C00897,2025-11-24,UPI,Cancelled,2025,11,November,Q4,2025-11,2025Q4
O003601,C00354,2024-12-11,UPI,Delivered,2024,12,December,Q4,2024-12,2024Q4
O003602,C00532,2025-09-25,Cash on Delivery,Delivered,2025,9,September,Q3,2025-09,2025Q3
O003603,C00858,2024-05-06,Net Banking,Delivered,2024,5,May,Q2,2024-05,2024Q2
O003604,C00970,2024-08-26,UPI,Delivered,2024,8,August,Q3,2024-08,2024Q3
O003605,C01725,2024-09-14,Credit Card,Delivered,2024,9,September,Q3,2024-09,2024Q3
O003606,C01154,2025-01-06,UPI,Cancelled,2025,1,January,Q1,2025-01,2025Q1
O003607,C00826,2024-04-30,UPI,Delivered,2024,4,April,Q2,2024-04,2024Q2
O003608,C01914,2024-07-08,UPI,Delivered,2024,7,July,Q3,2024-07,2024Q3
O003609,C01382,2024-02-13,Cash on Delivery,Delivered,2024,2,February,Q1,2024-02,2024Q1
O003610,C01621,2025-02-26,Credit Card,Cancelled,2025,2,February,Q1,2025-02,2025Q1
O003611,C01374,2025-06-21,Credit Card,Cancelled,2025,6,June,Q2,2025-06,2025Q2
O003612,C00309,2024-07-26,Net Banking,Delivered,2024,7,July,Q3,2024-07,2024Q3
O003613,C01185,2025-05-02,Net Banking,Delivered,2025,5,May,Q2,2025-05,2025Q2
O003614,C00548,2025-02-26,UPI,Delivered,2025,2,February,Q1,2025-02,2025Q1
O003615,C00470,2024-04-05,Cash on Delivery,Delivered,2024,4,April,Q2,2024-04,2024Q2
O003616,C01853,2024-01-17,UPI,Cancelled,2024,1,January,Q1,2024-01,2024Q1
O003617,C00868,2025-10-02,UPI,Delivered,2025,10,October,Q4,2025-10,2025Q4
O003618,C00091,2024-02-04,Debit Card,Cancelled,2024,2,February,Q1,2024-02,2024Q1
O003619,C01316,2024-03-20,Credit Card,Delivered,2024,3,March,Q1,2024-03,2024Q1
O003620,C00582,2025-02-27,Net Banking,Cancelled,2025,2,February,Q1,2025-02,2025Q1
O003621,C01144,2024-08-18,Credit Card,Delivered,2024,8,August,Q3,2024-08,2024Q3
O003622,C01481,2024-03-20,Net Banking,Delivered,2024,3,March,Q1,2024-03,2024Q1
O003623,C00220,2025-02-01,Net Banking,Cancelled,2025,2,February,Q1,2025-02,2025Q1
O003624,C01635,2025-11-19,Net Banking,Delivered,2025,11,November,Q4,2025-11,2025Q4
O003625,C00600,2025-10-11,UPI,Cancelled,2025,10,October,Q4,2025-10,2025Q4
O003626,C01897,2024-11-18,Net Banking,Delivered,2024,11,November,Q4,2024-11,2024Q4
O003627,C01711,2024-04-20,Cash on Delivery,Delivered,2024,4,April,Q2,2024-04,2024Q2
O003628,C00786,2024-01-01,Cash on Delivery,Delivered,2024,1,January,Q1,2024-01,2024Q1
O003629,C01476,2025-12-09,Debit Card,Cancelled,2025,12,December,Q4,2025-12,2025Q4
O003630,C00880,2024-06-23,UPI,Delivered,2024,6,June,Q2,2024-06,2024Q2
O003631,C00928,2024-01-19,Credit Card,Delivered,2024,1,January,Q1,2024-01,2024Q1
O003632,C00133,2024-06-25,Net Banking,Delivered,2024,6,June,Q2,2024-06,2024Q2
O003633,C00314,2024-11-27,Cash on Delivery,Delivered,2024,11,November,Q4,2024-11,2024Q4
O003634,C00210,2024-10-26,Credit Card,Delivered,2024,10,October,Q4,2024-10,2024Q4
O003635,C01912,2024-04-24,Debit Card,Cancelled,2024,4,April,Q2,2024-04,2024Q2
O003636,C01557,2024-10-01,Credit Card,Delivered,2024,10,October,Q4,2024-10,2024Q4
O003637,C00564,2025-05-24,Cash on Delivery,Cancelled,2025,5,May,Q2,2025-05,2025Q2
O003638,C00257,2024-08-10,UPI,Cancelled,2024,8,August,Q3,2024-08,2024Q3
O003639,C01982,2024-06-24,Cash on Delivery,Delivered,2024,6,June,Q2,2024-06,2024Q2
O003640,C00545,2025-12-16,Cash on Delivery,Delivered,2025,12,December,Q4,2025-12,2025Q4
O003641,C01091,2025-11-13,Cash on Delivery,Delivered,2025,11,November,Q4,2025-11,2025Q4
O003642,C01258,2025-06-15,UPI,Delivered,2025,6,June,Q2,2025-06,2025Q2
O003643,C00282,2024-10-25,Debit Card,Delivered,2024,10,October,Q4,2024-10,2024Q4
O003644,C00983,2025-06-17,Credit Card,Cancelled,2025,6,June,Q2,2025-06,2025Q2
O003645,C00912,2025-11-17,Net Banking,Delivered,2025,11,November,Q4,2025-11,2025Q4
O003646,C00871,2025-07-09,UPI,Delivered,2025,7,July,Q3,2025-07,2025Q3
O003647,C00183,2025-10-01,Debit Card,Delivered,2025,10,October,Q4,2025-10,2025Q4
O003648,C00440,2025-12-01,UPI,Cancelled,2025,12,December,Q4,2025-12,2025Q4
O003649,C01836,2024-03-28,Credit Card,Delivered,2024,3,March,Q1,2024-03,2024Q1
O003650,C01355,2025-01-17,Cash on Delivery,Delivered,2025,1,January,Q1,2025-01,2025Q1
O003651,C01681,2024-05-11,Cash on Delivery,Delivered,2024,5,May,Q2,2024-05,2024Q2
O003652,C00222,2024-03-26,Credit Card,Delivered,2024,3,March,Q1,2024-03,2024Q1
O003653,C00974,2024-06-23,Cash on Delivery,Delivered,2024,6,June,Q2,2024-06,2024Q2
O003654,C00700,2024-03-20,UPI,Delivered,2024,3,March,Q1,2024-03,2024Q1
O003655,C00090,2024-08-06,Debit Card,Delivered,2024,8,August,Q3,2024-08,2024Q3
O003656,C01140,2024-10-04,Credit Card,Delivered,2024,10,October,Q4,2024-10,2024Q4
O003657,C00681,2024-02-29,UPI,Delivered,2024,2,February,Q1,2024-02,2024Q1
O003658,C00738,2025-04-23,Cash on Delivery,Delivered,2025,4,April,Q2,2025-04,2025Q2
O003659,C01537,2024-09-16,UPI,Delivered,2024,9,September,Q3,2024-09,2024Q3
O003660,C00537,2024-04-01,UPI,Delivered,2024,4,April,Q2,2024-04,2024Q2
O003661,C00879,2024-10-07,Credit Card,Delivered,2024,10,October,Q4,2024-10,2024Q4
O003662,C01788,2025-12-18,UPI,Delivered,2025,12,December,Q4,2025-12,2025Q4
O003663,C00561,2025-12-19,UPI,Cancelled,2025,12,December,Q4,2025-12,2025Q4
O003664,C00853,2025-12-15,Net Banking,Delivered,2025,12,December,Q4,2025-12,2025Q4
O003665,C00963,2024-03-06,Net Banking,Delivered,2024,3,March,Q1,2024-03,2024Q1
O003666,C01582,2025-11-26,Debit Card,Delivered,2025,11,November,Q4,2025-11,2025Q4
O003667,C01218,2024-02-03,Credit Card,Cancelled,2024,2,February,Q1,2024-02,2024Q1
O003668,C01292,2025-04-14,UPI,Cancelled,2025,4,April,Q2,2025-04,2025Q2
O003669,C01959,2024-04-27,Cash on Delivery,Delivered,2024,4,April,Q2,2024-04,2024Q2
O003670,C01775,2024-05-18,Net Banking,Delivered,2024,5,May,Q2,2024-05,2024Q2
O003671,C01707,2024-11-28,Cash on Delivery,Delivered,2024,11,November,Q4,2024-11,2024Q4
O003672,C00199,2025-02-16,Debit Card,Delivered,2025,2,February,Q1,2025-02,2025Q1
O003673,C00907,2024-09-17,UPI,Cancelled,2024,9,September,Q3,2024-09,2024Q3
O003674,C01737,2025-04-10,UPI,Delivered,2025,4,April,Q2,2025-04,2025Q2
O003675,C01720,2024-05-20,Debit Card,Cancelled,2024,5,May,Q2,2024-05,2024Q2
O003676,C00379,2025-06-11,Net Banking,Delivered,2025,6,June,Q2,2025-06,2025Q2
O003677,C01940,2024-11-26,Debit Card,Cancelled,2024,11,November,Q4,2024-11,2024Q4
O003678,C00865,2024-04-26,Cash on Delivery,Cancelled,2024,4,April,Q2,2024-04,2024Q2
O003679,C01265,2025-11-24,Credit Card,Cancelled,2025,11,November,Q4,2025-11,2025Q4
O003680,C00811,2025-06-02,Debit Card,Cancelled,2025,6,June,Q2,2025-06,2025Q2
O003681,C00902,2025-06-17,Debit Card,Cancelled,2025,6,June,Q2,2025-06,2025Q2
O003682,C00781,2024-08-22,Credit Card,Delivered,2024,8,August,Q3,2024-08,2024Q3
O003683,C00671,2025-04-30,Debit Card,Cancelled,2025,4,April,Q2,2025-04,2025Q2
O003684,C00535,2025-09-27,Cash on Delivery,Delivered,2025,9,September,Q3,2025-09,2025Q3
O003685,C00227,2024-08-10,UPI,Cancelled,2024,8,August,Q3,2024-08,2024Q3
O003686,C00277,2024-09-27,Debit Card,Delivered,2024,9,September,Q3,2024-09,2024Q3
O003687,C00120,2025-11-10,Net Banking,Delivered,2025,11,November,Q4,2025-11,2025Q4
O003688,C00740,2024-03-21,Credit Card,Delivered,2024,3,March,Q1,2024-03,2024Q1
O003689,C01821,2024-07-29,UPI,Delivered,2024,7,July,Q3,2024-07,2024Q3
O003690,C00233,2025-12-12,UPI,Delivered,2025,12,December,Q4,2025-12,2025Q4
O003691,C00161,2025-01-22,Credit Card,Delivered,2025,1,January,Q1,2025-01,2025Q1
O003692,C00466,2025-05-28,Cash on Delivery,Cancelled,2025,5,May,Q2,2025-05,2025Q2
O003693,C01542,2024-10-13,Cash on Delivery,Delivered,2024,10,October,Q4,2024-10,2024Q4
O003694,C00425,2025-12-25,Credit Card,Delivered,2025,12,December,Q4,2025-12,2025Q4
O003695,C00842,2024-07-25,Cash on Delivery,Delivered,2024,7,July,Q3,2024-07,2024Q3
O003696,C00205,2025-09-21,Credit Card,Delivered,2025,9,September,Q3,2025-09,2025Q3
O003697,C00672,2025-12-05,Debit Card,Cancelled,2025,12,December,Q4,2025-12,2025Q4
O003698,C00115,2025-07-06,Net Banking,Delivered,2025,7,July,Q3,2025-07,2025Q3
O003699,C00016,2025-09-12,UPI,Cancelled,2025,9,September,Q3,2025-09,2025Q3
O003700,C01344,2024-02-29,Cash on Delivery,Delivered,2024,2,February,Q1,2024-02,2024Q1
O003701,C01653,2025-09-04,UPI,Cancelled,2025,9,September,Q3,2025-09,2025Q3
O003702,C01990,2024-01-02,Cash on Delivery,Delivered,2024,1,January,Q1,2024-01,2024Q1
O003703,C00367,2025-10-31,UPI,Delivered,2025,10,October,Q4,2025-10,2025Q4
O003704,C01886,2025-12-25,Credit Card,Delivered,2025,12,December,Q4,2025-12,2025Q4
O003705,C01398,2024-04-25,Debit Card,Cancelled,2024,4,April,Q2,2024-04,2024Q2
O003706,C01257,2025-08-27,Net Banking,Delivered,2025,8,August,Q3,2025-08,2025Q3
O003707,C01019,2025-05-24,Credit Card,Delivered,2025,5,May,Q2,2025-05,2025Q2
O003708,C01617,2024-04-23,Credit Card,Delivered,2024,4,April,Q2,2024-04,2024Q2
O003709,C00030,2024-09-05,Cash on Delivery,Delivered,2024,9,September,Q3,2024-09,2024Q3
O003710,C00645,2024-04-24,Credit Card,Delivered,2024,4,April,Q2,2024-04,2024Q2
O003711,C01004,2024-10-30,Net Banking,Delivered,2024,10,October,Q4,2024-10,2024Q4
O003712,C01101,2024-12-12,Cash on Delivery,Cancelled,2024,12,December,Q4,2024-12,2024Q4
O003713,C00923,2025-07-14,Debit Card,Delivered,2025,7,July,Q3,2025-07,2025Q3
O003714,C01573,2025-09-10,UPI,Delivered,2025,9,September,Q3,2025-09,2025Q3
O003715,C00394,2025-09-02,Cash on Delivery,Cancelled,2025,9,September,Q3,2025-09,2025Q3
O003716,C00060,2025-01-06,Credit Card,Delivered,2025,1,January,Q1,2025-01,2025Q1
O003717,C01756,2025-09-24,Cash on Delivery,Delivered,2025,9,September,Q3,2025-09,2025Q3
O003718,C01637,2024-02-22,Net Banking,Delivered,2024,2,February,Q1,2024-02,2024Q1
O003719,C01605,2024-03-28,UPI,Delivered,2024,3,March,Q1,2024-03,2024Q1
O003720,C01578,2025-03-24,Net Banking,Delivered,2025,3,March,Q1,2025-03,2025Q1
O003721,C01435,2024-11-28,Credit Card,Delivered,2024,11,November,Q4,2024-11,2024Q4
O003722,C00813,2025-07-18,Debit Card,Cancelled,2025,7,July,Q3,2025-07,2025Q3
O003723,C01246,2024-08-04,UPI,Delivered,2024,8,August,Q3,2024-08,2024Q3
O003724,C00019,2024-04-22,Net Banking,Delivered,2024,4,April,Q2,2024-04,2024Q2
O003725,C01753,2024-03-11,UPI,Delivered,2024,3,March,Q1,2024-03,2024Q1
O003726,C00312,2024-09-07,Debit Card,Delivered,2024,9,September,Q3,2024-09,2024Q3
O003727,C01973,2024-04-09,Net Banking,Delivered,2024,4,April,Q2,2024-04,2024Q2
O003728,C01975,2024-05-21,Cash on Delivery,Delivered,2024,5,May,Q2,2024-05,2024Q2
O003729,C00637,2025-08-19,Credit Card,Delivered,2025,8,August,Q3,2025-08,2025Q3
O003730,C01256,2024-10-26,UPI,Delivered,2024,10,October,Q4,2024-10,2024Q4
O003731,C00213,2024-09-30,UPI,Delivered,2024,9,September,Q3,2024-09,2024Q3
O003732,C01453,2024-09-05,Cash on Delivery,Delivered,2024,9,September,Q3,2024-09,2024Q3
O003733,C00763,2025-01-18,Cash on Delivery,Delivered,2025,1,January,Q1,2025-01,2025Q1
O003734,C01093,2024-11-25,Debit Card,Delivered,2024,11,November,Q4,2024-11,2024Q4
O003735,C00123,2025-01-08,UPI,Cancelled,2025,1,January,Q1,2025-01,2025Q1
O003736,C00031,2025-06-22,UPI,Delivered,2025,6,June,Q2,2025-06,2025Q2
O003737,C01206,2024-11-17,Cash on Delivery,Delivered,2024,11,November,Q4,2024-11,2024Q4
O003738,C00986,2025-04-12,Net Banking,Cancelled,2025,4,April,Q2,2025-04,2025Q2
O003739,C00262,2025-09-08,Credit Card,Delivered,2025,9,September,Q3,2025-09,2025Q3
O003740,C00355,2025-05-09,Credit Card,Delivered,2025,5,May,Q2,2025-05,2025Q2
O003741,C00910,2024-09-16,Cash on Delivery,Delivered,2024,9,September,Q3,2024-09,2024Q3
O003742,C01907,2024-04-17,Debit Card,Delivered,2024,4,April,Q2,2024-04,2024Q2
O003743,C00277,2025-09-15,Cash on Delivery,Delivered,2025,9,September,Q3,2025-09,2025Q3
O003744,C01624,2025-05-22,Debit Card,Delivered,2025,5,May,Q2,2025-05,2025Q2
O003745,C01308,2025-12-16,Cash on Delivery,Delivered,2025,12,December,Q4,2025-12,2025Q4
O003746,C00302,2024-07-10,Debit Card,Delivered,2024,7,July,Q3,2024-07,2024Q3
O003747,C00110,2024-10-24,Credit Card,Cancelled,2024,10,October,Q4,2024-10,2024Q4
O003748,C00515,2024-11-21,UPI,Delivered,2024,11,November,Q4,2024-11,2024Q4
O003749,C00701,2025-03-02,Credit Card,Delivered,2025,3,March,Q1,2025-03,2025Q1
O003750,C00709,2025-01-21,Net Banking,Delivered,2025,1,January,Q1,2025-01,2025Q1
O003751,C01775,2025-02-22,Cash on Delivery,Delivered,2025,2,February,Q1,2025-02,2025Q1
O003752,C00945,2025-02-18,Cash on Delivery,Delivered,2025,2,February,Q1,2025-02,2025Q1
O003753,C01995,2025-01-17,Cash on Delivery,Delivered,2025,1,January,Q1,2025-01,2025Q1
O003754,C00755,2025-02-17,Debit Card,Cancelled,2025,2,February,Q1,2025-02,2025Q1
O003755,C00359,2025-02-20,UPI,Delivered,2025,2,February,Q1,2025-02,2025Q1
O003756,C01376,2025-09-30,Credit Card,Delivered,2025,9,September,Q3,2025-09,2025Q3
O003757,C01032,2024-06-27,Debit Card,Delivered,2024,6,June,Q2,2024-06,2024Q2
O003758,C00742,2024-10-25,Debit Card,Delivered,2024,10,October,Q4,2024-10,2024Q4
O003759,C00065,2024-03-05,Debit Card,Delivered,2024,3,March,Q1,2024-03,2024Q1
O003760,C00522,2025-03-27,UPI,Delivered,2025,3,March,Q1,2025-03,2025Q1
O003761,C00585,2025-07-09,Net Banking,Delivered,2025,7,July,Q3,2025-07,2025Q3
O003762,C01516,2024-11-23,UPI,Delivered,2024,11,November,Q4,2024-11,2024Q4
O003763,C01732,2025-02-13,Cash on Delivery,Delivered,2025,2,February,Q1,2025-02,2025Q1
O003764,C00287,2025-03-24,Cash on Delivery,Delivered,2025,3,March,Q1,2025-03,2025Q1
O003765,C01915,2025-08-26,Net Banking,Delivered,2025,8,August,Q3,2025-08,2025Q3
O003766,C01577,2025-06-22,Cash on Delivery,Cancelled,2025,6,June,Q2,2025-06,2025Q2
O003767,C01568,2025-09-22,Net Banking,Cancelled,2025,9,September,Q3,2025-09,2025Q3
O003768,C01503,2025-08-04,UPI,Delivered,2025,8,August,Q3,2025-08,2025Q3
O003769,C00898,2024-06-19,Net Banking,Delivered,2024,6,June,Q2,2024-06,2024Q2
O003770,C01565,2025-06-30,Credit Card,Delivered,2025,6,June,Q2,2025-06,2025Q2
O003771,C01361,2024-03-08,Debit Card,Delivered,2024,3,March,Q1,2024-03,2024Q1
O003772,C01003,2024-07-01,UPI,Delivered,2024,7,July,Q3,2024-07,2024Q3
O003773,C01777,2024-10-07,Cash on Delivery,Cancelled,2024,10,October,Q4,2024-10,2024Q4
O003774,C00778,2024-01-03,Net Banking,Delivered,2024,1,January,Q1,2024-01,2024Q1
O003775,C01839,2024-06-06,Net Banking,Delivered,2024,6,June,Q2,2024-06,2024Q2
O003776,C01463,2025-10-22,UPI,Cancelled,2025,10,October,Q4,2025-10,2025Q4
O003777,C00125,2024-01-14,UPI,Cancelled,2024,1,January,Q1,2024-01,2024Q1
O003778,C01606,2024-10-08,Credit Card,Delivered,2024,10,October,Q4,2024-10,2024Q4
O003779,C01694,2025-03-09,UPI,Delivered,2025,3,March,Q1,2025-03,2025Q1
O003780,C00674,2025-01-03,Credit Card,Delivered,2025,1,January,Q1,2025-01,2025Q1
O003781,C00792,2024-04-13,Cash on Delivery,Delivered,2024,4,April,Q2,2024-04,2024Q2
O003782,C00666,2025-12-16,Cash on Delivery,Cancelled,2025,12,December,Q4,2025-12,2025Q4
O003783,C01700,2024-03-26,Credit Card,Delivered,2024,3,March,Q1,2024-03,2024Q1
O003784,C01279,2024-02-16,Credit Card,Delivered,2024,2,February,Q1,2024-02,2024Q1
O003785,C01737,2025-12-08,Credit Card,Delivered,2025,12,December,Q4,2025-12,2025Q4
O003786,C00025,2024-09-28,UPI,Delivered,2024,9,September,Q3,2024-09,2024Q3
O003787,C01055,2024-10-07,UPI,Delivered,2024,10,October,Q4,2024-10,2024Q4
O003788,C00903,2025-10-21,Net Banking,Cancelled,2025,10,October,Q4,2025-10,2025Q4
O003789,C00587,2025-10-21,Credit Card,Delivered,2025,10,October,Q4,2025-10,2025Q4
O003790,C01726,2025-11-04,Credit Card,Delivered,2025,11,November,Q4,2025-11,2025Q4
O003791,C00572,2025-08-27,Debit Card,Delivered,2025,8,August,Q3,2025-08,2025Q3
O003792,C01878,2025-09-28,Debit Card,Delivered,2025,9,September,Q3,2025-09,2025Q3
O003793,C00537,2024-04-18,Credit Card,Cancelled,2024,4,April,Q2,2024-04,2024Q2
O003794,C00431,2024-08-16,Cash on Delivery,Delivered,2024,8,August,Q3,2024-08,2024Q3
O003795,C01410,2024-12-23,UPI,Cancelled,2024,12,December,Q4,2024-12,2024Q4
O003796,C01269,2024-04-21,UPI,Cancelled,2024,4,April,Q2,2024-04,2024Q2
O003797,C00220,2025-10-10,UPI,Delivered,2025,10,October,Q4,2025-10,2025Q4
O003798,C00494,2025-10-24,Debit Card,Delivered,2025,10,October,Q4,2025-10,2025Q4
O003799,C00302,2025-03-04,Credit Card,Cancelled,2025,3,March,Q1,2025-03,2025Q1
O003800,C01050,2025-12-24,Debit Card,Cancelled,2025,12,December,Q4,2025-12,2025Q4
O003801,C01506,2025-12-10,Net Banking,Cancelled,2025,12,December,Q4,2025-12,2025Q4
O003802,C01164,2024-11-23,Cash on Delivery,Delivered,2024,11,November,Q4,2024-11,2024Q4
O003803,C01201,2024-07-07,Cash on Delivery,Cancelled,2024,7,July,Q3,2024-07,2024Q3
O003804,C01591,2024-06-12,UPI,Cancelled,2024,6,June,Q2,2024-06,2024Q2
O003805,C00125,2025-10-04,Debit Card,Delivered,2025,10,October,Q4,2025-10,2025Q4
O003806,C00986,2024-06-23,Cash on Delivery,Delivered,2024,6,June,Q2,2024-06,2024Q2
O003807,C01716,2024-02-13,Credit Card,Delivered,2024,2,February,Q1,2024-02,2024Q1
O003808,C01720,2025-08-03,Net Banking,Delivered,2025,8,August,Q3,2025-08,2025Q3
O003809,C00520,2024-04-17,Net Banking,Delivered,2024,4,April,Q2,2024-04,2024Q2
O003810,C00075,2024-04-01,UPI,Cancelled,2024,4,April,Q2,2024-04,2024Q2
O003811,C01107,2025-06-24,Net Banking,Delivered,2025,6,June,Q2,2025-06,2025Q2
O003812,C00359,2025-06-30,UPI,Delivered,2025,6,June,Q2,2025-06,2025Q2
O003813,C01704,2024-04-21,Cash on Delivery,Delivered,2024,4,April,Q2,2024-04,2024Q2
O003814,C01214,2024-10-20,Net Banking,Delivered,2024,10,October,Q4,2024-10,2024Q4
O003815,C01068,2025-07-23,Credit Card,Cancelled,2025,7,July,Q3,2025-07,2025Q3
O003816,C01623,2024-01-21,UPI,Delivered,2024,1,January,Q1,2024-01,2024Q1
O003817,C01999,2025-06-24,UPI,Cancelled,2025,6,June,Q2,2025-06,2025Q2
O003818,C01024,2024-11-25,UPI,Delivered,2024,11,November,Q4,2024-11,2024Q4
O003819,C01885,2024-10-15,Cash on Delivery,Cancelled,2024,10,October,Q4,2024-10,2024Q4
O003820,C00431,2024-02-12,Credit Card,Cancelled,2024,2,February,Q1,2024-02,2024Q1
O003821,C01776,2025-06-28,Cash on Delivery,Delivered,2025,6,June,Q2,2025-06,2025Q2
O003822,C01458,2024-03-23,Cash on Delivery,Cancelled,2024,3,March,Q1,2024-03,2024Q1
O003823,C01893,2025-05-29,Credit Card,Delivered,2025,5,May,Q2,2025-05,2025Q2
O003824,C00299,2025-03-27,UPI,Delivered,2025,3,March,Q1,2025-03,2025Q1
O003825,C00031,2024-02-27,Credit Card,Delivered,2024,2,February,Q1,2024-02,2024Q1
O003826,C00360,2025-01-05,Net Banking,Delivered,2025,1,January,Q1,2025-01,2025Q1
O003827,C00130,2025-10-12,Net Banking,Delivered,2025,10,October,Q4,2025-10,2025Q4
O003828,C00945,2025-04-06,Net Banking,Delivered,2025,4,April,Q2,2025-04,2025Q2
O003829,C00235,2025-11-07,UPI,Delivered,2025,11,November,Q4,2025-11,2025Q4
O003830,C01041,2024-05-02,Cash on Delivery,Cancelled,2024,5,May,Q2,2024-05,2024Q2
O003831,C01376,2024-01-24,Net Banking,Delivered,2024,1,January,Q1,2024-01,2024Q1
O003832,C01465,2024-04-24,Credit Card,Delivered,2024,4,April,Q2,2024-04,2024Q2
O003833,C01122,2024-10-10,UPI,Delivered,2024,10,October,Q4,2024-10,2024Q4
O003834,C00388,2024-04-19,Debit Card,Delivered,2024,4,April,Q2,2024-04,2024Q2
O003835,C01632,2024-03-02,UPI,Delivered,2024,3,March,Q1,2024-03,2024Q1
O003836,C00127,2024-07-09,Cash on Delivery,Delivered,2024,7,July,Q3,2024-07,2024Q3
O003837,C01839,2024-02-29,Cash on Delivery,Delivered,2024,2,February,Q1,2024-02,2024Q1
O003838,C01902,2024-01-10,Credit Card,Delivered,2024,1,January,Q1,2024-01,2024Q1
O003839,C01314,2025-03-18,Net Banking,Cancelled,2025,3,March,Q1,2025-03,2025Q1
O003840,C01046,2025-10-07,UPI,Delivered,2025,10,October,Q4,2025-10,2025Q4
O003841,C00566,2025-09-24,Net Banking,Cancelled,2025,9,September,Q3,2025-09,2025Q3
O003842,C01314,2024-11-19,UPI,Delivered,2024,11,November,Q4,2024-11,2024Q4
O003843,C00634,2024-04-26,Net Banking,Cancelled,2024,4,April,Q2,2024-04,2024Q2
O003844,C00648,2025-08-17,Net Banking,Delivered,2025,8,August,Q3,2025-08,2025Q3
O003845,C00072,2024-05-21,UPI,Delivered,2024,5,May,Q2,2024-05,2024Q2
O003846,C00937,2024-12-30,Net Banking,Delivered,2024,12,December,Q4,2024-12,2024Q4
O003847,C00008,2025-07-31,Debit Card,Delivered,2025,7,July,Q3,2025-07,2025Q3
O003848,C01933,2024-04-18,Debit Card,Cancelled,2024,4,April,Q2,2024-04,2024Q2
O003849,C00777,2025-08-04,Net Banking,Delivered,2025,8,August,Q3,2025-08,2025Q3
O003850,C00679,2025-02-13,UPI,Delivered,2025,2,February,Q1,2025-02,2025Q1
O003851,C00893,2025-06-26,Credit Card,Delivered,2025,6,June,Q2,2025-06,2025Q2
O003852,C00865,2024-08-20,Debit Card,Delivered,2024,8,August,Q3,2024-08,2024Q3
O003853,C00152,2024-12-31,UPI,Delivered,2024,12,December,Q4,2024-12,2024Q4
O003854,C01877,2024-11-15,Debit Card,Delivered,2024,11,November,Q4,2024-11,2024Q4
O003855,C01777,2025-07-15,UPI,Delivered,2025,7,July,Q3,2025-07,2025Q3
O003856,C01442,2024-09-19,Cash on Delivery,Delivered,2024,9,September,Q3,2024-09,2024Q3
O003857,C00578,2024-12-10,UPI,Delivered,2024,12,December,Q4,2024-12,2024Q4
O003858,C01110,2025-08-29,Credit Card,Delivered,2025,8,August,Q3,2025-08,2025Q3
O003859,C01258,2025-05-15,Cash on Delivery,Delivered,2025,5,May,Q2,2025-05,2025Q2
O003860,C01582,2025-06-24,Net Banking,Delivered,2025,6,June,Q2,2025-06,2025Q2
O003861,C01071,2024-01-11,Debit Card,Delivered,2024,1,January,Q1,2024-01,2024Q1
O003862,C01584,2024-08-10,Cash on Delivery,Delivered,2024,8,August,Q3,2024-08,2024Q3
O003863,C00881,2024-03-27,Credit Card,Delivered,2024,3,March,Q1,2024-03,2024Q1
O003864,C00603,2024-05-01,Cash on Delivery,Delivered,2024,5,May,Q2,2024-05,2024Q2
O003865,C00774,2024-02-16,Debit Card,Cancelled,2024,2,February,Q1,2024-02,2024Q1
O003866,C01157,2025-11-15,Cash on Delivery,Delivered,2025,11,November,Q4,2025-11,2025Q4
O003867,C00327,2025-05-14,Credit Card,Delivered,2025,5,May,Q2,2025-05,2025Q2
O003868,C01608,2024-01-25,UPI,Cancelled,2024,1,January,Q1,2024-01,2024Q1
O003869,C00480,2025-04-14,Cash on Delivery,Delivered,2025,4,April,Q2,2025-04,2025Q2
O003870,C01143,2025-08-06,Cash on Delivery,Cancelled,2025,8,August,Q3,2025-08,2025Q3
O003871,C01839,2024-05-14,Cash on Delivery,Delivered,2024,5,May,Q2,2024-05,2024Q2
O003872,C00968,2025-01-25,Cash on Delivery,Delivered,2025,1,January,Q1,2025-01,2025Q1
O003873,C01601,2024-05-04,Net Banking,Delivered,2024,5,May,Q2,2024-05,2024Q2
O003874,C00063,2024-01-09,Credit Card,Cancelled,2024,1,January,Q1,2024-01,2024Q1
O003875,C00879,2024-11-03,UPI,Delivered,2024,11,November,Q4,2024-11,2024Q4
O003876,C01729,2025-10-08,UPI,Cancelled,2025,10,October,Q4,2025-10,2025Q4
O003877,C00931,2024-11-25,Net Banking,Delivered,2024,11,November,Q4,2024-11,2024Q4
O003878,C01420,2025-06-12,Debit Card,Delivered,2025,6,June,Q2,2025-06,2025Q2
O003879,C00046,2025-11-11,Net Banking,Delivered,2025,11,November,Q4,2025-11,2025Q4
O003880,C00884,2024-12-18,Debit Card,Delivered,2024,12,December,Q4,2024-12,2024Q4
O003881,C01740,2025-03-06,Cash on Delivery,Cancelled,2025,3,March,Q1,2025-03,2025Q1
O003882,C01145,2025-07-06,Cash on Delivery,Delivered,2025,7,July,Q3,2025-07,2025Q3
O003883,C00779,2025-10-06,UPI,Delivered,2025,10,October,Q4,2025-10,2025Q4
O003884,C00162,2024-07-19,Debit Card,Delivered,2024,7,July,Q3,2024-07,2024Q3
O003885,C01559,2025-12-14,Cash on Delivery,Delivered,2025,12,December,Q4,2025-12,2025Q4
O003886,C01914,2025-03-20,UPI,Delivered,2025,3,March,Q1,2025-03,2025Q1
O003887,C01606,2025-01-24,Credit Card,Delivered,2025,1,January,Q1,2025-01,2025Q1
O003888,C01046,2024-08-25,Debit Card,Delivered,2024,8,August,Q3,2024-08,2024Q3
O003889,C00944,2025-07-04,Net Banking,Delivered,2025,7,July,Q3,2025-07,2025Q3
O003890,C00596,2024-06-25,Debit Card,Delivered,2024,6,June,Q2,2024-06,2024Q2
O003891,C01000,2024-11-25,Debit Card,Delivered,2024,11,November,Q4,2024-11,2024Q4
O003892,C01234,2025-12-24,UPI,Delivered,2025,12,December,Q4,2025-12,2025Q4
O003893,C00198,2024-05-01,Credit Card,Cancelled,2024,5,May,Q2,2024-05,2024Q2
O003894,C00297,2024-07-30,UPI,Cancelled,2024,7,July,Q3,2024-07,2024Q3
O003895,C01460,2024-03-12,Cash on Delivery,Delivered,2024,3,March,Q1,2024-03,2024Q1
O003896,C01926,2025-02-09,UPI,Delivered,2025,2,February,Q1,2025-02,2025Q1
O003897,C00363,2024-10-20,UPI,Cancelled,2024,10,October,Q4,2024-10,2024Q4
O003898,C01932,2024-04-07,Debit Card,Cancelled,2024,4,April,Q2,2024-04,2024Q2
O003899,C01204,2025-07-31,UPI,Delivered,2025,7,July,Q3,2025-07,2025Q3
O003900,C00110,2024-06-13,Debit Card,Delivered,2024,6,June,Q2,2024-06,2024Q2
O003901,C00546,2024-11-07,Credit Card,Delivered,2024,11,November,Q4,2024-11,2024Q4
O003902,C01687,2025-04-25,Debit Card,Delivered,2025,4,April,Q2,2025-04,2025Q2
O003903,C00764,2024-02-13,Debit Card,Delivered,2024,2,February,Q1,2024-02,2024Q1
O003904,C00654,2024-06-19,Net Banking,Cancelled,2024,6,June,Q2,2024-06,2024Q2
O003905,C00259,2024-10-31,UPI,Cancelled,2024,10,October,Q4,2024-10,2024Q4
O003906,C00290,2024-05-22,UPI,Delivered,2024,5,May,Q2,2024-05,2024Q2
O003907,C01018,2025-09-30,UPI,Cancelled,2025,9,September,Q3,2025-09,2025Q3
O003908,C00037,2025-08-02,UPI,Delivered,2025,8,August,Q3,2025-08,2025Q3
O003909,C01295,2025-03-10,Credit Card,Delivered,2025,3,March,Q1,2025-03,2025Q1
O003910,C00840,2025-04-14,Credit Card,Delivered,2025,4,April,Q2,2025-04,2025Q2
O003911,C00941,2025-10-15,UPI,Delivered,2025,10,October,Q4,2025-10,2025Q4
O003912,C00571,2024-02-29,Net Banking,Delivered,2024,2,February,Q1,2024-02,2024Q1
O003913,C01031,2025-09-26,UPI,Cancelled,2025,9,September,Q3,2025-09,2025Q3
O003914,C01252,2025-06-21,Debit Card,Delivered,2025,6,June,Q2,2025-06,2025Q2
O003915,C00011,2024-12-29,UPI,Delivered,2024,12,December,Q4,2024-12,2024Q4
O003916,C00995,2025-01-05,Credit Card,Cancelled,2025,1,January,Q1,2025-01,2025Q1
O003917,C00375,2024-08-31,UPI,Delivered,2024,8,August,Q3,2024-08,2024Q3
O003918,C01469,2025-05-21,Credit Card,Delivered,2025,5,May,Q2,2025-05,2025Q2
O003919,C00280,2025-05-13,Net Banking,Delivered,2025,5,May,Q2,2025-05,2025Q2
O003920,C00798,2024-11-10,Net Banking,Cancelled,2024,11,November,Q4,2024-11,2024Q4
O003921,C01893,2025-10-04,Debit Card,Delivered,2025,10,October,Q4,2025-10,2025Q4
O003922,C00987,2024-10-22,UPI,Delivered,2024,10,October,Q4,2024-10,2024Q4
O003923,C01611,2024-05-08,Debit Card,Cancelled,2024,5,May,Q2,2024-05,2024Q2
O003924,C01314,2024-02-12,Debit Card,Delivered,2024,2,February,Q1,2024-02,2024Q1
O003925,C00188,2025-09-15,UPI,Delivered,2025,9,September,Q3,2025-09,2025Q3
O003926,C01997,2024-10-15,UPI,Cancelled,2024,10,October,Q4,2024-10,2024Q4
O003927,C00365,2025-05-17,Net Banking,Delivered,2025,5,May,Q2,2025-05,2025Q2
O003928,C01672,2024-11-25,UPI,Delivered,2024,11,November,Q4,2024-11,2024Q4
O003929,C00381,2024-05-31,Credit Card,Delivered,2024,5,May,Q2,2024-05,2024Q2
O003930,C01524,2024-07-28,Debit Card,Delivered,2024,7,July,Q3,2024-07,2024Q3
O003931,C01940,2024-03-25,Net Banking,Delivered,2024,3,March,Q1,2024-03,2024Q1
O003932,C01682,2024-03-22,Cash on Delivery,Delivered,2024,3,March,Q1,2024-03,2024Q1
O003933,C00409,2024-03-01,UPI,Delivered,2024,3,March,Q1,2024-03,2024Q1
O003934,C00947,2024-10-08,UPI,Delivered,2024,10,October,Q4,2024-10,2024Q4
O003935,C01216,2025-04-13,Debit Card,Delivered,2025,4,April,Q2,2025-04,2025Q2
O003936,C00010,2025-08-27,Cash on Delivery,Delivered,2025,8,August,Q3,2025-08,2025Q3
O003937,C01856,2025-10-19,UPI,Cancelled,2025,10,October,Q4,2025-10,2025Q4
O003938,C01176,2024-09-17,Debit Card,Cancelled,2024,9,September,Q3,2024-09,2024Q3
O003939,C01457,2024-01-22,Credit Card,Delivered,2024,1,January,Q1,2024-01,2024Q1
O003940,C00465,2024-07-05,Credit Card,Cancelled,2024,7,July,Q3,2024-07,2024Q3
O003941,C01069,2024-08-07,Net Banking,Delivered,2024,8,August,Q3,2024-08,2024Q3
O003942,C01215,2024-05-06,Credit Card,Delivered,2024,5,May,Q2,2024-05,2024Q2
O003943,C01772,2025-02-24,Net Banking,Delivered,2025,2,February,Q1,2025-02,2025Q1
O003944,C00270,2024-03-23,Credit Card,Delivered,2024,3,March,Q1,2024-03,2024Q1
O003945,C01960,2024-02-20,Net Banking,Delivered,2024,2,February,Q1,2024-02,2024Q1
O003946,C00847,2024-06-13,Cash on Delivery,Delivered,2024,6,June,Q2,2024-06,2024Q2
O003947,C01965,2025-04-08,Net Banking,Cancelled,2025,4,April,Q2,2025-04,2025Q2
O003948,C01896,2024-01-09,UPI,Delivered,2024,1,January,Q1,2024-01,2024Q1
O003949,C00415,2025-08-10,Debit Card,Cancelled,2025,8,August,Q3,2025-08,2025Q3
O003950,C00170,2025-12-07,Credit Card,Delivered,2025,12,December,Q4,2025-12,2025Q4
O003951,C00073,2024-08-28,Debit Card,Delivered,2024,8,August,Q3,2024-08,2024Q3
O003952,C00093,2024-05-25,UPI,Cancelled,2024,5,May,Q2,2024-05,2024Q2
O003953,C01360,2025-03-04,Cash on Delivery,Delivered,2025,3,March,Q1,2025-03,2025Q1
O003954,C00455,2024-06-05,Debit Card,Delivered,2024,6,June,Q2,2024-06,2024Q2
O003955,C00960,2025-05-10,Debit Card,Delivered,2025,5,May,Q2,2025-05,2025Q2
O003956,C01989,2025-12-22,Debit Card,Delivered,2025,12,December,Q4,2025-12,2025Q4
O003957,C00525,2024-01-26,Debit Card,Delivered,2024,1,January,Q1,2024-01,2024Q1
O003958,C00691,2024-07-05,Credit Card,Delivered,2024,7,July,Q3,2024-07,2024Q3
O003959,C01086,2024-07-28,UPI,Delivered,2024,7,July,Q3,2024-07,2024Q3
O003960,C01118,2024-03-07,Net Banking,Delivered,2024,3,March,Q1,2024-03,2024Q1
O003961,C01527,2025-03-18,Net Banking,Delivered,2025,3,March,Q1,2025-03,2025Q1
O003962,C00397,2025-03-14,Debit Card,Delivered,2025,3,March,Q1,2025-03,2025Q1
O003963,C01470,2024-02-04,Debit Card,Delivered,2024,2,February,Q1,2024-02,2024Q1
O003964,C01907,2025-03-13,Cash on Delivery,Cancelled,2025,3,March,Q1,2025-03,2025Q1
O003965,C00400,2025-09-05,Cash on Delivery,Delivered,2025,9,September,Q3,2025-09,2025Q3
O003966,C01982,2025-01-10,Credit Card,Delivered,2025,1,January,Q1,2025-01,2025Q1
O003967,C01639,2024-02-05,Credit Card,Delivered,2024,2,February,Q1,2024-02,2024Q1
O003968,C00832,2024-02-07,Net Banking,Cancelled,2024,2,February,Q1,2024-02,2024Q1
O003969,C00098,2024-09-01,UPI,Delivered,2024,9,September,Q3,2024-09,2024Q3
O003970,C00913,2024-03-13,Cash on Delivery,Delivered,2024,3,March,Q1,2024-03,2024Q1
O003971,C01444,2024-08-27,UPI,Delivered,2024,8,August,Q3,2024-08,2024Q3
O003972,C00738,2024-01-07,Credit Card,Delivered,2024,1,January,Q1,2024-01,2024Q1
O003973,C00722,2024-10-04,UPI,Delivered,2024,10,October,Q4,2024-10,2024Q4
O003974,C00327,2025-08-06,UPI,Delivered,2025,8,August,Q3,2025-08,2025Q3
O003975,C01494,2024-08-07,UPI,Cancelled,2024,8,August,Q3,2024-08,2024Q3
O003976,C00070,2024-11-05,Cash on Delivery,Delivered,2024,11,November,Q4,2024-11,2024Q4
O003977,C01848,2025-01-23,Debit Card,Delivered,2025,1,January,Q1,2025-01,2025Q1
O003978,C00088,2024-05-31,Credit Card,Delivered,2024,5,May,Q2,2024-05,2024Q2
O003979,C01497,2024-09-01,UPI,Cancelled,2024,9,September,Q3,2024-09,2024Q3
O003980,C00209,2025-08-06,Credit Card,Delivered,2025,8,August,Q3,2025-08,2025Q3
O003981,C01948,2024-10-30,UPI,Delivered,2024,10,October,Q4,2024-10,2024Q4
O003982,C00948,2025-07-17,Debit Card,Delivered,2025,7,July,Q3,2025-07,2025Q3
O003983,C00195,2024-10-03,Cash on Delivery,Delivered,2024,10,October,Q4,2024-10,2024Q4
O003984,C00292,2024-04-10,UPI,Delivered,2024,4,April,Q2,2024-04,2024Q2
O003985,C01443,2025-06-29,Net Banking,Delivered,2025,6,June,Q2,2025-06,2025Q2
O003986,C00111,2025-06-08,Credit Card,Delivered,2025,6,June,Q2,2025-06,2025Q2
O003987,C01299,2024-03-16,UPI,Cancelled,2024,3,March,Q1,2024-03,2024Q1
O003988,C00760,2024-09-14,Cash on Delivery,Delivered,2024,9,September,Q3,2024-09,2024Q3
O003989,C01675,2024-11-12,Net Banking,Delivered,2024,11,November,Q4,2024-11,2024Q4
O003990,C01431,2025-11-27,Cash on Delivery,Delivered,2025,11,November,Q4,2025-11,2025Q4
O003991,C00002,2025-07-29,UPI,Delivered,2025,7,July,Q3,2025-07,2025Q3
O003992,C00374,2025-01-26,Net Banking,Delivered,2025,1,January,Q1,2025-01,2025Q1
O003993,C01608,2024-03-19,Cash on Delivery,Delivered,2024,3,March,Q1,2024-03,2024Q1
O003994,C01786,2025-01-25,UPI,Delivered,2025,1,January,Q1,2025-01,2025Q1
O003995,C00324,2025-09-19,Net Banking,Delivered,2025,9,September,Q3,2025-09,2025Q3
O003996,C00162,2025-08-25,UPI,Delivered,2025,8,August,Q3,2025-08,2025Q3
O003997,C00440,2024-04-26,Credit Card,Delivered,2024,4,April,Q2,2024-04,2024Q2
O003998,C01980,2024-01-19,Cash on Delivery,Delivered,2024,1,January,Q1,2024-01,2024Q1
O003999,C00902,2025-04-01,Cash on Delivery,Delivered,2025,4,April,Q2,2025-04,2025Q2
O004000,C00066,2025-09-10,Net Banking,Delivered,2025,9,September,Q3,2025-09,2025Q3
O004001,C00090,2024-10-23,Net Banking,Delivered,2024,10,October,Q4,2024-10,2024Q4
O004002,C01567,2025-01-05,Net Banking,Delivered,2025,1,January,Q1,2025-01,2025Q1
O004003,C01730,2025-03-31,Credit Card,Delivered,2025,3,March,Q1,2025-03,2025Q1
O004004,C01219,2025-11-05,Cash on Delivery,Delivered,2025,11,November,Q4,2025-11,2025Q4
O004005,C01907,2025-10-23,Debit Card,Cancelled,2025,10,October,Q4,2025-10,2025Q4
O004006,C01381,2024-01-30,Debit Card,Delivered,2024,1,January,Q1,2024-01,2024Q1
O004007,C01871,2024-08-13,Credit Card,Delivered,2024,8,August,Q3,2024-08,2024Q3
O004008,C00099,2024-05-05,UPI,Delivered,2024,5,May,Q2,2024-05,2024Q2
O004009,C00590,2024-04-27,Cash on Delivery,Cancelled,2024,4,April,Q2,2024-04,2024Q2
O004010,C00443,2025-06-14,Cash on Delivery,Delivered,2025,6,June,Q2,2025-06,2025Q2
O004011,C00417,2024-12-25,Debit Card,Cancelled,2024,12,December,Q4,2024-12,2024Q4
O004012,C00243,2024-03-02,UPI,Delivered,2024,3,March,Q1,2024-03,2024Q1
O004013,C00259,2025-11-18,UPI,Delivered,2025,11,November,Q4,2025-11,2025Q4
O004014,C00878,2025-05-01,UPI,Cancelled,2025,5,May,Q2,2025-05,2025Q2
O004015,C01431,2024-03-13,Cash on Delivery,Delivered,2024,3,March,Q1,2024-03,2024Q1
O004016,C00132,2025-07-12,UPI,Cancelled,2025,7,July,Q3,2025-07,2025Q3
O004017,C00615,2024-06-28,Debit Card,Delivered,2024,6,June,Q2,2024-06,2024Q2
O004018,C01957,2025-11-17,Credit Card,Delivered,2025,11,November,Q4,2025-11,2025Q4
O004019,C01804,2024-06-16,Cash on Delivery,Cancelled,2024,6,June,Q2,2024-06,2024Q2
O004020,C01827,2025-09-19,Credit Card,Cancelled,2025,9,September,Q3,2025-09,2025Q3
O004021,C00736,2025-06-13,Debit Card,Delivered,2025,6,June,Q2,2025-06,2025Q2
O004022,C01863,2025-05-23,Debit Card,Cancelled,2025,5,May,Q2,2025-05,2025Q2
O004023,C00698,2024-04-19,Credit Card,Delivered,2024,4,April,Q2,2024-04,2024Q2
O004024,C00741,2025-08-20,Credit Card,Delivered,2025,8,August,Q3,2025-08,2025Q3
O004025,C00122,2025-07-12,Net Banking,Delivered,2025,7,July,Q3,2025-07,2025Q3
O004026,C01167,2024-05-05,Cash on Delivery,Delivered,2024,5,May,Q2,2024-05,2024Q2
O004027,C01320,2025-01-24,UPI,Delivered,2025,1,January,Q1,2025-01,2025Q1
O004028,C01170,2025-02-05,Net Banking,Cancelled,2025,2,February,Q1,2025-02,2025Q1
O004029,C00121,2025-07-20,UPI,Cancelled,2025,7,July,Q3,2025-07,2025Q3
O004030,C00793,2025-04-17,Cash on Delivery,Delivered,2025,4,April,Q2,2025-04,2025Q2
O004031,C00539,2025-05-20,UPI,Delivered,2025,5,May,Q2,2025-05,2025Q2
O004032,C00981,2025-02-10,Cash on Delivery,Delivered,2025,2,February,Q1,2025-02,2025Q1
O004033,C01423,2025-12-23,Credit Card,Delivered,2025,12,December,Q4,2025-12,2025Q4
O004034,C01357,2025-08-20,Credit Card,Cancelled,2025,8,August,Q3,2025-08,2025Q3
O004035,C01738,2024-09-22,Debit Card,Delivered,2024,9,September,Q3,2024-09,2024Q3
O004036,C01190,2024-12-13,Net Banking,Delivered,2024,12,December,Q4,2024-12,2024Q4
O004037,C01766,2025-09-02,Credit Card,Delivered,2025,9,September,Q3,2025-09,2025Q3
O004038,C00805,2024-04-11,Net Banking,Delivered,2024,4,April,Q2,2024-04,2024Q2
O004039,C00773,2024-09-20,Debit Card,Delivered,2024,9,September,Q3,2024-09,2024Q3
O004040,C00685,2024-08-13,Debit Card,Delivered,2024,8,August,Q3,2024-08,2024Q3
O004041,C00447,2024-10-06,UPI,Delivered,2024,10,October,Q4,2024-10,2024Q4
O004042,C01697,2025-04-29,UPI,Delivered,2025,4,April,Q2,2025-04,2025Q2
O004043,C01011,2025-10-26,Credit Card,Delivered,2025,10,October,Q4,2025-10,2025Q4
O004044,C00642,2024-11-30,Debit Card,Delivered,2024,11,November,Q4,2024-11,2024Q4
O004045,C01841,2024-02-01,Net Banking,Delivered,2024,2,February,Q1,2024-02,2024Q1
O004046,C00586,2025-11-22,UPI,Delivered,2025,11,November,Q4,2025-11,2025Q4
O004047,C01101,2025-07-07,UPI,Cancelled,2025,7,July,Q3,2025-07,2025Q3
O004048,C00126,2025-08-24,Net Banking,Cancelled,2025,8,August,Q3,2025-08,2025Q3
O004049,C01439,2025-06-14,Debit Card,Delivered,2025,6,June,Q2,2025-06,2025Q2
O004050,C01617,2024-10-28,UPI,Delivered,2024,10,October,Q4,2024-10,2024Q4
O004051,C01754,2024-07-04,UPI,Delivered,2024,7,July,Q3,2024-07,2024Q3
O004052,C00032,2024-06-11,Cash on Delivery,Delivered,2024,6,June,Q2,2024-06,2024Q2
O004053,C01171,2025-04-19,UPI,Delivered,2025,4,April,Q2,2025-04,2025Q2
O004054,C01719,2025-04-16,Debit Card,Delivered,2025,4,April,Q2,2025-04,2025Q2
O004055,C00501,2024-02-28,UPI,Cancelled,2024,2,February,Q1,2024-02,2024Q1
O004056,C01139,2024-04-28,Cash on Delivery,Cancelled,2024,4,April,Q2,2024-04,2024Q2
O004057,C00519,2025-03-16,Credit Card,Delivered,2025,3,March,Q1,2025-03,2025Q1
O004058,C00311,2025-05-02,UPI,Delivered,2025,5,May,Q2,2025-05,2025Q2
O004059,C00787,2025-01-21,Net Banking,Delivered,2025,1,January,Q1,2025-01,2025Q1
O004060,C00451,2024-03-16,Cash on Delivery,Cancelled,2024,3,March,Q1,2024-03,2024Q1
O004061,C01900,2025-09-17,UPI,Delivered,2025,9,September,Q3,2025-09,2025Q3
O004062,C01836,2024-01-12,Debit Card,Delivered,2024,1,January,Q1,2024-01,2024Q1
O004063,C00685,2024-04-20,Cash on Delivery,Cancelled,2024,4,April,Q2,2024-04,2024Q2
O004064,C01618,2025-08-18,Cash on Delivery,Delivered,2025,8,August,Q3,2025-08,2025Q3
O004065,C00663,2025-11-07,Cash on Delivery,Delivered,2025,11,November,Q4,2025-11,2025Q4
O004066,C00180,2024-08-28,Credit Card,Cancelled,2024,8,August,Q3,2024-08,2024Q3
O004067,C01510,2025-02-28,Cash on Delivery,Delivered,2025,2,February,Q1,2025-02,2025Q1
O004068,C00639,2025-11-04,Credit Card,Delivered,2025,11,November,Q4,2025-11,2025Q4
O004069,C00096,2025-09-11,UPI,Delivered,2025,9,September,Q3,2025-09,2025Q3
O004070,C00859,2025-08-29,Debit Card,Delivered,2025,8,August,Q3,2025-08,2025Q3
O004071,C01633,2025-11-26,UPI,Delivered,2025,11,November,Q4,2025-11,2025Q4
O004072,C00938,2024-03-08,Debit Card,Delivered,2024,3,March,Q1,2024-03,2024Q1
O004073,C01067,2025-01-22,UPI,Delivered,2025,1,January,Q1,2025-01,2025Q1
O004074,C00947,2024-03-14,Cash on Delivery,Delivered,2024,3,March,Q1,2024-03,2024Q1
O004075,C01424,2024-12-19,Debit Card,Delivered,2024,12,December,Q4,2024-12,2024Q4
O004076,C01859,2024-08-31,Credit Card,Delivered,2024,8,August,Q3,2024-08,2024Q3
O004077,C01641,2024-05-11,Credit Card,Delivered,2024,5,May,Q2,2024-05,2024Q2
O004078,C00463,2025-12-26,Cash on Delivery,Delivered,2025,12,December,Q4,2025-12,2025Q4
O004079,C00371,2024-08-17,Credit Card,Delivered,2024,8,August,Q3,2024-08,2024Q3
O004080,C01435,2024-05-05,Cash on Delivery,Delivered,2024,5,May,Q2,2024-05,2024Q2
O004081,C01326,2024-02-22,Cash on Delivery,Delivered,2024,2,February,Q1,2024-02,2024Q1
O004082,C00139,2024-08-05,Credit Card,Cancelled,2024,8,August,Q3,2024-08,2024Q3
O004083,C01610,2025-03-23,UPI,Cancelled,2025,3,March,Q1,2025-03,2025Q1
O004084,C01174,2024-10-09,Net Banking,Delivered,2024,10,October,Q4,2024-10,2024Q4
O004085,C01406,2024-10-01,Debit Card,Cancelled,2024,10,October,Q4,2024-10,2024Q4
O004086,C00194,2024-03-10,Net Banking,Delivered,2024,3,March,Q1,2024-03,2024Q1
O004087,C01583,2024-02-25,UPI,Delivered,2024,2,February,Q1,2024-02,2024Q1
O004088,C00434,2024-05-19,Credit Card,Delivered,2024,5,May,Q2,2024-05,2024Q2
O004089,C01127,2025-07-05,Debit Card,Cancelled,2025,7,July,Q3,2025-07,2025Q3
O004090,C01804,2025-08-22,Debit Card,Cancelled,2025,8,August,Q3,2025-08,2025Q3
O004091,C01536,2024-12-23,Debit Card,Delivered,2024,12,December,Q4,2024-12,2024Q4
O004092,C00343,2024-07-19,Debit Card,Delivered,2024,7,July,Q3,2024-07,2024Q3
O004093,C00782,2025-01-02,Cash on Delivery,Cancelled,2025,1,January,Q1,2025-01,2025Q1
O004094,C00092,2024-07-17,UPI,Delivered,2024,7,July,Q3,2024-07,2024Q3
O004095,C01879,2025-08-15,UPI,Cancelled,2025,8,August,Q3,2025-08,2025Q3
O004096,C01568,2025-11-11,Cash on Delivery,Delivered,2025,11,November,Q4,2025-11,2025Q4
O004097,C00138,2024-12-09,Debit Card,Delivered,2024,12,December,Q4,2024-12,2024Q4
O004098,C01247,2025-05-20,Credit Card,Cancelled,2025,5,May,Q2,2025-05,2025Q2
O004099,C01861,2025-12-18,Cash on Delivery,Delivered,2025,12,December,Q4,2025-12,2025Q4
O004100,C01842,2024-04-19,Credit Card,Cancelled,2024,4,April,Q2,2024-04,2024Q2
O004101,C00566,2025-12-30,Debit Card,Delivered,2025,12,December,Q4,2025-12,2025Q4
O004102,C01775,2024-04-06,UPI,Delivered,2024,4,April,Q2,2024-04,2024Q2
O004103,C01053,2025-03-17,UPI,Delivered,2025,3,March,Q1,2025-03,2025Q1
O004104,C00333,2025-01-14,UPI,Delivered,2025,1,January,Q1,2025-01,2025Q1
O004105,C00364,2024-01-31,Cash on Delivery,Delivered,2024,1,January,Q1,2024-01,2024Q1
O004106,C01260,2024-10-09,Debit Card,Cancelled,2024,10,October,Q4,2024-10,2024Q4
O004107,C00262,2025-10-29,Credit Card,Delivered,2025,10,October,Q4,2025-10,2025Q4
O004108,C01357,2024-08-10,Credit Card,Delivered,2024,8,August,Q3,2024-08,2024Q3
O004109,C00517,2024-11-07,UPI,Delivered,2024,11,November,Q4,2024-11,2024Q4
O004110,C00998,2024-11-13,Cash on Delivery,Delivered,2024,11,November,Q4,2024-11,2024Q4
O004111,C01498,2025-10-27,Credit Card,Cancelled,2025,10,October,Q4,2025-10,2025Q4
O004112,C01532,2025-04-26,UPI,Delivered,2025,4,April,Q2,2025-04,2025Q2
O004113,C01995,2025-12-13,Cash on Delivery,Delivered,2025,12,December,Q4,2025-12,2025Q4
O004114,C01183,2025-06-12,Net Banking,Delivered,2025,6,June,Q2,2025-06,2025Q2
O004115,C01436,2024-04-10,UPI,Delivered,2024,4,April,Q2,2024-04,2024Q2
O004116,C01507,2024-12-08,Debit Card,Delivered,2024,12,December,Q4,2024-12,2024Q4
O004117,C00262,2024-10-11,UPI,Delivered,2024,10,October,Q4,2024-10,2024Q4
O004118,C00104,2025-02-02,Credit Card,Delivered,2025,2,February,Q1,2025-02,2025Q1
O004119,C00449,2025-10-18,Credit Card,Delivered,2025,10,October,Q4,2025-10,2025Q4
O004120,C01469,2025-04-30,Credit Card,Delivered,2025,4,April,Q2,2025-04,2025Q2
O004121,C01742,2024-08-31,Credit Card,Delivered,2024,8,August,Q3,2024-08,2024Q3
O004122,C00500,2024-10-17,Credit Card,Delivered,2024,10,October,Q4,2024-10,2024Q4
O004123,C00085,2024-03-05,Cash on Delivery,Delivered,2024,3,March,Q1,2024-03,2024Q1
O004124,C01031,2025-06-13,UPI,Delivered,2025,6,June,Q2,2025-06,2025Q2
O004125,C01816,2024-11-16,UPI,Delivered,2024,11,November,Q4,2024-11,2024Q4
O004126,C00811,2025-01-27,UPI,Delivered,2025,1,January,Q1,2025-01,2025Q1
O004127,C00706,2024-12-15,Cash on Delivery,Delivered,2024,12,December,Q4,2024-12,2024Q4
O004128,C01915,2024-07-23,Net Banking,Delivered,2024,7,July,Q3,2024-07,2024Q3
O004129,C00942,2025-11-12,Debit Card,Delivered,2025,11,November,Q4,2025-11,2025Q4
O004130,C01850,2025-11-11,Cash on Delivery,Delivered,2025,11,November,Q4,2025-11,2025Q4
O004131,C01252,2025-06-14,Cash on Delivery,Delivered,2025,6,June,Q2,2025-06,2025Q2
O004132,C00271,2024-02-03,Debit Card,Delivered,2024,2,February,Q1,2024-02,2024Q1
O004133,C01335,2025-04-27,Credit Card,Cancelled,2025,4,April,Q2,2025-04,2025Q2
O004134,C00184,2025-05-15,Net Banking,Delivered,2025,5,May,Q2,2025-05,2025Q2
O004135,C00962,2024-02-14,Credit Card,Cancelled,2024,2,February,Q1,2024-02,2024Q1
O004136,C00084,2025-07-29,Credit Card,Cancelled,2025,7,July,Q3,2025-07,2025Q3
O004137,C01535,2025-09-06,Cash on Delivery,Delivered,2025,9,September,Q3,2025-09,2025Q3
O004138,C00245,2024-07-09,UPI,Delivered,2024,7,July,Q3,2024-07,2024Q3
O004139,C00508,2025-06-27,Cash on Delivery,Delivered,2025,6,June,Q2,2025-06,2025Q2
O004140,C00137,2025-09-29,Cash on Delivery,Delivered,2025,9,September,Q3,2025-09,2025Q3
O004141,C00803,2025-03-11,Credit Card,Delivered,2025,3,March,Q1,2025-03,2025Q1
O004142,C01163,2024-01-07,UPI,Delivered,2024,1,January,Q1,2024-01,2024Q1
O004143,C01923,2024-04-30,UPI,Delivered,2024,4,April,Q2,2024-04,2024Q2
O004144,C00029,2025-10-24,Cash on Delivery,Delivered,2025,10,October,Q4,2025-10,2025Q4
O004145,C00752,2024-03-22,Credit Card,Delivered,2024,3,March,Q1,2024-03,2024Q1
O004146,C01985,2024-08-13,Net Banking,Delivered,2024,8,August,Q3,2024-08,2024Q3
O004147,C00944,2024-10-18,UPI,Delivered,2024,10,October,Q4,2024-10,2024Q4
O004148,C00479,2024-05-02,Net Banking,Delivered,2024,5,May,Q2,2024-05,2024Q2
O004149,C00173,2025-03-18,Cash on Delivery,Cancelled,2025,3,March,Q1,2025-03,2025Q1
O004150,C01647,2024-11-06,Credit Card,Delivered,2024,11,November,Q4,2024-11,2024Q4
O004151,C00124,2025-10-25,Debit Card,Cancelled,2025,10,October,Q4,2025-10,2025Q4
O004152,C00588,2024-02-26,Cash on Delivery,Delivered,2024,2,February,Q1,2024-02,2024Q1
O004153,C00616,2024-06-22,UPI,Delivered,2024,6,June,Q2,2024-06,2024Q2
O004154,C01977,2024-10-28,Credit Card,Delivered,2024,10,October,Q4,2024-10,2024Q4
O004155,C01403,2025-11-09,Debit Card,Cancelled,2025,11,November,Q4,2025-11,2025Q4
O004156,C01578,2024-12-25,Credit Card,Delivered,2024,12,December,Q4,2024-12,2024Q4
O004157,C01163,2025-06-03,Credit Card,Delivered,2025,6,June,Q2,2025-06,2025Q2
O004158,C00620,2024-03-13,Net Banking,Delivered,2024,3,March,Q1,2024-03,2024Q1
O004159,C00343,2024-09-28,Credit Card,Delivered,2024,9,September,Q3,2024-09,2024Q3
O004160,C01734,2024-12-27,UPI,Delivered,2024,12,December,Q4,2024-12,2024Q4
O004161,C00889,2024-12-29,Net Banking,Delivered,2024,12,December,Q4,2024-12,2024Q4
O004162,C00182,2025-05-14,UPI,Delivered,2025,5,May,Q2,2025-05,2025Q2
O004163,C00524,2025-02-19,Credit Card,Delivered,2025,2,February,Q1,2025-02,2025Q1
O004164,C01363,2025-11-30,Credit Card,Delivered,2025,11,November,Q4,2025-11,2025Q4
O004165,C01927,2025-09-27,Cash on Delivery,Delivered,2025,9,September,Q3,2025-09,2025Q3
O004166,C00546,2024-12-27,Credit Card,Delivered,2024,12,December,Q4,2024-12,2024Q4
O004167,C01391,2024-03-25,Credit Card,Cancelled,2024,3,March,Q1,2024-03,2024Q1
O004168,C01304,2024-03-07,UPI,Cancelled,2024,3,March,Q1,2024-03,2024Q1
O004169,C01506,2024-05-20,Net Banking,Cancelled,2024,5,May,Q2,2024-05,2024Q2
O004170,C01947,2025-07-22,Cash on Delivery,Delivered,2025,7,July,Q3,2025-07,2025Q3
O004171,C01516,2024-03-25,Debit Card,Delivered,2024,3,March,Q1,2024-03,2024Q1
O004172,C00303,2025-12-13,Credit Card,Delivered,2025,12,December,Q4,2025-12,2025Q4
O004173,C01859,2025-12-17,Cash on Delivery,Delivered,2025,12,December,Q4,2025-12,2025Q4
O004174,C01348,2024-11-04,Net Banking,Delivered,2024,11,November,Q4,2024-11,2024Q4
O004175,C00540,2025-08-19,Credit Card,Delivered,2025,8,August,Q3,2025-08,2025Q3
O004176,C01147,2024-12-02,Debit Card,Delivered,2024,12,December,Q4,2024-12,2024Q4
O004177,C01818,2024-06-03,UPI,Delivered,2024,6,June,Q2,2024-06,2024Q2
O004178,C01940,2024-11-07,Net Banking,Delivered,2024,11,November,Q4,2024-11,2024Q4
O004179,C01821,2024-09-12,Debit Card,Delivered,2024,9,September,Q3,2024-09,2024Q3
O004180,C00747,2024-02-20,Cash on Delivery,Delivered,2024,2,February,Q1,2024-02,2024Q1
O004181,C00461,2024-09-03,UPI,Delivered,2024,9,September,Q3,2024-09,2024Q3
O004182,C01945,2024-09-22,UPI,Delivered,2024,9,September,Q3,2024-09,2024Q3
O004183,C00159,2025-04-14,UPI,Delivered,2025,4,April,Q2,2025-04,2025Q2
O004184,C01738,2025-01-12,Cash on Delivery,Delivered,2025,1,January,Q1,2025-01,2025Q1
O004185,C00831,2024-06-14,UPI,Delivered,2024,6,June,Q2,2024-06,2024Q2
O004186,C01473,2025-06-29,Debit Card,Delivered,2025,6,June,Q2,2025-06,2025Q2
O004187,C01769,2025-07-29,Debit Card,Delivered,2025,7,July,Q3,2025-07,2025Q3
O004188,C01877,2025-01-04,Cash on Delivery,Delivered,2025,1,January,Q1,2025-01,2025Q1
O004189,C01023,2024-03-29,Debit Card,Delivered,2024,3,March,Q1,2024-03,2024Q1
O004190,C00823,2024-08-04,Credit Card,Delivered,2024,8,August,Q3,2024-08,2024Q3
O004191,C01479,2024-12-19,Debit Card,Delivered,2024,12,December,Q4,2024-12,2024Q4
O004192,C00739,2024-01-30,Credit Card,Delivered,2024,1,January,Q1,2024-01,2024Q1
O004193,C00760,2025-02-27,Debit Card,Delivered,2025,2,February,Q1,2025-02,2025Q1
O004194,C00805,2024-04-30,Net Banking,Cancelled,2024,4,April,Q2,2024-04,2024Q2
O004195,C01592,2024-12-31,Debit Card,Delivered,2024,12,December,Q4,2024-12,2024Q4
O004196,C00883,2024-04-23,Credit Card,Delivered,2024,4,April,Q2,2024-04,2024Q2
O004197,C00260,2025-05-12,UPI,Delivered,2025,5,May,Q2,2025-05,2025Q2
O004198,C00703,2024-06-14,Debit Card,Delivered,2024,6,June,Q2,2024-06,2024Q2
O004199,C00046,2024-09-05,Credit Card,Delivered,2024,9,September,Q3,2024-09,2024Q3
O004200,C01173,2025-03-17,Debit Card,Cancelled,2025,3,March,Q1,2025-03,2025Q1
O004201,C01879,2024-01-25,Cash on Delivery,Cancelled,2024,1,January,Q1,2024-01,2024Q1
O004202,C00180,2025-04-11,Debit Card,Delivered,2025,4,April,Q2,2025-04,2025Q2
O004203,C01558,2025-08-24,Net Banking,Cancelled,2025,8,August,Q3,2025-08,2025Q3
O004204,C00293,2024-10-22,Debit Card,Delivered,2024,10,October,Q4,2024-10,2024Q4
O004205,C01180,2024-02-18,Credit Card,Delivered,2024,2,February,Q1,2024-02,2024Q1
O004206,C01730,2025-12-28,Net Banking,Delivered,2025,12,December,Q4,2025-12,2025Q4
O004207,C00232,2025-09-20,Cash on Delivery,Delivered,2025,9,September,Q3,2025-09,2025Q3
O004208,C00028,2024-10-07,Net Banking,Delivered,2024,10,October,Q4,2024-10,2024Q4
O004209,C00280,2025-09-05,Credit Card,Delivered,2025,9,September,Q3,2025-09,2025Q3
O004210,C01592,2024-11-30,Cash on Delivery,Delivered,2024,11,November,Q4,2024-11,2024Q4
O004211,C00545,2025-01-02,Credit Card,Delivered,2025,1,January,Q1,2025-01,2025Q1
O004212,C00251,2024-06-14,Cash on Delivery,Delivered,2024,6,June,Q2,2024-06,2024Q2
O004213,C00108,2024-02-12,Debit Card,Cancelled,2024,2,February,Q1,2024-02,2024Q1
O004214,C01196,2024-06-13,Credit Card,Delivered,2024,6,June,Q2,2024-06,2024Q2
O004215,C01624,2025-11-05,Credit Card,Delivered,2025,11,November,Q4,2025-11,2025Q4
O004216,C01673,2024-01-18,UPI,Delivered,2024,1,January,Q1,2024-01,2024Q1
O004217,C01591,2025-08-12,Credit Card,Delivered,2025,8,August,Q3,2025-08,2025Q3
O004218,C00438,2025-06-15,Debit Card,Delivered,2025,6,June,Q2,2025-06,2025Q2
O004219,C00928,2024-11-24,Credit Card,Delivered,2024,11,November,Q4,2024-11,2024Q4
O004220,C01348,2024-07-28,Cash on Delivery,Delivered,2024,7,July,Q3,2024-07,2024Q3
O004221,C00214,2024-07-14,UPI,Delivered,2024,7,July,Q3,2024-07,2024Q3
O004222,C01094,2025-05-08,UPI,Delivered,2025,5,May,Q2,2025-05,2025Q2
O004223,C01926,2024-05-16,Credit Card,Delivered,2024,5,May,Q2,2024-05,2024Q2
O004224,C01884,2024-03-05,UPI,Delivered,2024,3,March,Q1,2024-03,2024Q1
O004225,C00163,2024-04-20,Debit Card,Cancelled,2024,4,April,Q2,2024-04,2024Q2
O004226,C00915,2024-02-23,UPI,Cancelled,2024,2,February,Q1,2024-02,2024Q1
O004227,C00576,2024-07-31,Debit Card,Delivered,2024,7,July,Q3,2024-07,2024Q3
O004228,C00429,2024-11-10,Credit Card,Delivered,2024,11,November,Q4,2024-11,2024Q4
O004229,C01514,2024-03-04,Cash on Delivery,Delivered,2024,3,March,Q1,2024-03,2024Q1
O004230,C01822,2024-08-19,Cash on Delivery,Delivered,2024,8,August,Q3,2024-08,2024Q3
O004231,C00532,2025-11-09,Debit Card,Delivered,2025,11,November,Q4,2025-11,2025Q4
O004232,C00100,2025-07-07,UPI,Delivered,2025,7,July,Q3,2025-07,2025Q3
O004233,C00398,2024-12-16,Credit Card,Delivered,2024,12,December,Q4,2024-12,2024Q4
O004234,C01417,2025-11-07,Debit Card,Delivered,2025,11,November,Q4,2025-11,2025Q4
O004235,C01793,2024-11-22,Credit Card,Delivered,2024,11,November,Q4,2024-11,2024Q4
O004236,C01854,2025-02-11,Net Banking,Delivered,2025,2,February,Q1,2025-02,2025Q1
O004237,C00928,2024-06-15,UPI,Delivered,2024,6,June,Q2,2024-06,2024Q2
O004238,C00820,2025-06-04,Debit Card,Delivered,2025,6,June,Q2,2025-06,2025Q2
O004239,C00386,2025-11-24,Credit Card,Delivered,2025,11,November,Q4,2025-11,2025Q4
O004240,C00007,2024-07-20,UPI,Delivered,2024,7,July,Q3,2024-07,2024Q3
O004241,C01323,2024-05-22,UPI,Delivered,2024,5,May,Q2,2024-05,2024Q2
O004242,C01670,2025-10-07,UPI,Delivered,2025,10,October,Q4,2025-10,2025Q4
O004243,C01910,2024-02-11,Debit Card,Delivered,2024,2,February,Q1,2024-02,2024Q1
O004244,C01900,2024-03-12,Debit Card,Delivered,2024,3,March,Q1,2024-03,2024Q1
O004245,C01330,2025-11-26,Debit Card,Delivered,2025,11,November,Q4,2025-11,2025Q4
O004246,C00075,2025-12-01,UPI,Delivered,2025,12,December,Q4,2025-12,2025Q4
O004247,C00991,2024-11-28,Credit Card,Delivered,2024,11,November,Q4,2024-11,2024Q4
O004248,C00135,2024-09-22,Debit Card,Delivered,2024,9,September,Q3,2024-09,2024Q3
O004249,C00655,2025-08-08,Net Banking,Delivered,2025,8,August,Q3,2025-08,2025Q3
O004250,C00246,2024-08-18,Credit Card,Cancelled,2024,8,August,Q3,2024-08,2024Q3
O004251,C00617,2024-05-07,Credit Card,Cancelled,2024,5,May,Q2,2024-05,2024Q2
O004252,C01418,2024-06-03,Cash on Delivery,Delivered,2024,6,June,Q2,2024-06,2024Q2
O004253,C01563,2024-09-28,Net Banking,Cancelled,2024,9,September,Q3,2024-09,2024Q3
O004254,C01651,2024-11-21,Debit Card,Delivered,2024,11,November,Q4,2024-11,2024Q4
O004255,C01013,2025-01-09,Credit Card,Delivered,2025,1,January,Q1,2025-01,2025Q1
O004256,C00407,2025-01-04,UPI,Delivered,2025,1,January,Q1,2025-01,2025Q1
O004257,C01275,2025-02-19,UPI,Delivered,2025,2,February,Q1,2025-02,2025Q1
O004258,C01062,2025-06-19,Net Banking,Delivered,2025,6,June,Q2,2025-06,2025Q2
O004259,C01857,2025-08-31,UPI,Cancelled,2025,8,August,Q3,2025-08,2025Q3
O004260,C01321,2024-05-04,UPI,Delivered,2024,5,May,Q2,2024-05,2024Q2
O004261,C01606,2025-06-25,Credit Card,Delivered,2025,6,June,Q2,2025-06,2025Q2
O004262,C01473,2024-12-05,Debit Card,Cancelled,2024,12,December,Q4,2024-12,2024Q4
O004263,C00722,2024-10-02,Cash on Delivery,Delivered,2024,10,October,Q4,2024-10,2024Q4
O004264,C01863,2025-12-09,Credit Card,Delivered,2025,12,December,Q4,2025-12,2025Q4
O004265,C00347,2025-06-22,Credit Card,Delivered,2025,6,June,Q2,2025-06,2025Q2
O004266,C00465,2025-03-18,Cash on Delivery,Delivered,2025,3,March,Q1,2025-03,2025Q1
O004267,C01831,2024-10-29,Cash on Delivery,Cancelled,2024,10,October,Q4,2024-10,2024Q4
O004268,C01246,2025-10-01,UPI,Delivered,2025,10,October,Q4,2025-10,2025Q4
O004269,C00745,2024-01-08,Cash on Delivery,Delivered,2024,1,January,Q1,2024-01,2024Q1
O004270,C01602,2025-03-11,Credit Card,Delivered,2025,3,March,Q1,2025-03,2025Q1
O004271,C00465,2025-08-31,Net Banking,Delivered,2025,8,August,Q3,2025-08,2025Q3
O004272,C00179,2025-11-25,Cash on Delivery,Delivered,2025,11,November,Q4,2025-11,2025Q4
O004273,C01991,2025-04-08,UPI,Delivered,2025,4,April,Q2,2025-04,2025Q2
O004274,C00814,2024-06-03,UPI,Delivered,2024,6,June,Q2,2024-06,2024Q2
O004275,C01129,2024-03-01,Net Banking,Delivered,2024,3,March,Q1,2024-03,2024Q1
O004276,C01048,2025-07-15,UPI,Cancelled,2025,7,July,Q3,2025-07,2025Q3
O004277,C01020,2025-06-02,Cash on Delivery,Delivered,2025,6,June,Q2,2025-06,2025Q2
O004278,C01566,2025-03-25,Debit Card,Delivered,2025,3,March,Q1,2025-03,2025Q1
O004279,C01700,2025-04-23,Credit Card,Delivered,2025,4,April,Q2,2025-04,2025Q2
O004280,C00080,2024-04-22,UPI,Delivered,2024,4,April,Q2,2024-04,2024Q2
O004281,C00256,2024-09-08,Credit Card,Delivered,2024,9,September,Q3,2024-09,2024Q3
O004282,C00205,2025-05-30,Credit Card,Cancelled,2025,5,May,Q2,2025-05,2025Q2
O004283,C00456,2025-10-01,Cash on Delivery,Cancelled,2025,10,October,Q4,2025-10,2025Q4
O004284,C01295,2025-12-30,Cash on Delivery,Delivered,2025,12,December,Q4,2025-12,2025Q4
O004285,C01974,2025-07-24,Net Banking,Delivered,2025,7,July,Q3,2025-07,2025Q3
O004286,C01891,2025-07-30,Cash on Delivery,Delivered,2025,7,July,Q3,2025-07,2025Q3
O004287,C01094,2025-10-02,Debit Card,Delivered,2025,10,October,Q4,2025-10,2025Q4
O004288,C00980,2025-07-26,Credit Card,Delivered,2025,7,July,Q3,2025-07,2025Q3
O004289,C00907,2025-07-23,Cash on Delivery,Delivered,2025,7,July,Q3,2025-07,2025Q3
O004290,C00298,2024-09-02,UPI,Delivered,2024,9,September,Q3,2024-09,2024Q3
O004291,C01415,2024-01-12,Credit Card,Delivered,2024,1,January,Q1,2024-01,2024Q1
O004292,C01951,2024-04-26,Credit Card,Cancelled,2024,4,April,Q2,2024-04,2024Q2
O004293,C00035,2025-11-27,Net Banking,Cancelled,2025,11,November,Q4,2025-11,2025Q4
O004294,C00599,2024-12-22,Debit Card,Delivered,2024,12,December,Q4,2024-12,2024Q4
O004295,C00709,2025-12-26,Debit Card,Cancelled,2025,12,December,Q4,2025-12,2025Q4
O004296,C00316,2024-04-24,Credit Card,Delivered,2024,4,April,Q2,2024-04,2024Q2
O004297,C01504,2025-01-22,Cash on Delivery,Delivered,2025,1,January,Q1,2025-01,2025Q1
O004298,C00118,2025-11-02,Credit Card,Cancelled,2025,11,November,Q4,2025-11,2025Q4
O004299,C00692,2024-09-02,Credit Card,Delivered,2024,9,September,Q3,2024-09,2024Q3
O004300,C01344,2024-03-29,UPI,Delivered,2024,3,March,Q1,2024-03,2024Q1
O004301,C00497,2025-09-07,Net Banking,Delivered,2025,9,September,Q3,2025-09,2025Q3
O004302,C00137,2025-06-07,UPI,Cancelled,2025,6,June,Q2,2025-06,2025Q2
O004303,C00114,2024-11-11,Debit Card,Delivered,2024,11,November,Q4,2024-11,2024Q4
O004304,C01401,2024-07-23,Cash on Delivery,Delivered,2024,7,July,Q3,2024-07,2024Q3
O004305,C00215,2025-02-08,Credit Card,Delivered,2025,2,February,Q1,2025-02,2025Q1
O004306,C00995,2025-07-15,Debit Card,Delivered,2025,7,July,Q3,2025-07,2025Q3
O004307,C01755,2024-01-03,Cash on Delivery,Delivered,2024,1,January,Q1,2024-01,2024Q1
O004308,C01582,2024-12-15,UPI,Cancelled,2024,12,December,Q4,2024-12,2024Q4
O004309,C00664,2025-10-08,UPI,Delivered,2025,10,October,Q4,2025-10,2025Q4
O004310,C00451,2025-10-27,Cash on Delivery,Delivered,2025,10,October,Q4,2025-10,2025Q4
O004311,C00822,2024-04-07,UPI,Cancelled,2024,4,April,Q2,2024-04,2024Q2
O004312,C01607,2025-05-07,UPI,Delivered,2025,5,May,Q2,2025-05,2025Q2
O004313,C00470,2024-12-15,Debit Card,Delivered,2024,12,December,Q4,2024-12,2024Q4
O004314,C01346,2025-05-11,Debit Card,Delivered,2025,5,May,Q2,2025-05,2025Q2
O004315,C00130,2025-03-25,UPI,Delivered,2025,3,March,Q1,2025-03,2025Q1
O004316,C01620,2024-03-16,Credit Card,Delivered,2024,3,March,Q1,2024-03,2024Q1
O004317,C00653,2024-01-29,Debit Card,Cancelled,2024,1,January,Q1,2024-01,2024Q1
O004318,C00149,2024-06-18,Credit Card,Delivered,2024,6,June,Q2,2024-06,2024Q2
O004319,C00755,2025-08-02,UPI,Delivered,2025,8,August,Q3,2025-08,2025Q3
O004320,C01476,2024-05-25,Debit Card,Delivered,2024,5,May,Q2,2024-05,2024Q2
O004321,C00159,2024-11-22,Debit Card,Delivered,2024,11,November,Q4,2024-11,2024Q4
O004322,C00676,2025-06-24,Credit Card,Delivered,2025,6,June,Q2,2025-06,2025Q2
O004323,C01167,2025-02-28,Cash on Delivery,Delivered,2025,2,February,Q1,2025-02,2025Q1
O004324,C01181,2025-08-24,Net Banking,Cancelled,2025,8,August,Q3,2025-08,2025Q3
O004325,C00434,2024-05-09,Credit Card,Delivered,2024,5,May,Q2,2024-05,2024Q2
O004326,C01121,2025-04-11,Debit Card,Delivered,2025,4,April,Q2,2025-04,2025Q2
O004327,C00124,2024-10-20,Net Banking,Delivered,2024,10,October,Q4,2024-10,2024Q4
O004328,C01662,2024-06-16,Credit Card,Delivered,2024,6,June,Q2,2024-06,2024Q2
O004329,C00520,2024-09-27,Credit Card,Delivered,2024,9,September,Q3,2024-09,2024Q3
O004330,C02000,2024-06-11,Credit Card,Delivered,2024,6,June,Q2,2024-06,2024Q2
O004331,C00146,2024-05-28,Debit Card,Delivered,2024,5,May,Q2,2024-05,2024Q2
O004332,C00197,2025-06-11,Credit Card,Delivered,2025,6,June,Q2,2025-06,2025Q2
O004333,C00307,2025-03-24,UPI,Delivered,2025,3,March,Q1,2025-03,2025Q1
O004334,C01171,2024-01-12,Credit Card,Delivered,2024,1,January,Q1,2024-01,2024Q1
O004335,C01856,2024-10-14,Cash on Delivery,Delivered,2024,10,October,Q4,2024-10,2024Q4
O004336,C00948,2025-09-24,Credit Card,Delivered,2025,9,September,Q3,2025-09,2025Q3
O004337,C00832,2024-10-09,UPI,Cancelled,2024,10,October,Q4,2024-10,2024Q4
O004338,C00972,2024-01-13,Credit Card,Delivered,2024,1,January,Q1,2024-01,2024Q1
O004339,C00338,2024-08-22,Net Banking,Delivered,2024,8,August,Q3,2024-08,2024Q3
O004340,C01830,2025-11-27,Debit Card,Delivered,2025,11,November,Q4,2025-11,2025Q4
O004341,C01635,2024-08-26,Cash on Delivery,Delivered,2024,8,August,Q3,2024-08,2024Q3
O004342,C00271,2025-01-24,Credit Card,Delivered,2025,1,January,Q1,2025-01,2025Q1
O004343,C01383,2025-09-28,UPI,Delivered,2025,9,September,Q3,2025-09,2025Q3
O004344,C01965,2025-11-05,UPI,Cancelled,2025,11,November,Q4,2025-11,2025Q4
O004345,C01974,2024-04-06,Credit Card,Cancelled,2024,4,April,Q2,2024-04,2024Q2
O004346,C00974,2025-06-27,Net Banking,Delivered,2025,6,June,Q2,2025-06,2025Q2
O004347,C00722,2025-01-22,UPI,Delivered,2025,1,January,Q1,2025-01,2025Q1
O004348,C01927,2025-05-19,Cash on Delivery,Delivered,2025,5,May,Q2,2025-05,2025Q2
O004349,C00416,2024-12-20,UPI,Cancelled,2024,12,December,Q4,2024-12,2024Q4
O004350,C00188,2024-11-17,Net Banking,Delivered,2024,11,November,Q4,2024-11,2024Q4
O004351,C00674,2024-11-14,Debit Card,Delivered,2024,11,November,Q4,2024-11,2024Q4
O004352,C00064,2024-09-30,Cash on Delivery,Cancelled,2024,9,September,Q3,2024-09,2024Q3
O004353,C01305,2024-09-30,UPI,Delivered,2024,9,September,Q3,2024-09,2024Q3
O004354,C00256,2025-10-05,Credit Card,Delivered,2025,10,October,Q4,2025-10,2025Q4
O004355,C00325,2025-02-25,UPI,Cancelled,2025,2,February,Q1,2025-02,2025Q1
O004356,C00142,2024-11-26,Credit Card,Delivered,2024,11,November,Q4,2024-11,2024Q4
O004357,C01587,2025-02-10,Debit Card,Delivered,2025,2,February,Q1,2025-02,2025Q1
O004358,C01654,2025-08-17,Net Banking,Delivered,2025,8,August,Q3,2025-08,2025Q3
O004359,C00580,2024-09-17,Cash on Delivery,Delivered,2024,9,September,Q3,2024-09,2024Q3
O004360,C01638,2024-03-29,Debit Card,Delivered,2024,3,March,Q1,2024-03,2024Q1
O004361,C00015,2025-12-20,UPI,Delivered,2025,12,December,Q4,2025-12,2025Q4
O004362,C00288,2024-05-16,Credit Card,Cancelled,2024,5,May,Q2,2024-05,2024Q2
O004363,C00951,2024-12-22,Credit Card,Delivered,2024,12,December,Q4,2024-12,2024Q4
O004364,C01116,2024-11-28,Net Banking,Delivered,2024,11,November,Q4,2024-11,2024Q4
O004365,C00822,2024-10-16,Debit Card,Cancelled,2024,10,October,Q4,2024-10,2024Q4
O004366,C00918,2024-05-17,Credit Card,Delivered,2024,5,May,Q2,2024-05,2024Q2
O004367,C01813,2025-03-05,UPI,Delivered,2025,3,March,Q1,2025-03,2025Q1
O004368,C01672,2025-04-07,Credit Card,Delivered,2025,4,April,Q2,2025-04,2025Q2
O004369,C01824,2024-05-06,Debit Card,Delivered,2024,5,May,Q2,2024-05,2024Q2
O004370,C01415,2025-02-25,UPI,Delivered,2025,2,February,Q1,2025-02,2025Q1
O004371,C01757,2024-12-04,UPI,Delivered,2024,12,December,Q4,2024-12,2024Q4
O004372,C00833,2024-10-23,UPI,Delivered,2024,10,October,Q4,2024-10,2024Q4
O004373,C01432,2024-08-09,Credit Card,Delivered,2024,8,August,Q3,2024-08,2024Q3
O004374,C00408,2025-10-18,UPI,Delivered,2025,10,October,Q4,2025-10,2025Q4
O004375,C01997,2025-05-27,Debit Card,Cancelled,2025,5,May,Q2,2025-05,2025Q2
O004376,C00874,2025-06-18,Cash on Delivery,Delivered,2025,6,June,Q2,2025-06,2025Q2
O004377,C01972,2025-06-12,Credit Card,Delivered,2025,6,June,Q2,2025-06,2025Q2
O004378,C00226,2024-12-05,Cash on Delivery,Delivered,2024,12,December,Q4,2024-12,2024Q4
O004379,C00282,2025-05-07,Cash on Delivery,Delivered,2025,5,May,Q2,2025-05,2025Q2
O004380,C00457,2024-08-08,Credit Card,Delivered,2024,8,August,Q3,2024-08,2024Q3
O004381,C01423,2025-06-29,Debit Card,Cancelled,2025,6,June,Q2,2025-06,2025Q2
O004382,C00955,2025-04-26,Cash on Delivery,Delivered,2025,4,April,Q2,2025-04,2025Q2
O004383,C00754,2025-12-29,Debit Card,Delivered,2025,12,December,Q4,2025-12,2025Q4
O004384,C00331,2025-12-19,Credit Card,Delivered,2025,12,December,Q4,2025-12,2025Q4
O004385,C00847,2025-12-04,Net Banking,Delivered,2025,12,December,Q4,2025-12,2025Q4
O004386,C00614,2025-10-27,UPI,Delivered,2025,10,October,Q4,2025-10,2025Q4
O004387,C01748,2024-03-18,Credit Card,Delivered,2024,3,March,Q1,2024-03,2024Q1
O004388,C01877,2024-03-09,Cash on Delivery,Cancelled,2024,3,March,Q1,2024-03,2024Q1
O004389,C01741,2025-09-17,Debit Card,Cancelled,2025,9,September,Q3,2025-09,2025Q3
O004390,C01564,2025-10-12,Debit Card,Cancelled,2025,10,October,Q4,2025-10,2025Q4
O004391,C00806,2024-03-21,Credit Card,Delivered,2024,3,March,Q1,2024-03,2024Q1
O004392,C00848,2024-03-10,Net Banking,Delivered,2024,3,March,Q1,2024-03,2024Q1
O004393,C00612,2025-05-19,Debit Card,Delivered,2025,5,May,Q2,2025-05,2025Q2
O004394,C01792,2024-01-13,Cash on Delivery,Delivered,2024,1,January,Q1,2024-01,2024Q1
O004395,C01527,2025-04-23,Credit Card,Delivered,2025,4,April,Q2,2025-04,2025Q2
O004396,C01453,2025-12-25,UPI,Delivered,2025,12,December,Q4,2025-12,2025Q4
O004397,C01622,2024-11-15,Debit Card,Cancelled,2024,11,November,Q4,2024-11,2024Q4
O004398,C00249,2024-03-21,Credit Card,Cancelled,2024,3,March,Q1,2024-03,2024Q1
O004399,C01207,2025-01-20,UPI,Cancelled,2025,1,January,Q1,2025-01,2025Q1
O004400,C00497,2025-08-05,Debit Card,Delivered,2025,8,August,Q3,2025-08,2025Q3
O004401,C01185,2025-08-06,Net Banking,Delivered,2025,8,August,Q3,2025-08,2025Q3
O004402,C00464,2025-04-29,Cash on Delivery,Delivered,2025,4,April,Q2,2025-04,2025Q2
O004403,C01797,2025-12-21,Net Banking,Delivered,2025,12,December,Q4,2025-12,2025Q4
O004404,C00036,2025-02-27,Credit Card,Cancelled,2025,2,February,Q1,2025-02,2025Q1
O004405,C00351,2024-03-18,Credit Card,Delivered,2024,3,March,Q1,2024-03,2024Q1
O004406,C00098,2025-05-07,Debit Card,Cancelled,2025,5,May,Q2,2025-05,2025Q2
O004407,C00861,2024-12-10,Credit Card,Cancelled,2024,12,December,Q4,2024-12,2024Q4
O004408,C01481,2025-01-25,Net Banking,Delivered,2025,1,January,Q1,2025-01,2025Q1
O004409,C01179,2025-03-27,Net Banking,Cancelled,2025,3,March,Q1,2025-03,2025Q1
O004410,C01316,2025-09-17,Debit Card,Cancelled,2025,9,September,Q3,2025-09,2025Q3
O004411,C01194,2024-01-26,Net Banking,Delivered,2024,1,January,Q1,2024-01,2024Q1
O004412,C00205,2025-06-02,Credit Card,Delivered,2025,6,June,Q2,2025-06,2025Q2
O004413,C01982,2024-08-13,UPI,Cancelled,2024,8,August,Q3,2024-08,2024Q3
O004414,C00913,2025-10-23,UPI,Delivered,2025,10,October,Q4,2025-10,2025Q4
O004415,C00236,2024-11-22,Net Banking,Delivered,2024,11,November,Q4,2024-11,2024Q4
O004416,C00981,2024-06-13,Debit Card,Delivered,2024,6,June,Q2,2024-06,2024Q2
O004417,C01842,2024-06-22,Cash on Delivery,Delivered,2024,6,June,Q2,2024-06,2024Q2
O004418,C00395,2025-08-26,UPI,Delivered,2025,8,August,Q3,2025-08,2025Q3
O004419,C00759,2024-12-19,UPI,Cancelled,2024,12,December,Q4,2024-12,2024Q4
O004420,C00271,2025-03-04,Net Banking,Delivered,2025,3,March,Q1,2025-03,2025Q1
O004421,C00077,2024-10-22,UPI,Delivered,2024,10,October,Q4,2024-10,2024Q4
O004422,C00619,2024-03-29,Debit Card,Cancelled,2024,3,March,Q1,2024-03,2024Q1
O004423,C00887,2024-05-31,Debit Card,Delivered,2024,5,May,Q2,2024-05,2024Q2
O004424,C01903,2025-10-27,UPI,Delivered,2025,10,October,Q4,2025-10,2025Q4
O004425,C01482,2024-12-30,Cash on Delivery,Delivered,2024,12,December,Q4,2024-12,2024Q4
O004426,C01161,2024-04-06,UPI,Delivered,2024,4,April,Q2,2024-04,2024Q2
O004427,C00290,2024-09-29,Net Banking,Delivered,2024,9,September,Q3,2024-09,2024Q3
O004428,C00219,2025-09-08,UPI,Delivered,2025,9,September,Q3,2025-09,2025Q3
O004429,C00418,2025-12-10,Cash on Delivery,Delivered,2025,12,December,Q4,2025-12,2025Q4
O004430,C00683,2024-12-26,Net Banking,Delivered,2024,12,December,Q4,2024-12,2024Q4
O004431,C01083,2024-11-16,Cash on Delivery,Delivered,2024,11,November,Q4,2024-11,2024Q4
O004432,C00390,2025-12-06,UPI,Delivered,2025,12,December,Q4,2025-12,2025Q4
O004433,C01287,2025-09-29,Net Banking,Delivered,2025,9,September,Q3,2025-09,2025Q3
O004434,C01138,2025-05-15,Net Banking,Delivered,2025,5,May,Q2,2025-05,2025Q2
O004435,C01890,2025-06-30,Cash on Delivery,Cancelled,2025,6,June,Q2,2025-06,2025Q2
O004436,C00448,2025-09-01,Cash on Delivery,Delivered,2025,9,September,Q3,2025-09,2025Q3
O004437,C01446,2025-07-29,Debit Card,Cancelled,2025,7,July,Q3,2025-07,2025Q3
O004438,C00612,2024-11-03,Credit Card,Delivered,2024,11,November,Q4,2024-11,2024Q4
O004439,C01425,2024-01-06,UPI,Delivered,2024,1,January,Q1,2024-01,2024Q1
O004440,C00454,2025-12-30,UPI,Delivered,2025,12,December,Q4,2025-12,2025Q4
O004441,C00457,2024-10-17,Net Banking,Cancelled,2024,10,October,Q4,2024-10,2024Q4
O004442,C00760,2025-08-30,UPI,Delivered,2025,8,August,Q3,2025-08,2025Q3
O004443,C00608,2024-06-22,Credit Card,Delivered,2024,6,June,Q2,2024-06,2024Q2
O004444,C01698,2025-01-29,Net Banking,Delivered,2025,1,January,Q1,2025-01,2025Q1
O004445,C01911,2024-08-08,Credit Card,Delivered,2024,8,August,Q3,2024-08,2024Q3
O004446,C01758,2024-07-26,Credit Card,Delivered,2024,7,July,Q3,2024-07,2024Q3
O004447,C00937,2025-11-14,Debit Card,Delivered,2025,11,November,Q4,2025-11,2025Q4
O004448,C00543,2025-05-26,Net Banking,Delivered,2025,5,May,Q2,2025-05,2025Q2
O004449,C01344,2024-07-24,UPI,Delivered,2024,7,July,Q3,2024-07,2024Q3
O004450,C00617,2024-08-26,Credit Card,Delivered,2024,8,August,Q3,2024-08,2024Q3
O004451,C01463,2025-10-13,Cash on Delivery,Delivered,2025,10,October,Q4,2025-10,2025Q4
O004452,C01034,2025-12-02,Net Banking,Cancelled,2025,12,December,Q4,2025-12,2025Q4
O004453,C01703,2025-09-09,UPI,Cancelled,2025,9,September,Q3,2025-09,2025Q3
O004454,C01621,2025-12-07,Debit Card,Delivered,2025,12,December,Q4,2025-12,2025Q4
O004455,C01166,2024-11-18,Net Banking,Delivered,2024,11,November,Q4,2024-11,2024Q4
O004456,C01543,2025-06-06,Credit Card,Delivered,2025,6,June,Q2,2025-06,2025Q2
O004457,C00314,2024-07-06,UPI,Delivered,2024,7,July,Q3,2024-07,2024Q3
O004458,C00898,2024-01-04,Net Banking,Delivered,2024,1,January,Q1,2024-01,2024Q1
O004459,C00954,2025-11-30,UPI,Delivered,2025,11,November,Q4,2025-11,2025Q4
O004460,C00619,2025-12-07,Credit Card,Delivered,2025,12,December,Q4,2025-12,2025Q4
O004461,C00120,2024-11-17,UPI,Cancelled,2024,11,November,Q4,2024-11,2024Q4
O004462,C01626,2024-01-26,Cash on Delivery,Delivered,2024,1,January,Q1,2024-01,2024Q1
O004463,C01940,2024-01-13,UPI,Delivered,2024,1,January,Q1,2024-01,2024Q1
O004464,C00332,2024-01-21,Cash on Delivery,Cancelled,2024,1,January,Q1,2024-01,2024Q1
O004465,C01934,2024-04-29,Debit Card,Delivered,2024,4,April,Q2,2024-04,2024Q2
O004466,C00801,2025-09-06,Debit Card,Delivered,2025,9,September,Q3,2025-09,2025Q3
O004467,C00919,2024-10-17,Debit Card,Delivered,2024,10,October,Q4,2024-10,2024Q4
O004468,C00408,2025-10-15,Credit Card,Cancelled,2025,10,October,Q4,2025-10,2025Q4
O004469,C00314,2025-09-26,Cash on Delivery,Delivered,2025,9,September,Q3,2025-09,2025Q3
O004470,C00020,2025-02-07,UPI,Delivered,2025,2,February,Q1,2025-02,2025Q1
O004471,C00677,2025-09-28,Credit Card,Delivered,2025,9,September,Q3,2025-09,2025Q3
O004472,C00442,2025-07-29,Credit Card,Delivered,2025,7,July,Q3,2025-07,2025Q3
O004473,C00471,2025-04-10,UPI,Delivered,2025,4,April,Q2,2025-04,2025Q2
O004474,C00405,2024-09-03,UPI,Delivered,2024,9,September,Q3,2024-09,2024Q3
O004475,C00904,2024-09-17,UPI,Delivered,2024,9,September,Q3,2024-09,2024Q3
O004476,C01373,2024-05-12,Net Banking,Delivered,2024,5,May,Q2,2024-05,2024Q2
O004477,C00748,2025-03-20,UPI,Delivered,2025,3,March,Q1,2025-03,2025Q1
O004478,C01753,2024-11-30,Credit Card,Delivered,2024,11,November,Q4,2024-11,2024Q4
O004479,C01249,2024-07-06,Cash on Delivery,Delivered,2024,7,July,Q3,2024-07,2024Q3
O004480,C01538,2025-03-07,Cash on Delivery,Delivered,2025,3,March,Q1,2025-03,2025Q1
O004481,C01841,2024-10-30,UPI,Delivered,2024,10,October,Q4,2024-10,2024Q4
O004482,C00570,2024-05-29,Net Banking,Delivered,2024,5,May,Q2,2024-05,2024Q2
O004483,C00115,2025-04-23,UPI,Delivered,2025,4,April,Q2,2025-04,2025Q2
O004484,C01865,2025-05-15,Credit Card,Cancelled,2025,5,May,Q2,2025-05,2025Q2
O004485,C01139,2024-11-01,Cash on Delivery,Delivered,2024,11,November,Q4,2024-11,2024Q4
O004486,C00350,2025-10-05,UPI,Delivered,2025,10,October,Q4,2025-10,2025Q4
O004487,C00555,2024-02-10,Credit Card,Delivered,2024,2,February,Q1,2024-02,2024Q1
O004488,C00261,2025-09-14,Debit Card,Delivered,2025,9,September,Q3,2025-09,2025Q3
O004489,C00140,2025-12-24,Cash on Delivery,Cancelled,2025,12,December,Q4,2025-12,2025Q4
O004490,C01658,2025-03-24,UPI,Delivered,2025,3,March,Q1,2025-03,2025Q1
O004491,C00931,2024-11-29,Credit Card,Delivered,2024,11,November,Q4,2024-11,2024Q4
O004492,C01356,2024-04-10,Debit Card,Delivered,2024,4,April,Q2,2024-04,2024Q2
O004493,C00107,2025-12-30,Net Banking,Delivered,2025,12,December,Q4,2025-12,2025Q4
O004494,C00900,2025-05-09,Net Banking,Delivered,2025,5,May,Q2,2025-05,2025Q2
O004495,C01353,2024-10-30,Cash on Delivery,Delivered,2024,10,October,Q4,2024-10,2024Q4
O004496,C01495,2025-07-19,UPI,Delivered,2025,7,July,Q3,2025-07,2025Q3
O004497,C01316,2024-05-14,Debit Card,Delivered,2024,5,May,Q2,2024-05,2024Q2
O004498,C00658,2024-11-09,Cash on Delivery,Delivered,2024,11,November,Q4,2024-11,2024Q4
O004499,C00217,2025-12-03,Cash on Delivery,Cancelled,2025,12,December,Q4,2025-12,2025Q4
O004500,C01917,2024-09-04,Cash on Delivery,Delivered,2024,9,September,Q3,2024-09,2024Q3
O004501,C00103,2025-02-05,Credit Card,Cancelled,2025,2,February,Q1,2025-02,2025Q1
O004502,C00466,2024-05-03,Cash on Delivery,Delivered,2024,5,May,Q2,2024-05,2024Q2
O004503,C00316,2024-12-05,Net Banking,Delivered,2024,12,December,Q4,2024-12,2024Q4
O004504,C00696,2024-06-28,Cash on Delivery,Delivered,2024,6,June,Q2,2024-06,2024Q2
O004505,C00369,2024-03-18,UPI,Cancelled,2024,3,March,Q1,2024-03,2024Q1
O004506,C00083,2025-07-05,Cash on Delivery,Delivered,2025,7,July,Q3,2025-07,2025Q3
O004507,C00790,2025-09-14,Net Banking,Cancelled,2025,9,September,Q3,2025-09,2025Q3
O004508,C00578,2024-04-08,Debit Card,Cancelled,2024,4,April,Q2,2024-04,2024Q2
O004509,C01485,2025-01-26,Credit Card,Delivered,2025,1,January,Q1,2025-01,2025Q1
O004510,C00995,2024-04-01,Credit Card,Delivered,2024,4,April,Q2,2024-04,2024Q2
O004511,C00925,2025-05-05,Cash on Delivery,Delivered,2025,5,May,Q2,2025-05,2025Q2
O004512,C01627,2025-03-24,Credit Card,Delivered,2025,3,March,Q1,2025-03,2025Q1
O004513,C00267,2025-09-01,UPI,Delivered,2025,9,September,Q3,2025-09,2025Q3
O004514,C00097,2024-10-31,UPI,Delivered,2024,10,October,Q4,2024-10,2024Q4
O004515,C01979,2025-10-16,Credit Card,Delivered,2025,10,October,Q4,2025-10,2025Q4
O004516,C01428,2025-08-14,Debit Card,Cancelled,2025,8,August,Q3,2025-08,2025Q3
O004517,C00852,2025-05-02,Cash on Delivery,Delivered,2025,5,May,Q2,2025-05,2025Q2
O004518,C01372,2025-12-12,UPI,Delivered,2025,12,December,Q4,2025-12,2025Q4
O004519,C01752,2024-07-21,UPI,Delivered,2024,7,July,Q3,2024-07,2024Q3
O004520,C00597,2025-10-12,Net Banking,Delivered,2025,10,October,Q4,2025-10,2025Q4
O004521,C01226,2025-03-05,Credit Card,Delivered,2025,3,March,Q1,2025-03,2025Q1
O004522,C00213,2024-05-03,Debit Card,Cancelled,2024,5,May,Q2,2024-05,2024Q2
O004523,C01265,2024-09-07,Debit Card,Delivered,2024,9,September,Q3,2024-09,2024Q3
O004524,C00365,2024-06-07,Cash on Delivery,Delivered,2024,6,June,Q2,2024-06,2024Q2
O004525,C01506,2024-03-13,UPI,Delivered,2024,3,March,Q1,2024-03,2024Q1
O004526,C00209,2024-03-13,Credit Card,Delivered,2024,3,March,Q1,2024-03,2024Q1
O004527,C00292,2024-01-20,Cash on Delivery,Delivered,2024,1,January,Q1,2024-01,2024Q1
O004528,C01533,2024-12-05,Debit Card,Delivered,2024,12,December,Q4,2024-12,2024Q4
O004529,C00452,2024-01-09,Debit Card,Delivered,2024,1,January,Q1,2024-01,2024Q1
O004530,C00335,2025-05-03,UPI,Delivered,2025,5,May,Q2,2025-05,2025Q2
O004531,C01756,2025-08-21,UPI,Delivered,2025,8,August,Q3,2025-08,2025Q3
O004532,C00232,2025-04-05,Credit Card,Delivered,2025,4,April,Q2,2025-04,2025Q2
O004533,C01391,2024-04-28,Credit Card,Delivered,2024,4,April,Q2,2024-04,2024Q2
O004534,C01211,2024-01-22,Net Banking,Delivered,2024,1,January,Q1,2024-01,2024Q1
O004535,C01862,2025-04-25,UPI,Delivered,2025,4,April,Q2,2025-04,2025Q2
O004536,C01418,2025-07-03,Debit Card,Delivered,2025,7,July,Q3,2025-07,2025Q3
O004537,C00415,2025-02-26,Debit Card,Delivered,2025,2,February,Q1,2025-02,2025Q1
O004538,C00619,2025-12-16,Net Banking,Delivered,2025,12,December,Q4,2025-12,2025Q4
O004539,C00625,2024-03-02,Cash on Delivery,Cancelled,2024,3,March,Q1,2024-03,2024Q1
O004540,C01023,2025-03-20,Cash on Delivery,Cancelled,2025,3,March,Q1,2025-03,2025Q1
O004541,C01189,2024-10-24,Net Banking,Delivered,2024,10,October,Q4,2024-10,2024Q4
O004542,C00555,2024-01-20,Net Banking,Delivered,2024,1,January,Q1,2024-01,2024Q1
O004543,C01648,2025-07-30,UPI,Delivered,2025,7,July,Q3,2025-07,2025Q3
O004544,C01258,2025-07-24,Net Banking,Cancelled,2025,7,July,Q3,2025-07,2025Q3
O004545,C01402,2024-04-11,Debit Card,Delivered,2024,4,April,Q2,2024-04,2024Q2
O004546,C01254,2024-12-18,Debit Card,Delivered,2024,12,December,Q4,2024-12,2024Q4
O004547,C01614,2025-05-07,Net Banking,Delivered,2025,5,May,Q2,2025-05,2025Q2
O004548,C00528,2025-05-05,Debit Card,Delivered,2025,5,May,Q2,2025-05,2025Q2
O004549,C00814,2025-08-26,Credit Card,Delivered,2025,8,August,Q3,2025-08,2025Q3
O004550,C00328,2024-10-05,Cash on Delivery,Delivered,2024,10,October,Q4,2024-10,2024Q4
O004551,C00849,2024-05-24,UPI,Delivered,2024,5,May,Q2,2024-05,2024Q2
O004552,C00927,2024-07-05,Net Banking,Delivered,2024,7,July,Q3,2024-07,2024Q3
O004553,C00654,2025-05-21,Credit Card,Delivered,2025,5,May,Q2,2025-05,2025Q2
O004554,C01868,2025-11-28,Debit Card,Cancelled,2025,11,November,Q4,2025-11,2025Q4
O004555,C00315,2024-06-21,UPI,Delivered,2024,6,June,Q2,2024-06,2024Q2
O004556,C01815,2024-08-18,Credit Card,Cancelled,2024,8,August,Q3,2024-08,2024Q3
O004557,C00172,2024-05-30,Credit Card,Cancelled,2024,5,May,Q2,2024-05,2024Q2
O004558,C00275,2025-02-19,UPI,Delivered,2025,2,February,Q1,2025-02,2025Q1
O004559,C01173,2025-10-14,Credit Card,Delivered,2025,10,October,Q4,2025-10,2025Q4
O004560,C01214,2024-07-09,Debit Card,Delivered,2024,7,July,Q3,2024-07,2024Q3
O004561,C00147,2025-07-18,Debit Card,Delivered,2025,7,July,Q3,2025-07,2025Q3
O004562,C00448,2025-08-28,UPI,Cancelled,2025,8,August,Q3,2025-08,2025Q3
O004563,C00651,2025-09-18,Debit Card,Cancelled,2025,9,September,Q3,2025-09,2025Q3
O004564,C00824,2025-09-02,Credit Card,Delivered,2025,9,September,Q3,2025-09,2025Q3
O004565,C00501,2024-10-20,Debit Card,Delivered,2024,10,October,Q4,2024-10,2024Q4
O004566,C01323,2025-08-21,Net Banking,Delivered,2025,8,August,Q3,2025-08,2025Q3
O004567,C01694,2024-07-21,Cash on Delivery,Delivered,2024,7,July,Q3,2024-07,2024Q3
O004568,C01361,2025-05-27,Credit Card,Delivered,2025,5,May,Q2,2025-05,2025Q2
O004569,C00884,2024-02-10,Net Banking,Delivered,2024,2,February,Q1,2024-02,2024Q1
O004570,C00687,2024-08-01,Debit Card,Cancelled,2024,8,August,Q3,2024-08,2024Q3
O004571,C01054,2024-03-05,UPI,Cancelled,2024,3,March,Q1,2024-03,2024Q1
O004572,C00696,2025-12-27,UPI,Delivered,2025,12,December,Q4,2025-12,2025Q4
O004573,C00420,2024-04-21,Cash on Delivery,Delivered,2024,4,April,Q2,2024-04,2024Q2
O004574,C01341,2025-05-02,Debit Card,Delivered,2025,5,May,Q2,2025-05,2025Q2
O004575,C00090,2024-01-18,Debit Card,Cancelled,2024,1,January,Q1,2024-01,2024Q1
O004576,C01095,2025-05-10,Credit Card,Delivered,2025,5,May,Q2,2025-05,2025Q2
O004577,C00132,2025-03-25,UPI,Delivered,2025,3,March,Q1,2025-03,2025Q1
O004578,C01742,2025-11-04,Credit Card,Delivered,2025,11,November,Q4,2025-11,2025Q4
O004579,C01946,2024-03-21,Credit Card,Delivered,2024,3,March,Q1,2024-03,2024Q1
O004580,C00763,2024-03-27,Debit Card,Cancelled,2024,3,March,Q1,2024-03,2024Q1
O004581,C01358,2024-12-22,Cash on Delivery,Delivered,2024,12,December,Q4,2024-12,2024Q4
O004582,C01457,2025-12-21,Credit Card,Delivered,2025,12,December,Q4,2025-12,2025Q4
O004583,C01782,2025-04-07,Credit Card,Delivered,2025,4,April,Q2,2025-04,2025Q2
O004584,C01098,2024-04-05,Net Banking,Delivered,2024,4,April,Q2,2024-04,2024Q2
O004585,C00611,2024-03-24,UPI,Delivered,2024,3,March,Q1,2024-03,2024Q1
O004586,C01564,2024-04-20,Cash on Delivery,Delivered,2024,4,April,Q2,2024-04,2024Q2
O004587,C01088,2024-08-07,Debit Card,Delivered,2024,8,August,Q3,2024-08,2024Q3
O004588,C01140,2024-07-22,Credit Card,Delivered,2024,7,July,Q3,2024-07,2024Q3
O004589,C00634,2025-11-25,Debit Card,Delivered,2025,11,November,Q4,2025-11,2025Q4
O004590,C01715,2024-05-20,UPI,Delivered,2024,5,May,Q2,2024-05,2024Q2
O004591,C01628,2024-03-13,Net Banking,Delivered,2024,3,March,Q1,2024-03,2024Q1
O004592,C01168,2024-03-01,Cash on Delivery,Delivered,2024,3,March,Q1,2024-03,2024Q1
O004593,C00906,2025-01-18,Cash on Delivery,Delivered,2025,1,January,Q1,2025-01,2025Q1
O004594,C00501,2025-10-18,Cash on Delivery,Cancelled,2025,10,October,Q4,2025-10,2025Q4
O004595,C00671,2024-10-07,Net Banking,Delivered,2024,10,October,Q4,2024-10,2024Q4
O004596,C00578,2025-12-09,Net Banking,Delivered,2025,12,December,Q4,2025-12,2025Q4
O004597,C01534,2025-10-13,Debit Card,Delivered,2025,10,October,Q4,2025-10,2025Q4
O004598,C01221,2024-06-10,Net Banking,Delivered,2024,6,June,Q2,2024-06,2024Q2
O004599,C00446,2024-10-30,Debit Card,Delivered,2024,10,October,Q4,2024-10,2024Q4
O004600,C00229,2024-03-19,Cash on Delivery,Delivered,2024,3,March,Q1,2024-03,2024Q1
O004601,C01465,2025-01-16,Cash on Delivery,Delivered,2025,1,January,Q1,2025-01,2025Q1
O004602,C00367,2025-09-09,UPI,Delivered,2025,9,September,Q3,2025-09,2025Q3
O004603,C00375,2024-01-18,UPI,Delivered,2024,1,January,Q1,2024-01,2024Q1
O004604,C00094,2024-11-17,UPI,Cancelled,2024,11,November,Q4,2024-11,2024Q4
O004605,C00519,2024-02-27,Cash on Delivery,Delivered,2024,2,February,Q1,2024-02,2024Q1
O004606,C01630,2025-01-12,UPI,Delivered,2025,1,January,Q1,2025-01,2025Q1
O004607,C01501,2025-04-30,Credit Card,Cancelled,2025,4,April,Q2,2025-04,2025Q2
O004608,C01879,2024-02-29,Cash on Delivery,Delivered,2024,2,February,Q1,2024-02,2024Q1
O004609,C00185,2024-06-12,Net Banking,Cancelled,2024,6,June,Q2,2024-06,2024Q2
O004610,C00915,2025-06-17,UPI,Delivered,2025,6,June,Q2,2025-06,2025Q2
O004611,C01205,2024-11-22,Net Banking,Cancelled,2024,11,November,Q4,2024-11,2024Q4
O004612,C00569,2024-10-18,Cash on Delivery,Cancelled,2024,10,October,Q4,2024-10,2024Q4
O004613,C00198,2025-11-22,Debit Card,Cancelled,2025,11,November,Q4,2025-11,2025Q4
O004614,C01431,2024-08-31,UPI,Cancelled,2024,8,August,Q3,2024-08,2024Q3
O004615,C00041,2025-05-07,UPI,Delivered,2025,5,May,Q2,2025-05,2025Q2
O004616,C00865,2025-12-06,Net Banking,Delivered,2025,12,December,Q4,2025-12,2025Q4
O004617,C01511,2024-12-16,Credit Card,Delivered,2024,12,December,Q4,2024-12,2024Q4
O004618,C00128,2025-09-20,UPI,Delivered,2025,9,September,Q3,2025-09,2025Q3
O004619,C01532,2024-05-05,UPI,Delivered,2024,5,May,Q2,2024-05,2024Q2
O004620,C00397,2024-05-19,Debit Card,Delivered,2024,5,May,Q2,2024-05,2024Q2
O004621,C01788,2024-08-20,UPI,Delivered,2024,8,August,Q3,2024-08,2024Q3
O004622,C01294,2024-01-08,UPI,Delivered,2024,1,January,Q1,2024-01,2024Q1
O004623,C01659,2025-12-02,Credit Card,Delivered,2025,12,December,Q4,2025-12,2025Q4
O004624,C00501,2024-05-18,Cash on Delivery,Delivered,2024,5,May,Q2,2024-05,2024Q2
O004625,C01127,2025-05-27,Cash on Delivery,Delivered,2025,5,May,Q2,2025-05,2025Q2
O004626,C01133,2025-03-16,Net Banking,Delivered,2025,3,March,Q1,2025-03,2025Q1
O004627,C01726,2025-05-05,Cash on Delivery,Delivered,2025,5,May,Q2,2025-05,2025Q2
O004628,C01352,2025-04-16,Cash on Delivery,Cancelled,2025,4,April,Q2,2025-04,2025Q2
O004629,C00128,2025-10-25,UPI,Delivered,2025,10,October,Q4,2025-10,2025Q4
O004630,C01094,2024-01-25,Net Banking,Delivered,2024,1,January,Q1,2024-01,2024Q1
O004631,C01685,2024-04-01,Net Banking,Delivered,2024,4,April,Q2,2024-04,2024Q2
O004632,C01912,2024-09-23,Credit Card,Delivered,2024,9,September,Q3,2024-09,2024Q3
O004633,C00364,2024-09-26,Cash on Delivery,Delivered,2024,9,September,Q3,2024-09,2024Q3
O004634,C01807,2025-01-10,Cash on Delivery,Cancelled,2025,1,January,Q1,2025-01,2025Q1
O004635,C01829,2025-04-21,Credit Card,Delivered,2025,4,April,Q2,2025-04,2025Q2
O004636,C00440,2025-04-11,Net Banking,Delivered,2025,4,April,Q2,2025-04,2025Q2
O004637,C01844,2025-02-28,UPI,Cancelled,2025,2,February,Q1,2025-02,2025Q1
O004638,C00689,2024-01-04,UPI,Cancelled,2024,1,January,Q1,2024-01,2024Q1
O004639,C01870,2024-05-03,Net Banking,Delivered,2024,5,May,Q2,2024-05,2024Q2
O004640,C00815,2025-02-09,Net Banking,Delivered,2025,2,February,Q1,2025-02,2025Q1
O004641,C00508,2025-07-30,Net Banking,Cancelled,2025,7,July,Q3,2025-07,2025Q3
O004642,C00625,2024-07-16,UPI,Delivered,2024,7,July,Q3,2024-07,2024Q3
O004643,C01994,2025-12-20,UPI,Delivered,2025,12,December,Q4,2025-12,2025Q4
O004644,C00318,2024-04-04,Debit Card,Delivered,2024,4,April,Q2,2024-04,2024Q2
O004645,C00412,2024-05-29,Credit Card,Cancelled,2024,5,May,Q2,2024-05,2024Q2
O004646,C00313,2025-04-15,UPI,Cancelled,2025,4,April,Q2,2025-04,2025Q2
O004647,C01740,2024-01-23,Cash on Delivery,Delivered,2024,1,January,Q1,2024-01,2024Q1
O004648,C00716,2025-02-20,Credit Card,Delivered,2025,2,February,Q1,2025-02,2025Q1
O004649,C01510,2024-01-18,Cash on Delivery,Delivered,2024,1,January,Q1,2024-01,2024Q1
O004650,C01083,2025-02-06,Net Banking,Delivered,2025,2,February,Q1,2025-02,2025Q1
O004651,C01451,2025-02-01,UPI,Delivered,2025,2,February,Q1,2025-02,2025Q1
O004652,C01952,2025-08-14,Cash on Delivery,Delivered,2025,8,August,Q3,2025-08,2025Q3
O004653,C00790,2024-04-28,UPI,Delivered,2024,4,April,Q2,2024-04,2024Q2
O004654,C00866,2024-06-17,Debit Card,Cancelled,2024,6,June,Q2,2024-06,2024Q2
O004655,C00343,2025-11-04,UPI,Cancelled,2025,11,November,Q4,2025-11,2025Q4
O004656,C01071,2024-10-10,UPI,Delivered,2024,10,October,Q4,2024-10,2024Q4
O004657,C00507,2024-03-30,UPI,Cancelled,2024,3,March,Q1,2024-03,2024Q1
O004658,C00261,2025-11-28,Debit Card,Delivered,2025,11,November,Q4,2025-11,2025Q4
O004659,C01959,2024-06-17,Credit Card,Delivered,2024,6,June,Q2,2024-06,2024Q2
O004660,C01881,2024-01-23,Debit Card,Delivered,2024,1,January,Q1,2024-01,2024Q1
O004661,C00722,2024-09-11,Cash on Delivery,Delivered,2024,9,September,Q3,2024-09,2024Q3
O004662,C01187,2024-04-17,Cash on Delivery,Delivered,2024,4,April,Q2,2024-04,2024Q2
O004663,C01109,2024-06-19,Debit Card,Delivered,2024,6,June,Q2,2024-06,2024Q2
O004664,C01354,2024-03-05,Debit Card,Delivered,2024,3,March,Q1,2024-03,2024Q1
O004665,C01467,2025-07-19,Cash on Delivery,Delivered,2025,7,July,Q3,2025-07,2025Q3
O004666,C01437,2025-06-21,Net Banking,Delivered,2025,6,June,Q2,2025-06,2025Q2
O004667,C00755,2024-04-08,Net Banking,Cancelled,2024,4,April,Q2,2024-04,2024Q2
O004668,C00788,2024-07-26,Credit Card,Cancelled,2024,7,July,Q3,2024-07,2024Q3
O004669,C01782,2024-07-31,Credit Card,Delivered,2024,7,July,Q3,2024-07,2024Q3
O004670,C00284,2025-01-09,UPI,Delivered,2025,1,January,Q1,2025-01,2025Q1
O004671,C00631,2024-06-03,Debit Card,Cancelled,2024,6,June,Q2,2024-06,2024Q2
O004672,C01159,2024-03-12,Cash on Delivery,Delivered,2024,3,March,Q1,2024-03,2024Q1
O004673,C00704,2024-09-27,Debit Card,Delivered,2024,9,September,Q3,2024-09,2024Q3
O004674,C01234,2025-07-03,UPI,Delivered,2025,7,July,Q3,2025-07,2025Q3
O004675,C01287,2025-03-04,UPI,Delivered,2025,3,March,Q1,2025-03,2025Q1
O004676,C01512,2025-05-21,Credit Card,Delivered,2025,5,May,Q2,2025-05,2025Q2
O004677,C01187,2024-08-16,Cash on Delivery,Delivered,2024,8,August,Q3,2024-08,2024Q3
O004678,C00912,2024-12-28,UPI,Delivered,2024,12,December,Q4,2024-12,2024Q4
O004679,C00293,2025-08-01,Cash on Delivery,Delivered,2025,8,August,Q3,2025-08,2025Q3
O004680,C00867,2025-09-20,Cash on Delivery,Delivered,2025,9,September,Q3,2025-09,2025Q3
O004681,C00129,2025-01-20,Net Banking,Cancelled,2025,1,January,Q1,2025-01,2025Q1
O004682,C01268,2024-12-04,Credit Card,Delivered,2024,12,December,Q4,2024-12,2024Q4
O004683,C01152,2025-02-02,UPI,Cancelled,2025,2,February,Q1,2025-02,2025Q1
O004684,C00937,2024-11-06,Debit Card,Delivered,2024,11,November,Q4,2024-11,2024Q4
O004685,C00523,2025-12-17,Cash on Delivery,Delivered,2025,12,December,Q4,2025-12,2025Q4
O004686,C01405,2024-05-29,Net Banking,Cancelled,2024,5,May,Q2,2024-05,2024Q2
O004687,C00583,2024-07-13,Net Banking,Delivered,2024,7,July,Q3,2024-07,2024Q3
O004688,C00155,2024-05-14,Cash on Delivery,Delivered,2024,5,May,Q2,2024-05,2024Q2
O004689,C01644,2024-06-02,Cash on Delivery,Cancelled,2024,6,June,Q2,2024-06,2024Q2
O004690,C01735,2025-06-17,Debit Card,Delivered,2025,6,June,Q2,2025-06,2025Q2
O004691,C00842,2025-10-19,Debit Card,Delivered,2025,10,October,Q4,2025-10,2025Q4
O004692,C01719,2025-11-20,Credit Card,Delivered,2025,11,November,Q4,2025-11,2025Q4
O004693,C00423,2025-07-11,Credit Card,Cancelled,2025,7,July,Q3,2025-07,2025Q3
O004694,C01099,2024-08-06,Cash on Delivery,Delivered,2024,8,August,Q3,2024-08,2024Q3
O004695,C00780,2024-11-01,Debit Card,Cancelled,2024,11,November,Q4,2024-11,2024Q4
O004696,C01094,2024-03-20,UPI,Delivered,2024,3,March,Q1,2024-03,2024Q1
O004697,C00594,2025-03-29,Debit Card,Delivered,2025,3,March,Q1,2025-03,2025Q1
O004698,C01623,2025-09-08,Cash on Delivery,Delivered,2025,9,September,Q3,2025-09,2025Q3
O004699,C01358,2025-08-18,Net Banking,Delivered,2025,8,August,Q3,2025-08,2025Q3
O004700,C01794,2025-04-01,UPI,Delivered,2025,4,April,Q2,2025-04,2025Q2
O004701,C00243,2024-08-30,Net Banking,Delivered,2024,8,August,Q3,2024-08,2024Q3
O004702,C00336,2024-05-08,Net Banking,Delivered,2024,5,May,Q2,2024-05,2024Q2
O004703,C01969,2025-09-08,Debit Card,Delivered,2025,9,September,Q3,2025-09,2025Q3
O004704,C00820,2024-06-08,Credit Card,Cancelled,2024,6,June,Q2,2024-06,2024Q2
O004705,C01847,2025-07-14,UPI,Delivered,2025,7,July,Q3,2025-07,2025Q3
O004706,C01721,2025-01-13,Cash on Delivery,Delivered,2025,1,January,Q1,2025-01,2025Q1
O004707,C00555,2024-12-02,Cash on Delivery,Delivered,2024,12,December,Q4,2024-12,2024Q4
O004708,C00735,2025-11-16,Cash on Delivery,Delivered,2025,11,November,Q4,2025-11,2025Q4
O004709,C01578,2024-12-12,Credit Card,Delivered,2024,12,December,Q4,2024-12,2024Q4
O004710,C01140,2024-11-25,Net Banking,Cancelled,2024,11,November,Q4,2024-11,2024Q4
O004711,C01138,2025-04-08,Credit Card,Delivered,2025,4,April,Q2,2025-04,2025Q2
O004712,C00676,2025-08-03,Credit Card,Cancelled,2025,8,August,Q3,2025-08,2025Q3
O004713,C01129,2024-07-30,Credit Card,Cancelled,2024,7,July,Q3,2024-07,2024Q3
O004714,C01219,2025-09-25,Net Banking,Delivered,2025,9,September,Q3,2025-09,2025Q3
O004715,C01707,2024-09-04,UPI,Cancelled,2024,9,September,Q3,2024-09,2024Q3
O004716,C00712,2025-04-28,Credit Card,Delivered,2025,4,April,Q2,2025-04,2025Q2
O004717,C00030,2024-03-24,UPI,Delivered,2024,3,March,Q1,2024-03,2024Q1
O004718,C01615,2025-04-16,Credit Card,Delivered,2025,4,April,Q2,2025-04,2025Q2
O004719,C00097,2024-10-24,UPI,Delivered,2024,10,October,Q4,2024-10,2024Q4
O004720,C01392,2024-11-29,Credit Card,Delivered,2024,11,November,Q4,2024-11,2024Q4
O004721,C01557,2024-06-04,Net Banking,Delivered,2024,6,June,Q2,2024-06,2024Q2
O004722,C01213,2025-03-16,Net Banking,Cancelled,2025,3,March,Q1,2025-03,2025Q1
O004723,C00729,2024-10-01,Net Banking,Delivered,2024,10,October,Q4,2024-10,2024Q4
O004724,C01867,2024-10-17,Cash on Delivery,Delivered,2024,10,October,Q4,2024-10,2024Q4
O004725,C00794,2025-11-28,Debit Card,Delivered,2025,11,November,Q4,2025-11,2025Q4
O004726,C01143,2025-05-06,Debit Card,Cancelled,2025,5,May,Q2,2025-05,2025Q2
O004727,C00393,2025-09-28,Cash on Delivery,Cancelled,2025,9,September,Q3,2025-09,2025Q3
O004728,C01362,2024-02-19,Debit Card,Delivered,2024,2,February,Q1,2024-02,2024Q1
O004729,C00920,2024-12-15,Debit Card,Cancelled,2024,12,December,Q4,2024-12,2024Q4
O004730,C01559,2024-05-09,Net Banking,Delivered,2024,5,May,Q2,2024-05,2024Q2
O004731,C01339,2025-11-21,UPI,Cancelled,2025,11,November,Q4,2025-11,2025Q4
O004732,C00967,2024-01-27,Credit Card,Delivered,2024,1,January,Q1,2024-01,2024Q1
O004733,C01799,2025-02-01,UPI,Delivered,2025,2,February,Q1,2025-02,2025Q1
O004734,C00232,2024-07-15,Net Banking,Delivered,2024,7,July,Q3,2024-07,2024Q3
O004735,C00876,2025-03-31,Credit Card,Delivered,2025,3,March,Q1,2025-03,2025Q1
O004736,C00098,2024-11-14,UPI,Delivered,2024,11,November,Q4,2024-11,2024Q4
O004737,C00621,2024-08-15,Debit Card,Delivered,2024,8,August,Q3,2024-08,2024Q3
O004738,C01232,2025-04-14,Cash on Delivery,Delivered,2025,4,April,Q2,2025-04,2025Q2
O004739,C00806,2025-10-04,Credit Card,Delivered,2025,10,October,Q4,2025-10,2025Q4
O004740,C01956,2025-11-12,Credit Card,Delivered,2025,11,November,Q4,2025-11,2025Q4
O004741,C01677,2025-05-16,Debit Card,Delivered,2025,5,May,Q2,2025-05,2025Q2
O004742,C00617,2025-02-16,UPI,Delivered,2025,2,February,Q1,2025-02,2025Q1
O004743,C00291,2024-09-30,Debit Card,Delivered,2024,9,September,Q3,2024-09,2024Q3
O004744,C00240,2024-11-05,Debit Card,Delivered,2024,11,November,Q4,2024-11,2024Q4
O004745,C01252,2024-01-24,Cash on Delivery,Delivered,2024,1,January,Q1,2024-01,2024Q1
O004746,C01787,2024-03-30,Net Banking,Delivered,2024,3,March,Q1,2024-03,2024Q1
O004747,C00646,2024-05-19,Net Banking,Delivered,2024,5,May,Q2,2024-05,2024Q2
O004748,C00378,2025-09-20,Cash on Delivery,Delivered,2025,9,September,Q3,2025-09,2025Q3
O004749,C00256,2024-09-07,Cash on Delivery,Delivered,2024,9,September,Q3,2024-09,2024Q3
O004750,C00680,2024-11-29,Credit Card,Delivered,2024,11,November,Q4,2024-11,2024Q4
O004751,C01909,2025-09-06,Debit Card,Delivered,2025,9,September,Q3,2025-09,2025Q3
O004752,C00901,2024-05-24,Cash on Delivery,Delivered,2024,5,May,Q2,2024-05,2024Q2
O004753,C01022,2024-10-04,Debit Card,Delivered,2024,10,October,Q4,2024-10,2024Q4
O004754,C01845,2024-07-09,Credit Card,Cancelled,2024,7,July,Q3,2024-07,2024Q3
O004755,C00591,2024-02-26,Debit Card,Delivered,2024,2,February,Q1,2024-02,2024Q1
O004756,C01224,2024-06-16,Credit Card,Cancelled,2024,6,June,Q2,2024-06,2024Q2
O004757,C00896,2025-05-25,Debit Card,Delivered,2025,5,May,Q2,2025-05,2025Q2
O004758,C00198,2024-10-15,Net Banking,Delivered,2024,10,October,Q4,2024-10,2024Q4
O004759,C01095,2024-10-15,Credit Card,Delivered,2024,10,October,Q4,2024-10,2024Q4
O004760,C00013,2024-04-22,Net Banking,Delivered,2024,4,April,Q2,2024-04,2024Q2
O004761,C01986,2025-08-28,Credit Card,Delivered,2025,8,August,Q3,2025-08,2025Q3
O004762,C00683,2024-09-01,Debit Card,Delivered,2024,9,September,Q3,2024-09,2024Q3
O004763,C00209,2024-04-04,Credit Card,Cancelled,2024,4,April,Q2,2024-04,2024Q2
O004764,C00116,2024-01-08,UPI,Delivered,2024,1,January,Q1,2024-01,2024Q1
O004765,C00808,2024-09-04,UPI,Delivered,2024,9,September,Q3,2024-09,2024Q3
O004766,C01939,2025-06-18,UPI,Delivered,2025,6,June,Q2,2025-06,2025Q2
O004767,C01904,2024-01-09,Debit Card,Delivered,2024,1,January,Q1,2024-01,2024Q1
O004768,C00486,2025-07-10,Credit Card,Delivered,2025,7,July,Q3,2025-07,2025Q3
O004769,C01014,2024-09-12,UPI,Delivered,2024,9,September,Q3,2024-09,2024Q3
O004770,C01098,2024-06-15,Cash on Delivery,Delivered,2024,6,June,Q2,2024-06,2024Q2
O004771,C01265,2024-12-27,Debit Card,Cancelled,2024,12,December,Q4,2024-12,2024Q4
O004772,C00658,2025-03-16,Cash on Delivery,Delivered,2025,3,March,Q1,2025-03,2025Q1
O004773,C01135,2025-09-09,Debit Card,Delivered,2025,9,September,Q3,2025-09,2025Q3
O004774,C00371,2024-09-06,Cash on Delivery,Delivered,2024,9,September,Q3,2024-09,2024Q3
O004775,C00349,2025-11-29,Net Banking,Delivered,2025,11,November,Q4,2025-11,2025Q4
O004776,C00287,2024-06-29,Cash on Delivery,Delivered,2024,6,June,Q2,2024-06,2024Q2
O004777,C00208,2025-03-12,Net Banking,Delivered,2025,3,March,Q1,2025-03,2025Q1
O004778,C01029,2024-02-21,UPI,Delivered,2024,2,February,Q1,2024-02,2024Q1
O004779,C01260,2024-10-26,UPI,Delivered,2024,10,October,Q4,2024-10,2024Q4
O004780,C00137,2024-08-08,UPI,Delivered,2024,8,August,Q3,2024-08,2024Q3
O004781,C01877,2025-04-12,UPI,Cancelled,2025,4,April,Q2,2025-04,2025Q2
O004782,C01745,2024-06-13,Debit Card,Delivered,2024,6,June,Q2,2024-06,2024Q2
O004783,C00632,2025-02-13,Debit Card,Delivered,2025,2,February,Q1,2025-02,2025Q1
O004784,C00918,2024-06-17,Credit Card,Delivered,2024,6,June,Q2,2024-06,2024Q2
O004785,C00966,2024-03-20,Credit Card,Delivered,2024,3,March,Q1,2024-03,2024Q1
O004786,C01308,2025-03-11,UPI,Delivered,2025,3,March,Q1,2025-03,2025Q1
O004787,C00610,2024-08-03,Net Banking,Cancelled,2024,8,August,Q3,2024-08,2024Q3
O004788,C01499,2025-07-10,Debit Card,Delivered,2025,7,July,Q3,2025-07,2025Q3
O004789,C01707,2025-04-17,Net Banking,Delivered,2025,4,April,Q2,2025-04,2025Q2
O004790,C00730,2025-11-17,Cash on Delivery,Delivered,2025,11,November,Q4,2025-11,2025Q4
O004791,C01439,2025-09-19,Net Banking,Cancelled,2025,9,September,Q3,2025-09,2025Q3
O004792,C00941,2025-10-29,UPI,Delivered,2025,10,October,Q4,2025-10,2025Q4
O004793,C01736,2025-06-05,Cash on Delivery,Delivered,2025,6,June,Q2,2025-06,2025Q2
O004794,C00076,2024-02-28,Debit Card,Delivered,2024,2,February,Q1,2024-02,2024Q1
O004795,C01001,2025-03-21,Credit Card,Delivered,2025,3,March,Q1,2025-03,2025Q1
O004796,C00456,2025-11-24,Credit Card,Delivered,2025,11,November,Q4,2025-11,2025Q4
O004797,C01086,2025-05-16,Credit Card,Delivered,2025,5,May,Q2,2025-05,2025Q2
O004798,C01790,2024-11-23,UPI,Delivered,2024,11,November,Q4,2024-11,2024Q4
O004799,C00491,2025-06-13,Net Banking,Cancelled,2025,6,June,Q2,2025-06,2025Q2
O004800,C01881,2025-08-10,Net Banking,Delivered,2025,8,August,Q3,2025-08,2025Q3
O004801,C00875,2024-12-04,Net Banking,Cancelled,2024,12,December,Q4,2024-12,2024Q4
O004802,C00972,2024-09-03,Cash on Delivery,Cancelled,2024,9,September,Q3,2024-09,2024Q3
O004803,C01822,2025-09-23,UPI,Cancelled,2025,9,September,Q3,2025-09,2025Q3
O004804,C00140,2024-09-05,Credit Card,Delivered,2024,9,September,Q3,2024-09,2024Q3
O004805,C00983,2024-06-02,Cash on Delivery,Delivered,2024,6,June,Q2,2024-06,2024Q2
O004806,C00403,2024-06-02,UPI,Cancelled,2024,6,June,Q2,2024-06,2024Q2
O004807,C00891,2024-02-08,UPI,Delivered,2024,2,February,Q1,2024-02,2024Q1
O004808,C00642,2025-09-15,Credit Card,Delivered,2025,9,September,Q3,2025-09,2025Q3
O004809,C00912,2025-01-18,Net Banking,Delivered,2025,1,January,Q1,2025-01,2025Q1
O004810,C00670,2025-01-22,Cash on Delivery,Delivered,2025,1,January,Q1,2025-01,2025Q1
O004811,C01898,2024-02-06,Credit Card,Delivered,2024,2,February,Q1,2024-02,2024Q1
O004812,C00989,2024-08-01,Cash on Delivery,Delivered,2024,8,August,Q3,2024-08,2024Q3
O004813,C00208,2024-11-23,Cash on Delivery,Cancelled,2024,11,November,Q4,2024-11,2024Q4
O004814,C01769,2024-04-02,UPI,Delivered,2024,4,April,Q2,2024-04,2024Q2
O004815,C01405,2024-04-06,Debit Card,Delivered,2024,4,April,Q2,2024-04,2024Q2
O004816,C00572,2024-12-17,Net Banking,Delivered,2024,12,December,Q4,2024-12,2024Q4
O004817,C00180,2024-05-12,Net Banking,Delivered,2024,5,May,Q2,2024-05,2024Q2
O004818,C01521,2025-04-12,Net Banking,Delivered,2025,4,April,Q2,2025-04,2025Q2
O004819,C01214,2024-09-10,Net Banking,Cancelled,2024,9,September,Q3,2024-09,2024Q3
O004820,C01910,2025-04-04,UPI,Delivered,2025,4,April,Q2,2025-04,2025Q2
O004821,C00460,2024-10-24,UPI,Delivered,2024,10,October,Q4,2024-10,2024Q4
O004822,C00280,2024-07-02,Cash on Delivery,Cancelled,2024,7,July,Q3,2024-07,2024Q3
O004823,C01179,2025-03-23,UPI,Delivered,2025,3,March,Q1,2025-03,2025Q1
O004824,C01289,2024-01-17,Cash on Delivery,Delivered,2024,1,January,Q1,2024-01,2024Q1
O004825,C01990,2024-08-09,Debit Card,Delivered,2024,8,August,Q3,2024-08,2024Q3
O004826,C01249,2024-01-14,Cash on Delivery,Cancelled,2024,1,January,Q1,2024-01,2024Q1
O004827,C01200,2025-05-14,UPI,Delivered,2025,5,May,Q2,2025-05,2025Q2
O004828,C00230,2025-08-31,UPI,Cancelled,2025,8,August,Q3,2025-08,2025Q3
O004829,C01220,2025-10-26,Debit Card,Delivered,2025,10,October,Q4,2025-10,2025Q4
O004830,C00467,2025-03-23,Credit Card,Cancelled,2025,3,March,Q1,2025-03,2025Q1
O004831,C01856,2024-01-04,Credit Card,Delivered,2024,1,January,Q1,2024-01,2024Q1
O004832,C00336,2025-12-09,UPI,Delivered,2025,12,December,Q4,2025-12,2025Q4
O004833,C01107,2024-12-24,Cash on Delivery,Delivered,2024,12,December,Q4,2024-12,2024Q4
O004834,C01359,2024-08-08,Cash on Delivery,Delivered,2024,8,August,Q3,2024-08,2024Q3
O004835,C01853,2024-04-11,Debit Card,Delivered,2024,4,April,Q2,2024-04,2024Q2
O004836,C01333,2025-10-15,Debit Card,Delivered,2025,10,October,Q4,2025-10,2025Q4
O004837,C00568,2024-11-08,Cash on Delivery,Cancelled,2024,11,November,Q4,2024-11,2024Q4
O004838,C01591,2024-01-29,Credit Card,Cancelled,2024,1,January,Q1,2024-01,2024Q1
O004839,C01539,2025-11-26,Net Banking,Cancelled,2025,11,November,Q4,2025-11,2025Q4
O004840,C01484,2025-02-18,Net Banking,Cancelled,2025,2,February,Q1,2025-02,2025Q1
O004841,C00760,2025-12-14,Credit Card,Cancelled,2025,12,December,Q4,2025-12,2025Q4
O004842,C01866,2025-02-13,Debit Card,Delivered,2025,2,February,Q1,2025-02,2025Q1
O004843,C00673,2024-01-31,Net Banking,Cancelled,2024,1,January,Q1,2024-01,2024Q1
O004844,C00714,2024-09-19,Cash on Delivery,Delivered,2024,9,September,Q3,2024-09,2024Q3
O004845,C01937,2025-05-15,Cash on Delivery,Delivered,2025,5,May,Q2,2025-05,2025Q2
O004846,C01726,2024-01-13,Debit Card,Delivered,2024,1,January,Q1,2024-01,2024Q1
O004847,C00294,2024-02-23,UPI,Cancelled,2024,2,February,Q1,2024-02,2024Q1
O004848,C00948,2024-12-30,Debit Card,Cancelled,2024,12,December,Q4,2024-12,2024Q4
O004849,C01353,2024-03-14,UPI,Delivered,2024,3,March,Q1,2024-03,2024Q1
O004850,C00613,2025-10-06,Cash on Delivery,Cancelled,2025,10,October,Q4,2025-10,2025Q4
O004851,C00385,2025-09-15,Cash on Delivery,Delivered,2025,9,September,Q3,2025-09,2025Q3
O004852,C01841,2024-11-18,UPI,Delivered,2024,11,November,Q4,2024-11,2024Q4
O004853,C00030,2025-07-15,Cash on Delivery,Cancelled,2025,7,July,Q3,2025-07,2025Q3
O004854,C01084,2024-08-21,Credit Card,Delivered,2024,8,August,Q3,2024-08,2024Q3
O004855,C01896,2024-08-01,UPI,Delivered,2024,8,August,Q3,2024-08,2024Q3
O004856,C01618,2024-09-03,UPI,Delivered,2024,9,September,Q3,2024-09,2024Q3
O004857,C00872,2025-08-08,Debit Card,Delivered,2025,8,August,Q3,2025-08,2025Q3
O004858,C01072,2024-09-25,Net Banking,Cancelled,2024,9,September,Q3,2024-09,2024Q3
O004859,C00215,2024-11-06,UPI,Delivered,2024,11,November,Q4,2024-11,2024Q4
O004860,C01488,2024-03-02,UPI,Delivered,2024,3,March,Q1,2024-03,2024Q1
O004861,C00430,2025-03-08,Cash on Delivery,Cancelled,2025,3,March,Q1,2025-03,2025Q1
O004862,C00700,2025-08-24,Cash on Delivery,Cancelled,2025,8,August,Q3,2025-08,2025Q3
O004863,C00234,2024-08-31,UPI,Cancelled,2024,8,August,Q3,2024-08,2024Q3
O004864,C00504,2025-01-18,Cash on Delivery,Delivered,2025,1,January,Q1,2025-01,2025Q1
O004865,C01709,2025-04-20,Cash on Delivery,Delivered,2025,4,April,Q2,2025-04,2025Q2
O004866,C00564,2024-02-06,Debit Card,Cancelled,2024,2,February,Q1,2024-02,2024Q1
O004867,C00024,2024-11-01,Net Banking,Delivered,2024,11,November,Q4,2024-11,2024Q4
O004868,C01512,2024-08-19,Debit Card,Cancelled,2024,8,August,Q3,2024-08,2024Q3
O004869,C01291,2025-06-24,Cash on Delivery,Delivered,2025,6,June,Q2,2025-06,2025Q2
O004870,C00912,2024-12-19,Debit Card,Delivered,2024,12,December,Q4,2024-12,2024Q4
O004871,C00759,2025-01-18,UPI,Cancelled,2025,1,January,Q1,2025-01,2025Q1
O004872,C01765,2025-10-21,Credit Card,Delivered,2025,10,October,Q4,2025-10,2025Q4
O004873,C01199,2025-05-12,Credit Card,Delivered,2025,5,May,Q2,2025-05,2025Q2
O004874,C01686,2025-12-08,Debit Card,Delivered,2025,12,December,Q4,2025-12,2025Q4
O004875,C01287,2024-04-04,Debit Card,Cancelled,2024,4,April,Q2,2024-04,2024Q2
O004876,C01103,2025-10-16,Cash on Delivery,Delivered,2025,10,October,Q4,2025-10,2025Q4
O004877,C01969,2024-10-17,Cash on Delivery,Delivered,2024,10,October,Q4,2024-10,2024Q4
O004878,C00400,2025-12-29,Credit Card,Delivered,2025,12,December,Q4,2025-12,2025Q4
O004879,C00041,2025-04-24,Debit Card,Delivered,2025,4,April,Q2,2025-04,2025Q2
O004880,C00250,2024-03-20,Cash on Delivery,Delivered,2024,3,March,Q1,2024-03,2024Q1
O004881,C01613,2024-01-23,Cash on Delivery,Delivered,2024,1,January,Q1,2024-01,2024Q1
O004882,C00022,2024-06-22,Credit Card,Cancelled,2024,6,June,Q2,2024-06,2024Q2
O004883,C00258,2024-02-07,Net Banking,Delivered,2024,2,February,Q1,2024-02,2024Q1
O004884,C00630,2025-10-03,UPI,Delivered,2025,10,October,Q4,2025-10,2025Q4
O004885,C00716,2024-01-09,UPI,Delivered,2024,1,January,Q1,2024-01,2024Q1
O004886,C01482,2024-04-17,Net Banking,Delivered,2024,4,April,Q2,2024-04,2024Q2
O004887,C01176,2024-03-22,UPI,Cancelled,2024,3,March,Q1,2024-03,2024Q1
O004888,C00672,2024-09-07,Cash on Delivery,Delivered,2024,9,September,Q3,2024-09,2024Q3
O004889,C01753,2025-10-31,Credit Card,Delivered,2025,10,October,Q4,2025-10,2025Q4
O004890,C00088,2025-06-18,Credit Card,Delivered,2025,6,June,Q2,2025-06,2025Q2
O004891,C01801,2025-07-16,UPI,Delivered,2025,7,July,Q3,2025-07,2025Q3
O004892,C01464,2024-12-04,Debit Card,Delivered,2024,12,December,Q4,2024-12,2024Q4
O004893,C00143,2024-06-24,Debit Card,Cancelled,2024,6,June,Q2,2024-06,2024Q2
O004894,C01017,2024-05-12,Credit Card,Delivered,2024,5,May,Q2,2024-05,2024Q2
O004895,C01552,2024-03-09,Net Banking,Delivered,2024,3,March,Q1,2024-03,2024Q1
O004896,C01874,2024-05-28,Credit Card,Delivered,2024,5,May,Q2,2024-05,2024Q2
O004897,C01414,2025-07-16,Debit Card,Cancelled,2025,7,July,Q3,2025-07,2025Q3
O004898,C01476,2025-12-01,Cash on Delivery,Delivered,2025,12,December,Q4,2025-12,2025Q4
O004899,C01164,2025-09-22,Credit Card,Delivered,2025,9,September,Q3,2025-09,2025Q3
O004900,C00724,2024-10-13,UPI,Cancelled,2024,10,October,Q4,2024-10,2024Q4
O004901,C00124,2025-09-25,UPI,Delivered,2025,9,September,Q3,2025-09,2025Q3
O004902,C01116,2025-12-02,Debit Card,Delivered,2025,12,December,Q4,2025-12,2025Q4
O004903,C00186,2025-02-21,Credit Card,Delivered,2025,2,February,Q1,2025-02,2025Q1
O004904,C00923,2024-01-04,Debit Card,Delivered,2024,1,January,Q1,2024-01,2024Q1
O004905,C01333,2025-12-26,Debit Card,Delivered,2025,12,December,Q4,2025-12,2025Q4
O004906,C01681,2025-06-18,Credit Card,Cancelled,2025,6,June,Q2,2025-06,2025Q2
O004907,C00999,2025-11-05,Cash on Delivery,Delivered,2025,11,November,Q4,2025-11,2025Q4
O004908,C00732,2024-02-10,Debit Card,Delivered,2024,2,February,Q1,2024-02,2024Q1
O004909,C00208,2024-07-20,Net Banking,Delivered,2024,7,July,Q3,2024-07,2024Q3
O004910,C00505,2025-11-17,Credit Card,Cancelled,2025,11,November,Q4,2025-11,2025Q4
O004911,C00088,2025-09-01,Debit Card,Cancelled,2025,9,September,Q3,2025-09,2025Q3
O004912,C01866,2024-02-03,Credit Card,Delivered,2024,2,February,Q1,2024-02,2024Q1
O004913,C00996,2024-03-27,Credit Card,Delivered,2024,3,March,Q1,2024-03,2024Q1
O004914,C00058,2024-02-07,Credit Card,Cancelled,2024,2,February,Q1,2024-02,2024Q1
O004915,C01218,2024-08-24,Credit Card,Delivered,2024,8,August,Q3,2024-08,2024Q3
O004916,C00840,2024-02-28,UPI,Delivered,2024,2,February,Q1,2024-02,2024Q1
O004917,C00605,2024-07-23,UPI,Delivered,2024,7,July,Q3,2024-07,2024Q3
O004918,C00774,2024-09-12,Cash on Delivery,Delivered,2024,9,September,Q3,2024-09,2024Q3
O004919,C00141,2025-06-18,Net Banking,Delivered,2025,6,June,Q2,2025-06,2025Q2
O004920,C00072,2025-04-20,Cash on Delivery,Cancelled,2025,4,April,Q2,2025-04,2025Q2
O004921,C01427,2025-09-06,Net Banking,Delivered,2025,9,September,Q3,2025-09,2025Q3
O004922,C01300,2025-09-23,Credit Card,Delivered,2025,9,September,Q3,2025-09,2025Q3
O004923,C01097,2024-10-21,Debit Card,Delivered,2024,10,October,Q4,2024-10,2024Q4
O004924,C01697,2024-07-28,Debit Card,Delivered,2024,7,July,Q3,2024-07,2024Q3
O004925,C01998,2025-06-26,Debit Card,Delivered,2025,6,June,Q2,2025-06,2025Q2
O004926,C00077,2024-05-12,UPI,Cancelled,2024,5,May,Q2,2024-05,2024Q2
O004927,C01120,2025-12-19,UPI,Delivered,2025,12,December,Q4,2025-12,2025Q4
O004928,C00439,2024-04-17,UPI,Delivered,2024,4,April,Q2,2024-04,2024Q2
O004929,C00997,2025-03-29,Credit Card,Delivered,2025,3,March,Q1,2025-03,2025Q1
O004930,C00276,2024-12-23,Cash on Delivery,Cancelled,2024,12,December,Q4,2024-12,2024Q4
O004931,C01787,2024-04-03,UPI,Delivered,2024,4,April,Q2,2024-04,2024Q2
O004932,C01298,2024-04-08,Debit Card,Delivered,2024,4,April,Q2,2024-04,2024Q2
O004933,C00929,2024-09-05,UPI,Cancelled,2024,9,September,Q3,2024-09,2024Q3
O004934,C01547,2025-10-31,Cash on Delivery,Delivered,2025,10,October,Q4,2025-10,2025Q4
O004935,C01213,2024-04-24,Credit Card,Delivered,2024,4,April,Q2,2024-04,2024Q2
O004936,C01898,2025-08-07,UPI,Delivered,2025,8,August,Q3,2025-08,2025Q3
O004937,C01178,2025-03-29,UPI,Delivered,2025,3,March,Q1,2025-03,2025Q1
O004938,C01015,2025-11-20,Credit Card,Cancelled,2025,11,November,Q4,2025-11,2025Q4
O004939,C01284,2025-10-22,UPI,Cancelled,2025,10,October,Q4,2025-10,2025Q4
O004940,C00356,2025-11-26,UPI,Cancelled,2025,11,November,Q4,2025-11,2025Q4
O004941,C01564,2024-11-17,Debit Card,Cancelled,2024,11,November,Q4,2024-11,2024Q4
O004942,C01043,2025-05-09,Debit Card,Delivered,2025,5,May,Q2,2025-05,2025Q2
O004943,C01785,2024-12-13,Debit Card,Delivered,2024,12,December,Q4,2024-12,2024Q4
O004944,C00230,2025-06-03,Credit Card,Delivered,2025,6,June,Q2,2025-06,2025Q2
O004945,C01102,2024-04-05,Net Banking,Delivered,2024,4,April,Q2,2024-04,2024Q2
O004946,C01733,2025-02-09,Credit Card,Delivered,2025,2,February,Q1,2025-02,2025Q1
O004947,C00545,2025-02-13,Credit Card,Delivered,2025,2,February,Q1,2025-02,2025Q1
O004948,C01315,2024-07-05,Cash on Delivery,Cancelled,2024,7,July,Q3,2024-07,2024Q3
O004949,C01966,2025-03-24,Debit Card,Delivered,2025,3,March,Q1,2025-03,2025Q1
O004950,C01616,2025-01-06,UPI,Delivered,2025,1,January,Q1,2025-01,2025Q1
O004951,C01719,2025-05-28,Net Banking,Delivered,2025,5,May,Q2,2025-05,2025Q2
O004952,C01589,2025-01-15,Debit Card,Delivered,2025,1,January,Q1,2025-01,2025Q1
O004953,C00416,2024-08-05,Debit Card,Delivered,2024,8,August,Q3,2024-08,2024Q3
O004954,C01210,2024-09-07,Cash on Delivery,Cancelled,2024,9,September,Q3,2024-09,2024Q3
O004955,C01846,2025-08-23,UPI,Cancelled,2025,8,August,Q3,2025-08,2025Q3
O004956,C01011,2025-07-21,Credit Card,Cancelled,2025,7,July,Q3,2025-07,2025Q3
O004957,C00963,2025-01-09,Net Banking,Delivered,2025,1,January,Q1,2025-01,2025Q1
O004958,C01970,2024-06-24,Cash on Delivery,Delivered,2024,6,June,Q2,2024-06,2024Q2
O004959,C01500,2024-03-12,Credit Card,Delivered,2024,3,March,Q1,2024-03,2024Q1
O004960,C00829,2024-07-23,Credit Card,Delivered,2024,7,July,Q3,2024-07,2024Q3
O004961,C00921,2025-08-18,UPI,Delivered,2025,8,August,Q3,2025-08,2025Q3
O004962,C00194,2024-08-18,Credit Card,Delivered,2024,8,August,Q3,2024-08,2024Q3
O004963,C01240,2025-07-06,UPI,Cancelled,2025,7,July,Q3,2025-07,2025Q3
O004964,C01871,2024-03-05,UPI,Delivered,2024,3,March,Q1,2024-03,2024Q1
O004965,C00396,2024-10-01,Debit Card,Delivered,2024,10,October,Q4,2024-10,2024Q4
O004966,C01986,2025-03-09,UPI,Delivered,2025,3,March,Q1,2025-03,2025Q1
O004967,C01117,2025-10-10,UPI,Delivered,2025,10,October,Q4,2025-10,2025Q4
O004968,C00715,2025-11-08,Debit Card,Delivered,2025,11,November,Q4,2025-11,2025Q4
O004969,C01987,2024-07-07,UPI,Delivered,2024,7,July,Q3,2024-07,2024Q3
O004970,C00139,2025-05-27,Debit Card,Delivered,2025,5,May,Q2,2025-05,2025Q2
O004971,C01767,2025-05-17,Cash on Delivery,Delivered,2025,5,May,Q2,2025-05,2025Q2
O004972,C01252,2025-07-25,UPI,Delivered,2025,7,July,Q3,2025-07,2025Q3
O004973,C00923,2025-10-26,Credit Card,Delivered,2025,10,October,Q4,2025-10,2025Q4
O004974,C00550,2024-06-08,Debit Card,Delivered,2024,6,June,Q2,2024-06,2024Q2
O004975,C00041,2025-06-23,UPI,Delivered,2025,6,June,Q2,2025-06,2025Q2
O004976,C01413,2024-03-01,Cash on Delivery,Delivered,2024,3,March,Q1,2024-03,2024Q1
O004977,C00205,2024-02-28,Credit Card,Delivered,2024,2,February,Q1,2024-02,2024Q1
O004978,C00555,2025-01-19,Debit Card,Delivered,2025,1,January,Q1,2025-01,2025Q1
O004979,C01721,2024-02-16,Cash on Delivery,Delivered,2024,2,February,Q1,2024-02,2024Q1
O004980,C00122,2024-06-14,Cash on Delivery,Delivered,2024,6,June,Q2,2024-06,2024Q2
O004981,C01464,2024-01-11,Net Banking,Delivered,2024,1,January,Q1,2024-01,2024Q1
O004982,C01956,2025-06-04,Net Banking,Delivered,2025,6,June,Q2,2025-06,2025Q2
O004983,C00296,2024-06-16,Cash on Delivery,Cancelled,2024,6,June,Q2,2024-06,2024Q2
O004984,C01950,2024-12-29,Net Banking,Delivered,2024,12,December,Q4,2024-12,2024Q4
O004985,C01203,2025-09-27,Cash on Delivery,Delivered,2025,9,September,Q3,2025-09,2025Q3
O004986,C00310,2024-10-26,Net Banking,Delivered,2024,10,October,Q4,2024-10,2024Q4
O004987,C01773,2024-05-25,Cash on Delivery,Delivered,2024,5,May,Q2,2024-05,2024Q2
O004988,C00420,2025-01-13,UPI,Delivered,2025,1,January,Q1,2025-01,2025Q1
O004989,C00161,2024-03-22,Cash on Delivery,Delivered,2024,3,March,Q1,2024-03,2024Q1
O004990,C01625,2024-09-21,UPI,Delivered,2024,9,September,Q3,2024-09,2024Q3
O004991,C00029,2024-06-11,Debit Card,Delivered,2024,6,June,Q2,2024-06,2024Q2
O004992,C00354,2025-09-24,Net Banking,Delivered,2025,9,September,Q3,2025-09,2025Q3
O004993,C00221,2025-04-03,Credit Card,Cancelled,2025,4,April,Q2,2025-04,2025Q2
O004994,C00106,2025-08-14,UPI,Delivered,2025,8,August,Q3,2025-08,2025Q3
O004995,C00626,2025-02-13,Net Banking,Cancelled,2025,2,February,Q1,2025-02,2025Q1
O004996,C00884,2025-02-03,UPI,Delivered,2025,2,February,Q1,2025-02,2025Q1
O004997,C00441,2025-10-28,UPI,Delivered,2025,10,October,Q4,2025-10,2025Q4
O004998,C00306,2024-08-31,Cash on Delivery,Delivered,2024,8,August,Q3,2024-08,2024Q3
O004999,C00919,2025-08-13,Debit Card,Delivered,2025,8,August,Q3,2025-08,2025Q3
O005000,C00115,2024-08-30,Credit Card,Delivered,2024,8,August,Q3,2024-08,2024Q3
O005001,C00066,2025-07-04,Cash on Delivery,Delivered,2025,7,July,Q3,2025-07,2025Q3
O005002,C01597,2024-12-18,Cash on Delivery,Delivered,2024,12,December,Q4,2024-12,2024Q4
O005003,C01830,2025-05-23,Cash on Delivery,Delivered,2025,5,May,Q2,2025-05,2025Q2
O005004,C00144,2024-04-29,Debit Card,Delivered,2024,4,April,Q2,2024-04,2024Q2
O005005,C00839,2025-10-20,Cash on Delivery,Cancelled,2025,10,October,Q4,2025-10,2025Q4
O005006,C00064,2025-01-26,UPI,Delivered,2025,1,January,Q1,2025-01,2025Q1
O005007,C00953,2024-03-23,Net Banking,Cancelled,2024,3,March,Q1,2024-03,2024Q1
O005008,C00642,2025-12-11,UPI,Delivered,2025,12,December,Q4,2025-12,2025Q4
O005009,C00197,2024-04-11,Net Banking,Delivered,2024,4,April,Q2,2024-04,2024Q2
O005010,C00280,2024-06-18,Debit Card,Cancelled,2024,6,June,Q2,2024-06,2024Q2
O005011,C01978,2025-12-13,UPI,Delivered,2025,12,December,Q4,2025-12,2025Q4
O005012,C01636,2024-10-09,Net Banking,Delivered,2024,10,October,Q4,2024-10,2024Q4
O005013,C01261,2024-10-26,Net Banking,Delivered,2024,10,October,Q4,2024-10,2024Q4
O005014,C00389,2024-12-17,UPI,Delivered,2024,12,December,Q4,2024-12,2024Q4
O005015,C00352,2025-11-05,Credit Card,Delivered,2025,11,November,Q4,2025-11,2025Q4
O005016,C00224,2025-04-26,Credit Card,Delivered,2025,4,April,Q2,2025-04,2025Q2
O005017,C01160,2025-02-02,UPI,Cancelled,2025,2,February,Q1,2025-02,2025Q1
O005018,C00968,2024-06-06,UPI,Delivered,2024,6,June,Q2,2024-06,2024Q2
O005019,C01016,2025-08-28,UPI,Delivered,2025,8,August,Q3,2025-08,2025Q3
O005020,C00052,2024-11-06,Net Banking,Delivered,2024,11,November,Q4,2024-11,2024Q4
O005021,C00648,2024-05-25,Net Banking,Delivered,2024,5,May,Q2,2024-05,2024Q2
O005022,C01523,2024-02-23,Net Banking,Delivered,2024,2,February,Q1,2024-02,2024Q1
O005023,C01016,2024-08-03,UPI,Delivered,2024,8,August,Q3,2024-08,2024Q3
O005024,C01121,2024-11-24,Cash on Delivery,Delivered,2024,11,November,Q4,2024-11,2024Q4
O005025,C00971,2024-05-07,Net Banking,Delivered,2024,5,May,Q2,2024-05,2024Q2
O005026,C00526,2025-06-17,Credit Card,Delivered,2025,6,June,Q2,2025-06,2025Q2
O005027,C00111,2024-08-26,Credit Card,Delivered,2024,8,August,Q3,2024-08,2024Q3
O005028,C01556,2025-11-06,Debit Card,Delivered,2025,11,November,Q4,2025-11,2025Q4
O005029,C01755,2025-03-24,Credit Card,Delivered,2025,3,March,Q1,2025-03,2025Q1
O005030,C00739,2025-05-18,Credit Card,Delivered,2025,5,May,Q2,2025-05,2025Q2
O005031,C01327,2024-03-20,Credit Card,Delivered,2024,3,March,Q1,2024-03,2024Q1
O005032,C00702,2024-04-24,Credit Card,Delivered,2024,4,April,Q2,2024-04,2024Q2
O005033,C01867,2024-12-24,Debit Card,Delivered,2024,12,December,Q4,2024-12,2024Q4
O005034,C00291,2025-11-11,Cash on Delivery,Delivered,2025,11,November,Q4,2025-11,2025Q4
O005035,C01195,2024-03-24,Debit Card,Delivered,2024,3,March,Q1,2024-03,2024Q1
O005036,C01520,2025-08-01,Cash on Delivery,Delivered,2025,8,August,Q3,2025-08,2025Q3
O005037,C01810,2024-03-26,UPI,Cancelled,2024,3,March,Q1,2024-03,2024Q1
O005038,C00047,2024-07-05,Credit Card,Delivered,2024,7,July,Q3,2024-07,2024Q3
O005039,C00862,2024-01-13,Debit Card,Delivered,2024,1,January,Q1,2024-01,2024Q1
O005040,C00194,2025-11-25,Credit Card,Delivered,2025,11,November,Q4,2025-11,2025Q4
O005041,C00964,2024-12-23,Credit Card,Delivered,2024,12,December,Q4,2024-12,2024Q4
O005042,C01235,2024-05-25,Debit Card,Cancelled,2024,5,May,Q2,2024-05,2024Q2
O005043,C00050,2024-07-26,Credit Card,Delivered,2024,7,July,Q3,2024-07,2024Q3
O005044,C01942,2024-01-23,Debit Card,Delivered,2024,1,January,Q1,2024-01,2024Q1
O005045,C01197,2025-01-04,Debit Card,Delivered,2025,1,January,Q1,2025-01,2025Q1
O005046,C00783,2025-05-29,UPI,Delivered,2025,5,May,Q2,2025-05,2025Q2
O005047,C00218,2025-02-16,Cash on Delivery,Delivered,2025,2,February,Q1,2025-02,2025Q1
O005048,C00655,2024-12-17,Cash on Delivery,Cancelled,2024,12,December,Q4,2024-12,2024Q4
O005049,C01889,2024-09-30,UPI,Delivered,2024,9,September,Q3,2024-09,2024Q3
O005050,C01650,2024-07-25,Net Banking,Cancelled,2024,7,July,Q3,2024-07,2024Q3
O005051,C01804,2024-04-01,Net Banking,Delivered,2024,4,April,Q2,2024-04,2024Q2
O005052,C01501,2025-12-20,Debit Card,Cancelled,2025,12,December,Q4,2025-12,2025Q4
O005053,C01813,2025-03-03,Net Banking,Delivered,2025,3,March,Q1,2025-03,2025Q1
O005054,C00981,2024-03-06,Cash on Delivery,Delivered,2024,3,March,Q1,2024-03,2024Q1
O005055,C01621,2024-10-02,Cash on Delivery,Delivered,2024,10,October,Q4,2024-10,2024Q4
O005056,C00260,2024-12-01,Credit Card,Delivered,2024,12,December,Q4,2024-12,2024Q4
O005057,C00777,2024-06-13,UPI,Delivered,2024,6,June,Q2,2024-06,2024Q2
O005058,C01025,2024-04-26,Debit Card,Delivered,2024,4,April,Q2,2024-04,2024Q2
O005059,C00935,2024-11-04,UPI,Cancelled,2024,11,November,Q4,2024-11,2024Q4
O005060,C01535,2025-01-25,UPI,Cancelled,2025,1,January,Q1,2025-01,2025Q1
O005061,C02000,2024-11-30,UPI,Cancelled,2024,11,November,Q4,2024-11,2024Q4
O005062,C00225,2025-01-29,Cash on Delivery,Delivered,2025,1,January,Q1,2025-01,2025Q1
O005063,C01005,2024-09-16,UPI,Cancelled,2024,9,September,Q3,2024-09,2024Q3
O005064,C00268,2024-02-11,UPI,Delivered,2024,2,February,Q1,2024-02,2024Q1
O005065,C00090,2024-12-08,UPI,Delivered,2024,12,December,Q4,2024-12,2024Q4
O005066,C01170,2024-07-30,Cash on Delivery,Delivered,2024,7,July,Q3,2024-07,2024Q3
O005067,C00805,2024-10-14,Cash on Delivery,Delivered,2024,10,October,Q4,2024-10,2024Q4
O005068,C01708,2024-03-16,UPI,Delivered,2024,3,March,Q1,2024-03,2024Q1
O005069,C00472,2024-02-08,Debit Card,Cancelled,2024,2,February,Q1,2024-02,2024Q1
O005070,C00551,2025-05-18,Credit Card,Delivered,2025,5,May,Q2,2025-05,2025Q2
O005071,C00920,2024-10-24,Cash on Delivery,Delivered,2024,10,October,Q4,2024-10,2024Q4
O005072,C01033,2025-07-22,UPI,Delivered,2025,7,July,Q3,2025-07,2025Q3
O005073,C01176,2025-12-21,Cash on Delivery,Delivered,2025,12,December,Q4,2025-12,2025Q4
O005074,C00653,2024-11-24,Debit Card,Delivered,2024,11,November,Q4,2024-11,2024Q4
O005075,C00384,2024-05-30,UPI,Delivered,2024,5,May,Q2,2024-05,2024Q2
O005076,C00345,2024-08-16,UPI,Delivered,2024,8,August,Q3,2024-08,2024Q3
O005077,C00409,2024-05-27,Net Banking,Delivered,2024,5,May,Q2,2024-05,2024Q2
O005078,C01775,2024-11-08,UPI,Delivered,2024,11,November,Q4,2024-11,2024Q4
O005079,C01849,2024-05-17,Debit Card,Delivered,2024,5,May,Q2,2024-05,2024Q2
O005080,C01800,2025-04-06,UPI,Delivered,2025,4,April,Q2,2025-04,2025Q2
O005081,C00005,2024-08-02,UPI,Delivered,2024,8,August,Q3,2024-08,2024Q3
O005082,C00038,2025-02-15,Debit Card,Delivered,2025,2,February,Q1,2025-02,2025Q1
O005083,C00510,2025-04-16,Debit Card,Delivered,2025,4,April,Q2,2025-04,2025Q2
O005084,C00929,2025-01-18,Credit Card,Cancelled,2025,1,January,Q1,2025-01,2025Q1
O005085,C00228,2025-02-06,Cash on Delivery,Delivered,2025,2,February,Q1,2025-02,2025Q1
O005086,C00007,2024-12-02,Debit Card,Cancelled,2024,12,December,Q4,2024-12,2024Q4
O005087,C01574,2024-03-25,Cash on Delivery,Delivered,2024,3,March,Q1,2024-03,2024Q1
O005088,C00249,2025-06-13,UPI,Delivered,2025,6,June,Q2,2025-06,2025Q2
O005089,C01635,2024-02-08,UPI,Delivered,2024,2,February,Q1,2024-02,2024Q1
O005090,C01188,2025-05-17,Cash on Delivery,Delivered,2025,5,May,Q2,2025-05,2025Q2
O005091,C00788,2024-07-12,Cash on Delivery,Delivered,2024,7,July,Q3,2024-07,2024Q3
O005092,C01681,2024-03-27,UPI,Delivered,2024,3,March,Q1,2024-03,2024Q1
O005093,C00413,2024-06-19,Net Banking,Cancelled,2024,6,June,Q2,2024-06,2024Q2
O005094,C01379,2024-03-30,Cash on Delivery,Cancelled,2024,3,March,Q1,2024-03,2024Q1
O005095,C01489,2024-02-11,Debit Card,Cancelled,2024,2,February,Q1,2024-02,2024Q1
O005096,C00092,2025-11-26,Net Banking,Delivered,2025,11,November,Q4,2025-11,2025Q4
O005097,C01110,2024-01-28,Debit Card,Delivered,2024,1,January,Q1,2024-01,2024Q1
O005098,C00615,2025-03-22,Credit Card,Delivered,2025,3,March,Q1,2025-03,2025Q1
O005099,C01931,2024-07-25,Cash on Delivery,Cancelled,2024,7,July,Q3,2024-07,2024Q3
O005100,C00871,2024-07-04,Debit Card,Delivered,2024,7,July,Q3,2024-07,2024Q3
O005101,C00796,2024-02-21,Credit Card,Delivered,2024,2,February,Q1,2024-02,2024Q1
O005102,C00104,2025-02-17,UPI,Cancelled,2025,2,February,Q1,2025-02,2025Q1
O005103,C01672,2024-03-19,Cash on Delivery,Cancelled,2024,3,March,Q1,2024-03,2024Q1
O005104,C00568,2024-08-01,Net Banking,Delivered,2024,8,August,Q3,2024-08,2024Q3
O005105,C00890,2024-06-24,UPI,Delivered,2024,6,June,Q2,2024-06,2024Q2
O005106,C01481,2025-11-16,Credit Card,Delivered,2025,11,November,Q4,2025-11,2025Q4
O005107,C00169,2025-04-26,UPI,Cancelled,2025,4,April,Q2,2025-04,2025Q2
O005108,C01808,2025-06-27,UPI,Delivered,2025,6,June,Q2,2025-06,2025Q2
O005109,C01357,2025-07-09,Cash on Delivery,Cancelled,2025,7,July,Q3,2025-07,2025Q3
O005110,C01323,2024-11-10,Debit Card,Delivered,2024,11,November,Q4,2024-11,2024Q4
O005111,C00676,2024-10-31,Credit Card,Cancelled,2024,10,October,Q4,2024-10,2024Q4
O005112,C01972,2024-11-01,Net Banking,Delivered,2024,11,November,Q4,2024-11,2024Q4
O005113,C01993,2024-03-19,UPI,Delivered,2024,3,March,Q1,2024-03,2024Q1
O005114,C01303,2024-06-19,Debit Card,Delivered,2024,6,June,Q2,2024-06,2024Q2
O005115,C00141,2025-07-24,Debit Card,Delivered,2025,7,July,Q3,2025-07,2025Q3
O005116,C00664,2025-10-02,Debit Card,Delivered,2025,10,October,Q4,2025-10,2025Q4
O005117,C00846,2025-11-14,Credit Card,Delivered,2025,11,November,Q4,2025-11,2025Q4
O005118,C00659,2025-06-21,Net Banking,Cancelled,2025,6,June,Q2,2025-06,2025Q2
O005119,C01244,2024-07-27,Cash on Delivery,Delivered,2024,7,July,Q3,2024-07,2024Q3
O005120,C00581,2025-01-19,Cash on Delivery,Delivered,2025,1,January,Q1,2025-01,2025Q1
O005121,C01768,2024-06-08,Credit Card,Delivered,2024,6,June,Q2,2024-06,2024Q2
O005122,C00304,2024-05-12,UPI,Delivered,2024,5,May,Q2,2024-05,2024Q2
O005123,C00120,2025-09-02,Credit Card,Delivered,2025,9,September,Q3,2025-09,2025Q3
O005124,C01805,2024-06-07,Net Banking,Delivered,2024,6,June,Q2,2024-06,2024Q2
O005125,C01660,2024-09-27,Credit Card,Cancelled,2024,9,September,Q3,2024-09,2024Q3
O005126,C01865,2025-05-09,UPI,Cancelled,2025,5,May,Q2,2025-05,2025Q2
O005127,C00312,2024-08-11,Credit Card,Delivered,2024,8,August,Q3,2024-08,2024Q3
O005128,C01052,2025-07-02,Net Banking,Cancelled,2025,7,July,Q3,2025-07,2025Q3
O005129,C01890,2025-04-08,Debit Card,Delivered,2025,4,April,Q2,2025-04,2025Q2
O005130,C00306,2024-08-11,Net Banking,Delivered,2024,8,August,Q3,2024-08,2024Q3
O005131,C00069,2025-07-24,Credit Card,Cancelled,2025,7,July,Q3,2025-07,2025Q3
O005132,C01818,2024-01-03,UPI,Delivered,2024,1,January,Q1,2024-01,2024Q1
O005133,C01411,2024-03-14,Debit Card,Delivered,2024,3,March,Q1,2024-03,2024Q1
O005134,C00958,2024-05-23,UPI,Delivered,2024,5,May,Q2,2024-05,2024Q2
O005135,C01305,2025-01-25,Cash on Delivery,Delivered,2025,1,January,Q1,2025-01,2025Q1
O005136,C00639,2025-12-06,Credit Card,Delivered,2025,12,December,Q4,2025-12,2025Q4
O005137,C00706,2025-06-28,Net Banking,Delivered,2025,6,June,Q2,2025-06,2025Q2
O005138,C00018,2025-04-28,Debit Card,Delivered,2025,4,April,Q2,2025-04,2025Q2
O005139,C00327,2025-01-05,Net Banking,Cancelled,2025,1,January,Q1,2025-01,2025Q1
O005140,C01947,2025-07-28,Credit Card,Cancelled,2025,7,July,Q3,2025-07,2025Q3
O005141,C01437,2024-08-25,Debit Card,Delivered,2024,8,August,Q3,2024-08,2024Q3
O005142,C01125,2025-10-24,UPI,Delivered,2025,10,October,Q4,2025-10,2025Q4
O005143,C01922,2025-12-05,UPI,Delivered,2025,12,December,Q4,2025-12,2025Q4
O005144,C01611,2025-06-18,Debit Card,Delivered,2025,6,June,Q2,2025-06,2025Q2
O005145,C01157,2024-07-04,UPI,Delivered,2024,7,July,Q3,2024-07,2024Q3
O005146,C01364,2024-05-12,Net Banking,Delivered,2024,5,May,Q2,2024-05,2024Q2
O005147,C00235,2024-09-01,Cash on Delivery,Delivered,2024,9,September,Q3,2024-09,2024Q3
O005148,C00952,2025-06-13,Cash on Delivery,Delivered,2025,6,June,Q2,2025-06,2025Q2
O005149,C00449,2024-02-23,UPI,Delivered,2024,2,February,Q1,2024-02,2024Q1
O005150,C00874,2024-05-09,Net Banking,Delivered,2024,5,May,Q2,2024-05,2024Q2
O005151,C00111,2024-05-25,UPI,Delivered,2024,5,May,Q2,2024-05,2024Q2
O005152,C01151,2024-09-14,Credit Card,Cancelled,2024,9,September,Q3,2024-09,2024Q3
O005153,C00294,2025-11-29,Debit Card,Delivered,2025,11,November,Q4,2025-11,2025Q4
O005154,C00184,2024-12-19,Credit Card,Delivered,2024,12,December,Q4,2024-12,2024Q4
O005155,C01852,2024-04-20,Credit Card,Cancelled,2024,4,April,Q2,2024-04,2024Q2
O005156,C01506,2024-01-10,Net Banking,Delivered,2024,1,January,Q1,2024-01,2024Q1
O005157,C00719,2025-06-01,UPI,Delivered,2025,6,June,Q2,2025-06,2025Q2
O005158,C00061,2025-01-03,Debit Card,Cancelled,2025,1,January,Q1,2025-01,2025Q1
O005159,C01465,2024-11-28,Credit Card,Delivered,2024,11,November,Q4,2024-11,2024Q4
O005160,C01507,2024-09-16,Credit Card,Delivered,2024,9,September,Q3,2024-09,2024Q3
O005161,C00460,2024-01-17,Cash on Delivery,Delivered,2024,1,January,Q1,2024-01,2024Q1
O005162,C00640,2024-05-17,Credit Card,Delivered,2024,5,May,Q2,2024-05,2024Q2
O005163,C01988,2024-07-23,Debit Card,Delivered,2024,7,July,Q3,2024-07,2024Q3
O005164,C01831,2025-11-15,Credit Card,Delivered,2025,11,November,Q4,2025-11,2025Q4
O005165,C00859,2024-02-29,Cash on Delivery,Delivered,2024,2,February,Q1,2024-02,2024Q1
O005166,C00785,2024-05-12,Net Banking,Delivered,2024,5,May,Q2,2024-05,2024Q2
O005167,C00220,2025-06-11,Cash on Delivery,Delivered,2025,6,June,Q2,2025-06,2025Q2
O005168,C00682,2025-08-13,Credit Card,Delivered,2025,8,August,Q3,2025-08,2025Q3
O005169,C00750,2025-10-24,Credit Card,Delivered,2025,10,October,Q4,2025-10,2025Q4
O005170,C01975,2024-01-08,Cash on Delivery,Delivered,2024,1,January,Q1,2024-01,2024Q1
O005171,C01732,2025-04-06,UPI,Delivered,2025,4,April,Q2,2025-04,2025Q2
O005172,C00717,2024-09-30,Cash on Delivery,Delivered,2024,9,September,Q3,2024-09,2024Q3
O005173,C00171,2025-01-03,Net Banking,Delivered,2025,1,January,Q1,2025-01,2025Q1
O005174,C01096,2025-03-28,UPI,Delivered,2025,3,March,Q1,2025-03,2025Q1
O005175,C01551,2024-01-01,UPI,Delivered,2024,1,January,Q1,2024-01,2024Q1
O005176,C01692,2025-01-14,Net Banking,Delivered,2025,1,January,Q1,2025-01,2025Q1
O005177,C00808,2025-11-09,Debit Card,Delivered,2025,11,November,Q4,2025-11,2025Q4
O005178,C01044,2024-07-11,Net Banking,Delivered,2024,7,July,Q3,2024-07,2024Q3
O005179,C01441,2025-01-02,Net Banking,Delivered,2025,1,January,Q1,2025-01,2025Q1
O005180,C01909,2024-03-25,Debit Card,Delivered,2024,3,March,Q1,2024-03,2024Q1
O005181,C01952,2024-02-05,UPI,Delivered,2024,2,February,Q1,2024-02,2024Q1
O005182,C00566,2025-09-28,UPI,Cancelled,2025,9,September,Q3,2025-09,2025Q3
O005183,C01801,2024-01-14,Credit Card,Delivered,2024,1,January,Q1,2024-01,2024Q1
O005184,C01746,2025-03-16,Cash on Delivery,Delivered,2025,3,March,Q1,2025-03,2025Q1
O005185,C01046,2025-06-12,Debit Card,Cancelled,2025,6,June,Q2,2025-06,2025Q2
O005186,C00601,2024-08-13,Net Banking,Delivered,2024,8,August,Q3,2024-08,2024Q3
O005187,C01700,2025-10-10,UPI,Delivered,2025,10,October,Q4,2025-10,2025Q4
O005188,C01185,2024-06-26,UPI,Delivered,2024,6,June,Q2,2024-06,2024Q2
O005189,C00741,2025-02-11,UPI,Delivered,2025,2,February,Q1,2025-02,2025Q1
O005190,C01997,2025-01-25,UPI,Cancelled,2025,1,January,Q1,2025-01,2025Q1
O005191,C00622,2024-05-09,Debit Card,Delivered,2024,5,May,Q2,2024-05,2024Q2
O005192,C00618,2025-08-09,Cash on Delivery,Delivered,2025,8,August,Q3,2025-08,2025Q3
O005193,C00482,2024-04-23,UPI,Delivered,2024,4,April,Q2,2024-04,2024Q2
O005194,C01663,2025-08-25,Credit Card,Delivered,2025,8,August,Q3,2025-08,2025Q3
O005195,C00630,2024-03-13,Cash on Delivery,Delivered,2024,3,March,Q1,2024-03,2024Q1
O005196,C01122,2024-03-18,UPI,Delivered,2024,3,March,Q1,2024-03,2024Q1
O005197,C00309,2024-08-24,UPI,Delivered,2024,8,August,Q3,2024-08,2024Q3
O005198,C01620,2025-09-16,Debit Card,Delivered,2025,9,September,Q3,2025-09,2025Q3
O005199,C01239,2025-07-25,Cash on Delivery,Delivered,2025,7,July,Q3,2025-07,2025Q3
O005200,C00336,2024-09-17,Debit Card,Delivered,2024,9,September,Q3,2024-09,2024Q3
O005201,C01178,2024-12-17,Credit Card,Delivered,2024,12,December,Q4,2024-12,2024Q4
O005202,C01987,2025-01-16,Net Banking,Delivered,2025,1,January,Q1,2025-01,2025Q1
O005203,C01641,2025-07-24,Credit Card,Delivered,2025,7,July,Q3,2025-07,2025Q3
O005204,C01570,2024-09-29,UPI,Delivered,2024,9,September,Q3,2024-09,2024Q3
O005205,C01374,2025-02-27,Cash on Delivery,Delivered,2025,2,February,Q1,2025-02,2025Q1
O005206,C01586,2024-07-18,UPI,Cancelled,2024,7,July,Q3,2024-07,2024Q3
O005207,C00165,2025-05-30,Cash on Delivery,Delivered,2025,5,May,Q2,2025-05,2025Q2
O005208,C00950,2025-01-12,Credit Card,Delivered,2025,1,January,Q1,2025-01,2025Q1
O005209,C01756,2024-07-15,Net Banking,Delivered,2024,7,July,Q3,2024-07,2024Q3
O005210,C00629,2024-10-09,UPI,Cancelled,2024,10,October,Q4,2024-10,2024Q4
O005211,C01616,2024-12-22,Debit Card,Cancelled,2024,12,December,Q4,2024-12,2024Q4
O005212,C01791,2024-01-11,Cash on Delivery,Delivered,2024,1,January,Q1,2024-01,2024Q1
O005213,C01483,2025-10-04,UPI,Cancelled,2025,10,October,Q4,2025-10,2025Q4
O005214,C00568,2024-09-30,Debit Card,Delivered,2024,9,September,Q3,2024-09,2024Q3
O005215,C01100,2024-08-21,UPI,Delivered,2024,8,August,Q3,2024-08,2024Q3
O005216,C00830,2025-07-05,Credit Card,Delivered,2025,7,July,Q3,2025-07,2025Q3
O005217,C00712,2024-09-16,Cash on Delivery,Delivered,2024,9,September,Q3,2024-09,2024Q3
O005218,C00090,2025-11-23,Credit Card,Delivered,2025,11,November,Q4,2025-11,2025Q4
O005219,C00330,2025-02-06,Net Banking,Delivered,2025,2,February,Q1,2025-02,2025Q1
O005220,C00637,2025-08-24,UPI,Delivered,2025,8,August,Q3,2025-08,2025Q3
O005221,C00169,2025-05-30,Credit Card,Delivered,2025,5,May,Q2,2025-05,2025Q2
O005222,C01768,2025-10-27,UPI,Delivered,2025,10,October,Q4,2025-10,2025Q4
O005223,C00105,2025-11-02,Debit Card,Cancelled,2025,11,November,Q4,2025-11,2025Q4
O005224,C01524,2025-12-01,Cash on Delivery,Delivered,2025,12,December,Q4,2025-12,2025Q4
O005225,C00009,2025-10-17,Net Banking,Delivered,2025,10,October,Q4,2025-10,2025Q4
O005226,C01018,2025-04-07,Credit Card,Delivered,2025,4,April,Q2,2025-04,2025Q2
O005227,C01462,2025-01-11,Cash on Delivery,Cancelled,2025,1,January,Q1,2025-01,2025Q1
O005228,C00789,2024-03-28,UPI,Delivered,2024,3,March,Q1,2024-03,2024Q1
O005229,C00415,2024-07-28,Credit Card,Delivered,2024,7,July,Q3,2024-07,2024Q3
O005230,C01432,2025-06-16,Credit Card,Delivered,2025,6,June,Q2,2025-06,2025Q2
O005231,C01218,2025-02-07,Credit Card,Cancelled,2025,2,February,Q1,2025-02,2025Q1
O005232,C01276,2025-07-19,Cash on Delivery,Delivered,2025,7,July,Q3,2025-07,2025Q3
O005233,C00165,2025-05-11,UPI,Delivered,2025,5,May,Q2,2025-05,2025Q2
O005234,C00067,2024-01-17,Net Banking,Delivered,2024,1,January,Q1,2024-01,2024Q1
O005235,C00610,2024-04-24,Net Banking,Delivered,2024,4,April,Q2,2024-04,2024Q2
O005236,C00493,2024-11-14,UPI,Delivered,2024,11,November,Q4,2024-11,2024Q4
O005237,C01531,2025-10-27,UPI,Delivered,2025,10,October,Q4,2025-10,2025Q4
O005238,C01561,2024-06-20,Debit Card,Delivered,2024,6,June,Q2,2024-06,2024Q2
O005239,C00094,2025-05-27,Cash on Delivery,Delivered,2025,5,May,Q2,2025-05,2025Q2
O005240,C01812,2024-04-20,Debit Card,Delivered,2024,4,April,Q2,2024-04,2024Q2
O005241,C01811,2024-10-04,Credit Card,Delivered,2024,10,October,Q4,2024-10,2024Q4
O005242,C01401,2025-01-21,Cash on Delivery,Delivered,2025,1,January,Q1,2025-01,2025Q1
O005243,C01479,2024-01-25,Cash on Delivery,Delivered,2024,1,January,Q1,2024-01,2024Q1
O005244,C00202,2024-07-08,Debit Card,Delivered,2024,7,July,Q3,2024-07,2024Q3
O005245,C01732,2025-03-24,Cash on Delivery,Delivered,2025,3,March,Q1,2025-03,2025Q1
O005246,C01683,2025-07-29,Credit Card,Delivered,2025,7,July,Q3,2025-07,2025Q3
O005247,C01887,2025-06-24,UPI,Delivered,2025,6,June,Q2,2025-06,2025Q2
O005248,C00158,2024-11-30,Credit Card,Delivered,2024,11,November,Q4,2024-11,2024Q4
O005249,C00698,2024-10-06,Credit Card,Delivered,2024,10,October,Q4,2024-10,2024Q4
O005250,C01086,2024-06-09,UPI,Delivered,2024,6,June,Q2,2024-06,2024Q2
O005251,C00047,2025-08-01,Credit Card,Delivered,2025,8,August,Q3,2025-08,2025Q3
O005252,C01144,2024-03-10,Cash on Delivery,Delivered,2024,3,March,Q1,2024-03,2024Q1
O005253,C01071,2024-05-30,Debit Card,Delivered,2024,5,May,Q2,2024-05,2024Q2
O005254,C00282,2025-12-16,Net Banking,Cancelled,2025,12,December,Q4,2025-12,2025Q4
O005255,C01558,2024-10-20,UPI,Delivered,2024,10,October,Q4,2024-10,2024Q4
O005256,C00959,2025-05-11,UPI,Delivered,2025,5,May,Q2,2025-05,2025Q2
O005257,C00217,2024-03-24,Net Banking,Delivered,2024,3,March,Q1,2024-03,2024Q1
O005258,C01132,2024-07-31,Net Banking,Delivered,2024,7,July,Q3,2024-07,2024Q3
O005259,C01596,2025-11-12,Cash on Delivery,Delivered,2025,11,November,Q4,2025-11,2025Q4
O005260,C01999,2025-05-01,Credit Card,Delivered,2025,5,May,Q2,2025-05,2025Q2
O005261,C01831,2025-06-11,Credit Card,Cancelled,2025,6,June,Q2,2025-06,2025Q2
O005262,C01801,2025-02-27,Debit Card,Delivered,2025,2,February,Q1,2025-02,2025Q1
O005263,C00515,2025-11-29,Debit Card,Delivered,2025,11,November,Q4,2025-11,2025Q4
O005264,C01097,2025-12-09,Credit Card,Delivered,2025,12,December,Q4,2025-12,2025Q4
O005265,C00694,2024-12-14,Credit Card,Delivered,2024,12,December,Q4,2024-12,2024Q4
O005266,C00917,2025-11-11,Cash on Delivery,Cancelled,2025,11,November,Q4,2025-11,2025Q4
O005267,C01769,2025-02-13,UPI,Delivered,2025,2,February,Q1,2025-02,2025Q1
O005268,C00373,2024-05-15,Debit Card,Cancelled,2024,5,May,Q2,2024-05,2024Q2
O005269,C00031,2024-07-25,Cash on Delivery,Delivered,2024,7,July,Q3,2024-07,2024Q3
O005270,C01607,2025-12-08,Credit Card,Cancelled,2025,12,December,Q4,2025-12,2025Q4
O005271,C00065,2025-06-11,UPI,Delivered,2025,6,June,Q2,2025-06,2025Q2
O005272,C01371,2024-09-27,Debit Card,Delivered,2024,9,September,Q3,2024-09,2024Q3
O005273,C01636,2025-11-20,Credit Card,Delivered,2025,11,November,Q4,2025-11,2025Q4
O005274,C01795,2024-09-14,Net Banking,Delivered,2024,9,September,Q3,2024-09,2024Q3
O005275,C00333,2024-10-30,UPI,Delivered,2024,10,October,Q4,2024-10,2024Q4
O005276,C01199,2025-04-02,UPI,Delivered,2025,4,April,Q2,2025-04,2025Q2
O005277,C01234,2024-11-20,Net Banking,Delivered,2024,11,November,Q4,2024-11,2024Q4
O005278,C01130,2024-08-02,Credit Card,Delivered,2024,8,August,Q3,2024-08,2024Q3
O005279,C00532,2024-08-28,Net Banking,Delivered,2024,8,August,Q3,2024-08,2024Q3
O005280,C00041,2024-05-28,Credit Card,Delivered,2024,5,May,Q2,2024-05,2024Q2
O005281,C01398,2024-02-01,Debit Card,Delivered,2024,2,February,Q1,2024-02,2024Q1
O005282,C00895,2025-03-26,Cash on Delivery,Delivered,2025,3,March,Q1,2025-03,2025Q1
O005283,C00504,2025-02-07,Cash on Delivery,Delivered,2025,2,February,Q1,2025-02,2025Q1
O005284,C01428,2025-06-29,Credit Card,Delivered,2025,6,June,Q2,2025-06,2025Q2
O005285,C00660,2024-09-23,UPI,Delivered,2024,9,September,Q3,2024-09,2024Q3
O005286,C01718,2025-10-09,Net Banking,Delivered,2025,10,October,Q4,2025-10,2025Q4
O005287,C01687,2025-04-20,UPI,Delivered,2025,4,April,Q2,2025-04,2025Q2
O005288,C00010,2024-04-05,Debit Card,Delivered,2024,4,April,Q2,2024-04,2024Q2
O005289,C00446,2024-12-02,Credit Card,Delivered,2024,12,December,Q4,2024-12,2024Q4
O005290,C00096,2025-09-09,Cash on Delivery,Cancelled,2025,9,September,Q3,2025-09,2025Q3
O005291,C01571,2024-12-19,UPI,Delivered,2024,12,December,Q4,2024-12,2024Q4
O005292,C00578,2025-03-16,Net Banking,Delivered,2025,3,March,Q1,2025-03,2025Q1
O005293,C01270,2025-09-07,Cash on Delivery,Delivered,2025,9,September,Q3,2025-09,2025Q3
O005294,C01184,2025-09-07,Credit Card,Delivered,2025,9,September,Q3,2025-09,2025Q3
O005295,C01110,2024-09-26,Net Banking,Cancelled,2024,9,September,Q3,2024-09,2024Q3
O005296,C00136,2024-08-12,Credit Card,Delivered,2024,8,August,Q3,2024-08,2024Q3
O005297,C00021,2024-03-26,UPI,Delivered,2024,3,March,Q1,2024-03,2024Q1
O005298,C01513,2024-01-07,Net Banking,Cancelled,2024,1,January,Q1,2024-01,2024Q1
O005299,C01658,2025-01-22,UPI,Delivered,2025,1,January,Q1,2025-01,2025Q1
O005300,C00648,2025-12-21,Net Banking,Delivered,2025,12,December,Q4,2025-12,2025Q4
O005301,C00302,2025-06-16,UPI,Delivered,2025,6,June,Q2,2025-06,2025Q2
O005302,C00773,2024-04-24,Credit Card,Delivered,2024,4,April,Q2,2024-04,2024Q2
O005303,C01564,2024-12-28,Cash on Delivery,Delivered,2024,12,December,Q4,2024-12,2024Q4
O005304,C01431,2025-06-12,UPI,Delivered,2025,6,June,Q2,2025-06,2025Q2
O005305,C00474,2024-04-26,Cash on Delivery,Delivered,2024,4,April,Q2,2024-04,2024Q2
O005306,C00477,2025-02-10,UPI,Delivered,2025,2,February,Q1,2025-02,2025Q1
O005307,C00192,2024-08-13,UPI,Delivered,2024,8,August,Q3,2024-08,2024Q3
O005308,C01680,2025-04-29,UPI,Delivered,2025,4,April,Q2,2025-04,2025Q2
O005309,C01868,2025-03-09,Net Banking,Delivered,2025,3,March,Q1,2025-03,2025Q1
O005310,C00532,2025-05-30,Credit Card,Delivered,2025,5,May,Q2,2025-05,2025Q2
O005311,C01036,2024-05-06,Net Banking,Cancelled,2024,5,May,Q2,2024-05,2024Q2
O005312,C01613,2024-08-23,Net Banking,Delivered,2024,8,August,Q3,2024-08,2024Q3
O005313,C00656,2025-01-13,Credit Card,Cancelled,2025,1,January,Q1,2025-01,2025Q1
O005314,C00691,2024-08-11,Debit Card,Delivered,2024,8,August,Q3,2024-08,2024Q3
O005315,C00281,2024-02-20,Debit Card,Delivered,2024,2,February,Q1,2024-02,2024Q1
O005316,C01856,2025-09-13,Net Banking,Delivered,2025,9,September,Q3,2025-09,2025Q3
O005317,C00675,2024-08-16,UPI,Delivered,2024,8,August,Q3,2024-08,2024Q3
O005318,C00480,2024-01-13,Cash on Delivery,Delivered,2024,1,January,Q1,2024-01,2024Q1
O005319,C01567,2024-12-18,Cash on Delivery,Delivered,2024,12,December,Q4,2024-12,2024Q4
O005320,C01038,2024-02-01,UPI,Delivered,2024,2,February,Q1,2024-02,2024Q1
O005321,C00742,2024-06-17,Debit Card,Delivered,2024,6,June,Q2,2024-06,2024Q2
O005322,C00771,2024-08-07,UPI,Cancelled,2024,8,August,Q3,2024-08,2024Q3
O005323,C00946,2025-10-03,Credit Card,Delivered,2025,10,October,Q4,2025-10,2025Q4
O005324,C01504,2025-04-05,Credit Card,Delivered,2025,4,April,Q2,2025-04,2025Q2
O005325,C00606,2024-04-05,Debit Card,Delivered,2024,4,April,Q2,2024-04,2024Q2
O005326,C01554,2024-02-11,Debit Card,Delivered,2024,2,February,Q1,2024-02,2024Q1
O005327,C00866,2025-01-14,Net Banking,Delivered,2025,1,January,Q1,2025-01,2025Q1
O005328,C00290,2024-08-25,UPI,Delivered,2024,8,August,Q3,2024-08,2024Q3
O005329,C00905,2024-01-04,UPI,Delivered,2024,1,January,Q1,2024-01,2024Q1
O005330,C00417,2024-11-30,UPI,Cancelled,2024,11,November,Q4,2024-11,2024Q4
O005331,C00950,2024-09-30,UPI,Delivered,2024,9,September,Q3,2024-09,2024Q3
O005332,C00787,2025-05-27,Debit Card,Delivered,2025,5,May,Q2,2025-05,2025Q2
O005333,C01089,2025-10-09,Cash on Delivery,Delivered,2025,10,October,Q4,2025-10,2025Q4
O005334,C00986,2024-01-01,UPI,Delivered,2024,1,January,Q1,2024-01,2024Q1
O005335,C00201,2024-02-08,Net Banking,Delivered,2024,2,February,Q1,2024-02,2024Q1
O005336,C00629,2024-07-14,Cash on Delivery,Cancelled,2024,7,July,Q3,2024-07,2024Q3
O005337,C00033,2024-04-16,Credit Card,Delivered,2024,4,April,Q2,2024-04,2024Q2
O005338,C00608,2024-09-29,UPI,Delivered,2024,9,September,Q3,2024-09,2024Q3
O005339,C01031,2025-11-13,Cash on Delivery,Delivered,2025,11,November,Q4,2025-11,2025Q4
O005340,C01376,2024-08-08,UPI,Delivered,2024,8,August,Q3,2024-08,2024Q3
O005341,C00332,2025-09-01,Cash on Delivery,Delivered,2025,9,September,Q3,2025-09,2025Q3
O005342,C00681,2025-10-29,Debit Card,Delivered,2025,10,October,Q4,2025-10,2025Q4
O005343,C01404,2025-01-24,Cash on Delivery,Delivered,2025,1,January,Q1,2025-01,2025Q1
O005344,C00303,2025-05-31,Net Banking,Delivered,2025,5,May,Q2,2025-05,2025Q2
O005345,C01137,2025-08-20,Cash on Delivery,Delivered,2025,8,August,Q3,2025-08,2025Q3
O005346,C00094,2025-03-11,Credit Card,Delivered,2025,3,March,Q1,2025-03,2025Q1
O005347,C00514,2024-04-30,Credit Card,Delivered,2024,4,April,Q2,2024-04,2024Q2
O005348,C00913,2024-03-07,Net Banking,Delivered,2024,3,March,Q1,2024-03,2024Q1
O005349,C01400,2025-07-07,Credit Card,Delivered,2025,7,July,Q3,2025-07,2025Q3
O005350,C00980,2024-07-29,UPI,Delivered,2024,7,July,Q3,2024-07,2024Q3
O005351,C01932,2024-04-20,UPI,Cancelled,2024,4,April,Q2,2024-04,2024Q2
O005352,C01981,2025-07-23,Net Banking,Delivered,2025,7,July,Q3,2025-07,2025Q3
O005353,C00856,2024-06-01,Debit Card,Delivered,2024,6,June,Q2,2024-06,2024Q2
O005354,C01237,2024-12-01,Credit Card,Delivered,2024,12,December,Q4,2024-12,2024Q4
O005355,C01830,2025-03-30,Debit Card,Cancelled,2025,3,March,Q1,2025-03,2025Q1
O005356,C01712,2025-12-14,Credit Card,Delivered,2025,12,December,Q4,2025-12,2025Q4
O005357,C00833,2024-03-03,Cash on Delivery,Delivered,2024,3,March,Q1,2024-03,2024Q1
O005358,C01633,2024-08-13,UPI,Cancelled,2024,8,August,Q3,2024-08,2024Q3
O005359,C00806,2024-06-18,Credit Card,Delivered,2024,6,June,Q2,2024-06,2024Q2
O005360,C00362,2024-01-25,UPI,Delivered,2024,1,January,Q1,2024-01,2024Q1
O005361,C01598,2025-01-02,Debit Card,Delivered,2025,1,January,Q1,2025-01,2025Q1
O005362,C00532,2025-12-25,UPI,Delivered,2025,12,December,Q4,2025-12,2025Q4
O005363,C01615,2024-10-02,UPI,Cancelled,2024,10,October,Q4,2024-10,2024Q4
O005364,C01933,2024-07-12,Cash on Delivery,Delivered,2024,7,July,Q3,2024-07,2024Q3
O005365,C00972,2025-09-22,Credit Card,Cancelled,2025,9,September,Q3,2025-09,2025Q3
O005366,C00857,2025-06-11,Cash on Delivery,Delivered,2025,6,June,Q2,2025-06,2025Q2
O005367,C01221,2025-05-09,Net Banking,Delivered,2025,5,May,Q2,2025-05,2025Q2
O005368,C01949,2024-10-27,Debit Card,Delivered,2024,10,October,Q4,2024-10,2024Q4
O005369,C00644,2024-11-24,UPI,Delivered,2024,11,November,Q4,2024-11,2024Q4
O005370,C00843,2024-11-06,Net Banking,Delivered,2024,11,November,Q4,2024-11,2024Q4
O005371,C01509,2025-12-03,Net Banking,Cancelled,2025,12,December,Q4,2025-12,2025Q4
O005372,C01220,2024-03-17,Cash on Delivery,Delivered,2024,3,March,Q1,2024-03,2024Q1
O005373,C01456,2025-11-24,UPI,Delivered,2025,11,November,Q4,2025-11,2025Q4
O005374,C00326,2024-07-21,Credit Card,Delivered,2024,7,July,Q3,2024-07,2024Q3
O005375,C01202,2025-12-15,UPI,Delivered,2025,12,December,Q4,2025-12,2025Q4
O005376,C01703,2024-08-22,Debit Card,Delivered,2024,8,August,Q3,2024-08,2024Q3
O005377,C00302,2025-04-08,Net Banking,Delivered,2025,4,April,Q2,2025-04,2025Q2
O005378,C00431,2024-08-29,Net Banking,Delivered,2024,8,August,Q3,2024-08,2024Q3
O005379,C00933,2024-05-14,Credit Card,Delivered,2024,5,May,Q2,2024-05,2024Q2
O005380,C00123,2025-03-13,Cash on Delivery,Delivered,2025,3,March,Q1,2025-03,2025Q1
O005381,C01933,2024-12-04,Credit Card,Delivered,2024,12,December,Q4,2024-12,2024Q4
O005382,C00212,2025-06-11,UPI,Delivered,2025,6,June,Q2,2025-06,2025Q2
O005383,C01712,2025-11-11,Credit Card,Delivered,2025,11,November,Q4,2025-11,2025Q4
O005384,C01334,2024-09-07,Net Banking,Delivered,2024,9,September,Q3,2024-09,2024Q3
O005385,C01243,2025-09-16,UPI,Delivered,2025,9,September,Q3,2025-09,2025Q3
O005386,C00219,2025-03-25,Credit Card,Delivered,2025,3,March,Q1,2025-03,2025Q1
O005387,C01597,2024-04-18,UPI,Cancelled,2024,4,April,Q2,2024-04,2024Q2
O005388,C01809,2025-06-14,Cash on Delivery,Delivered,2025,6,June,Q2,2025-06,2025Q2
O005389,C00234,2025-08-19,Debit Card,Delivered,2025,8,August,Q3,2025-08,2025Q3
O005390,C01715,2024-06-03,Cash on Delivery,Delivered,2024,6,June,Q2,2024-06,2024Q2
O005391,C01182,2024-07-13,Debit Card,Delivered,2024,7,July,Q3,2024-07,2024Q3
O005392,C00768,2024-04-15,UPI,Delivered,2024,4,April,Q2,2024-04,2024Q2
O005393,C01712,2024-11-19,Credit Card,Cancelled,2024,11,November,Q4,2024-11,2024Q4
O005394,C00017,2025-03-06,Credit Card,Cancelled,2025,3,March,Q1,2025-03,2025Q1
O005395,C01755,2024-06-03,Credit Card,Delivered,2024,6,June,Q2,2024-06,2024Q2
O005396,C00061,2024-08-21,Credit Card,Delivered,2024,8,August,Q3,2024-08,2024Q3
O005397,C01969,2024-08-24,Cash on Delivery,Cancelled,2024,8,August,Q3,2024-08,2024Q3
O005398,C00029,2024-03-07,UPI,Delivered,2024,3,March,Q1,2024-03,2024Q1
O005399,C00378,2024-08-18,Net Banking,Delivered,2024,8,August,Q3,2024-08,2024Q3
O005400,C01015,2025-03-16,Net Banking,Delivered,2025,3,March,Q1,2025-03,2025Q1
O005401,C00865,2025-12-21,Cash on Delivery,Delivered,2025,12,December,Q4,2025-12,2025Q4
O005402,C01779,2025-05-03,UPI,Delivered,2025,5,May,Q2,2025-05,2025Q2
O005403,C01810,2024-12-24,Net Banking,Delivered,2024,12,December,Q4,2024-12,2024Q4
O005404,C01888,2025-02-27,UPI,Delivered,2025,2,February,Q1,2025-02,2025Q1
O005405,C00820,2024-05-22,Net Banking,Delivered,2024,5,May,Q2,2024-05,2024Q2
O005406,C01817,2024-10-19,UPI,Delivered,2024,10,October,Q4,2024-10,2024Q4
O005407,C01404,2025-08-30,UPI,Delivered,2025,8,August,Q3,2025-08,2025Q3
O005408,C00597,2025-11-11,Debit Card,Delivered,2025,11,November,Q4,2025-11,2025Q4
O005409,C00379,2025-10-09,Net Banking,Delivered,2025,10,October,Q4,2025-10,2025Q4
O005410,C00376,2024-12-05,UPI,Delivered,2024,12,December,Q4,2024-12,2024Q4
O005411,C00772,2024-03-15,Debit Card,Delivered,2024,3,March,Q1,2024-03,2024Q1
O005412,C01768,2024-04-17,Net Banking,Delivered,2024,4,April,Q2,2024-04,2024Q2
O005413,C01154,2025-02-13,Credit Card,Delivered,2025,2,February,Q1,2025-02,2025Q1
O005414,C00888,2024-12-09,Cash on Delivery,Cancelled,2024,12,December,Q4,2024-12,2024Q4
O005415,C00011,2025-06-23,Cash on Delivery,Delivered,2025,6,June,Q2,2025-06,2025Q2
O005416,C01962,2024-08-31,Cash on Delivery,Delivered,2024,8,August,Q3,2024-08,2024Q3
O005417,C01519,2025-01-26,Net Banking,Delivered,2025,1,January,Q1,2025-01,2025Q1
O005418,C00533,2025-12-27,UPI,Delivered,2025,12,December,Q4,2025-12,2025Q4
O005419,C01805,2025-06-16,UPI,Cancelled,2025,6,June,Q2,2025-06,2025Q2
O005420,C01675,2025-07-07,Cash on Delivery,Delivered,2025,7,July,Q3,2025-07,2025Q3
O005421,C00223,2024-10-04,Cash on Delivery,Delivered,2024,10,October,Q4,2024-10,2024Q4
O005422,C01512,2024-12-29,Debit Card,Delivered,2024,12,December,Q4,2024-12,2024Q4
O005423,C00947,2024-10-02,Cash on Delivery,Delivered,2024,10,October,Q4,2024-10,2024Q4
O005424,C00370,2024-11-28,Credit Card,Delivered,2024,11,November,Q4,2024-11,2024Q4
O005425,C00328,2024-12-28,Cash on Delivery,Delivered,2024,12,December,Q4,2024-12,2024Q4
O005426,C01684,2024-11-22,Net Banking,Delivered,2024,11,November,Q4,2024-11,2024Q4
O005427,C00713,2024-11-14,UPI,Delivered,2024,11,November,Q4,2024-11,2024Q4
O005428,C01997,2024-12-24,Cash on Delivery,Delivered,2024,12,December,Q4,2024-12,2024Q4
O005429,C00122,2024-01-22,Credit Card,Delivered,2024,1,January,Q1,2024-01,2024Q1
O005430,C01472,2025-12-09,Credit Card,Delivered,2025,12,December,Q4,2025-12,2025Q4
O005431,C01323,2025-03-10,Debit Card,Delivered,2025,3,March,Q1,2025-03,2025Q1
O005432,C00930,2024-01-21,Credit Card,Cancelled,2024,1,January,Q1,2024-01,2024Q1
O005433,C01320,2025-08-18,Debit Card,Delivered,2025,8,August,Q3,2025-08,2025Q3
O005434,C00421,2024-11-22,Credit Card,Delivered,2024,11,November,Q4,2024-11,2024Q4
O005435,C01277,2024-03-09,Cash on Delivery,Delivered,2024,3,March,Q1,2024-03,2024Q1
O005436,C00048,2025-08-10,Debit Card,Delivered,2025,8,August,Q3,2025-08,2025Q3
O005437,C01036,2024-04-19,Net Banking,Delivered,2024,4,April,Q2,2024-04,2024Q2
O005438,C00618,2025-04-22,Net Banking,Delivered,2025,4,April,Q2,2025-04,2025Q2
O005439,C01533,2025-12-05,Net Banking,Delivered,2025,12,December,Q4,2025-12,2025Q4
O005440,C01544,2024-08-22,Credit Card,Delivered,2024,8,August,Q3,2024-08,2024Q3
O005441,C00348,2025-09-02,UPI,Cancelled,2025,9,September,Q3,2025-09,2025Q3
O005442,C00021,2024-07-07,Net Banking,Delivered,2024,7,July,Q3,2024-07,2024Q3
O005443,C01158,2025-03-26,Credit Card,Cancelled,2025,3,March,Q1,2025-03,2025Q1
O005444,C00096,2025-02-01,UPI,Delivered,2025,2,February,Q1,2025-02,2025Q1
O005445,C01852,2024-10-16,Debit Card,Delivered,2024,10,October,Q4,2024-10,2024Q4
O005446,C01807,2024-04-08,Credit Card,Cancelled,2024,4,April,Q2,2024-04,2024Q2
O005447,C00067,2025-04-27,Credit Card,Cancelled,2025,4,April,Q2,2025-04,2025Q2
O005448,C01173,2025-02-25,UPI,Cancelled,2025,2,February,Q1,2025-02,2025Q1
O005449,C00462,2025-11-29,UPI,Delivered,2025,11,November,Q4,2025-11,2025Q4
O005450,C00714,2025-03-15,Cash on Delivery,Delivered,2025,3,March,Q1,2025-03,2025Q1
O005451,C00423,2025-11-12,UPI,Delivered,2025,11,November,Q4,2025-11,2025Q4
O005452,C00502,2024-08-15,Debit Card,Delivered,2024,8,August,Q3,2024-08,2024Q3
O005453,C00084,2024-02-11,Credit Card,Delivered,2024,2,February,Q1,2024-02,2024Q1
O005454,C01856,2025-08-09,Debit Card,Delivered,2025,8,August,Q3,2025-08,2025Q3
O005455,C01748,2025-10-18,Cash on Delivery,Delivered,2025,10,October,Q4,2025-10,2025Q4
O005456,C01267,2024-10-31,Credit Card,Delivered,2024,10,October,Q4,2024-10,2024Q4
O005457,C00581,2024-04-07,Debit Card,Delivered,2024,4,April,Q2,2024-04,2024Q2
O005458,C00463,2024-11-08,Net Banking,Cancelled,2024,11,November,Q4,2024-11,2024Q4
O005459,C01033,2025-06-04,Net Banking,Cancelled,2025,6,June,Q2,2025-06,2025Q2
O005460,C00584,2024-01-05,Credit Card,Cancelled,2024,1,January,Q1,2024-01,2024Q1
O005461,C00397,2024-12-25,Cash on Delivery,Delivered,2024,12,December,Q4,2024-12,2024Q4
O005462,C00395,2025-09-19,Cash on Delivery,Delivered,2025,9,September,Q3,2025-09,2025Q3
O005463,C01741,2025-08-15,UPI,Delivered,2025,8,August,Q3,2025-08,2025Q3
O005464,C01213,2025-11-10,Credit Card,Delivered,2025,11,November,Q4,2025-11,2025Q4
O005465,C01663,2025-02-06,Credit Card,Delivered,2025,2,February,Q1,2025-02,2025Q1
O005466,C01156,2024-12-23,Cash on Delivery,Cancelled,2024,12,December,Q4,2024-12,2024Q4
O005467,C01322,2025-10-13,Credit Card,Delivered,2025,10,October,Q4,2025-10,2025Q4
O005468,C01704,2024-02-12,Debit Card,Delivered,2024,2,February,Q1,2024-02,2024Q1
O005469,C00186,2024-03-06,UPI,Cancelled,2024,3,March,Q1,2024-03,2024Q1
O005470,C00118,2024-02-12,Credit Card,Delivered,2024,2,February,Q1,2024-02,2024Q1
O005471,C01539,2024-07-28,Credit Card,Delivered,2024,7,July,Q3,2024-07,2024Q3
O005472,C01859,2025-10-06,Cash on Delivery,Cancelled,2025,10,October,Q4,2025-10,2025Q4
O005473,C01260,2025-05-19,Credit Card,Delivered,2025,5,May,Q2,2025-05,2025Q2
O005474,C00242,2024-03-24,UPI,Delivered,2024,3,March,Q1,2024-03,2024Q1
O005475,C00823,2024-09-16,UPI,Delivered,2024,9,September,Q3,2024-09,2024Q3
O005476,C00942,2025-04-06,Debit Card,Cancelled,2025,4,April,Q2,2025-04,2025Q2
O005477,C00762,2024-03-16,Debit Card,Delivered,2024,3,March,Q1,2024-03,2024Q1
O005478,C00135,2025-09-30,UPI,Delivered,2025,9,September,Q3,2025-09,2025Q3
O005479,C00374,2024-08-13,Cash on Delivery,Delivered,2024,8,August,Q3,2024-08,2024Q3
O005480,C01313,2025-03-15,UPI,Cancelled,2025,3,March,Q1,2025-03,2025Q1
O005481,C00417,2025-01-08,Net Banking,Delivered,2025,1,January,Q1,2025-01,2025Q1
O005482,C01275,2025-06-20,Cash on Delivery,Delivered,2025,6,June,Q2,2025-06,2025Q2
O005483,C01201,2024-09-14,Credit Card,Delivered,2024,9,September,Q3,2024-09,2024Q3
O005484,C00811,2025-11-02,Credit Card,Delivered,2025,11,November,Q4,2025-11,2025Q4
O005485,C00205,2024-02-17,Credit Card,Delivered,2024,2,February,Q1,2024-02,2024Q1
O005486,C01480,2024-04-04,Credit Card,Delivered,2024,4,April,Q2,2024-04,2024Q2
O005487,C01751,2025-07-29,Cash on Delivery,Delivered,2025,7,July,Q3,2025-07,2025Q3
O005488,C00653,2025-03-30,Credit Card,Cancelled,2025,3,March,Q1,2025-03,2025Q1
O005489,C01290,2025-06-07,Net Banking,Delivered,2025,6,June,Q2,2025-06,2025Q2
O005490,C00785,2025-01-31,UPI,Delivered,2025,1,January,Q1,2025-01,2025Q1
O005491,C01437,2025-07-28,UPI,Cancelled,2025,7,July,Q3,2025-07,2025Q3
O005492,C00872,2025-07-10,UPI,Delivered,2025,7,July,Q3,2025-07,2025Q3
O005493,C00055,2024-02-11,UPI,Cancelled,2024,2,February,Q1,2024-02,2024Q1
O005494,C01215,2025-06-28,UPI,Cancelled,2025,6,June,Q2,2025-06,2025Q2
O005495,C01849,2024-06-08,Debit Card,Delivered,2024,6,June,Q2,2024-06,2024Q2
O005496,C01792,2025-02-04,UPI,Delivered,2025,2,February,Q1,2025-02,2025Q1
O005497,C00392,2024-04-21,UPI,Delivered,2024,4,April,Q2,2024-04,2024Q2
O005498,C00129,2025-03-12,Debit Card,Delivered,2025,3,March,Q1,2025-03,2025Q1
O005499,C01762,2025-07-29,UPI,Delivered,2025,7,July,Q3,2025-07,2025Q3
O005500,C00651,2025-01-19,UPI,Delivered,2025,1,January,Q1,2025-01,2025Q1
O005501,C00430,2024-04-15,Credit Card,Delivered,2024,4,April,Q2,2024-04,2024Q2
O005502,C01192,2024-06-22,UPI,Delivered,2024,6,June,Q2,2024-06,2024Q2
O005503,C00487,2025-11-26,UPI,Cancelled,2025,11,November,Q4,2025-11,2025Q4
O005504,C01744,2025-06-08,Credit Card,Cancelled,2025,6,June,Q2,2025-06,2025Q2
O005505,C00945,2025-05-11,Credit Card,Delivered,2025,5,May,Q2,2025-05,2025Q2
O005506,C00955,2025-10-23,Net Banking,Delivered,2025,10,October,Q4,2025-10,2025Q4
O005507,C00767,2024-04-30,Net Banking,Delivered,2024,4,April,Q2,2024-04,2024Q2
O005508,C01762,2024-08-21,UPI,Delivered,2024,8,August,Q3,2024-08,2024Q3
O005509,C01028,2025-05-02,Debit Card,Delivered,2025,5,May,Q2,2025-05,2025Q2
O005510,C01287,2024-08-29,Debit Card,Cancelled,2024,8,August,Q3,2024-08,2024Q3
O005511,C01621,2025-07-12,UPI,Cancelled,2025,7,July,Q3,2025-07,2025Q3
O005512,C00370,2025-12-28,Debit Card,Delivered,2025,12,December,Q4,2025-12,2025Q4
O005513,C00620,2024-01-06,Cash on Delivery,Delivered,2024,1,January,Q1,2024-01,2024Q1
O005514,C01009,2025-09-17,UPI,Delivered,2025,9,September,Q3,2025-09,2025Q3
O005515,C01010,2025-01-11,Net Banking,Cancelled,2025,1,January,Q1,2025-01,2025Q1
O005516,C00407,2025-04-29,Cash on Delivery,Delivered,2025,4,April,Q2,2025-04,2025Q2
O005517,C01552,2025-06-18,Credit Card,Cancelled,2025,6,June,Q2,2025-06,2025Q2
O005518,C01208,2024-06-04,Cash on Delivery,Delivered,2024,6,June,Q2,2024-06,2024Q2
O005519,C00726,2024-03-30,UPI,Delivered,2024,3,March,Q1,2024-03,2024Q1
O005520,C01788,2024-02-22,Net Banking,Delivered,2024,2,February,Q1,2024-02,2024Q1
O005521,C00340,2024-01-01,Debit Card,Delivered,2024,1,January,Q1,2024-01,2024Q1
O005522,C01468,2024-04-28,Cash on Delivery,Delivered,2024,4,April,Q2,2024-04,2024Q2
O005523,C01967,2025-04-13,Net Banking,Delivered,2025,4,April,Q2,2025-04,2025Q2
O005524,C00118,2025-11-14,Cash on Delivery,Delivered,2025,11,November,Q4,2025-11,2025Q4
O005525,C01304,2024-04-04,Cash on Delivery,Delivered,2024,4,April,Q2,2024-04,2024Q2
O005526,C01506,2025-02-07,Cash on Delivery,Cancelled,2025,2,February,Q1,2025-02,2025Q1
O005527,C00394,2024-03-16,Cash on Delivery,Delivered,2024,3,March,Q1,2024-03,2024Q1
O005528,C01993,2024-07-11,Debit Card,Delivered,2024,7,July,Q3,2024-07,2024Q3
O005529,C01456,2024-06-07,Cash on Delivery,Delivered,2024,6,June,Q2,2024-06,2024Q2
O005530,C00829,2024-03-21,Debit Card,Delivered,2024,3,March,Q1,2024-03,2024Q1
O005531,C01515,2025-01-02,Debit Card,Delivered,2025,1,January,Q1,2025-01,2025Q1
O005532,C00988,2024-01-20,Credit Card,Cancelled,2024,1,January,Q1,2024-01,2024Q1
O005533,C01596,2025-10-08,Credit Card,Delivered,2025,10,October,Q4,2025-10,2025Q4
O005534,C00625,2025-01-27,Credit Card,Delivered,2025,1,January,Q1,2025-01,2025Q1
O005535,C01510,2024-12-10,Debit Card,Delivered,2024,12,December,Q4,2024-12,2024Q4
O005536,C01610,2024-10-30,Cash on Delivery,Delivered,2024,10,October,Q4,2024-10,2024Q4
O005537,C00346,2024-02-13,Cash on Delivery,Delivered,2024,2,February,Q1,2024-02,2024Q1
O005538,C00354,2025-12-20,Credit Card,Delivered,2025,12,December,Q4,2025-12,2025Q4
O005539,C00018,2024-04-04,UPI,Cancelled,2024,4,April,Q2,2024-04,2024Q2
O005540,C00376,2024-08-20,Credit Card,Delivered,2024,8,August,Q3,2024-08,2024Q3
O005541,C00345,2024-11-10,Debit Card,Delivered,2024,11,November,Q4,2024-11,2024Q4
O005542,C00916,2025-01-10,Credit Card,Cancelled,2025,1,January,Q1,2025-01,2025Q1
O005543,C00843,2024-05-22,Credit Card,Cancelled,2024,5,May,Q2,2024-05,2024Q2
O005544,C01558,2025-09-29,Debit Card,Delivered,2025,9,September,Q3,2025-09,2025Q3
O005545,C01324,2024-07-01,UPI,Delivered,2024,7,July,Q3,2024-07,2024Q3
O005546,C01624,2025-10-15,Credit Card,Delivered,2025,10,October,Q4,2025-10,2025Q4
O005547,C01889,2025-10-20,Debit Card,Delivered,2025,10,October,Q4,2025-10,2025Q4
O005548,C00589,2025-02-28,Cash on Delivery,Cancelled,2025,2,February,Q1,2025-02,2025Q1
O005549,C00359,2024-07-21,Debit Card,Delivered,2024,7,July,Q3,2024-07,2024Q3
O005550,C01241,2025-09-30,Cash on Delivery,Delivered,2025,9,September,Q3,2025-09,2025Q3
O005551,C00808,2025-04-20,UPI,Delivered,2025,4,April,Q2,2025-04,2025Q2
O005552,C00082,2025-06-13,Credit Card,Delivered,2025,6,June,Q2,2025-06,2025Q2
O005553,C00817,2024-12-07,UPI,Delivered,2024,12,December,Q4,2024-12,2024Q4
O005554,C01882,2025-10-29,Debit Card,Delivered,2025,10,October,Q4,2025-10,2025Q4
O005555,C01972,2025-05-26,Credit Card,Delivered,2025,5,May,Q2,2025-05,2025Q2
O005556,C00398,2025-04-24,Credit Card,Delivered,2025,4,April,Q2,2025-04,2025Q2
O005557,C00978,2024-04-05,Net Banking,Delivered,2024,4,April,Q2,2024-04,2024Q2
O005558,C00039,2024-12-01,Credit Card,Cancelled,2024,12,December,Q4,2024-12,2024Q4
O005559,C00154,2024-04-23,UPI,Delivered,2024,4,April,Q2,2024-04,2024Q2
O005560,C01178,2025-05-09,Credit Card,Delivered,2025,5,May,Q2,2025-05,2025Q2
O005561,C00760,2024-01-17,Cash on Delivery,Cancelled,2024,1,January,Q1,2024-01,2024Q1
O005562,C01269,2024-05-23,UPI,Delivered,2024,5,May,Q2,2024-05,2024Q2
O005563,C00611,2024-04-20,Net Banking,Delivered,2024,4,April,Q2,2024-04,2024Q2
O005564,C00178,2025-09-27,Cash on Delivery,Delivered,2025,9,September,Q3,2025-09,2025Q3
O005565,C00783,2025-08-01,Net Banking,Delivered,2025,8,August,Q3,2025-08,2025Q3
O005566,C00860,2025-05-25,Cash on Delivery,Cancelled,2025,5,May,Q2,2025-05,2025Q2
O005567,C00295,2024-07-05,Credit Card,Delivered,2024,7,July,Q3,2024-07,2024Q3
O005568,C00657,2024-05-12,Net Banking,Delivered,2024,5,May,Q2,2024-05,2024Q2
O005569,C00820,2025-02-01,UPI,Delivered,2025,2,February,Q1,2025-02,2025Q1
O005570,C01702,2025-07-30,UPI,Delivered,2025,7,July,Q3,2025-07,2025Q3
O005571,C01999,2025-06-27,Net Banking,Delivered,2025,6,June,Q2,2025-06,2025Q2
O005572,C00801,2025-02-28,Debit Card,Delivered,2025,2,February,Q1,2025-02,2025Q1
O005573,C01452,2024-06-04,Cash on Delivery,Delivered,2024,6,June,Q2,2024-06,2024Q2
O005574,C00022,2025-01-04,UPI,Cancelled,2025,1,January,Q1,2025-01,2025Q1
O005575,C00667,2025-01-08,Credit Card,Delivered,2025,1,January,Q1,2025-01,2025Q1
O005576,C00356,2024-08-13,UPI,Delivered,2024,8,August,Q3,2024-08,2024Q3
O005577,C00185,2024-08-12,Net Banking,Delivered,2024,8,August,Q3,2024-08,2024Q3
O005578,C01350,2025-06-02,UPI,Delivered,2025,6,June,Q2,2025-06,2025Q2
O005579,C01379,2024-03-18,UPI,Delivered,2024,3,March,Q1,2024-03,2024Q1
O005580,C01777,2025-04-02,Credit Card,Delivered,2025,4,April,Q2,2025-04,2025Q2
O005581,C00235,2025-01-17,UPI,Cancelled,2025,1,January,Q1,2025-01,2025Q1
O005582,C00531,2024-10-12,UPI,Delivered,2024,10,October,Q4,2024-10,2024Q4
O005583,C01977,2025-06-02,Credit Card,Delivered,2025,6,June,Q2,2025-06,2025Q2
O005584,C01923,2024-08-01,UPI,Delivered,2024,8,August,Q3,2024-08,2024Q3
O005585,C00797,2024-10-30,Debit Card,Delivered,2024,10,October,Q4,2024-10,2024Q4
O005586,C01844,2024-10-26,Debit Card,Delivered,2024,10,October,Q4,2024-10,2024Q4
O005587,C01875,2025-06-25,Debit Card,Delivered,2025,6,June,Q2,2025-06,2025Q2
O005588,C00366,2025-09-13,Net Banking,Delivered,2025,9,September,Q3,2025-09,2025Q3
O005589,C01349,2024-03-24,Net Banking,Cancelled,2024,3,March,Q1,2024-03,2024Q1
O005590,C00742,2024-12-26,Net Banking,Delivered,2024,12,December,Q4,2024-12,2024Q4
O005591,C01832,2024-11-19,Net Banking,Delivered,2024,11,November,Q4,2024-11,2024Q4
O005592,C00865,2025-09-23,Credit Card,Delivered,2025,9,September,Q3,2025-09,2025Q3
O005593,C01238,2024-11-25,Debit Card,Delivered,2024,11,November,Q4,2024-11,2024Q4
O005594,C01278,2024-04-25,UPI,Delivered,2024,4,April,Q2,2024-04,2024Q2
O005595,C01803,2024-01-22,Credit Card,Delivered,2024,1,January,Q1,2024-01,2024Q1
O005596,C00970,2024-08-08,Debit Card,Delivered,2024,8,August,Q3,2024-08,2024Q3
O005597,C00205,2024-12-21,Credit Card,Delivered,2024,12,December,Q4,2024-12,2024Q4
O005598,C00041,2024-04-03,Cash on Delivery,Delivered,2024,4,April,Q2,2024-04,2024Q2
O005599,C01270,2025-03-14,Cash on Delivery,Cancelled,2025,3,March,Q1,2025-03,2025Q1
O005600,C00387,2024-10-29,UPI,Delivered,2024,10,October,Q4,2024-10,2024Q4
O005601,C00085,2024-01-09,Cash on Delivery,Delivered,2024,1,January,Q1,2024-01,2024Q1
O005602,C01148,2025-03-26,Credit Card,Delivered,2025,3,March,Q1,2025-03,2025Q1
O005603,C00631,2024-08-23,Credit Card,Delivered,2024,8,August,Q3,2024-08,2024Q3
O005604,C00160,2024-01-27,Net Banking,Delivered,2024,1,January,Q1,2024-01,2024Q1
O005605,C00449,2025-05-16,Debit Card,Delivered,2025,5,May,Q2,2025-05,2025Q2
O005606,C00878,2025-05-20,Cash on Delivery,Delivered,2025,5,May,Q2,2025-05,2025Q2
O005607,C01027,2025-11-24,Net Banking,Cancelled,2025,11,November,Q4,2025-11,2025Q4
O005608,C00524,2025-05-25,Net Banking,Cancelled,2025,5,May,Q2,2025-05,2025Q2
O005609,C01559,2025-04-26,UPI,Delivered,2025,4,April,Q2,2025-04,2025Q2
O005610,C00736,2024-12-11,Debit Card,Cancelled,2024,12,December,Q4,2024-12,2024Q4
O005611,C00758,2024-02-03,Credit Card,Delivered,2024,2,February,Q1,2024-02,2024Q1
O005612,C01725,2025-12-06,Credit Card,Delivered,2025,12,December,Q4,2025-12,2025Q4
O005613,C01146,2025-12-05,Cash on Delivery,Delivered,2025,12,December,Q4,2025-12,2025Q4
O005614,C00576,2024-10-02,Net Banking,Delivered,2024,10,October,Q4,2024-10,2024Q4
O005615,C00406,2024-04-18,Credit Card,Delivered,2024,4,April,Q2,2024-04,2024Q2
O005616,C00130,2024-12-29,Net Banking,Delivered,2024,12,December,Q4,2024-12,2024Q4
O005617,C01220,2025-11-16,UPI,Cancelled,2025,11,November,Q4,2025-11,2025Q4
O005618,C01791,2025-07-15,Debit Card,Delivered,2025,7,July,Q3,2025-07,2025Q3
O005619,C00987,2024-12-22,Debit Card,Delivered,2024,12,December,Q4,2024-12,2024Q4
O005620,C00188,2024-08-03,Credit Card,Delivered,2024,8,August,Q3,2024-08,2024Q3
O005621,C00481,2024-01-08,Debit Card,Cancelled,2024,1,January,Q1,2024-01,2024Q1
O005622,C01236,2024-05-02,UPI,Delivered,2024,5,May,Q2,2024-05,2024Q2
O005623,C01192,2024-10-04,Credit Card,Delivered,2024,10,October,Q4,2024-10,2024Q4
O005624,C01093,2025-01-23,UPI,Delivered,2025,1,January,Q1,2025-01,2025Q1
O005625,C00103,2025-10-26,Credit Card,Delivered,2025,10,October,Q4,2025-10,2025Q4
O005626,C01510,2025-10-30,UPI,Delivered,2025,10,October,Q4,2025-10,2025Q4
O005627,C00455,2025-01-25,Credit Card,Cancelled,2025,1,January,Q1,2025-01,2025Q1
O005628,C00537,2024-06-12,UPI,Delivered,2024,6,June,Q2,2024-06,2024Q2
O005629,C00105,2024-09-27,Net Banking,Delivered,2024,9,September,Q3,2024-09,2024Q3
O005630,C00169,2025-12-02,Cash on Delivery,Delivered,2025,12,December,Q4,2025-12,2025Q4
O005631,C01727,2025-07-02,Net Banking,Delivered,2025,7,July,Q3,2025-07,2025Q3
O005632,C01800,2025-02-11,Credit Card,Delivered,2025,2,February,Q1,2025-02,2025Q1
O005633,C01739,2024-10-30,Net Banking,Delivered,2024,10,October,Q4,2024-10,2024Q4
O005634,C01392,2025-02-02,Net Banking,Delivered,2025,2,February,Q1,2025-02,2025Q1
O005635,C00828,2024-02-18,Credit Card,Delivered,2024,2,February,Q1,2024-02,2024Q1
O005636,C00754,2024-05-15,Debit Card,Delivered,2024,5,May,Q2,2024-05,2024Q2
O005637,C01064,2025-05-24,Credit Card,Cancelled,2025,5,May,Q2,2025-05,2025Q2
O005638,C01529,2024-04-27,Cash on Delivery,Cancelled,2024,4,April,Q2,2024-04,2024Q2
O005639,C00069,2024-09-30,Net Banking,Delivered,2024,9,September,Q3,2024-09,2024Q3
O005640,C00928,2025-05-24,Credit Card,Delivered,2025,5,May,Q2,2025-05,2025Q2
O005641,C01182,2025-07-12,Cash on Delivery,Delivered,2025,7,July,Q3,2025-07,2025Q3
O005642,C01592,2025-03-13,Debit Card,Delivered,2025,3,March,Q1,2025-03,2025Q1
O005643,C00084,2024-09-20,Net Banking,Cancelled,2024,9,September,Q3,2024-09,2024Q3
O005644,C00789,2024-12-22,UPI,Delivered,2024,12,December,Q4,2024-12,2024Q4
O005645,C02000,2025-07-09,Credit Card,Delivered,2025,7,July,Q3,2025-07,2025Q3
O005646,C00844,2025-10-28,Net Banking,Delivered,2025,10,October,Q4,2025-10,2025Q4
O005647,C00692,2025-09-03,UPI,Delivered,2025,9,September,Q3,2025-09,2025Q3
O005648,C01446,2024-04-18,Credit Card,Delivered,2024,4,April,Q2,2024-04,2024Q2
O005649,C00547,2024-08-04,Net Banking,Cancelled,2024,8,August,Q3,2024-08,2024Q3
O005650,C01043,2025-09-01,UPI,Delivered,2025,9,September,Q3,2025-09,2025Q3
O005651,C00812,2025-08-15,Net Banking,Delivered,2025,8,August,Q3,2025-08,2025Q3
O005652,C01364,2025-05-26,Credit Card,Delivered,2025,5,May,Q2,2025-05,2025Q2
O005653,C00965,2024-08-23,UPI,Cancelled,2024,8,August,Q3,2024-08,2024Q3
O005654,C01911,2025-12-18,Credit Card,Delivered,2025,12,December,Q4,2025-12,2025Q4
O005655,C01506,2024-11-01,Credit Card,Delivered,2024,11,November,Q4,2024-11,2024Q4
O005656,C00841,2024-02-22,Net Banking,Cancelled,2024,2,February,Q1,2024-02,2024Q1
O005657,C01316,2025-12-12,Credit Card,Delivered,2025,12,December,Q4,2025-12,2025Q4
O005658,C01259,2025-10-13,UPI,Cancelled,2025,10,October,Q4,2025-10,2025Q4
O005659,C00926,2025-05-16,Cash on Delivery,Cancelled,2025,5,May,Q2,2025-05,2025Q2
O005660,C00883,2025-01-10,Debit Card,Delivered,2025,1,January,Q1,2025-01,2025Q1
O005661,C01029,2024-10-19,Cash on Delivery,Cancelled,2024,10,October,Q4,2024-10,2024Q4
O005662,C01656,2025-01-01,Net Banking,Delivered,2025,1,January,Q1,2025-01,2025Q1
O005663,C00965,2025-04-15,Credit Card,Cancelled,2025,4,April,Q2,2025-04,2025Q2
O005664,C00850,2025-05-26,Credit Card,Delivered,2025,5,May,Q2,2025-05,2025Q2
O005665,C01393,2024-05-20,Credit Card,Cancelled,2024,5,May,Q2,2024-05,2024Q2
O005666,C01421,2025-03-23,Net Banking,Cancelled,2025,3,March,Q1,2025-03,2025Q1
O005667,C01549,2025-07-04,Net Banking,Delivered,2025,7,July,Q3,2025-07,2025Q3
O005668,C00050,2025-12-21,Debit Card,Delivered,2025,12,December,Q4,2025-12,2025Q4
O005669,C01738,2025-01-28,UPI,Delivered,2025,1,January,Q1,2025-01,2025Q1
O005670,C01170,2025-08-25,Credit Card,Delivered,2025,8,August,Q3,2025-08,2025Q3
O005671,C01697,2025-05-26,UPI,Delivered,2025,5,May,Q2,2025-05,2025Q2
O005672,C00121,2025-02-12,Debit Card,Cancelled,2025,2,February,Q1,2025-02,2025Q1
O005673,C00866,2024-07-20,UPI,Cancelled,2024,7,July,Q3,2024-07,2024Q3
O005674,C01771,2024-04-10,Credit Card,Delivered,2024,4,April,Q2,2024-04,2024Q2
O005675,C00061,2025-06-25,Net Banking,Delivered,2025,6,June,Q2,2025-06,2025Q2
O005676,C00422,2024-09-08,UPI,Delivered,2024,9,September,Q3,2024-09,2024Q3
O005677,C01562,2025-04-02,UPI,Delivered,2025,4,April,Q2,2025-04,2025Q2
O005678,C01563,2025-03-27,Credit Card,Cancelled,2025,3,March,Q1,2025-03,2025Q1
O005679,C01907,2024-09-27,UPI,Delivered,2024,9,September,Q3,2024-09,2024Q3
O005680,C00393,2025-03-29,Cash on Delivery,Cancelled,2025,3,March,Q1,2025-03,2025Q1
O005681,C01191,2025-04-24,Credit Card,Cancelled,2025,4,April,Q2,2025-04,2025Q2
O005682,C01719,2025-10-06,Debit Card,Cancelled,2025,10,October,Q4,2025-10,2025Q4
O005683,C01672,2024-11-09,Cash on Delivery,Delivered,2024,11,November,Q4,2024-11,2024Q4
O005684,C01005,2024-02-22,UPI,Delivered,2024,2,February,Q1,2024-02,2024Q1
O005685,C00858,2024-02-04,Debit Card,Delivered,2024,2,February,Q1,2024-02,2024Q1
O005686,C01583,2024-01-23,Cash on Delivery,Delivered,2024,1,January,Q1,2024-01,2024Q1
O005687,C00186,2025-10-23,Credit Card,Delivered,2025,10,October,Q4,2025-10,2025Q4
O005688,C01094,2025-07-23,Net Banking,Delivered,2025,7,July,Q3,2025-07,2025Q3
O005689,C01251,2024-05-03,UPI,Delivered,2024,5,May,Q2,2024-05,2024Q2
O005690,C01203,2024-06-28,Debit Card,Delivered,2024,6,June,Q2,2024-06,2024Q2
O005691,C00062,2024-03-15,Credit Card,Cancelled,2024,3,March,Q1,2024-03,2024Q1
O005692,C01097,2025-05-31,Credit Card,Delivered,2025,5,May,Q2,2025-05,2025Q2
O005693,C01382,2024-03-23,Credit Card,Delivered,2024,3,March,Q1,2024-03,2024Q1
O005694,C00620,2025-01-22,Net Banking,Cancelled,2025,1,January,Q1,2025-01,2025Q1
O005695,C01418,2025-12-26,UPI,Delivered,2025,12,December,Q4,2025-12,2025Q4
O005696,C00735,2025-06-11,Cash on Delivery,Cancelled,2025,6,June,Q2,2025-06,2025Q2
O005697,C00858,2025-01-05,Net Banking,Delivered,2025,1,January,Q1,2025-01,2025Q1
O005698,C00780,2024-09-08,Cash on Delivery,Delivered,2024,9,September,Q3,2024-09,2024Q3
O005699,C00131,2025-08-13,Cash on Delivery,Delivered,2025,8,August,Q3,2025-08,2025Q3
O005700,C01679,2024-06-28,Cash on Delivery,Delivered,2024,6,June,Q2,2024-06,2024Q2
O005701,C00389,2025-08-22,UPI,Delivered,2025,8,August,Q3,2025-08,2025Q3
O005702,C00530,2025-09-20,Cash on Delivery,Cancelled,2025,9,September,Q3,2025-09,2025Q3
O005703,C00333,2025-12-13,Debit Card,Delivered,2025,12,December,Q4,2025-12,2025Q4
O005704,C01150,2025-07-23,Cash on Delivery,Delivered,2025,7,July,Q3,2025-07,2025Q3
O005705,C01349,2025-09-09,Debit Card,Delivered,2025,9,September,Q3,2025-09,2025Q3
O005706,C01429,2024-07-02,Credit Card,Delivered,2024,7,July,Q3,2024-07,2024Q3
O005707,C00955,2024-03-22,Cash on Delivery,Delivered,2024,3,March,Q1,2024-03,2024Q1
O005708,C00849,2025-11-29,Debit Card,Delivered,2025,11,November,Q4,2025-11,2025Q4
O005709,C00792,2025-11-15,Net Banking,Delivered,2025,11,November,Q4,2025-11,2025Q4
O005710,C01359,2024-05-15,Credit Card,Delivered,2024,5,May,Q2,2024-05,2024Q2
O005711,C00704,2025-07-19,Cash on Delivery,Cancelled,2025,7,July,Q3,2025-07,2025Q3
O005712,C01769,2025-11-24,Cash on Delivery,Delivered,2025,11,November,Q4,2025-11,2025Q4
O005713,C00211,2024-10-25,Credit Card,Delivered,2024,10,October,Q4,2024-10,2024Q4
O005714,C01808,2025-08-10,Cash on Delivery,Delivered,2025,8,August,Q3,2025-08,2025Q3
O005715,C01846,2024-11-22,Cash on Delivery,Delivered,2024,11,November,Q4,2024-11,2024Q4
O005716,C00673,2025-12-17,UPI,Delivered,2025,12,December,Q4,2025-12,2025Q4
O005717,C01587,2024-02-19,UPI,Delivered,2024,2,February,Q1,2024-02,2024Q1
O005718,C00975,2024-02-18,UPI,Cancelled,2024,2,February,Q1,2024-02,2024Q1
O005719,C00320,2025-04-20,Net Banking,Delivered,2025,4,April,Q2,2025-04,2025Q2
O005720,C00088,2024-07-13,Credit Card,Delivered,2024,7,July,Q3,2024-07,2024Q3
O005721,C00417,2024-03-29,UPI,Cancelled,2024,3,March,Q1,2024-03,2024Q1
O005722,C00065,2024-01-30,Credit Card,Delivered,2024,1,January,Q1,2024-01,2024Q1
O005723,C00931,2025-10-19,Credit Card,Delivered,2025,10,October,Q4,2025-10,2025Q4
O005724,C00308,2025-08-05,Cash on Delivery,Delivered,2025,8,August,Q3,2025-08,2025Q3
O005725,C01231,2024-02-26,Net Banking,Cancelled,2024,2,February,Q1,2024-02,2024Q1
O005726,C00357,2024-12-08,Debit Card,Delivered,2024,12,December,Q4,2024-12,2024Q4
O005727,C01726,2025-08-15,Debit Card,Delivered,2025,8,August,Q3,2025-08,2025Q3
O005728,C01353,2024-10-17,UPI,Delivered,2024,10,October,Q4,2024-10,2024Q4
O005729,C00302,2025-04-16,Credit Card,Cancelled,2025,4,April,Q2,2025-04,2025Q2
O005730,C01979,2025-05-05,Credit Card,Cancelled,2025,5,May,Q2,2025-05,2025Q2
O005731,C00377,2025-10-14,Net Banking,Delivered,2025,10,October,Q4,2025-10,2025Q4
O005732,C00182,2024-01-23,UPI,Cancelled,2024,1,January,Q1,2024-01,2024Q1
O005733,C00005,2025-12-18,Net Banking,Cancelled,2025,12,December,Q4,2025-12,2025Q4
O005734,C01404,2024-05-15,UPI,Cancelled,2024,5,May,Q2,2024-05,2024Q2
O005735,C01812,2024-09-06,Net Banking,Delivered,2024,9,September,Q3,2024-09,2024Q3
O005736,C00352,2024-03-24,Net Banking,Delivered,2024,3,March,Q1,2024-03,2024Q1
O005737,C00803,2025-06-26,Credit Card,Delivered,2025,6,June,Q2,2025-06,2025Q2
O005738,C01142,2024-12-15,UPI,Cancelled,2024,12,December,Q4,2024-12,2024Q4
O005739,C00274,2024-10-20,UPI,Delivered,2024,10,October,Q4,2024-10,2024Q4
O005740,C01280,2024-04-13,UPI,Delivered,2024,4,April,Q2,2024-04,2024Q2
O005741,C00117,2025-05-10,Credit Card,Delivered,2025,5,May,Q2,2025-05,2025Q2
O005742,C00399,2025-03-21,Net Banking,Delivered,2025,3,March,Q1,2025-03,2025Q1
O005743,C00575,2025-03-08,UPI,Delivered,2025,3,March,Q1,2025-03,2025Q1
O005744,C01645,2024-06-04,Cash on Delivery,Delivered,2024,6,June,Q2,2024-06,2024Q2
O005745,C01291,2024-06-01,Net Banking,Delivered,2024,6,June,Q2,2024-06,2024Q2
O005746,C00685,2024-07-15,Cash on Delivery,Delivered,2024,7,July,Q3,2024-07,2024Q3
O005747,C01844,2025-01-16,UPI,Delivered,2025,1,January,Q1,2025-01,2025Q1
O005748,C00366,2024-12-05,UPI,Delivered,2024,12,December,Q4,2024-12,2024Q4
O005749,C01660,2025-06-11,Credit Card,Delivered,2025,6,June,Q2,2025-06,2025Q2
O005750,C00333,2024-08-10,Debit Card,Delivered,2024,8,August,Q3,2024-08,2024Q3
O005751,C00836,2024-06-24,Cash on Delivery,Delivered,2024,6,June,Q2,2024-06,2024Q2
O005752,C01200,2024-06-05,UPI,Delivered,2024,6,June,Q2,2024-06,2024Q2
O005753,C01960,2025-07-30,Credit Card,Delivered,2025,7,July,Q3,2025-07,2025Q3
O005754,C00746,2024-05-05,Credit Card,Delivered,2024,5,May,Q2,2024-05,2024Q2
O005755,C01130,2024-12-03,Net Banking,Cancelled,2024,12,December,Q4,2024-12,2024Q4
O005756,C00925,2025-09-24,Net Banking,Delivered,2025,9,September,Q3,2025-09,2025Q3
O005757,C00512,2025-02-14,Net Banking,Delivered,2025,2,February,Q1,2025-02,2025Q1
O005758,C00002,2025-09-20,Credit Card,Delivered,2025,9,September,Q3,2025-09,2025Q3
O005759,C00497,2025-09-05,Net Banking,Delivered,2025,9,September,Q3,2025-09,2025Q3
O005760,C00273,2024-05-29,Cash on Delivery,Delivered,2024,5,May,Q2,2024-05,2024Q2
O005761,C00087,2024-03-07,Debit Card,Delivered,2024,3,March,Q1,2024-03,2024Q1
O005762,C00456,2025-03-28,Net Banking,Delivered,2025,3,March,Q1,2025-03,2025Q1
O005763,C01027,2024-01-19,UPI,Cancelled,2024,1,January,Q1,2024-01,2024Q1
O005764,C01670,2025-05-03,Credit Card,Delivered,2025,5,May,Q2,2025-05,2025Q2
O005765,C01596,2025-06-03,Debit Card,Delivered,2025,6,June,Q2,2025-06,2025Q2
O005766,C01989,2024-03-15,Credit Card,Delivered,2024,3,March,Q1,2024-03,2024Q1
O005767,C01694,2024-06-07,Debit Card,Cancelled,2024,6,June,Q2,2024-06,2024Q2
O005768,C01120,2024-01-26,UPI,Delivered,2024,1,January,Q1,2024-01,2024Q1
O005769,C01791,2025-09-21,Cash on Delivery,Delivered,2025,9,September,Q3,2025-09,2025Q3
O005770,C01021,2024-04-19,Credit Card,Cancelled,2024,4,April,Q2,2024-04,2024Q2
O005771,C00757,2025-11-24,Credit Card,Delivered,2025,11,November,Q4,2025-11,2025Q4
O005772,C00842,2024-01-05,UPI,Delivered,2024,1,January,Q1,2024-01,2024Q1
O005773,C01968,2024-10-06,Credit Card,Delivered,2024,10,October,Q4,2024-10,2024Q4
O005774,C00877,2025-08-24,UPI,Delivered,2025,8,August,Q3,2025-08,2025Q3
O005775,C00826,2024-11-12,Net Banking,Cancelled,2024,11,November,Q4,2024-11,2024Q4
O005776,C01589,2025-03-17,Debit Card,Cancelled,2025,3,March,Q1,2025-03,2025Q1
O005777,C00836,2025-02-28,Debit Card,Cancelled,2025,2,February,Q1,2025-02,2025Q1
O005778,C00151,2025-11-02,UPI,Cancelled,2025,11,November,Q4,2025-11,2025Q4
O005779,C00636,2024-02-25,Cash on Delivery,Delivered,2024,2,February,Q1,2024-02,2024Q1
O005780,C01983,2024-09-21,Credit Card,Delivered,2024,9,September,Q3,2024-09,2024Q3
O005781,C01533,2024-05-23,UPI,Delivered,2024,5,May,Q2,2024-05,2024Q2
O005782,C00381,2025-06-14,Debit Card,Delivered,2025,6,June,Q2,2025-06,2025Q2
O005783,C00378,2025-07-20,UPI,Delivered,2025,7,July,Q3,2025-07,2025Q3
O005784,C01155,2025-12-08,Cash on Delivery,Delivered,2025,12,December,Q4,2025-12,2025Q4
O005785,C00023,2025-07-19,Net Banking,Delivered,2025,7,July,Q3,2025-07,2025Q3
O005786,C00816,2025-05-13,UPI,Delivered,2025,5,May,Q2,2025-05,2025Q2
O005787,C01943,2025-02-14,Cash on Delivery,Cancelled,2025,2,February,Q1,2025-02,2025Q1
O005788,C00836,2025-01-20,Credit Card,Delivered,2025,1,January,Q1,2025-01,2025Q1
O005789,C01828,2024-05-27,Debit Card,Delivered,2024,5,May,Q2,2024-05,2024Q2
O005790,C01250,2025-10-08,Cash on Delivery,Cancelled,2025,10,October,Q4,2025-10,2025Q4
O005791,C01347,2024-06-10,Cash on Delivery,Cancelled,2024,6,June,Q2,2024-06,2024Q2
O005792,C01874,2025-03-19,Cash on Delivery,Cancelled,2025,3,March,Q1,2025-03,2025Q1
O005793,C00508,2025-10-04,Credit Card,Delivered,2025,10,October,Q4,2025-10,2025Q4
O005794,C01540,2025-01-02,Cash on Delivery,Delivered,2025,1,January,Q1,2025-01,2025Q1
O005795,C01772,2025-01-24,Net Banking,Cancelled,2025,1,January,Q1,2025-01,2025Q1
O005796,C01055,2024-09-30,Debit Card,Delivered,2024,9,September,Q3,2024-09,2024Q3
O005797,C00924,2024-10-03,Cash on Delivery,Delivered,2024,10,October,Q4,2024-10,2024Q4
O005798,C00763,2025-04-25,Net Banking,Delivered,2025,4,April,Q2,2025-04,2025Q2
O005799,C00617,2025-11-29,UPI,Delivered,2025,11,November,Q4,2025-11,2025Q4
O005800,C00522,2025-03-09,Debit Card,Delivered,2025,3,March,Q1,2025-03,2025Q1
O005801,C01072,2025-10-24,Debit Card,Cancelled,2025,10,October,Q4,2025-10,2025Q4
O005802,C01666,2024-04-17,Credit Card,Delivered,2024,4,April,Q2,2024-04,2024Q2
O005803,C00410,2025-09-14,Cash on Delivery,Cancelled,2025,9,September,Q3,2025-09,2025Q3
O005804,C01528,2024-02-22,UPI,Cancelled,2024,2,February,Q1,2024-02,2024Q1
O005805,C00174,2024-12-06,Credit Card,Delivered,2024,12,December,Q4,2024-12,2024Q4
O005806,C00825,2024-11-28,UPI,Delivered,2024,11,November,Q4,2024-11,2024Q4
O005807,C00010,2025-04-30,Cash on Delivery,Delivered,2025,4,April,Q2,2025-04,2025Q2
O005808,C00610,2024-10-19,UPI,Delivered,2024,10,October,Q4,2024-10,2024Q4
O005809,C01905,2025-11-09,Credit Card,Cancelled,2025,11,November,Q4,2025-11,2025Q4
O005810,C01484,2024-02-25,UPI,Delivered,2024,2,February,Q1,2024-02,2024Q1
O005811,C01518,2025-03-18,Credit Card,Delivered,2025,3,March,Q1,2025-03,2025Q1
O005812,C01784,2024-03-01,Credit Card,Cancelled,2024,3,March,Q1,2024-03,2024Q1
O005813,C00145,2024-04-08,Credit Card,Delivered,2024,4,April,Q2,2024-04,2024Q2
O005814,C00035,2025-08-30,UPI,Cancelled,2025,8,August,Q3,2025-08,2025Q3
O005815,C01016,2025-02-05,UPI,Cancelled,2025,2,February,Q1,2025-02,2025Q1
O005816,C00963,2024-08-19,Credit Card,Delivered,2024,8,August,Q3,2024-08,2024Q3
O005817,C01212,2024-03-19,Cash on Delivery,Cancelled,2024,3,March,Q1,2024-03,2024Q1
O005818,C00891,2024-04-01,Debit Card,Delivered,2024,4,April,Q2,2024-04,2024Q2
O005819,C00609,2025-01-22,Credit Card,Delivered,2025,1,January,Q1,2025-01,2025Q1
O005820,C00608,2024-06-28,UPI,Delivered,2024,6,June,Q2,2024-06,2024Q2
O005821,C01272,2024-02-09,Credit Card,Delivered,2024,2,February,Q1,2024-02,2024Q1
O005822,C01063,2025-04-12,UPI,Delivered,2025,4,April,Q2,2025-04,2025Q2
O005823,C01704,2025-02-23,Credit Card,Delivered,2025,2,February,Q1,2025-02,2025Q1
O005824,C01168,2024-09-14,Net Banking,Delivered,2024,9,September,Q3,2024-09,2024Q3
O005825,C00877,2024-01-18,Cash on Delivery,Delivered,2024,1,January,Q1,2024-01,2024Q1
O005826,C01275,2024-06-23,Cash on Delivery,Cancelled,2024,6,June,Q2,2024-06,2024Q2
O005827,C01855,2025-09-29,Net Banking,Delivered,2025,9,September,Q3,2025-09,2025Q3
O005828,C01875,2024-08-13,Net Banking,Cancelled,2024,8,August,Q3,2024-08,2024Q3
O005829,C01887,2025-12-17,Cash on Delivery,Delivered,2025,12,December,Q4,2025-12,2025Q4
O005830,C01330,2025-10-05,Cash on Delivery,Delivered,2025,10,October,Q4,2025-10,2025Q4
O005831,C00824,2024-07-14,Cash on Delivery,Delivered,2024,7,July,Q3,2024-07,2024Q3
O005832,C01801,2024-10-30,UPI,Delivered,2024,10,October,Q4,2024-10,2024Q4
O005833,C01350,2025-06-30,Credit Card,Delivered,2025,6,June,Q2,2025-06,2025Q2
O005834,C00919,2024-10-04,Debit Card,Delivered,2024,10,October,Q4,2024-10,2024Q4
O005835,C00206,2024-02-22,Cash on Delivery,Delivered,2024,2,February,Q1,2024-02,2024Q1
O005836,C01172,2025-11-08,UPI,Delivered,2025,11,November,Q4,2025-11,2025Q4
O005837,C00314,2025-11-07,Debit Card,Delivered,2025,11,November,Q4,2025-11,2025Q4
O005838,C00635,2024-05-02,Credit Card,Delivered,2024,5,May,Q2,2024-05,2024Q2
O005839,C01006,2024-08-11,Debit Card,Delivered,2024,8,August,Q3,2024-08,2024Q3
O005840,C01456,2024-02-28,UPI,Delivered,2024,2,February,Q1,2024-02,2024Q1
O005841,C01976,2025-02-19,UPI,Delivered,2025,2,February,Q1,2025-02,2025Q1
O005842,C00988,2025-03-22,Cash on Delivery,Delivered,2025,3,March,Q1,2025-03,2025Q1
O005843,C01742,2024-07-06,Net Banking,Delivered,2024,7,July,Q3,2024-07,2024Q3
O005844,C00027,2025-10-24,UPI,Delivered,2025,10,October,Q4,2025-10,2025Q4
O005845,C01016,2025-02-06,UPI,Delivered,2025,2,February,Q1,2025-02,2025Q1
O005846,C00151,2025-12-24,Debit Card,Delivered,2025,12,December,Q4,2025-12,2025Q4
O005847,C00128,2025-04-19,UPI,Delivered,2025,4,April,Q2,2025-04,2025Q2
O005848,C01552,2025-01-23,Cash on Delivery,Delivered,2025,1,January,Q1,2025-01,2025Q1
O005849,C01979,2024-08-30,UPI,Delivered,2024,8,August,Q3,2024-08,2024Q3
O005850,C01707,2024-11-06,Cash on Delivery,Cancelled,2024,11,November,Q4,2024-11,2024Q4
O005851,C01224,2025-04-25,UPI,Cancelled,2025,4,April,Q2,2025-04,2025Q2
O005852,C00407,2024-02-13,Credit Card,Delivered,2024,2,February,Q1,2024-02,2024Q1
O005853,C00431,2025-02-28,Net Banking,Delivered,2025,2,February,Q1,2025-02,2025Q1
O005854,C00389,2025-06-25,Debit Card,Delivered,2025,6,June,Q2,2025-06,2025Q2
O005855,C01660,2025-11-23,Debit Card,Delivered,2025,11,November,Q4,2025-11,2025Q4
O005856,C00564,2024-03-27,Net Banking,Delivered,2024,3,March,Q1,2024-03,2024Q1
O005857,C01127,2025-03-28,Net Banking,Delivered,2025,3,March,Q1,2025-03,2025Q1
O005858,C01011,2024-12-31,Net Banking,Delivered,2024,12,December,Q4,2024-12,2024Q4
O005859,C00910,2025-12-28,Cash on Delivery,Cancelled,2025,12,December,Q4,2025-12,2025Q4
O005860,C00852,2025-12-13,Credit Card,Delivered,2025,12,December,Q4,2025-12,2025Q4
O005861,C00646,2024-07-23,UPI,Delivered,2024,7,July,Q3,2024-07,2024Q3
O005862,C01417,2025-05-22,Cash on Delivery,Delivered,2025,5,May,Q2,2025-05,2025Q2
O005863,C00659,2024-01-24,UPI,Cancelled,2024,1,January,Q1,2024-01,2024Q1
O005864,C00147,2024-01-26,Net Banking,Delivered,2024,1,January,Q1,2024-01,2024Q1
O005865,C01882,2024-09-19,Cash on Delivery,Delivered,2024,9,September,Q3,2024-09,2024Q3
O005866,C00184,2024-11-23,Net Banking,Delivered,2024,11,November,Q4,2024-11,2024Q4
O005867,C01969,2024-07-21,Net Banking,Cancelled,2024,7,July,Q3,2024-07,2024Q3
O005868,C01215,2024-06-04,Credit Card,Delivered,2024,6,June,Q2,2024-06,2024Q2
O005869,C00721,2024-09-16,Credit Card,Delivered,2024,9,September,Q3,2024-09,2024Q3
O005870,C00076,2025-11-20,Cash on Delivery,Delivered,2025,11,November,Q4,2025-11,2025Q4
O005871,C01144,2025-08-16,Debit Card,Cancelled,2025,8,August,Q3,2025-08,2025Q3
O005872,C00003,2024-02-16,Credit Card,Cancelled,2024,2,February,Q1,2024-02,2024Q1
O005873,C01520,2024-04-18,UPI,Delivered,2024,4,April,Q2,2024-04,2024Q2
O005874,C00658,2024-06-07,Cash on Delivery,Delivered,2024,6,June,Q2,2024-06,2024Q2
O005875,C00534,2025-02-28,UPI,Cancelled,2025,2,February,Q1,2025-02,2025Q1
O005876,C00804,2025-09-26,Debit Card,Delivered,2025,9,September,Q3,2025-09,2025Q3
O005877,C01234,2025-07-24,Net Banking,Delivered,2025,7,July,Q3,2025-07,2025Q3
O005878,C00097,2024-09-13,Net Banking,Delivered,2024,9,September,Q3,2024-09,2024Q3
O005879,C00006,2025-12-18,UPI,Delivered,2025,12,December,Q4,2025-12,2025Q4
O005880,C00024,2025-08-11,Credit Card,Delivered,2025,8,August,Q3,2025-08,2025Q3
O005881,C01469,2025-05-30,Credit Card,Delivered,2025,5,May,Q2,2025-05,2025Q2
O005882,C00241,2025-12-09,Credit Card,Delivered,2025,12,December,Q4,2025-12,2025Q4
O005883,C01559,2025-11-13,Credit Card,Cancelled,2025,11,November,Q4,2025-11,2025Q4
O005884,C01891,2024-02-18,Cash on Delivery,Cancelled,2024,2,February,Q1,2024-02,2024Q1
O005885,C00307,2024-07-02,UPI,Cancelled,2024,7,July,Q3,2024-07,2024Q3
O005886,C00050,2025-01-18,Credit Card,Cancelled,2025,1,January,Q1,2025-01,2025Q1
O005887,C00784,2024-02-26,Credit Card,Delivered,2024,2,February,Q1,2024-02,2024Q1
O005888,C01572,2025-09-17,Cash on Delivery,Delivered,2025,9,September,Q3,2025-09,2025Q3
O005889,C00489,2025-03-13,Credit Card,Cancelled,2025,3,March,Q1,2025-03,2025Q1
O005890,C01136,2025-12-03,Net Banking,Delivered,2025,12,December,Q4,2025-12,2025Q4
O005891,C01287,2025-04-18,UPI,Delivered,2025,4,April,Q2,2025-04,2025Q2
O005892,C01094,2025-06-30,Cash on Delivery,Delivered,2025,6,June,Q2,2025-06,2025Q2
O005893,C00311,2025-10-10,Net Banking,Delivered,2025,10,October,Q4,2025-10,2025Q4
O005894,C00323,2025-08-17,Cash on Delivery,Delivered,2025,8,August,Q3,2025-08,2025Q3
O005895,C00186,2025-09-19,Cash on Delivery,Delivered,2025,9,September,Q3,2025-09,2025Q3
O005896,C00579,2024-01-28,Net Banking,Cancelled,2024,1,January,Q1,2024-01,2024Q1
O005897,C00424,2024-09-25,Net Banking,Delivered,2024,9,September,Q3,2024-09,2024Q3
O005898,C00702,2024-02-24,Net Banking,Delivered,2024,2,February,Q1,2024-02,2024Q1
O005899,C00410,2024-11-19,UPI,Delivered,2024,11,November,Q4,2024-11,2024Q4
O005900,C01239,2025-04-09,Cash on Delivery,Delivered,2025,4,April,Q2,2025-04,2025Q2
O005901,C00540,2025-07-28,UPI,Cancelled,2025,7,July,Q3,2025-07,2025Q3
O005902,C01860,2025-04-20,Cash on Delivery,Delivered,2025,4,April,Q2,2025-04,2025Q2
O005903,C01561,2025-12-22,Debit Card,Delivered,2025,12,December,Q4,2025-12,2025Q4
O005904,C00999,2024-03-03,UPI,Cancelled,2024,3,March,Q1,2024-03,2024Q1
O005905,C01475,2025-11-20,Cash on Delivery,Cancelled,2025,11,November,Q4,2025-11,2025Q4
O005906,C00990,2025-03-04,UPI,Cancelled,2025,3,March,Q1,2025-03,2025Q1
O005907,C00345,2025-01-06,UPI,Delivered,2025,1,January,Q1,2025-01,2025Q1
O005908,C01228,2024-04-10,Cash on Delivery,Delivered,2024,4,April,Q2,2024-04,2024Q2
O005909,C01108,2024-07-29,Cash on Delivery,Delivered,2024,7,July,Q3,2024-07,2024Q3
O005910,C01773,2025-07-15,UPI,Delivered,2025,7,July,Q3,2025-07,2025Q3
O005911,C00409,2024-02-02,Credit Card,Delivered,2024,2,February,Q1,2024-02,2024Q1
O005912,C00776,2024-03-21,UPI,Delivered,2024,3,March,Q1,2024-03,2024Q1
O005913,C00687,2024-01-28,Cash on Delivery,Delivered,2024,1,January,Q1,2024-01,2024Q1
O005914,C01134,2025-01-20,Credit Card,Delivered,2025,1,January,Q1,2025-01,2025Q1
O005915,C00703,2025-01-29,Credit Card,Delivered,2025,1,January,Q1,2025-01,2025Q1
O005916,C00494,2024-06-23,UPI,Delivered,2024,6,June,Q2,2024-06,2024Q2
O005917,C00229,2025-05-20,Cash on Delivery,Delivered,2025,5,May,Q2,2025-05,2025Q2
O005918,C00067,2024-09-29,Credit Card,Delivered,2024,9,September,Q3,2024-09,2024Q3
O005919,C01636,2024-12-01,Credit Card,Delivered,2024,12,December,Q4,2024-12,2024Q4
O005920,C00038,2025-01-05,UPI,Cancelled,2025,1,January,Q1,2025-01,2025Q1
O005921,C01854,2024-08-23,Net Banking,Delivered,2024,8,August,Q3,2024-08,2024Q3
O005922,C00975,2025-08-30,Credit Card,Delivered,2025,8,August,Q3,2025-08,2025Q3
O005923,C00745,2025-10-22,Cash on Delivery,Delivered,2025,10,October,Q4,2025-10,2025Q4
O005924,C00984,2025-11-11,Debit Card,Delivered,2025,11,November,Q4,2025-11,2025Q4
O005925,C01769,2024-06-25,Debit Card,Delivered,2024,6,June,Q2,2024-06,2024Q2
O005926,C01882,2024-01-17,Credit Card,Delivered,2024,1,January,Q1,2024-01,2024Q1
O005927,C00909,2025-12-24,Cash on Delivery,Delivered,2025,12,December,Q4,2025-12,2025Q4
O005928,C00800,2024-02-12,Cash on Delivery,Cancelled,2024,2,February,Q1,2024-02,2024Q1
O005929,C01173,2024-01-21,Debit Card,Delivered,2024,1,January,Q1,2024-01,2024Q1
O005930,C01181,2025-08-23,Debit Card,Delivered,2025,8,August,Q3,2025-08,2025Q3
O005931,C01795,2025-08-30,Net Banking,Delivered,2025,8,August,Q3,2025-08,2025Q3
O005932,C00836,2025-09-22,Credit Card,Delivered,2025,9,September,Q3,2025-09,2025Q3
O005933,C00369,2024-06-01,UPI,Cancelled,2024,6,June,Q2,2024-06,2024Q2
O005934,C00770,2025-02-18,Net Banking,Delivered,2025,2,February,Q1,2025-02,2025Q1
O005935,C00476,2025-04-17,UPI,Delivered,2025,4,April,Q2,2025-04,2025Q2
O005936,C01535,2025-10-30,Credit Card,Cancelled,2025,10,October,Q4,2025-10,2025Q4
O005937,C00617,2024-10-21,UPI,Delivered,2024,10,October,Q4,2024-10,2024Q4
O005938,C00766,2025-06-13,Net Banking,Cancelled,2025,6,June,Q2,2025-06,2025Q2
O005939,C01858,2025-06-14,Net Banking,Delivered,2025,6,June,Q2,2025-06,2025Q2
O005940,C00443,2025-07-27,Net Banking,Cancelled,2025,7,July,Q3,2025-07,2025Q3
O005941,C00822,2024-01-15,UPI,Delivered,2024,1,January,Q1,2024-01,2024Q1
O005942,C01901,2025-03-05,UPI,Delivered,2025,3,March,Q1,2025-03,2025Q1
O005943,C00485,2025-01-09,UPI,Delivered,2025,1,January,Q1,2025-01,2025Q1
O005944,C00489,2024-02-10,Credit Card,Delivered,2024,2,February,Q1,2024-02,2024Q1
O005945,C00760,2024-10-27,UPI,Cancelled,2024,10,October,Q4,2024-10,2024Q4
O005946,C01817,2025-08-17,UPI,Delivered,2025,8,August,Q3,2025-08,2025Q3
O005947,C00545,2024-10-20,UPI,Cancelled,2024,10,October,Q4,2024-10,2024Q4
O005948,C01117,2025-06-24,Debit Card,Delivered,2025,6,June,Q2,2025-06,2025Q2
O005949,C01761,2024-04-07,Credit Card,Cancelled,2024,4,April,Q2,2024-04,2024Q2
O005950,C00090,2024-11-29,Cash on Delivery,Delivered,2024,11,November,Q4,2024-11,2024Q4
O005951,C00338,2025-06-28,UPI,Delivered,2025,6,June,Q2,2025-06,2025Q2
O005952,C01309,2024-11-27,UPI,Delivered,2024,11,November,Q4,2024-11,2024Q4
O005953,C00278,2025-03-02,UPI,Cancelled,2025,3,March,Q1,2025-03,2025Q1
O005954,C00538,2024-04-17,UPI,Delivered,2024,4,April,Q2,2024-04,2024Q2
O005955,C01572,2024-03-30,Cash on Delivery,Delivered,2024,3,March,Q1,2024-03,2024Q1
O005956,C01165,2024-12-06,Debit Card,Cancelled,2024,12,December,Q4,2024-12,2024Q4
O005957,C00751,2024-04-01,Credit Card,Delivered,2024,4,April,Q2,2024-04,2024Q2
O005958,C01177,2025-11-27,Credit Card,Delivered,2025,11,November,Q4,2025-11,2025Q4
O005959,C00086,2025-04-23,UPI,Cancelled,2025,4,April,Q2,2025-04,2025Q2
O005960,C00882,2025-12-02,UPI,Delivered,2025,12,December,Q4,2025-12,2025Q4
O005961,C01768,2024-10-12,Cash on Delivery,Delivered,2024,10,October,Q4,2024-10,2024Q4
O005962,C01879,2024-09-30,Cash on Delivery,Delivered,2024,9,September,Q3,2024-09,2024Q3
O005963,C01914,2024-05-30,UPI,Delivered,2024,5,May,Q2,2024-05,2024Q2
O005964,C00528,2024-09-23,Net Banking,Cancelled,2024,9,September,Q3,2024-09,2024Q3
O005965,C01950,2024-12-05,Credit Card,Delivered,2024,12,December,Q4,2024-12,2024Q4
O005966,C00654,2025-12-14,Debit Card,Cancelled,2025,12,December,Q4,2025-12,2025Q4
O005967,C01972,2024-02-14,Debit Card,Delivered,2024,2,February,Q1,2024-02,2024Q1
O005968,C01896,2024-07-03,UPI,Cancelled,2024,7,July,Q3,2024-07,2024Q3
O005969,C00186,2024-06-29,UPI,Delivered,2024,6,June,Q2,2024-06,2024Q2
O005970,C01292,2024-03-12,Credit Card,Cancelled,2024,3,March,Q1,2024-03,2024Q1
O005971,C01220,2025-04-02,Credit Card,Delivered,2025,4,April,Q2,2025-04,2025Q2
O005972,C01085,2024-01-08,Credit Card,Delivered,2024,1,January,Q1,2024-01,2024Q1
O005973,C01816,2024-06-25,Cash on Delivery,Delivered,2024,6,June,Q2,2024-06,2024Q2
O005974,C01561,2024-11-16,Credit Card,Delivered,2024,11,November,Q4,2024-11,2024Q4
O005975,C00322,2025-08-03,Cash on Delivery,Cancelled,2025,8,August,Q3,2025-08,2025Q3
O005976,C01627,2025-08-07,Debit Card,Delivered,2025,8,August,Q3,2025-08,2025Q3
O005977,C00253,2025-11-20,Net Banking,Cancelled,2025,11,November,Q4,2025-11,2025Q4
O005978,C01014,2025-09-19,UPI,Delivered,2025,9,September,Q3,2025-09,2025Q3
O005979,C00779,2025-09-08,UPI,Delivered,2025,9,September,Q3,2025-09,2025Q3
O005980,C01986,2025-02-20,Net Banking,Delivered,2025,2,February,Q1,2025-02,2025Q1
O005981,C01661,2025-03-17,Credit Card,Delivered,2025,3,March,Q1,2025-03,2025Q1
O005982,C00635,2024-02-05,Credit Card,Delivered,2024,2,February,Q1,2024-02,2024Q1
O005983,C00917,2025-09-14,UPI,Delivered,2025,9,September,Q3,2025-09,2025Q3
O005984,C01769,2024-01-12,Net Banking,Delivered,2024,1,January,Q1,2024-01,2024Q1
O005985,C01847,2025-11-09,Net Banking,Delivered,2025,11,November,Q4,2025-11,2025Q4
O005986,C00269,2025-07-13,UPI,Delivered,2025,7,July,Q3,2025-07,2025Q3
O005987,C00750,2024-07-13,Credit Card,Delivered,2024,7,July,Q3,2024-07,2024Q3
O005988,C00146,2025-09-23,Credit Card,Delivered,2025,9,September,Q3,2025-09,2025Q3
O005989,C01395,2024-02-14,UPI,Delivered,2024,2,February,Q1,2024-02,2024Q1
O005990,C00904,2024-02-29,Credit Card,Delivered,2024,2,February,Q1,2024-02,2024Q1
O005991,C00867,2024-02-14,Net Banking,Delivered,2024,2,February,Q1,2024-02,2024Q1
O005992,C00648,2024-04-08,Credit Card,Delivered,2024,4,April,Q2,2024-04,2024Q2
O005993,C01079,2024-12-06,Net Banking,Cancelled,2024,12,December,Q4,2024-12,2024Q4
O005994,C00127,2024-05-20,Credit Card,Delivered,2024,5,May,Q2,2024-05,2024Q2
O005995,C00524,2024-08-07,Debit Card,Delivered,2024,8,August,Q3,2024-08,2024Q3
O005996,C00429,2024-02-03,UPI,Delivered,2024,2,February,Q1,2024-02,2024Q1
O005997,C00630,2024-08-31,Credit Card,Delivered,2024,8,August,Q3,2024-08,2024Q3
O005998,C00116,2024-09-28,Net Banking,Delivered,2024,9,September,Q3,2024-09,2024Q3
O005999,C01499,2025-04-12,Debit Card,Delivered,2025,4,April,Q2,2025-04,2025Q2
O006000,C00199,2025-05-23,Debit Card,Delivered,2025,5,May,Q2,2025-05,2025Q2
O006001,C01196,2025-11-22,UPI,Delivered,2025,11,November,Q4,2025-11,2025Q4
O006002,C01481,2024-07-08,Net Banking,Delivered,2024,7,July,Q3,2024-07,2024Q3
O006003,C01173,2024-08-15,UPI,Cancelled,2024,8,August,Q3,2024-08,2024Q3
O006004,C01306,2024-04-10,Cash on Delivery,Cancelled,2024,4,April,Q2,2024-04,2024Q2
O006005,C00815,2025-04-15,Net Banking,Delivered,2025,4,April,Q2,2025-04,2025Q2
O006006,C01736,2024-11-04,Cash on Delivery,Cancelled,2024,11,November,Q4,2024-11,2024Q4
O006007,C00440,2025-01-06,Net Banking,Delivered,2025,1,January,Q1,2025-01,2025Q1
O006008,C00796,2025-05-25,UPI,Cancelled,2025,5,May,Q2,2025-05,2025Q2
O006009,C00482,2024-04-05,UPI,Delivered,2024,4,April,Q2,2024-04,2024Q2
O006010,C01462,2025-05-24,Net Banking,Delivered,2025,5,May,Q2,2025-05,2025Q2
O006011,C01285,2024-02-29,Debit Card,Delivered,2024,2,February,Q1,2024-02,2024Q1
O006012,C00811,2024-02-29,Credit Card,Delivered,2024,2,February,Q1,2024-02,2024Q1
O006013,C00767,2024-07-13,Net Banking,Delivered,2024,7,July,Q3,2024-07,2024Q3
O006014,C01582,2025-12-29,UPI,Delivered,2025,12,December,Q4,2025-12,2025Q4
O006015,C01528,2025-02-26,Net Banking,Delivered,2025,2,February,Q1,2025-02,2025Q1
O006016,C01642,2024-06-08,UPI,Cancelled,2024,6,June,Q2,2024-06,2024Q2
O006017,C00544,2025-01-19,UPI,Delivered,2025,1,January,Q1,2025-01,2025Q1
O006018,C01651,2025-07-01,Debit Card,Cancelled,2025,7,July,Q3,2025-07,2025Q3
O006019,C00381,2025-07-25,UPI,Cancelled,2025,7,July,Q3,2025-07,2025Q3
O006020,C00738,2025-09-23,Credit Card,Delivered,2025,9,September,Q3,2025-09,2025Q3
O006021,C00445,2024-10-04,Credit Card,Delivered,2024,10,October,Q4,2024-10,2024Q4
O006022,C01414,2025-11-28,Cash on Delivery,Delivered,2025,11,November,Q4,2025-11,2025Q4
O006023,C00436,2025-12-11,Credit Card,Delivered,2025,12,December,Q4,2025-12,2025Q4
O006024,C01159,2025-10-29,Cash on Delivery,Delivered,2025,10,October,Q4,2025-10,2025Q4
O006025,C00593,2024-06-20,Debit Card,Delivered,2024,6,June,Q2,2024-06,2024Q2
O006026,C00382,2024-12-10,Cash on Delivery,Delivered,2024,12,December,Q4,2024-12,2024Q4
O006027,C00660,2025-07-07,UPI,Delivered,2025,7,July,Q3,2025-07,2025Q3
O006028,C01671,2024-08-23,Net Banking,Delivered,2024,8,August,Q3,2024-08,2024Q3
O006029,C00771,2024-10-12,Cash on Delivery,Cancelled,2024,10,October,Q4,2024-10,2024Q4
O006030,C01337,2025-08-29,Credit Card,Delivered,2025,8,August,Q3,2025-08,2025Q3
O006031,C00339,2025-03-04,Net Banking,Delivered,2025,3,March,Q1,2025-03,2025Q1
O006032,C01881,2024-08-15,UPI,Delivered,2024,8,August,Q3,2024-08,2024Q3
O006033,C00459,2025-11-05,Cash on Delivery,Delivered,2025,11,November,Q4,2025-11,2025Q4
O006034,C01335,2025-05-22,Credit Card,Delivered,2025,5,May,Q2,2025-05,2025Q2
O006035,C00280,2024-07-08,Credit Card,Delivered,2024,7,July,Q3,2024-07,2024Q3
O006036,C00045,2025-02-13,Credit Card,Delivered,2025,2,February,Q1,2025-02,2025Q1
O006037,C01411,2025-11-24,UPI,Delivered,2025,11,November,Q4,2025-11,2025Q4
O006038,C00867,2024-07-26,Cash on Delivery,Delivered,2024,7,July,Q3,2024-07,2024Q3
O006039,C00467,2024-09-04,Debit Card,Delivered,2024,9,September,Q3,2024-09,2024Q3
O006040,C01058,2025-06-25,Credit Card,Delivered,2025,6,June,Q2,2025-06,2025Q2
O006041,C00436,2025-02-24,Debit Card,Delivered,2025,2,February,Q1,2025-02,2025Q1
O006042,C01352,2025-01-26,UPI,Cancelled,2025,1,January,Q1,2025-01,2025Q1
O006043,C01211,2024-03-22,Cash on Delivery,Delivered,2024,3,March,Q1,2024-03,2024Q1
O006044,C01822,2024-02-11,Net Banking,Delivered,2024,2,February,Q1,2024-02,2024Q1
O006045,C00679,2024-09-26,Net Banking,Delivered,2024,9,September,Q3,2024-09,2024Q3
O006046,C00673,2025-11-30,Cash on Delivery,Delivered,2025,11,November,Q4,2025-11,2025Q4
O006047,C00260,2024-11-15,Net Banking,Delivered,2024,11,November,Q4,2024-11,2024Q4
O006048,C01874,2025-07-01,Cash on Delivery,Delivered,2025,7,July,Q3,2025-07,2025Q3
O006049,C00894,2025-04-28,Credit Card,Cancelled,2025,4,April,Q2,2025-04,2025Q2
O006050,C01275,2025-01-12,UPI,Cancelled,2025,1,January,Q1,2025-01,2025Q1
O006051,C01965,2024-08-05,UPI,Delivered,2024,8,August,Q3,2024-08,2024Q3
O006052,C00008,2024-03-01,Net Banking,Delivered,2024,3,March,Q1,2024-03,2024Q1
O006053,C00504,2024-06-07,Credit Card,Delivered,2024,6,June,Q2,2024-06,2024Q2
O006054,C00378,2025-12-09,Cash on Delivery,Delivered,2025,12,December,Q4,2025-12,2025Q4
O006055,C01281,2024-04-16,Credit Card,Delivered,2024,4,April,Q2,2024-04,2024Q2
O006056,C01010,2025-10-15,Net Banking,Delivered,2025,10,October,Q4,2025-10,2025Q4
O006057,C00957,2025-02-08,Credit Card,Delivered,2025,2,February,Q1,2025-02,2025Q1
O006058,C01924,2024-06-28,UPI,Cancelled,2024,6,June,Q2,2024-06,2024Q2
O006059,C01434,2024-08-24,UPI,Delivered,2024,8,August,Q3,2024-08,2024Q3
O006060,C00823,2025-07-30,Net Banking,Delivered,2025,7,July,Q3,2025-07,2025Q3
O006061,C00058,2025-03-05,Net Banking,Delivered,2025,3,March,Q1,2025-03,2025Q1
O006062,C00425,2024-06-12,Debit Card,Delivered,2024,6,June,Q2,2024-06,2024Q2
O006063,C00488,2024-04-05,Net Banking,Delivered,2024,4,April,Q2,2024-04,2024Q2
O006064,C00687,2024-10-16,Cash on Delivery,Delivered,2024,10,October,Q4,2024-10,2024Q4
O006065,C00348,2025-07-17,Cash on Delivery,Cancelled,2025,7,July,Q3,2025-07,2025Q3
O006066,C01631,2025-09-26,UPI,Delivered,2025,9,September,Q3,2025-09,2025Q3
O006067,C00174,2025-09-04,UPI,Delivered,2025,9,September,Q3,2025-09,2025Q3
O006068,C01621,2024-04-20,Debit Card,Delivered,2024,4,April,Q2,2024-04,2024Q2
O006069,C00271,2024-01-28,Net Banking,Delivered,2024,1,January,Q1,2024-01,2024Q1
O006070,C00038,2024-07-01,Net Banking,Delivered,2024,7,July,Q3,2024-07,2024Q3
O006071,C00970,2025-06-26,Debit Card,Cancelled,2025,6,June,Q2,2025-06,2025Q2
O006072,C00343,2024-12-07,Credit Card,Delivered,2024,12,December,Q4,2024-12,2024Q4
O006073,C00283,2025-05-19,Debit Card,Cancelled,2025,5,May,Q2,2025-05,2025Q2
O006074,C01897,2025-08-16,UPI,Delivered,2025,8,August,Q3,2025-08,2025Q3
O006075,C01701,2024-12-18,UPI,Delivered,2024,12,December,Q4,2024-12,2024Q4
O006076,C00502,2024-03-29,Net Banking,Delivered,2024,3,March,Q1,2024-03,2024Q1
O006077,C01649,2024-01-17,Debit Card,Delivered,2024,1,January,Q1,2024-01,2024Q1
O006078,C01300,2025-01-22,Net Banking,Delivered,2025,1,January,Q1,2025-01,2025Q1
O006079,C01938,2025-10-11,Net Banking,Delivered,2025,10,October,Q4,2025-10,2025Q4
O006080,C00580,2024-01-27,Cash on Delivery,Delivered,2024,1,January,Q1,2024-01,2024Q1
O006081,C00548,2024-07-28,UPI,Delivered,2024,7,July,Q3,2024-07,2024Q3
O006082,C01323,2024-08-03,Cash on Delivery,Delivered,2024,8,August,Q3,2024-08,2024Q3
O006083,C00214,2025-04-01,Cash on Delivery,Delivered,2025,4,April,Q2,2025-04,2025Q2
O006084,C01203,2024-10-25,Cash on Delivery,Delivered,2024,10,October,Q4,2024-10,2024Q4
O006085,C01534,2024-08-21,Cash on Delivery,Cancelled,2024,8,August,Q3,2024-08,2024Q3
O006086,C01451,2025-10-04,Debit Card,Cancelled,2025,10,October,Q4,2025-10,2025Q4
O006087,C01618,2024-03-06,UPI,Cancelled,2024,3,March,Q1,2024-03,2024Q1
O006088,C01872,2024-02-16,Cash on Delivery,Delivered,2024,2,February,Q1,2024-02,2024Q1
O006089,C00071,2024-08-04,Cash on Delivery,Cancelled,2024,8,August,Q3,2024-08,2024Q3
O006090,C01821,2025-10-25,Debit Card,Delivered,2025,10,October,Q4,2025-10,2025Q4
O006091,C00030,2025-04-18,Cash on Delivery,Cancelled,2025,4,April,Q2,2025-04,2025Q2
O006092,C01439,2024-10-25,Net Banking,Delivered,2024,10,October,Q4,2024-10,2024Q4
O006093,C00293,2025-01-19,Net Banking,Delivered,2025,1,January,Q1,2025-01,2025Q1
O006094,C00608,2024-01-15,Credit Card,Delivered,2024,1,January,Q1,2024-01,2024Q1
O006095,C00270,2025-11-01,Debit Card,Cancelled,2025,11,November,Q4,2025-11,2025Q4
O006096,C00527,2024-10-24,Net Banking,Delivered,2024,10,October,Q4,2024-10,2024Q4
O006097,C00268,2024-10-25,UPI,Cancelled,2024,10,October,Q4,2024-10,2024Q4
O006098,C01200,2024-12-10,Cash on Delivery,Delivered,2024,12,December,Q4,2024-12,2024Q4
O006099,C01353,2024-02-04,UPI,Delivered,2024,2,February,Q1,2024-02,2024Q1
O006100,C01262,2024-06-23,Debit Card,Cancelled,2024,6,June,Q2,2024-06,2024Q2
O006101,C01911,2024-06-08,Debit Card,Delivered,2024,6,June,Q2,2024-06,2024Q2
O006102,C00516,2024-10-21,UPI,Delivered,2024,10,October,Q4,2024-10,2024Q4
O006103,C01434,2024-05-23,UPI,Delivered,2024,5,May,Q2,2024-05,2024Q2
O006104,C01403,2025-05-27,Net Banking,Delivered,2025,5,May,Q2,2025-05,2025Q2
O006105,C01519,2024-11-30,Credit Card,Delivered,2024,11,November,Q4,2024-11,2024Q4
O006106,C01863,2025-02-17,Credit Card,Cancelled,2025,2,February,Q1,2025-02,2025Q1
O006107,C01992,2024-02-10,Credit Card,Delivered,2024,2,February,Q1,2024-02,2024Q1
O006108,C01924,2025-05-27,Credit Card,Delivered,2025,5,May,Q2,2025-05,2025Q2
O006109,C01694,2024-08-25,Credit Card,Delivered,2024,8,August,Q3,2024-08,2024Q3
O006110,C00815,2024-01-25,Net Banking,Cancelled,2024,1,January,Q1,2024-01,2024Q1
O006111,C01426,2025-02-24,Net Banking,Delivered,2025,2,February,Q1,2025-02,2025Q1
O006112,C01736,2025-08-15,Debit Card,Cancelled,2025,8,August,Q3,2025-08,2025Q3
O006113,C01078,2024-09-27,Credit Card,Delivered,2024,9,September,Q3,2024-09,2024Q3
O006114,C00420,2025-12-28,Debit Card,Cancelled,2025,12,December,Q4,2025-12,2025Q4
O006115,C01330,2024-01-21,Debit Card,Delivered,2024,1,January,Q1,2024-01,2024Q1
O006116,C01347,2025-12-07,Debit Card,Delivered,2025,12,December,Q4,2025-12,2025Q4
O006117,C00139,2025-04-17,Credit Card,Delivered,2025,4,April,Q2,2025-04,2025Q2
O006118,C00788,2025-08-09,UPI,Delivered,2025,8,August,Q3,2025-08,2025Q3
O006119,C01430,2025-11-24,Debit Card,Cancelled,2025,11,November,Q4,2025-11,2025Q4
O006120,C01316,2024-09-18,Credit Card,Delivered,2024,9,September,Q3,2024-09,2024Q3
O006121,C00958,2025-12-17,Cash on Delivery,Cancelled,2025,12,December,Q4,2025-12,2025Q4
O006122,C01228,2025-10-05,Cash on Delivery,Delivered,2025,10,October,Q4,2025-10,2025Q4
O006123,C00802,2025-12-05,UPI,Delivered,2025,12,December,Q4,2025-12,2025Q4
O006124,C01056,2024-07-22,Net Banking,Delivered,2024,7,July,Q3,2024-07,2024Q3
O006125,C01277,2025-09-21,Debit Card,Cancelled,2025,9,September,Q3,2025-09,2025Q3
O006126,C01588,2025-08-08,Net Banking,Delivered,2025,8,August,Q3,2025-08,2025Q3
O006127,C01810,2025-04-04,Debit Card,Delivered,2025,4,April,Q2,2025-04,2025Q2
O006128,C01989,2024-06-17,UPI,Cancelled,2024,6,June,Q2,2024-06,2024Q2
O006129,C01758,2025-08-11,Net Banking,Delivered,2025,8,August,Q3,2025-08,2025Q3
O006130,C00413,2024-01-22,Net Banking,Delivered,2024,1,January,Q1,2024-01,2024Q1
O006131,C00104,2024-09-21,Net Banking,Delivered,2024,9,September,Q3,2024-09,2024Q3
O006132,C01176,2025-07-17,Credit Card,Delivered,2025,7,July,Q3,2025-07,2025Q3
O006133,C00172,2025-10-06,Net Banking,Delivered,2025,10,October,Q4,2025-10,2025Q4
O006134,C00272,2025-04-27,UPI,Delivered,2025,4,April,Q2,2025-04,2025Q2
O006135,C00858,2024-12-03,Debit Card,Delivered,2024,12,December,Q4,2024-12,2024Q4
O006136,C01845,2025-11-03,UPI,Delivered,2025,11,November,Q4,2025-11,2025Q4
O006137,C01402,2024-11-28,Cash on Delivery,Delivered,2024,11,November,Q4,2024-11,2024Q4
O006138,C01948,2025-08-30,Credit Card,Delivered,2025,8,August,Q3,2025-08,2025Q3
O006139,C01363,2025-07-20,Cash on Delivery,Delivered,2025,7,July,Q3,2025-07,2025Q3
O006140,C00661,2025-12-22,UPI,Delivered,2025,12,December,Q4,2025-12,2025Q4
O006141,C01820,2025-07-25,Net Banking,Delivered,2025,7,July,Q3,2025-07,2025Q3
O006142,C00205,2025-08-07,Cash on Delivery,Delivered,2025,8,August,Q3,2025-08,2025Q3
O006143,C00522,2024-02-14,Debit Card,Delivered,2024,2,February,Q1,2024-02,2024Q1
O006144,C00012,2025-09-19,UPI,Delivered,2025,9,September,Q3,2025-09,2025Q3
O006145,C01073,2024-03-25,Credit Card,Cancelled,2024,3,March,Q1,2024-03,2024Q1
O006146,C01612,2025-03-05,Net Banking,Cancelled,2025,3,March,Q1,2025-03,2025Q1
O006147,C01753,2024-10-28,UPI,Delivered,2024,10,October,Q4,2024-10,2024Q4
O006148,C00732,2025-07-14,UPI,Delivered,2025,7,July,Q3,2025-07,2025Q3
O006149,C00784,2025-12-25,Credit Card,Delivered,2025,12,December,Q4,2025-12,2025Q4
O006150,C00219,2025-06-10,UPI,Delivered,2025,6,June,Q2,2025-06,2025Q2
O006151,C01765,2024-08-11,Credit Card,Delivered,2024,8,August,Q3,2024-08,2024Q3
O006152,C01577,2025-10-28,Cash on Delivery,Cancelled,2025,10,October,Q4,2025-10,2025Q4
O006153,C01253,2025-12-29,Net Banking,Delivered,2025,12,December,Q4,2025-12,2025Q4
O006154,C00011,2025-02-19,Credit Card,Delivered,2025,2,February,Q1,2025-02,2025Q1
O006155,C00413,2024-12-26,Cash on Delivery,Delivered,2024,12,December,Q4,2024-12,2024Q4
O006156,C01869,2024-11-25,Cash on Delivery,Delivered,2024,11,November,Q4,2024-11,2024Q4
O006157,C00035,2025-03-20,Debit Card,Delivered,2025,3,March,Q1,2025-03,2025Q1
O006158,C01714,2025-07-12,Credit Card,Delivered,2025,7,July,Q3,2025-07,2025Q3
O006159,C01777,2025-03-17,UPI,Delivered,2025,3,March,Q1,2025-03,2025Q1
O006160,C00927,2025-08-20,UPI,Delivered,2025,8,August,Q3,2025-08,2025Q3
O006161,C00837,2025-02-07,UPI,Cancelled,2025,2,February,Q1,2025-02,2025Q1
O006162,C00611,2024-07-21,Debit Card,Delivered,2024,7,July,Q3,2024-07,2024Q3
O006163,C01877,2024-05-06,Credit Card,Cancelled,2024,5,May,Q2,2024-05,2024Q2
O006164,C01317,2024-10-23,Credit Card,Delivered,2024,10,October,Q4,2024-10,2024Q4
O006165,C00093,2024-12-28,Cash on Delivery,Delivered,2024,12,December,Q4,2024-12,2024Q4
O006166,C01498,2025-08-02,UPI,Cancelled,2025,8,August,Q3,2025-08,2025Q3
O006167,C01253,2025-12-19,Cash on Delivery,Delivered,2025,12,December,Q4,2025-12,2025Q4
O006168,C00063,2024-07-04,Cash on Delivery,Delivered,2024,7,July,Q3,2024-07,2024Q3
O006169,C01530,2024-04-12,UPI,Delivered,2024,4,April,Q2,2024-04,2024Q2
O006170,C00552,2025-12-06,Cash on Delivery,Delivered,2025,12,December,Q4,2025-12,2025Q4
O006171,C01196,2024-01-12,Net Banking,Delivered,2024,1,January,Q1,2024-01,2024Q1
O006172,C01687,2024-08-06,Net Banking,Cancelled,2024,8,August,Q3,2024-08,2024Q3
O006173,C00993,2025-09-13,Cash on Delivery,Delivered,2025,9,September,Q3,2025-09,2025Q3
O006174,C00277,2025-06-14,Net Banking,Delivered,2025,6,June,Q2,2025-06,2025Q2
O006175,C00314,2024-08-01,Cash on Delivery,Delivered,2024,8,August,Q3,2024-08,2024Q3
O006176,C00225,2024-03-07,Credit Card,Delivered,2024,3,March,Q1,2024-03,2024Q1
O006177,C00798,2024-07-13,Debit Card,Cancelled,2024,7,July,Q3,2024-07,2024Q3
O006178,C00027,2025-08-22,Credit Card,Delivered,2025,8,August,Q3,2025-08,2025Q3
O006179,C00951,2025-02-25,UPI,Delivered,2025,2,February,Q1,2025-02,2025Q1
O006180,C01540,2024-08-17,Net Banking,Delivered,2024,8,August,Q3,2024-08,2024Q3
O006181,C01044,2024-09-19,UPI,Cancelled,2024,9,September,Q3,2024-09,2024Q3
O006182,C00660,2025-03-19,Debit Card,Delivered,2025,3,March,Q1,2025-03,2025Q1
O006183,C01174,2024-11-02,Debit Card,Delivered,2024,11,November,Q4,2024-11,2024Q4
O006184,C01820,2024-01-30,Debit Card,Cancelled,2024,1,January,Q1,2024-01,2024Q1
O006185,C01697,2025-04-23,Cash on Delivery,Delivered,2025,4,April,Q2,2025-04,2025Q2
O006186,C00288,2024-08-01,Net Banking,Delivered,2024,8,August,Q3,2024-08,2024Q3
O006187,C00003,2024-10-07,UPI,Cancelled,2024,10,October,Q4,2024-10,2024Q4
O006188,C00514,2024-07-27,Debit Card,Delivered,2024,7,July,Q3,2024-07,2024Q3
O006189,C01333,2025-05-27,UPI,Delivered,2025,5,May,Q2,2025-05,2025Q2
O006190,C01986,2024-07-13,UPI,Delivered,2024,7,July,Q3,2024-07,2024Q3
O006191,C01867,2025-08-30,Debit Card,Delivered,2025,8,August,Q3,2025-08,2025Q3
O006192,C00681,2025-05-22,Cash on Delivery,Delivered,2025,5,May,Q2,2025-05,2025Q2
O006193,C01251,2025-09-21,Cash on Delivery,Delivered,2025,9,September,Q3,2025-09,2025Q3
O006194,C00960,2025-08-22,Credit Card,Delivered,2025,8,August,Q3,2025-08,2025Q3
O006195,C00315,2025-04-17,UPI,Delivered,2025,4,April,Q2,2025-04,2025Q2
O006196,C01155,2024-01-10,Net Banking,Delivered,2024,1,January,Q1,2024-01,2024Q1
O006197,C00965,2024-04-06,Debit Card,Cancelled,2024,4,April,Q2,2024-04,2024Q2
O006198,C00895,2024-08-26,Net Banking,Delivered,2024,8,August,Q3,2024-08,2024Q3
O006199,C01249,2025-03-17,Debit Card,Delivered,2025,3,March,Q1,2025-03,2025Q1
O006200,C01345,2025-05-28,Credit Card,Cancelled,2025,5,May,Q2,2025-05,2025Q2
O006201,C01842,2024-09-06,Net Banking,Delivered,2024,9,September,Q3,2024-09,2024Q3
O006202,C01862,2025-10-11,Debit Card,Delivered,2025,10,October,Q4,2025-10,2025Q4
O006203,C00413,2024-07-24,UPI,Cancelled,2024,7,July,Q3,2024-07,2024Q3
O006204,C01070,2025-10-20,Credit Card,Cancelled,2025,10,October,Q4,2025-10,2025Q4
O006205,C00656,2024-05-18,Debit Card,Cancelled,2024,5,May,Q2,2024-05,2024Q2
O006206,C01790,2024-12-10,Net Banking,Cancelled,2024,12,December,Q4,2024-12,2024Q4
O006207,C01651,2024-12-25,Net Banking,Delivered,2024,12,December,Q4,2024-12,2024Q4
O006208,C01169,2024-01-14,Net Banking,Delivered,2024,1,January,Q1,2024-01,2024Q1
O006209,C00502,2024-12-07,Credit Card,Delivered,2024,12,December,Q4,2024-12,2024Q4
O006210,C01989,2024-01-07,Net Banking,Delivered,2024,1,January,Q1,2024-01,2024Q1
O006211,C01510,2024-12-28,Debit Card,Cancelled,2024,12,December,Q4,2024-12,2024Q4
O006212,C00772,2024-01-29,Cash on Delivery,Delivered,2024,1,January,Q1,2024-01,2024Q1
O006213,C00340,2024-10-05,Net Banking,Delivered,2024,10,October,Q4,2024-10,2024Q4
O006214,C01718,2025-01-07,Net Banking,Delivered,2025,1,January,Q1,2025-01,2025Q1
O006215,C01901,2025-05-10,Cash on Delivery,Delivered,2025,5,May,Q2,2025-05,2025Q2
O006216,C00203,2025-10-17,Net Banking,Delivered,2025,10,October,Q4,2025-10,2025Q4
O006217,C01434,2025-03-08,UPI,Delivered,2025,3,March,Q1,2025-03,2025Q1
O006218,C00826,2024-06-18,Credit Card,Cancelled,2024,6,June,Q2,2024-06,2024Q2
O006219,C00438,2024-11-13,Debit Card,Delivered,2024,11,November,Q4,2024-11,2024Q4
O006220,C00761,2024-02-15,UPI,Cancelled,2024,2,February,Q1,2024-02,2024Q1
O006221,C01891,2025-03-26,Cash on Delivery,Delivered,2025,3,March,Q1,2025-03,2025Q1
O006222,C00960,2025-12-30,Cash on Delivery,Cancelled,2025,12,December,Q4,2025-12,2025Q4
O006223,C00307,2024-03-02,UPI,Delivered,2024,3,March,Q1,2024-03,2024Q1
O006224,C01816,2024-08-02,Credit Card,Delivered,2024,8,August,Q3,2024-08,2024Q3
O006225,C01683,2025-11-27,Credit Card,Delivered,2025,11,November,Q4,2025-11,2025Q4
O006226,C00849,2025-04-19,Net Banking,Cancelled,2025,4,April,Q2,2025-04,2025Q2
O006227,C01713,2025-03-04,UPI,Delivered,2025,3,March,Q1,2025-03,2025Q1
O006228,C01901,2024-08-31,Credit Card,Delivered,2024,8,August,Q3,2024-08,2024Q3
O006229,C00274,2024-02-19,Net Banking,Delivered,2024,2,February,Q1,2024-02,2024Q1
O006230,C00451,2024-12-08,Net Banking,Delivered,2024,12,December,Q4,2024-12,2024Q4
O006231,C00923,2024-05-19,Debit Card,Cancelled,2024,5,May,Q2,2024-05,2024Q2
O006232,C00056,2024-07-19,Cash on Delivery,Delivered,2024,7,July,Q3,2024-07,2024Q3
O006233,C00467,2025-08-17,Credit Card,Cancelled,2025,8,August,Q3,2025-08,2025Q3
O006234,C00116,2025-09-03,UPI,Delivered,2025,9,September,Q3,2025-09,2025Q3
O006235,C00648,2024-08-02,Net Banking,Cancelled,2024,8,August,Q3,2024-08,2024Q3
O006236,C01286,2024-07-20,Debit Card,Delivered,2024,7,July,Q3,2024-07,2024Q3
O006237,C01375,2025-11-06,Cash on Delivery,Delivered,2025,11,November,Q4,2025-11,2025Q4
O006238,C01659,2025-01-19,Net Banking,Delivered,2025,1,January,Q1,2025-01,2025Q1
O006239,C01190,2024-04-08,UPI,Delivered,2024,4,April,Q2,2024-04,2024Q2
O006240,C00145,2024-06-25,Debit Card,Delivered,2024,6,June,Q2,2024-06,2024Q2
O006241,C00862,2025-05-04,Net Banking,Delivered,2025,5,May,Q2,2025-05,2025Q2
O006242,C00643,2024-05-15,Credit Card,Cancelled,2024,5,May,Q2,2024-05,2024Q2
O006243,C01075,2024-04-24,UPI,Cancelled,2024,4,April,Q2,2024-04,2024Q2
O006244,C01108,2025-11-07,Net Banking,Delivered,2025,11,November,Q4,2025-11,2025Q4
O006245,C01727,2025-04-24,Debit Card,Delivered,2025,4,April,Q2,2025-04,2025Q2
O006246,C00948,2025-05-24,Credit Card,Delivered,2025,5,May,Q2,2025-05,2025Q2
O006247,C01195,2024-02-08,UPI,Delivered,2024,2,February,Q1,2024-02,2024Q1
O006248,C01012,2024-06-29,Debit Card,Cancelled,2024,6,June,Q2,2024-06,2024Q2
O006249,C01190,2024-03-29,UPI,Cancelled,2024,3,March,Q1,2024-03,2024Q1
O006250,C01247,2025-05-23,Net Banking,Delivered,2025,5,May,Q2,2025-05,2025Q2
O006251,C00830,2024-01-30,Net Banking,Delivered,2024,1,January,Q1,2024-01,2024Q1
O006252,C01036,2024-05-23,Credit Card,Cancelled,2024,5,May,Q2,2024-05,2024Q2
O006253,C00908,2025-06-15,Credit Card,Cancelled,2025,6,June,Q2,2025-06,2025Q2
O006254,C00047,2025-01-28,Net Banking,Delivered,2025,1,January,Q1,2025-01,2025Q1
O006255,C01404,2025-10-30,Net Banking,Delivered,2025,10,October,Q4,2025-10,2025Q4
O006256,C00163,2024-12-07,Credit Card,Delivered,2024,12,December,Q4,2024-12,2024Q4
O006257,C01216,2025-03-26,Net Banking,Delivered,2025,3,March,Q1,2025-03,2025Q1
O006258,C00370,2024-09-03,UPI,Cancelled,2024,9,September,Q3,2024-09,2024Q3
O006259,C00058,2024-02-02,Debit Card,Delivered,2024,2,February,Q1,2024-02,2024Q1
O006260,C01121,2025-03-05,Cash on Delivery,Cancelled,2025,3,March,Q1,2025-03,2025Q1
O006261,C00205,2025-07-11,UPI,Cancelled,2025,7,July,Q3,2025-07,2025Q3
O006262,C01326,2024-06-26,Cash on Delivery,Cancelled,2024,6,June,Q2,2024-06,2024Q2
O006263,C01319,2024-02-17,Credit Card,Delivered,2024,2,February,Q1,2024-02,2024Q1
O006264,C01047,2025-07-09,Credit Card,Delivered,2025,7,July,Q3,2025-07,2025Q3
O006265,C01329,2024-07-20,Net Banking,Delivered,2024,7,July,Q3,2024-07,2024Q3
O006266,C01875,2024-07-18,Credit Card,Cancelled,2024,7,July,Q3,2024-07,2024Q3
O006267,C00076,2024-01-13,UPI,Delivered,2024,1,January,Q1,2024-01,2024Q1
O006268,C00932,2025-06-10,Credit Card,Delivered,2025,6,June,Q2,2025-06,2025Q2
O006269,C00986,2025-10-18,Credit Card,Cancelled,2025,10,October,Q4,2025-10,2025Q4
O006270,C01137,2025-10-28,Credit Card,Delivered,2025,10,October,Q4,2025-10,2025Q4
O006271,C01134,2025-10-21,Debit Card,Delivered,2025,10,October,Q4,2025-10,2025Q4
O006272,C00459,2024-10-01,UPI,Cancelled,2024,10,October,Q4,2024-10,2024Q4
O006273,C01358,2025-02-23,Cash on Delivery,Delivered,2025,2,February,Q1,2025-02,2025Q1
O006274,C01355,2025-07-11,Debit Card,Cancelled,2025,7,July,Q3,2025-07,2025Q3
O006275,C01848,2024-02-04,Net Banking,Delivered,2024,2,February,Q1,2024-02,2024Q1
O006276,C00497,2025-04-11,Debit Card,Delivered,2025,4,April,Q2,2025-04,2025Q2
O006277,C00862,2024-07-01,Net Banking,Delivered,2024,7,July,Q3,2024-07,2024Q3
O006278,C00943,2024-09-28,Cash on Delivery,Cancelled,2024,9,September,Q3,2024-09,2024Q3
O006279,C00848,2024-03-25,Cash on Delivery,Delivered,2024,3,March,Q1,2024-03,2024Q1
O006280,C01996,2024-03-01,UPI,Delivered,2024,3,March,Q1,2024-03,2024Q1
O006281,C01415,2025-01-28,Net Banking,Delivered,2025,1,January,Q1,2025-01,2025Q1
O006282,C01640,2024-12-10,Credit Card,Delivered,2024,12,December,Q4,2024-12,2024Q4
O006283,C01515,2024-03-28,UPI,Delivered,2024,3,March,Q1,2024-03,2024Q1
O006284,C01721,2025-01-31,Credit Card,Delivered,2025,1,January,Q1,2025-01,2025Q1
O006285,C00662,2024-03-01,Debit Card,Delivered,2024,3,March,Q1,2024-03,2024Q1
O006286,C01295,2024-07-03,UPI,Delivered,2024,7,July,Q3,2024-07,2024Q3
O006287,C00902,2024-06-07,UPI,Delivered,2024,6,June,Q2,2024-06,2024Q2
O006288,C00261,2024-09-10,Net Banking,Cancelled,2024,9,September,Q3,2024-09,2024Q3
O006289,C00980,2025-03-19,Cash on Delivery,Cancelled,2025,3,March,Q1,2025-03,2025Q1
O006290,C01384,2024-10-15,Credit Card,Cancelled,2024,10,October,Q4,2024-10,2024Q4
O006291,C00561,2025-10-06,Debit Card,Delivered,2025,10,October,Q4,2025-10,2025Q4
O006292,C00092,2025-10-01,Debit Card,Delivered,2025,10,October,Q4,2025-10,2025Q4
O006293,C01043,2025-06-12,Debit Card,Delivered,2025,6,June,Q2,2025-06,2025Q2
O006294,C01991,2024-11-19,UPI,Delivered,2024,11,November,Q4,2024-11,2024Q4
O006295,C00131,2024-02-25,Debit Card,Delivered,2024,2,February,Q1,2024-02,2024Q1
O006296,C01948,2025-05-13,UPI,Delivered,2025,5,May,Q2,2025-05,2025Q2
O006297,C01542,2024-11-27,Credit Card,Delivered,2024,11,November,Q4,2024-11,2024Q4
O006298,C01328,2025-11-11,Cash on Delivery,Delivered,2025,11,November,Q4,2025-11,2025Q4
O006299,C00407,2024-08-07,Credit Card,Delivered,2024,8,August,Q3,2024-08,2024Q3
O006300,C00234,2024-04-21,Debit Card,Delivered,2024,4,April,Q2,2024-04,2024Q2
O006301,C01678,2024-01-20,Cash on Delivery,Cancelled,2024,1,January,Q1,2024-01,2024Q1
O006302,C00153,2024-09-10,UPI,Cancelled,2024,9,September,Q3,2024-09,2024Q3
O006303,C01309,2025-04-16,Credit Card,Delivered,2025,4,April,Q2,2025-04,2025Q2
O006304,C01266,2025-09-04,Credit Card,Delivered,2025,9,September,Q3,2025-09,2025Q3
O006305,C01790,2024-10-06,Credit Card,Delivered,2024,10,October,Q4,2024-10,2024Q4
O006306,C01309,2024-09-17,Cash on Delivery,Delivered,2024,9,September,Q3,2024-09,2024Q3
O006307,C00732,2024-11-13,Net Banking,Cancelled,2024,11,November,Q4,2024-11,2024Q4
O006308,C00598,2025-11-28,Debit Card,Delivered,2025,11,November,Q4,2025-11,2025Q4
O006309,C02000,2025-05-21,Net Banking,Cancelled,2025,5,May,Q2,2025-05,2025Q2
O006310,C01660,2024-10-18,Debit Card,Delivered,2024,10,October,Q4,2024-10,2024Q4
O006311,C01874,2024-12-31,Cash on Delivery,Delivered,2024,12,December,Q4,2024-12,2024Q4
O006312,C01679,2024-08-16,Net Banking,Delivered,2024,8,August,Q3,2024-08,2024Q3
O006313,C01954,2025-04-28,Credit Card,Delivered,2025,4,April,Q2,2025-04,2025Q2
O006314,C00136,2024-01-25,Net Banking,Delivered,2024,1,January,Q1,2024-01,2024Q1
O006315,C01921,2024-05-04,UPI,Delivered,2024,5,May,Q2,2024-05,2024Q2
O006316,C00983,2024-10-13,Credit Card,Delivered,2024,10,October,Q4,2024-10,2024Q4
O006317,C01037,2024-02-04,Credit Card,Delivered,2024,2,February,Q1,2024-02,2024Q1
O006318,C00728,2024-08-13,Credit Card,Delivered,2024,8,August,Q3,2024-08,2024Q3
O006319,C00750,2025-12-23,Credit Card,Delivered,2025,12,December,Q4,2025-12,2025Q4
O006320,C01232,2024-04-26,Credit Card,Delivered,2024,4,April,Q2,2024-04,2024Q2
O006321,C00479,2025-12-09,UPI,Cancelled,2025,12,December,Q4,2025-12,2025Q4
O006322,C00806,2025-04-04,Cash on Delivery,Delivered,2025,4,April,Q2,2025-04,2025Q2
O006323,C01456,2024-01-20,UPI,Cancelled,2024,1,January,Q1,2024-01,2024Q1
O006324,C01700,2024-03-23,UPI,Delivered,2024,3,March,Q1,2024-03,2024Q1
O006325,C01146,2025-04-18,Debit Card,Delivered,2025,4,April,Q2,2025-04,2025Q2
O006326,C01316,2024-06-13,UPI,Delivered,2024,6,June,Q2,2024-06,2024Q2
O006327,C00465,2025-09-19,Credit Card,Delivered,2025,9,September,Q3,2025-09,2025Q3
O006328,C00186,2024-08-31,Credit Card,Delivered,2024,8,August,Q3,2024-08,2024Q3
O006329,C00142,2025-01-31,Credit Card,Delivered,2025,1,January,Q1,2025-01,2025Q1
O006330,C01101,2025-07-09,UPI,Delivered,2025,7,July,Q3,2025-07,2025Q3
O006331,C01633,2025-08-29,Credit Card,Delivered,2025,8,August,Q3,2025-08,2025Q3
O006332,C01865,2025-07-30,Credit Card,Delivered,2025,7,July,Q3,2025-07,2025Q3
O006333,C00598,2025-01-29,Net Banking,Delivered,2025,1,January,Q1,2025-01,2025Q1
O006334,C01453,2025-08-31,UPI,Delivered,2025,8,August,Q3,2025-08,2025Q3
O006335,C01490,2025-03-27,UPI,Delivered,2025,3,March,Q1,2025-03,2025Q1
O006336,C01522,2025-07-07,Cash on Delivery,Delivered,2025,7,July,Q3,2025-07,2025Q3
O006337,C01116,2024-09-24,Debit Card,Delivered,2024,9,September,Q3,2024-09,2024Q3
O006338,C01888,2024-06-15,Net Banking,Delivered,2024,6,June,Q2,2024-06,2024Q2
O006339,C01518,2024-10-21,Cash on Delivery,Delivered,2024,10,October,Q4,2024-10,2024Q4
O006340,C00870,2025-10-07,UPI,Delivered,2025,10,October,Q4,2025-10,2025Q4
O006341,C00007,2025-03-28,UPI,Delivered,2025,3,March,Q1,2025-03,2025Q1
O006342,C01839,2024-01-26,Credit Card,Delivered,2024,1,January,Q1,2024-01,2024Q1
O006343,C01052,2025-05-25,UPI,Delivered,2025,5,May,Q2,2025-05,2025Q2
O006344,C01157,2025-07-18,Cash on Delivery,Delivered,2025,7,July,Q3,2025-07,2025Q3
O006345,C01323,2024-04-26,Debit Card,Delivered,2024,4,April,Q2,2024-04,2024Q2
O006346,C00467,2024-10-23,Debit Card,Delivered,2024,10,October,Q4,2024-10,2024Q4
O006347,C01716,2025-08-15,Credit Card,Delivered,2025,8,August,Q3,2025-08,2025Q3
O006348,C00792,2025-05-19,UPI,Cancelled,2025,5,May,Q2,2025-05,2025Q2
O006349,C00523,2024-03-01,Cash on Delivery,Delivered,2024,3,March,Q1,2024-03,2024Q1
O006350,C01422,2024-03-01,Net Banking,Delivered,2024,3,March,Q1,2024-03,2024Q1
O006351,C00590,2025-12-27,UPI,Delivered,2025,12,December,Q4,2025-12,2025Q4
O006352,C01212,2024-06-23,Credit Card,Cancelled,2024,6,June,Q2,2024-06,2024Q2
O006353,C00830,2025-03-15,Credit Card,Delivered,2025,3,March,Q1,2025-03,2025Q1
O006354,C01989,2025-01-26,Credit Card,Delivered,2025,1,January,Q1,2025-01,2025Q1
O006355,C01663,2025-03-22,UPI,Delivered,2025,3,March,Q1,2025-03,2025Q1
O006356,C01986,2025-05-04,UPI,Cancelled,2025,5,May,Q2,2025-05,2025Q2
O006357,C01487,2025-03-01,Debit Card,Delivered,2025,3,March,Q1,2025-03,2025Q1
O006358,C01449,2025-07-24,Net Banking,Delivered,2025,7,July,Q3,2025-07,2025Q3
O006359,C01143,2024-11-20,Credit Card,Delivered,2024,11,November,Q4,2024-11,2024Q4
O006360,C00773,2025-02-22,Credit Card,Delivered,2025,2,February,Q1,2025-02,2025Q1
O006361,C01229,2025-07-23,Net Banking,Delivered,2025,7,July,Q3,2025-07,2025Q3
O006362,C00848,2024-04-04,Net Banking,Delivered,2024,4,April,Q2,2024-04,2024Q2
O006363,C00004,2025-10-20,Credit Card,Delivered,2025,10,October,Q4,2025-10,2025Q4
O006364,C01530,2025-11-13,Net Banking,Delivered,2025,11,November,Q4,2025-11,2025Q4
O006365,C00570,2025-02-13,UPI,Delivered,2025,2,February,Q1,2025-02,2025Q1
O006366,C00276,2025-09-11,Cash on Delivery,Delivered,2025,9,September,Q3,2025-09,2025Q3
O006367,C00274,2024-02-09,Credit Card,Delivered,2024,2,February,Q1,2024-02,2024Q1
O006368,C01257,2025-04-16,Cash on Delivery,Cancelled,2025,4,April,Q2,2025-04,2025Q2
O006369,C00082,2025-01-01,UPI,Delivered,2025,1,January,Q1,2025-01,2025Q1
O006370,C01486,2025-05-27,Net Banking,Delivered,2025,5,May,Q2,2025-05,2025Q2
O006371,C01135,2025-02-11,Credit Card,Delivered,2025,2,February,Q1,2025-02,2025Q1
O006372,C01000,2025-02-08,Debit Card,Cancelled,2025,2,February,Q1,2025-02,2025Q1
O006373,C01517,2024-12-08,UPI,Delivered,2024,12,December,Q4,2024-12,2024Q4
O006374,C00972,2024-09-03,Net Banking,Cancelled,2024,9,September,Q3,2024-09,2024Q3
O006375,C00148,2024-07-28,Debit Card,Delivered,2024,7,July,Q3,2024-07,2024Q3
O006376,C01302,2024-05-31,UPI,Delivered,2024,5,May,Q2,2024-05,2024Q2
O006377,C00247,2025-10-11,Debit Card,Delivered,2025,10,October,Q4,2025-10,2025Q4
O006378,C00056,2025-03-22,Debit Card,Delivered,2025,3,March,Q1,2025-03,2025Q1
O006379,C00503,2024-08-15,Debit Card,Delivered,2024,8,August,Q3,2024-08,2024Q3
O006380,C00938,2025-12-08,Debit Card,Delivered,2025,12,December,Q4,2025-12,2025Q4
O006381,C01860,2024-07-08,Debit Card,Delivered,2024,7,July,Q3,2024-07,2024Q3
O006382,C01806,2024-09-12,Credit Card,Delivered,2024,9,September,Q3,2024-09,2024Q3
O006383,C01667,2024-07-07,UPI,Cancelled,2024,7,July,Q3,2024-07,2024Q3
O006384,C00786,2025-09-12,Credit Card,Delivered,2025,9,September,Q3,2025-09,2025Q3
O006385,C01540,2025-08-19,Credit Card,Delivered,2025,8,August,Q3,2025-08,2025Q3
O006386,C00447,2024-10-08,UPI,Cancelled,2024,10,October,Q4,2024-10,2024Q4
O006387,C01603,2024-06-28,Debit Card,Delivered,2024,6,June,Q2,2024-06,2024Q2
O006388,C01831,2024-12-20,Cash on Delivery,Delivered,2024,12,December,Q4,2024-12,2024Q4
O006389,C00730,2024-09-01,Cash on Delivery,Delivered,2024,9,September,Q3,2024-09,2024Q3
O006390,C01310,2025-08-04,Credit Card,Delivered,2025,8,August,Q3,2025-08,2025Q3
O006391,C01404,2024-03-30,Net Banking,Delivered,2024,3,March,Q1,2024-03,2024Q1
O006392,C01743,2025-06-22,Net Banking,Delivered,2025,6,June,Q2,2025-06,2025Q2
O006393,C00612,2024-07-06,Cash on Delivery,Delivered,2024,7,July,Q3,2024-07,2024Q3
O006394,C00054,2024-12-11,Credit Card,Cancelled,2024,12,December,Q4,2024-12,2024Q4
O006395,C00663,2025-07-23,UPI,Delivered,2025,7,July,Q3,2025-07,2025Q3
O006396,C01522,2025-11-14,Debit Card,Delivered,2025,11,November,Q4,2025-11,2025Q4
O006397,C00131,2024-11-14,Credit Card,Delivered,2024,11,November,Q4,2024-11,2024Q4
O006398,C01597,2024-10-08,UPI,Delivered,2024,10,October,Q4,2024-10,2024Q4
O006399,C01793,2024-03-02,Cash on Delivery,Delivered,2024,3,March,Q1,2024-03,2024Q1
O006400,C00986,2024-09-30,Credit Card,Delivered,2024,9,September,Q3,2024-09,2024Q3
O006401,C01093,2025-03-11,Net Banking,Delivered,2025,3,March,Q1,2025-03,2025Q1
O006402,C01173,2025-01-27,UPI,Delivered,2025,1,January,Q1,2025-01,2025Q1
O006403,C00961,2024-02-29,Credit Card,Delivered,2024,2,February,Q1,2024-02,2024Q1
O006404,C00136,2025-12-11,Debit Card,Delivered,2025,12,December,Q4,2025-12,2025Q4
O006405,C00566,2024-10-08,Net Banking,Delivered,2024,10,October,Q4,2024-10,2024Q4
O006406,C00766,2025-05-22,Net Banking,Delivered,2025,5,May,Q2,2025-05,2025Q2
O006407,C01189,2025-01-11,Net Banking,Delivered,2025,1,January,Q1,2025-01,2025Q1
O006408,C00733,2025-04-15,UPI,Delivered,2025,4,April,Q2,2025-04,2025Q2
O006409,C00534,2024-06-27,Net Banking,Cancelled,2024,6,June,Q2,2024-06,2024Q2
O006410,C00938,2024-12-14,Cash on Delivery,Cancelled,2024,12,December,Q4,2024-12,2024Q4
O006411,C00956,2025-09-02,Credit Card,Delivered,2025,9,September,Q3,2025-09,2025Q3
O006412,C00438,2024-11-21,UPI,Delivered,2024,11,November,Q4,2024-11,2024Q4
O006413,C00593,2024-06-27,UPI,Cancelled,2024,6,June,Q2,2024-06,2024Q2
O006414,C00660,2025-03-18,UPI,Delivered,2025,3,March,Q1,2025-03,2025Q1
O006415,C01015,2025-10-04,Debit Card,Delivered,2025,10,October,Q4,2025-10,2025Q4
O006416,C00195,2025-10-04,Cash on Delivery,Delivered,2025,10,October,Q4,2025-10,2025Q4
O006417,C00107,2024-04-07,Debit Card,Delivered,2024,4,April,Q2,2024-04,2024Q2
O006418,C01029,2025-12-20,UPI,Delivered,2025,12,December,Q4,2025-12,2025Q4
O006419,C01481,2025-02-21,Cash on Delivery,Delivered,2025,2,February,Q1,2025-02,2025Q1
O006420,C01977,2024-07-09,UPI,Delivered,2024,7,July,Q3,2024-07,2024Q3
O006421,C00423,2025-08-26,Debit Card,Delivered,2025,8,August,Q3,2025-08,2025Q3
O006422,C00189,2025-12-07,Cash on Delivery,Delivered,2025,12,December,Q4,2025-12,2025Q4
O006423,C00469,2024-11-12,Credit Card,Cancelled,2024,11,November,Q4,2024-11,2024Q4
O006424,C00845,2025-06-07,Credit Card,Delivered,2025,6,June,Q2,2025-06,2025Q2
O006425,C01936,2025-03-30,Net Banking,Delivered,2025,3,March,Q1,2025-03,2025Q1
O006426,C01636,2025-06-01,Cash on Delivery,Delivered,2025,6,June,Q2,2025-06,2025Q2
O006427,C01124,2024-04-17,Net Banking,Delivered,2024,4,April,Q2,2024-04,2024Q2
O006428,C00093,2025-04-15,Net Banking,Delivered,2025,4,April,Q2,2025-04,2025Q2
O006429,C01293,2024-07-21,Debit Card,Delivered,2024,7,July,Q3,2024-07,2024Q3
O006430,C00617,2025-09-10,Credit Card,Delivered,2025,9,September,Q3,2025-09,2025Q3
O006431,C01559,2024-08-10,Net Banking,Delivered,2024,8,August,Q3,2024-08,2024Q3
O006432,C00833,2024-09-22,Net Banking,Delivered,2024,9,September,Q3,2024-09,2024Q3
O006433,C00293,2024-08-31,Net Banking,Cancelled,2024,8,August,Q3,2024-08,2024Q3
O006434,C01345,2024-04-01,UPI,Delivered,2024,4,April,Q2,2024-04,2024Q2
O006435,C00763,2024-03-04,Debit Card,Delivered,2024,3,March,Q1,2024-03,2024Q1
O006436,C01448,2024-11-13,Debit Card,Delivered,2024,11,November,Q4,2024-11,2024Q4
O006437,C00828,2024-11-23,UPI,Delivered,2024,11,November,Q4,2024-11,2024Q4
O006438,C00400,2025-01-27,UPI,Delivered,2025,1,January,Q1,2025-01,2025Q1
O006439,C01964,2024-04-25,Cash on Delivery,Delivered,2024,4,April,Q2,2024-04,2024Q2
O006440,C01791,2025-03-23,Debit Card,Delivered,2025,3,March,Q1,2025-03,2025Q1
O006441,C01864,2025-01-18,UPI,Delivered,2025,1,January,Q1,2025-01,2025Q1
O006442,C01875,2025-05-06,Net Banking,Delivered,2025,5,May,Q2,2025-05,2025Q2
O006443,C00591,2025-11-15,UPI,Delivered,2025,11,November,Q4,2025-11,2025Q4
O006444,C00593,2025-08-23,Credit Card,Delivered,2025,8,August,Q3,2025-08,2025Q3
O006445,C00827,2024-06-02,Credit Card,Delivered,2024,6,June,Q2,2024-06,2024Q2
O006446,C00212,2025-11-29,UPI,Delivered,2025,11,November,Q4,2025-11,2025Q4
O006447,C00655,2024-05-19,Cash on Delivery,Cancelled,2024,5,May,Q2,2024-05,2024Q2
O006448,C00291,2025-11-11,UPI,Delivered,2025,11,November,Q4,2025-11,2025Q4
O006449,C00870,2024-12-18,Credit Card,Delivered,2024,12,December,Q4,2024-12,2024Q4
O006450,C01739,2024-01-13,Cash on Delivery,Delivered,2024,1,January,Q1,2024-01,2024Q1
O006451,C00264,2024-05-09,Credit Card,Delivered,2024,5,May,Q2,2024-05,2024Q2
O006452,C00570,2024-04-03,UPI,Delivered,2024,4,April,Q2,2024-04,2024Q2
O006453,C00476,2024-11-21,Cash on Delivery,Delivered,2024,11,November,Q4,2024-11,2024Q4
O006454,C00378,2024-07-23,Net Banking,Delivered,2024,7,July,Q3,2024-07,2024Q3
O006455,C00763,2025-08-17,Net Banking,Delivered,2025,8,August,Q3,2025-08,2025Q3
O006456,C01342,2025-03-06,UPI,Cancelled,2025,3,March,Q1,2025-03,2025Q1
O006457,C01552,2025-07-06,UPI,Delivered,2025,7,July,Q3,2025-07,2025Q3
O006458,C00234,2025-12-23,Credit Card,Delivered,2025,12,December,Q4,2025-12,2025Q4
O006459,C01095,2024-12-30,Debit Card,Delivered,2024,12,December,Q4,2024-12,2024Q4
O006460,C00458,2025-07-30,Cash on Delivery,Delivered,2025,7,July,Q3,2025-07,2025Q3
O006461,C00395,2024-03-19,UPI,Delivered,2024,3,March,Q1,2024-03,2024Q1
O006462,C00745,2024-04-08,UPI,Delivered,2024,4,April,Q2,2024-04,2024Q2
O006463,C01957,2025-11-06,UPI,Delivered,2025,11,November,Q4,2025-11,2025Q4
O006464,C00325,2024-01-27,Credit Card,Cancelled,2024,1,January,Q1,2024-01,2024Q1
O006465,C00521,2025-10-09,Debit Card,Delivered,2025,10,October,Q4,2025-10,2025Q4
O006466,C01392,2024-12-01,Credit Card,Delivered,2024,12,December,Q4,2024-12,2024Q4
O006467,C00444,2024-01-19,UPI,Cancelled,2024,1,January,Q1,2024-01,2024Q1
O006468,C00819,2025-06-19,UPI,Delivered,2025,6,June,Q2,2025-06,2025Q2
O006469,C01249,2024-05-09,Net Banking,Delivered,2024,5,May,Q2,2024-05,2024Q2
O006470,C01625,2024-02-26,UPI,Delivered,2024,2,February,Q1,2024-02,2024Q1
O006471,C01196,2024-04-12,Cash on Delivery,Delivered,2024,4,April,Q2,2024-04,2024Q2
O006472,C00880,2025-02-03,Credit Card,Delivered,2025,2,February,Q1,2025-02,2025Q1
O006473,C00357,2025-11-04,UPI,Cancelled,2025,11,November,Q4,2025-11,2025Q4
O006474,C01948,2025-02-15,Credit Card,Delivered,2025,2,February,Q1,2025-02,2025Q1
O006475,C01537,2025-12-14,Debit Card,Delivered,2025,12,December,Q4,2025-12,2025Q4
O006476,C01281,2024-10-28,Credit Card,Delivered,2024,10,October,Q4,2024-10,2024Q4
O006477,C01356,2025-12-03,Credit Card,Delivered,2025,12,December,Q4,2025-12,2025Q4
O006478,C00364,2024-11-24,Cash on Delivery,Delivered,2024,11,November,Q4,2024-11,2024Q4
O006479,C01701,2024-10-02,Credit Card,Delivered,2024,10,October,Q4,2024-10,2024Q4
O006480,C01710,2024-04-08,UPI,Delivered,2024,4,April,Q2,2024-04,2024Q2
O006481,C01410,2024-11-08,UPI,Delivered,2024,11,November,Q4,2024-11,2024Q4
O006482,C01966,2025-06-25,Credit Card,Delivered,2025,6,June,Q2,2025-06,2025Q2
O006483,C01153,2025-03-08,Net Banking,Delivered,2025,3,March,Q1,2025-03,2025Q1
O006484,C01000,2024-07-06,Net Banking,Delivered,2024,7,July,Q3,2024-07,2024Q3
O006485,C00758,2025-07-07,Credit Card,Cancelled,2025,7,July,Q3,2025-07,2025Q3
O006486,C00125,2024-08-15,Cash on Delivery,Delivered,2024,8,August,Q3,2024-08,2024Q3
O006487,C00853,2024-04-02,Debit Card,Delivered,2024,4,April,Q2,2024-04,2024Q2
O006488,C00546,2024-09-18,Net Banking,Delivered,2024,9,September,Q3,2024-09,2024Q3
O006489,C00449,2025-11-28,Credit Card,Delivered,2025,11,November,Q4,2025-11,2025Q4
O006490,C01739,2025-10-02,Cash on Delivery,Delivered,2025,10,October,Q4,2025-10,2025Q4
O006491,C00327,2025-11-28,UPI,Delivered,2025,11,November,Q4,2025-11,2025Q4
O006492,C01593,2024-09-18,Debit Card,Delivered,2024,9,September,Q3,2024-09,2024Q3
O006493,C00890,2025-04-04,Debit Card,Delivered,2025,4,April,Q2,2025-04,2025Q2
O006494,C00693,2025-04-17,Credit Card,Cancelled,2025,4,April,Q2,2025-04,2025Q2
O006495,C01189,2025-04-23,Debit Card,Delivered,2025,4,April,Q2,2025-04,2025Q2
O006496,C00261,2024-03-24,Cash on Delivery,Cancelled,2024,3,March,Q1,2024-03,2024Q1
O006497,C01130,2025-07-14,Net Banking,Delivered,2025,7,July,Q3,2025-07,2025Q3
O006498,C00316,2024-02-05,Debit Card,Delivered,2024,2,February,Q1,2024-02,2024Q1
O006499,C01797,2024-02-27,Net Banking,Delivered,2024,2,February,Q1,2024-02,2024Q1
O006500,C01892,2025-07-27,Cash on Delivery,Delivered,2025,7,July,Q3,2025-07,2025Q3
O006501,C00610,2025-12-16,UPI,Delivered,2025,12,December,Q4,2025-12,2025Q4
O006502,C00973,2024-10-02,UPI,Delivered,2024,10,October,Q4,2024-10,2024Q4
O006503,C01769,2024-12-14,Net Banking,Delivered,2024,12,December,Q4,2024-12,2024Q4
O006504,C01948,2025-12-08,UPI,Cancelled,2025,12,December,Q4,2025-12,2025Q4
O006505,C01908,2024-11-13,Credit Card,Delivered,2024,11,November,Q4,2024-11,2024Q4
O006506,C00436,2025-05-04,Debit Card,Delivered,2025,5,May,Q2,2025-05,2025Q2
O006507,C01124,2024-12-15,Debit Card,Cancelled,2024,12,December,Q4,2024-12,2024Q4
O006508,C01535,2025-07-29,Credit Card,Cancelled,2025,7,July,Q3,2025-07,2025Q3
O006509,C00054,2025-10-10,Net Banking,Delivered,2025,10,October,Q4,2025-10,2025Q4
O006510,C00806,2024-12-04,Debit Card,Delivered,2024,12,December,Q4,2024-12,2024Q4
O006511,C00607,2024-08-12,Credit Card,Cancelled,2024,8,August,Q3,2024-08,2024Q3
O006512,C01309,2025-08-11,Credit Card,Cancelled,2025,8,August,Q3,2025-08,2025Q3
O006513,C01541,2025-01-05,Cash on Delivery,Delivered,2025,1,January,Q1,2025-01,2025Q1
O006514,C00851,2025-06-27,UPI,Delivered,2025,6,June,Q2,2025-06,2025Q2
O006515,C01763,2024-04-14,Credit Card,Cancelled,2024,4,April,Q2,2024-04,2024Q2
O006516,C00171,2025-07-23,UPI,Delivered,2025,7,July,Q3,2025-07,2025Q3
O006517,C01837,2024-05-22,Cash on Delivery,Delivered,2024,5,May,Q2,2024-05,2024Q2
O006518,C01423,2025-07-16,Net Banking,Delivered,2025,7,July,Q3,2025-07,2025Q3
O006519,C00060,2025-08-17,UPI,Delivered,2025,8,August,Q3,2025-08,2025Q3
O006520,C01652,2025-04-02,Credit Card,Delivered,2025,4,April,Q2,2025-04,2025Q2
O006521,C00268,2025-12-12,Credit Card,Delivered,2025,12,December,Q4,2025-12,2025Q4
O006522,C01416,2025-09-28,Credit Card,Delivered,2025,9,September,Q3,2025-09,2025Q3
O006523,C01932,2025-12-28,UPI,Cancelled,2025,12,December,Q4,2025-12,2025Q4
O006524,C01257,2025-01-30,Net Banking,Delivered,2025,1,January,Q1,2025-01,2025Q1
O006525,C01964,2024-03-06,Cash on Delivery,Delivered,2024,3,March,Q1,2024-03,2024Q1
O006526,C01139,2024-04-28,Cash on Delivery,Delivered,2024,4,April,Q2,2024-04,2024Q2
O006527,C01499,2025-11-26,Debit Card,Cancelled,2025,11,November,Q4,2025-11,2025Q4
O006528,C00426,2024-01-07,UPI,Delivered,2024,1,January,Q1,2024-01,2024Q1
O006529,C00251,2025-04-06,Cash on Delivery,Delivered,2025,4,April,Q2,2025-04,2025Q2
O006530,C01606,2025-04-05,UPI,Delivered,2025,4,April,Q2,2025-04,2025Q2
O006531,C01604,2024-10-14,Net Banking,Delivered,2024,10,October,Q4,2024-10,2024Q4
O006532,C00377,2025-06-07,Debit Card,Delivered,2025,6,June,Q2,2025-06,2025Q2
O006533,C01717,2025-05-19,UPI,Cancelled,2025,5,May,Q2,2025-05,2025Q2
O006534,C01703,2024-12-18,Debit Card,Delivered,2024,12,December,Q4,2024-12,2024Q4
O006535,C01726,2024-10-21,Cash on Delivery,Delivered,2024,10,October,Q4,2024-10,2024Q4
O006536,C01538,2024-09-05,Credit Card,Delivered,2024,9,September,Q3,2024-09,2024Q3
O006537,C01225,2024-12-06,UPI,Delivered,2024,12,December,Q4,2024-12,2024Q4
O006538,C00285,2024-05-17,Debit Card,Cancelled,2024,5,May,Q2,2024-05,2024Q2
O006539,C01763,2025-01-30,Cash on Delivery,Delivered,2025,1,January,Q1,2025-01,2025Q1
O006540,C00024,2025-07-15,Credit Card,Cancelled,2025,7,July,Q3,2025-07,2025Q3
O006541,C00538,2025-04-01,Debit Card,Delivered,2025,4,April,Q2,2025-04,2025Q2
O006542,C01368,2024-08-04,UPI,Delivered,2024,8,August,Q3,2024-08,2024Q3
O006543,C01315,2025-08-23,Credit Card,Delivered,2025,8,August,Q3,2025-08,2025Q3
O006544,C01472,2024-03-16,Credit Card,Delivered,2024,3,March,Q1,2024-03,2024Q1
O006545,C00182,2024-06-29,Net Banking,Delivered,2024,6,June,Q2,2024-06,2024Q2
O006546,C01377,2024-08-18,UPI,Cancelled,2024,8,August,Q3,2024-08,2024Q3
O006547,C00460,2025-01-18,UPI,Delivered,2025,1,January,Q1,2025-01,2025Q1
O006548,C01229,2024-09-21,UPI,Delivered,2024,9,September,Q3,2024-09,2024Q3
O006549,C00215,2024-02-07,Net Banking,Delivered,2024,2,February,Q1,2024-02,2024Q1
O006550,C00348,2025-03-14,Debit Card,Cancelled,2025,3,March,Q1,2025-03,2025Q1
O006551,C00057,2025-02-06,UPI,Delivered,2025,2,February,Q1,2025-02,2025Q1
O006552,C01163,2025-11-27,Net Banking,Cancelled,2025,11,November,Q4,2025-11,2025Q4
O006553,C00070,2025-02-11,UPI,Delivered,2025,2,February,Q1,2025-02,2025Q1
O006554,C00464,2025-03-26,Credit Card,Delivered,2025,3,March,Q1,2025-03,2025Q1
O006555,C01991,2025-01-29,Debit Card,Delivered,2025,1,January,Q1,2025-01,2025Q1
O006556,C00976,2025-10-17,Net Banking,Delivered,2025,10,October,Q4,2025-10,2025Q4
O006557,C01346,2025-12-21,Credit Card,Delivered,2025,12,December,Q4,2025-12,2025Q4
O006558,C01093,2024-11-27,Debit Card,Delivered,2024,11,November,Q4,2024-11,2024Q4
O006559,C00094,2024-08-09,Cash on Delivery,Cancelled,2024,8,August,Q3,2024-08,2024Q3
O006560,C01633,2024-09-07,Net Banking,Delivered,2024,9,September,Q3,2024-09,2024Q3
O006561,C01492,2024-10-25,UPI,Delivered,2024,10,October,Q4,2024-10,2024Q4
O006562,C01772,2024-09-04,Net Banking,Delivered,2024,9,September,Q3,2024-09,2024Q3
O006563,C01230,2025-08-11,Credit Card,Delivered,2025,8,August,Q3,2025-08,2025Q3
O006564,C00152,2024-05-18,Debit Card,Cancelled,2024,5,May,Q2,2024-05,2024Q2
O006565,C00187,2024-04-21,UPI,Delivered,2024,4,April,Q2,2024-04,2024Q2
O006566,C00022,2024-02-02,Debit Card,Cancelled,2024,2,February,Q1,2024-02,2024Q1
O006567,C01341,2025-09-24,Cash on Delivery,Delivered,2025,9,September,Q3,2025-09,2025Q3
O006568,C01581,2025-07-24,UPI,Delivered,2025,7,July,Q3,2025-07,2025Q3
O006569,C01344,2025-11-16,Credit Card,Delivered,2025,11,November,Q4,2025-11,2025Q4
O006570,C00309,2025-07-21,Cash on Delivery,Cancelled,2025,7,July,Q3,2025-07,2025Q3
O006571,C01702,2024-06-12,Net Banking,Delivered,2024,6,June,Q2,2024-06,2024Q2
O006572,C01897,2024-11-30,UPI,Delivered,2024,11,November,Q4,2024-11,2024Q4
O006573,C01876,2025-02-07,Cash on Delivery,Delivered,2025,2,February,Q1,2025-02,2025Q1
O006574,C01532,2024-08-04,Cash on Delivery,Cancelled,2024,8,August,Q3,2024-08,2024Q3
O006575,C01234,2025-03-22,UPI,Delivered,2025,3,March,Q1,2025-03,2025Q1
O006576,C00296,2025-11-14,UPI,Delivered,2025,11,November,Q4,2025-11,2025Q4
O006577,C00529,2025-04-23,Credit Card,Delivered,2025,4,April,Q2,2025-04,2025Q2
O006578,C00620,2024-09-01,Debit Card,Delivered,2024,9,September,Q3,2024-09,2024Q3
O006579,C00123,2024-03-18,UPI,Delivered,2024,3,March,Q1,2024-03,2024Q1
O006580,C00153,2024-09-26,Net Banking,Delivered,2024,9,September,Q3,2024-09,2024Q3
O006581,C01425,2024-08-09,Debit Card,Delivered,2024,8,August,Q3,2024-08,2024Q3
O006582,C00995,2024-05-08,Net Banking,Cancelled,2024,5,May,Q2,2024-05,2024Q2
O006583,C00205,2024-04-02,Credit Card,Cancelled,2024,4,April,Q2,2024-04,2024Q2
O006584,C00783,2024-08-11,UPI,Delivered,2024,8,August,Q3,2024-08,2024Q3
O006585,C01613,2024-07-31,Net Banking,Delivered,2024,7,July,Q3,2024-07,2024Q3
O006586,C01752,2025-01-12,UPI,Delivered,2025,1,January,Q1,2025-01,2025Q1
O006587,C00238,2024-12-06,Credit Card,Delivered,2024,12,December,Q4,2024-12,2024Q4
O006588,C01603,2024-06-22,Debit Card,Cancelled,2024,6,June,Q2,2024-06,2024Q2
O006589,C01397,2025-11-18,UPI,Delivered,2025,11,November,Q4,2025-11,2025Q4
O006590,C00278,2024-05-11,Debit Card,Delivered,2024,5,May,Q2,2024-05,2024Q2
O006591,C01371,2024-08-12,UPI,Delivered,2024,8,August,Q3,2024-08,2024Q3
O006592,C01988,2025-12-30,Cash on Delivery,Cancelled,2025,12,December,Q4,2025-12,2025Q4
O006593,C01645,2025-12-13,UPI,Delivered,2025,12,December,Q4,2025-12,2025Q4
O006594,C00189,2024-07-20,UPI,Cancelled,2024,7,July,Q3,2024-07,2024Q3
O006595,C00941,2025-04-15,Cash on Delivery,Delivered,2025,4,April,Q2,2025-04,2025Q2
O006596,C00650,2025-08-08,UPI,Delivered,2025,8,August,Q3,2025-08,2025Q3
O006597,C01913,2024-03-23,UPI,Cancelled,2024,3,March,Q1,2024-03,2024Q1
O006598,C00437,2025-12-19,Cash on Delivery,Delivered,2025,12,December,Q4,2025-12,2025Q4
O006599,C01740,2024-06-28,Cash on Delivery,Delivered,2024,6,June,Q2,2024-06,2024Q2
O006600,C01006,2025-06-01,Net Banking,Delivered,2025,6,June,Q2,2025-06,2025Q2
O006601,C01762,2024-08-04,Credit Card,Cancelled,2024,8,August,Q3,2024-08,2024Q3
O006602,C00147,2024-04-19,Credit Card,Cancelled,2024,4,April,Q2,2024-04,2024Q2
O006603,C01616,2024-03-15,UPI,Delivered,2024,3,March,Q1,2024-03,2024Q1
O006604,C01881,2024-06-09,Net Banking,Delivered,2024,6,June,Q2,2024-06,2024Q2
O006605,C01259,2025-03-04,UPI,Delivered,2025,3,March,Q1,2025-03,2025Q1
O006606,C00251,2025-10-13,Cash on Delivery,Delivered,2025,10,October,Q4,2025-10,2025Q4
O006607,C00347,2025-01-30,Credit Card,Delivered,2025,1,January,Q1,2025-01,2025Q1
O006608,C00244,2025-08-09,Credit Card,Delivered,2025,8,August,Q3,2025-08,2025Q3
O006609,C00156,2024-05-11,Credit Card,Delivered,2024,5,May,Q2,2024-05,2024Q2
O006610,C01885,2024-01-22,UPI,Delivered,2024,1,January,Q1,2024-01,2024Q1
O006611,C00106,2025-04-09,Net Banking,Cancelled,2025,4,April,Q2,2025-04,2025Q2
O006612,C01359,2025-12-02,Net Banking,Delivered,2025,12,December,Q4,2025-12,2025Q4
O006613,C00796,2024-01-31,UPI,Delivered,2024,1,January,Q1,2024-01,2024Q1
O006614,C01123,2025-11-22,UPI,Delivered,2025,11,November,Q4,2025-11,2025Q4
O006615,C00691,2025-02-23,Credit Card,Delivered,2025,2,February,Q1,2025-02,2025Q1
O006616,C00360,2025-02-21,Debit Card,Delivered,2025,2,February,Q1,2025-02,2025Q1
O006617,C01515,2025-09-12,UPI,Delivered,2025,9,September,Q3,2025-09,2025Q3
O006618,C00005,2024-05-31,Credit Card,Delivered,2024,5,May,Q2,2024-05,2024Q2
O006619,C00580,2024-01-06,Net Banking,Delivered,2024,1,January,Q1,2024-01,2024Q1
O006620,C01914,2025-01-14,Cash on Delivery,Cancelled,2025,1,January,Q1,2025-01,2025Q1
O006621,C01112,2025-10-08,Cash on Delivery,Cancelled,2025,10,October,Q4,2025-10,2025Q4
O006622,C00566,2025-09-30,Cash on Delivery,Cancelled,2025,9,September,Q3,2025-09,2025Q3
O006623,C01874,2024-01-21,Cash on Delivery,Delivered,2024,1,January,Q1,2024-01,2024Q1
O006624,C00800,2024-10-14,Net Banking,Cancelled,2024,10,October,Q4,2024-10,2024Q4
O006625,C01168,2024-06-06,Cash on Delivery,Delivered,2024,6,June,Q2,2024-06,2024Q2
O006626,C00120,2024-08-06,UPI,Delivered,2024,8,August,Q3,2024-08,2024Q3
O006627,C01211,2025-03-19,Debit Card,Delivered,2025,3,March,Q1,2025-03,2025Q1
O006628,C00925,2024-11-27,Debit Card,Delivered,2024,11,November,Q4,2024-11,2024Q4
O006629,C00427,2025-07-22,Debit Card,Delivered,2025,7,July,Q3,2025-07,2025Q3
O006630,C01594,2024-12-11,Cash on Delivery,Delivered,2024,12,December,Q4,2024-12,2024Q4
O006631,C01816,2025-02-08,UPI,Delivered,2025,2,February,Q1,2025-02,2025Q1
O006632,C00919,2024-04-08,Debit Card,Delivered,2024,4,April,Q2,2024-04,2024Q2
O006633,C00934,2025-10-07,Credit Card,Delivered,2025,10,October,Q4,2025-10,2025Q4
O006634,C00828,2024-12-18,UPI,Delivered,2024,12,December,Q4,2024-12,2024Q4
O006635,C00830,2024-08-17,Credit Card,Delivered,2024,8,August,Q3,2024-08,2024Q3
O006636,C00784,2025-12-14,Net Banking,Delivered,2025,12,December,Q4,2025-12,2025Q4
O006637,C00047,2024-03-26,Debit Card,Delivered,2024,3,March,Q1,2024-03,2024Q1
O006638,C00603,2025-07-10,Debit Card,Delivered,2025,7,July,Q3,2025-07,2025Q3
O006639,C01718,2025-07-02,Credit Card,Delivered,2025,7,July,Q3,2025-07,2025Q3
O006640,C01677,2025-12-14,Net Banking,Cancelled,2025,12,December,Q4,2025-12,2025Q4
O006641,C01328,2025-10-18,Cash on Delivery,Delivered,2025,10,October,Q4,2025-10,2025Q4
O006642,C01764,2024-04-03,UPI,Delivered,2024,4,April,Q2,2024-04,2024Q2
O006643,C01613,2024-12-11,Cash on Delivery,Delivered,2024,12,December,Q4,2024-12,2024Q4
O006644,C01594,2025-11-21,UPI,Delivered,2025,11,November,Q4,2025-11,2025Q4
O006645,C00008,2024-12-01,Net Banking,Delivered,2024,12,December,Q4,2024-12,2024Q4
O006646,C01109,2025-01-18,Credit Card,Delivered,2025,1,January,Q1,2025-01,2025Q1
O006647,C01991,2024-07-23,UPI,Delivered,2024,7,July,Q3,2024-07,2024Q3
O006648,C00278,2024-03-08,Cash on Delivery,Delivered,2024,3,March,Q1,2024-03,2024Q1
O006649,C00016,2025-11-02,Credit Card,Delivered,2025,11,November,Q4,2025-11,2025Q4
O006650,C00394,2024-04-16,Cash on Delivery,Delivered,2024,4,April,Q2,2024-04,2024Q2
O006651,C00250,2024-08-04,Debit Card,Delivered,2024,8,August,Q3,2024-08,2024Q3
O006652,C00287,2025-07-22,UPI,Cancelled,2025,7,July,Q3,2025-07,2025Q3
O006653,C00304,2025-06-03,Credit Card,Delivered,2025,6,June,Q2,2025-06,2025Q2
O006654,C01139,2024-03-31,UPI,Delivered,2024,3,March,Q1,2024-03,2024Q1
O006655,C01098,2024-10-01,Debit Card,Delivered,2024,10,October,Q4,2024-10,2024Q4
O006656,C00670,2025-09-16,Cash on Delivery,Cancelled,2025,9,September,Q3,2025-09,2025Q3
O006657,C00395,2024-03-02,Credit Card,Cancelled,2024,3,March,Q1,2024-03,2024Q1
O006658,C01211,2025-08-01,Cash on Delivery,Delivered,2025,8,August,Q3,2025-08,2025Q3
O006659,C00066,2025-09-08,UPI,Delivered,2025,9,September,Q3,2025-09,2025Q3
O006660,C00189,2024-06-21,UPI,Cancelled,2024,6,June,Q2,2024-06,2024Q2
O006661,C00549,2025-07-18,Net Banking,Cancelled,2025,7,July,Q3,2025-07,2025Q3
O006662,C01644,2024-02-27,UPI,Delivered,2024,2,February,Q1,2024-02,2024Q1
O006663,C00764,2024-09-11,Cash on Delivery,Delivered,2024,9,September,Q3,2024-09,2024Q3
O006664,C01443,2024-05-01,UPI,Delivered,2024,5,May,Q2,2024-05,2024Q2
O006665,C00711,2025-01-28,UPI,Delivered,2025,1,January,Q1,2025-01,2025Q1
O006666,C00398,2024-09-17,Debit Card,Delivered,2024,9,September,Q3,2024-09,2024Q3
O006667,C01900,2024-08-02,Credit Card,Delivered,2024,8,August,Q3,2024-08,2024Q3
O006668,C01570,2024-12-18,Cash on Delivery,Cancelled,2024,12,December,Q4,2024-12,2024Q4
O006669,C00269,2025-05-04,Net Banking,Delivered,2025,5,May,Q2,2025-05,2025Q2
O006670,C01622,2025-07-25,Net Banking,Delivered,2025,7,July,Q3,2025-07,2025Q3
O006671,C00241,2025-02-02,Debit Card,Delivered,2025,2,February,Q1,2025-02,2025Q1
O006672,C01959,2025-06-06,Debit Card,Delivered,2025,6,June,Q2,2025-06,2025Q2
O006673,C01227,2025-08-26,Net Banking,Cancelled,2025,8,August,Q3,2025-08,2025Q3
O006674,C00493,2024-02-27,UPI,Cancelled,2024,2,February,Q1,2024-02,2024Q1
O006675,C00036,2025-07-02,Net Banking,Delivered,2025,7,July,Q3,2025-07,2025Q3
O006676,C01833,2025-06-18,Debit Card,Delivered,2025,6,June,Q2,2025-06,2025Q2
O006677,C01274,2024-09-01,UPI,Delivered,2024,9,September,Q3,2024-09,2024Q3
O006678,C00497,2025-11-24,Debit Card,Delivered,2025,11,November,Q4,2025-11,2025Q4
O006679,C01256,2025-12-19,Credit Card,Delivered,2025,12,December,Q4,2025-12,2025Q4
O006680,C01612,2024-01-30,Debit Card,Delivered,2024,1,January,Q1,2024-01,2024Q1
O006681,C01905,2024-12-02,Net Banking,Delivered,2024,12,December,Q4,2024-12,2024Q4
O006682,C00962,2024-03-19,Credit Card,Delivered,2024,3,March,Q1,2024-03,2024Q1
O006683,C00590,2025-12-25,Cash on Delivery,Delivered,2025,12,December,Q4,2025-12,2025Q4
O006684,C01128,2025-07-01,UPI,Delivered,2025,7,July,Q3,2025-07,2025Q3
O006685,C00175,2025-09-08,Debit Card,Cancelled,2025,9,September,Q3,2025-09,2025Q3
O006686,C01898,2025-02-08,Debit Card,Delivered,2025,2,February,Q1,2025-02,2025Q1
O006687,C00790,2024-09-03,Credit Card,Delivered,2024,9,September,Q3,2024-09,2024Q3
O006688,C01020,2024-05-27,Cash on Delivery,Cancelled,2024,5,May,Q2,2024-05,2024Q2
O006689,C01316,2025-10-15,Debit Card,Delivered,2025,10,October,Q4,2025-10,2025Q4
O006690,C01380,2025-03-09,Credit Card,Delivered,2025,3,March,Q1,2025-03,2025Q1
O006691,C01144,2025-05-28,Cash on Delivery,Delivered,2025,5,May,Q2,2025-05,2025Q2
O006692,C01368,2025-10-12,Credit Card,Delivered,2025,10,October,Q4,2025-10,2025Q4
O006693,C00455,2025-11-12,Net Banking,Cancelled,2025,11,November,Q4,2025-11,2025Q4
O006694,C01486,2025-05-01,Net Banking,Delivered,2025,5,May,Q2,2025-05,2025Q2
O006695,C01908,2024-01-28,Net Banking,Delivered,2024,1,January,Q1,2024-01,2024Q1
O006696,C01684,2025-05-07,Net Banking,Cancelled,2025,5,May,Q2,2025-05,2025Q2
O006697,C01180,2025-05-02,UPI,Delivered,2025,5,May,Q2,2025-05,2025Q2
O006698,C01132,2024-01-07,UPI,Delivered,2024,1,January,Q1,2024-01,2024Q1
O006699,C01874,2024-07-10,Debit Card,Delivered,2024,7,July,Q3,2024-07,2024Q3
O006700,C01214,2024-04-16,Cash on Delivery,Delivered,2024,4,April,Q2,2024-04,2024Q2
O006701,C01430,2025-03-31,Debit Card,Cancelled,2025,3,March,Q1,2025-03,2025Q1
O006702,C01556,2024-10-19,Debit Card,Delivered,2024,10,October,Q4,2024-10,2024Q4
O006703,C01180,2025-11-08,Net Banking,Delivered,2025,11,November,Q4,2025-11,2025Q4
O006704,C01709,2024-06-20,Net Banking,Cancelled,2024,6,June,Q2,2024-06,2024Q2
O006705,C01976,2025-06-07,Credit Card,Delivered,2025,6,June,Q2,2025-06,2025Q2
O006706,C01413,2024-05-31,Debit Card,Delivered,2024,5,May,Q2,2024-05,2024Q2
O006707,C01831,2024-07-25,Credit Card,Cancelled,2024,7,July,Q3,2024-07,2024Q3
O006708,C01245,2024-12-31,Cash on Delivery,Delivered,2024,12,December,Q4,2024-12,2024Q4
O006709,C00031,2024-04-27,Net Banking,Delivered,2024,4,April,Q2,2024-04,2024Q2
O006710,C01491,2025-01-11,UPI,Delivered,2025,1,January,Q1,2025-01,2025Q1
O006711,C00861,2025-09-24,Net Banking,Delivered,2025,9,September,Q3,2025-09,2025Q3
O006712,C00479,2024-05-25,Net Banking,Delivered,2024,5,May,Q2,2024-05,2024Q2
O006713,C00761,2025-07-23,Credit Card,Delivered,2025,7,July,Q3,2025-07,2025Q3
O006714,C00170,2025-01-20,Net Banking,Delivered,2025,1,January,Q1,2025-01,2025Q1
O006715,C00295,2024-08-07,Credit Card,Delivered,2024,8,August,Q3,2024-08,2024Q3
O006716,C01898,2024-04-12,Credit Card,Cancelled,2024,4,April,Q2,2024-04,2024Q2
O006717,C00142,2024-06-03,Credit Card,Cancelled,2024,6,June,Q2,2024-06,2024Q2
O006718,C00120,2025-05-08,UPI,Delivered,2025,5,May,Q2,2025-05,2025Q2
O006719,C01301,2025-11-11,UPI,Delivered,2025,11,November,Q4,2025-11,2025Q4
O006720,C00399,2024-03-09,Debit Card,Delivered,2024,3,March,Q1,2024-03,2024Q1
O006721,C01262,2025-02-05,Cash on Delivery,Delivered,2025,2,February,Q1,2025-02,2025Q1
O006722,C01312,2025-10-27,Debit Card,Delivered,2025,10,October,Q4,2025-10,2025Q4
O006723,C00606,2025-07-15,Credit Card,Delivered,2025,7,July,Q3,2025-07,2025Q3
O006724,C01585,2025-08-05,Net Banking,Delivered,2025,8,August,Q3,2025-08,2025Q3
O006725,C00662,2024-06-15,UPI,Cancelled,2024,6,June,Q2,2024-06,2024Q2
O006726,C00578,2024-01-03,Debit Card,Delivered,2024,1,January,Q1,2024-01,2024Q1
O006727,C01524,2024-12-03,Credit Card,Delivered,2024,12,December,Q4,2024-12,2024Q4
O006728,C00357,2024-02-22,Credit Card,Delivered,2024,2,February,Q1,2024-02,2024Q1
O006729,C01050,2025-01-16,UPI,Delivered,2025,1,January,Q1,2025-01,2025Q1
O006730,C00561,2025-03-09,UPI,Delivered,2025,3,March,Q1,2025-03,2025Q1
O006731,C01453,2025-04-19,UPI,Delivered,2025,4,April,Q2,2025-04,2025Q2
O006732,C01475,2024-06-10,UPI,Delivered,2024,6,June,Q2,2024-06,2024Q2
O006733,C01930,2025-07-05,Net Banking,Cancelled,2025,7,July,Q3,2025-07,2025Q3
O006734,C00222,2024-05-18,Debit Card,Cancelled,2024,5,May,Q2,2024-05,2024Q2
O006735,C00693,2024-01-31,Debit Card,Delivered,2024,1,January,Q1,2024-01,2024Q1
O006736,C00578,2024-11-20,Net Banking,Cancelled,2024,11,November,Q4,2024-11,2024Q4
O006737,C01901,2025-06-18,UPI,Delivered,2025,6,June,Q2,2025-06,2025Q2
O006738,C00357,2024-07-23,Net Banking,Cancelled,2024,7,July,Q3,2024-07,2024Q3
O006739,C01657,2025-04-21,Credit Card,Delivered,2025,4,April,Q2,2025-04,2025Q2
O006740,C00569,2024-10-22,Credit Card,Delivered,2024,10,October,Q4,2024-10,2024Q4
O006741,C00927,2025-05-05,UPI,Delivered,2025,5,May,Q2,2025-05,2025Q2
O006742,C00454,2025-03-29,Credit Card,Cancelled,2025,3,March,Q1,2025-03,2025Q1
O006743,C01628,2024-07-01,Debit Card,Cancelled,2024,7,July,Q3,2024-07,2024Q3
O006744,C00597,2025-05-10,Credit Card,Delivered,2025,5,May,Q2,2025-05,2025Q2
O006745,C01738,2024-09-27,UPI,Delivered,2024,9,September,Q3,2024-09,2024Q3
O006746,C01311,2025-01-11,Cash on Delivery,Delivered,2025,1,January,Q1,2025-01,2025Q1
O006747,C01076,2025-02-16,Credit Card,Delivered,2025,2,February,Q1,2025-02,2025Q1
O006748,C00573,2025-05-25,UPI,Delivered,2025,5,May,Q2,2025-05,2025Q2
O006749,C01240,2024-05-19,Net Banking,Delivered,2024,5,May,Q2,2024-05,2024Q2
O006750,C00377,2025-11-12,Cash on Delivery,Cancelled,2025,11,November,Q4,2025-11,2025Q4
O006751,C00186,2024-08-21,Credit Card,Delivered,2024,8,August,Q3,2024-08,2024Q3
O006752,C00995,2025-10-14,Credit Card,Delivered,2025,10,October,Q4,2025-10,2025Q4
O006753,C01230,2024-06-29,Credit Card,Delivered,2024,6,June,Q2,2024-06,2024Q2
O006754,C00055,2025-11-10,Debit Card,Delivered,2025,11,November,Q4,2025-11,2025Q4
O006755,C00835,2024-08-14,Debit Card,Delivered,2024,8,August,Q3,2024-08,2024Q3
O006756,C01854,2025-06-02,UPI,Delivered,2025,6,June,Q2,2025-06,2025Q2
O006757,C01402,2025-01-11,Credit Card,Cancelled,2025,1,January,Q1,2025-01,2025Q1
O006758,C00361,2025-01-15,Cash on Delivery,Delivered,2025,1,January,Q1,2025-01,2025Q1
O006759,C01238,2025-09-10,Credit Card,Delivered,2025,9,September,Q3,2025-09,2025Q3
O006760,C01759,2025-05-04,UPI,Delivered,2025,5,May,Q2,2025-05,2025Q2
O006761,C00454,2024-10-31,Credit Card,Delivered,2024,10,October,Q4,2024-10,2024Q4
O006762,C01540,2025-04-09,UPI,Delivered,2025,4,April,Q2,2025-04,2025Q2
O006763,C00249,2024-10-04,Cash on Delivery,Cancelled,2024,10,October,Q4,2024-10,2024Q4
O006764,C00322,2025-02-26,Debit Card,Delivered,2025,2,February,Q1,2025-02,2025Q1
O006765,C01089,2025-01-08,Cash on Delivery,Delivered,2025,1,January,Q1,2025-01,2025Q1
O006766,C00016,2024-08-17,UPI,Delivered,2024,8,August,Q3,2024-08,2024Q3
O006767,C00857,2024-03-15,UPI,Cancelled,2024,3,March,Q1,2024-03,2024Q1
O006768,C00100,2024-06-19,UPI,Cancelled,2024,6,June,Q2,2024-06,2024Q2
O006769,C00491,2024-03-28,Debit Card,Delivered,2024,3,March,Q1,2024-03,2024Q1
O006770,C00766,2025-11-15,Cash on Delivery,Delivered,2025,11,November,Q4,2025-11,2025Q4
O006771,C01003,2025-11-27,Debit Card,Delivered,2025,11,November,Q4,2025-11,2025Q4
O006772,C01237,2025-08-09,UPI,Delivered,2025,8,August,Q3,2025-08,2025Q3
O006773,C00120,2025-08-16,Debit Card,Delivered,2025,8,August,Q3,2025-08,2025Q3
O006774,C01452,2024-08-11,Cash on Delivery,Delivered,2024,8,August,Q3,2024-08,2024Q3
O006775,C00882,2024-11-21,UPI,Delivered,2024,11,November,Q4,2024-11,2024Q4
O006776,C00300,2024-12-13,UPI,Delivered,2024,12,December,Q4,2024-12,2024Q4
O006777,C00772,2024-09-09,Cash on Delivery,Delivered,2024,9,September,Q3,2024-09,2024Q3
O006778,C01434,2024-07-11,Net Banking,Delivered,2024,7,July,Q3,2024-07,2024Q3
O006779,C01053,2025-05-29,Cash on Delivery,Delivered,2025,5,May,Q2,2025-05,2025Q2
O006780,C01987,2024-11-26,Cash on Delivery,Delivered,2024,11,November,Q4,2024-11,2024Q4
O006781,C00006,2024-03-30,Net Banking,Cancelled,2024,3,March,Q1,2024-03,2024Q1
O006782,C01274,2024-05-16,Cash on Delivery,Delivered,2024,5,May,Q2,2024-05,2024Q2
O006783,C00465,2024-12-26,UPI,Delivered,2024,12,December,Q4,2024-12,2024Q4
O006784,C01626,2024-09-04,Cash on Delivery,Delivered,2024,9,September,Q3,2024-09,2024Q3
O006785,C00280,2025-05-28,Credit Card,Delivered,2025,5,May,Q2,2025-05,2025Q2
O006786,C01971,2024-03-29,Net Banking,Delivered,2024,3,March,Q1,2024-03,2024Q1
O006787,C00954,2024-09-26,Cash on Delivery,Cancelled,2024,9,September,Q3,2024-09,2024Q3
O006788,C01574,2025-06-25,UPI,Delivered,2025,6,June,Q2,2025-06,2025Q2
O006789,C00679,2024-11-05,Credit Card,Delivered,2024,11,November,Q4,2024-11,2024Q4
O006790,C01504,2025-07-01,Credit Card,Delivered,2025,7,July,Q3,2025-07,2025Q3
O006791,C00910,2024-04-09,UPI,Delivered,2024,4,April,Q2,2024-04,2024Q2
O006792,C01260,2025-08-23,Debit Card,Delivered,2025,8,August,Q3,2025-08,2025Q3
O006793,C00402,2025-11-16,Net Banking,Delivered,2025,11,November,Q4,2025-11,2025Q4
O006794,C01885,2025-01-10,UPI,Delivered,2025,1,January,Q1,2025-01,2025Q1
O006795,C01995,2025-10-14,Debit Card,Delivered,2025,10,October,Q4,2025-10,2025Q4
O006796,C01458,2025-09-17,Net Banking,Delivered,2025,9,September,Q3,2025-09,2025Q3
O006797,C00120,2025-11-02,Credit Card,Delivered,2025,11,November,Q4,2025-11,2025Q4
O006798,C01328,2025-01-14,Cash on Delivery,Delivered,2025,1,January,Q1,2025-01,2025Q1
O006799,C00138,2025-04-11,UPI,Cancelled,2025,4,April,Q2,2025-04,2025Q2
O006800,C00328,2024-11-16,Cash on Delivery,Delivered,2024,11,November,Q4,2024-11,2024Q4
O006801,C01683,2025-06-17,Debit Card,Delivered,2025,6,June,Q2,2025-06,2025Q2
O006802,C00977,2024-07-01,Credit Card,Delivered,2024,7,July,Q3,2024-07,2024Q3
O006803,C01357,2024-01-23,UPI,Cancelled,2024,1,January,Q1,2024-01,2024Q1
O006804,C00123,2024-08-13,UPI,Delivered,2024,8,August,Q3,2024-08,2024Q3
O006805,C00142,2024-07-27,Debit Card,Delivered,2024,7,July,Q3,2024-07,2024Q3
O006806,C00980,2025-01-29,Cash on Delivery,Delivered,2025,1,January,Q1,2025-01,2025Q1
O006807,C00050,2024-06-16,Net Banking,Delivered,2024,6,June,Q2,2024-06,2024Q2
O006808,C01296,2025-11-22,Net Banking,Delivered,2025,11,November,Q4,2025-11,2025Q4
O006809,C00687,2025-10-22,Credit Card,Delivered,2025,10,October,Q4,2025-10,2025Q4
O006810,C00310,2025-08-31,Credit Card,Delivered,2025,8,August,Q3,2025-08,2025Q3
O006811,C00253,2024-11-13,Cash on Delivery,Delivered,2024,11,November,Q4,2024-11,2024Q4
O006812,C01200,2024-02-17,Credit Card,Delivered,2024,2,February,Q1,2024-02,2024Q1
O006813,C01780,2025-03-12,Credit Card,Delivered,2025,3,March,Q1,2025-03,2025Q1
O006814,C01677,2025-08-22,Cash on Delivery,Delivered,2025,8,August,Q3,2025-08,2025Q3
O006815,C01326,2024-09-08,Cash on Delivery,Delivered,2024,9,September,Q3,2024-09,2024Q3
O006816,C00849,2024-07-22,UPI,Delivered,2024,7,July,Q3,2024-07,2024Q3
O006817,C00172,2025-06-08,UPI,Delivered,2025,6,June,Q2,2025-06,2025Q2
O006818,C01733,2024-09-03,UPI,Delivered,2024,9,September,Q3,2024-09,2024Q3
O006819,C00395,2024-11-15,UPI,Delivered,2024,11,November,Q4,2024-11,2024Q4
O006820,C01923,2024-10-30,Cash on Delivery,Delivered,2024,10,October,Q4,2024-10,2024Q4
O006821,C01701,2025-09-20,Credit Card,Delivered,2025,9,September,Q3,2025-09,2025Q3
O006822,C01167,2024-12-09,Cash on Delivery,Cancelled,2024,12,December,Q4,2024-12,2024Q4
O006823,C01860,2024-11-26,Credit Card,Delivered,2024,11,November,Q4,2024-11,2024Q4
O006824,C01440,2024-11-05,UPI,Delivered,2024,11,November,Q4,2024-11,2024Q4
O006825,C00294,2024-07-21,UPI,Delivered,2024,7,July,Q3,2024-07,2024Q3
O006826,C01228,2025-12-09,Cash on Delivery,Delivered,2025,12,December,Q4,2025-12,2025Q4
O006827,C00779,2024-02-12,Cash on Delivery,Delivered,2024,2,February,Q1,2024-02,2024Q1
O006828,C00260,2024-07-27,Net Banking,Cancelled,2024,7,July,Q3,2024-07,2024Q3
O006829,C01462,2025-01-12,UPI,Delivered,2025,1,January,Q1,2025-01,2025Q1
O006830,C01350,2025-07-19,Credit Card,Delivered,2025,7,July,Q3,2025-07,2025Q3
O006831,C00846,2024-06-19,Credit Card,Delivered,2024,6,June,Q2,2024-06,2024Q2
O006832,C01808,2024-09-20,Cash on Delivery,Delivered,2024,9,September,Q3,2024-09,2024Q3
O006833,C01883,2025-05-09,Debit Card,Delivered,2025,5,May,Q2,2025-05,2025Q2
O006834,C00194,2025-09-27,UPI,Delivered,2025,9,September,Q3,2025-09,2025Q3
O006835,C01367,2024-02-05,Cash on Delivery,Delivered,2024,2,February,Q1,2024-02,2024Q1
O006836,C01647,2024-08-27,Credit Card,Delivered,2024,8,August,Q3,2024-08,2024Q3
O006837,C00805,2024-12-13,Debit Card,Delivered,2024,12,December,Q4,2024-12,2024Q4
O006838,C00883,2024-11-14,Net Banking,Delivered,2024,11,November,Q4,2024-11,2024Q4
O006839,C01785,2024-06-20,Debit Card,Delivered,2024,6,June,Q2,2024-06,2024Q2
O006840,C01650,2025-03-20,Credit Card,Delivered,2025,3,March,Q1,2025-03,2025Q1
O006841,C00375,2025-11-11,Cash on Delivery,Delivered,2025,11,November,Q4,2025-11,2025Q4
O006842,C01932,2024-05-09,UPI,Delivered,2024,5,May,Q2,2024-05,2024Q2
O006843,C01002,2025-02-20,Debit Card,Delivered,2025,2,February,Q1,2025-02,2025Q1
O006844,C00644,2024-06-09,Cash on Delivery,Delivered,2024,6,June,Q2,2024-06,2024Q2
O006845,C01257,2025-08-28,Net Banking,Delivered,2025,8,August,Q3,2025-08,2025Q3
O006846,C00533,2025-04-30,Cash on Delivery,Delivered,2025,4,April,Q2,2025-04,2025Q2
O006847,C01048,2024-03-26,UPI,Delivered,2024,3,March,Q1,2024-03,2024Q1
O006848,C00328,2025-04-21,Credit Card,Delivered,2025,4,April,Q2,2025-04,2025Q2
O006849,C01668,2025-04-19,Net Banking,Delivered,2025,4,April,Q2,2025-04,2025Q2
O006850,C01451,2024-09-13,Debit Card,Delivered,2024,9,September,Q3,2024-09,2024Q3
O006851,C00045,2024-04-10,Credit Card,Delivered,2024,4,April,Q2,2024-04,2024Q2
O006852,C00645,2025-04-14,UPI,Delivered,2025,4,April,Q2,2025-04,2025Q2
O006853,C01185,2025-02-23,Credit Card,Cancelled,2025,2,February,Q1,2025-02,2025Q1
O006854,C00858,2024-01-16,Debit Card,Delivered,2024,1,January,Q1,2024-01,2024Q1
O006855,C01094,2025-07-14,Debit Card,Delivered,2025,7,July,Q3,2025-07,2025Q3
O006856,C00293,2024-01-17,UPI,Delivered,2024,1,January,Q1,2024-01,2024Q1
O006857,C01569,2025-09-15,Credit Card,Delivered,2025,9,September,Q3,2025-09,2025Q3
O006858,C01794,2024-10-21,Credit Card,Delivered,2024,10,October,Q4,2024-10,2024Q4
O006859,C00368,2024-03-11,Debit Card,Delivered,2024,3,March,Q1,2024-03,2024Q1
O006860,C01515,2025-08-29,UPI,Delivered,2025,8,August,Q3,2025-08,2025Q3
O006861,C01258,2025-07-01,Net Banking,Cancelled,2025,7,July,Q3,2025-07,2025Q3
O006862,C01593,2024-09-15,Credit Card,Delivered,2024,9,September,Q3,2024-09,2024Q3
O006863,C01403,2025-12-09,Debit Card,Delivered,2025,12,December,Q4,2025-12,2025Q4
O006864,C00150,2024-09-30,Credit Card,Cancelled,2024,9,September,Q3,2024-09,2024Q3
O006865,C00226,2025-08-18,Debit Card,Delivered,2025,8,August,Q3,2025-08,2025Q3
O006866,C01780,2025-08-17,Debit Card,Delivered,2025,8,August,Q3,2025-08,2025Q3
O006867,C00382,2025-03-05,Credit Card,Delivered,2025,3,March,Q1,2025-03,2025Q1
O006868,C00600,2024-02-19,Net Banking,Delivered,2024,2,February,Q1,2024-02,2024Q1
O006869,C01127,2025-05-23,Cash on Delivery,Delivered,2025,5,May,Q2,2025-05,2025Q2
O006870,C00588,2024-02-08,Cash on Delivery,Delivered,2024,2,February,Q1,2024-02,2024Q1
O006871,C01481,2025-02-06,Cash on Delivery,Delivered,2025,2,February,Q1,2025-02,2025Q1
O006872,C01758,2024-06-12,Net Banking,Delivered,2024,6,June,Q2,2024-06,2024Q2
O006873,C00239,2024-10-08,Net Banking,Delivered,2024,10,October,Q4,2024-10,2024Q4
O006874,C01430,2025-02-19,Debit Card,Delivered,2025,2,February,Q1,2025-02,2025Q1
O006875,C00050,2024-06-03,Credit Card,Delivered,2024,6,June,Q2,2024-06,2024Q2
O006876,C01331,2024-05-01,Cash on Delivery,Cancelled,2024,5,May,Q2,2024-05,2024Q2
O006877,C00275,2025-10-13,UPI,Delivered,2025,10,October,Q4,2025-10,2025Q4
O006878,C00928,2025-02-20,Credit Card,Delivered,2025,2,February,Q1,2025-02,2025Q1
O006879,C01586,2024-11-03,UPI,Delivered,2024,11,November,Q4,2024-11,2024Q4
O006880,C01322,2025-10-29,Debit Card,Delivered,2025,10,October,Q4,2025-10,2025Q4
O006881,C01421,2025-07-11,UPI,Cancelled,2025,7,July,Q3,2025-07,2025Q3
O006882,C01431,2024-06-27,Cash on Delivery,Delivered,2024,6,June,Q2,2024-06,2024Q2
O006883,C00132,2024-08-13,Net Banking,Delivered,2024,8,August,Q3,2024-08,2024Q3
O006884,C00820,2025-09-14,Debit Card,Delivered,2025,9,September,Q3,2025-09,2025Q3
O006885,C00025,2024-05-05,Net Banking,Delivered,2024,5,May,Q2,2024-05,2024Q2
O006886,C00834,2025-12-08,Debit Card,Delivered,2025,12,December,Q4,2025-12,2025Q4
O006887,C01739,2024-10-17,Cash on Delivery,Delivered,2024,10,October,Q4,2024-10,2024Q4
O006888,C00411,2024-09-14,UPI,Delivered,2024,9,September,Q3,2024-09,2024Q3
O006889,C00138,2024-11-17,Cash on Delivery,Delivered,2024,11,November,Q4,2024-11,2024Q4
O006890,C00056,2024-06-16,Net Banking,Delivered,2024,6,June,Q2,2024-06,2024Q2
O006891,C01826,2025-03-05,Cash on Delivery,Delivered,2025,3,March,Q1,2025-03,2025Q1
O006892,C01031,2025-07-23,Cash on Delivery,Delivered,2025,7,July,Q3,2025-07,2025Q3
O006893,C00795,2024-07-12,Cash on Delivery,Cancelled,2024,7,July,Q3,2024-07,2024Q3
O006894,C00417,2024-01-11,Credit Card,Delivered,2024,1,January,Q1,2024-01,2024Q1
O006895,C00867,2024-01-29,Net Banking,Cancelled,2024,1,January,Q1,2024-01,2024Q1
O006896,C00781,2025-10-18,UPI,Cancelled,2025,10,October,Q4,2025-10,2025Q4
O006897,C00341,2024-01-16,Cash on Delivery,Cancelled,2024,1,January,Q1,2024-01,2024Q1
O006898,C00831,2025-08-09,Net Banking,Delivered,2025,8,August,Q3,2025-08,2025Q3
O006899,C01429,2025-02-12,Credit Card,Delivered,2025,2,February,Q1,2025-02,2025Q1
O006900,C00018,2024-03-20,Debit Card,Delivered,2024,3,March,Q1,2024-03,2024Q1
O006901,C01243,2025-01-24,Debit Card,Delivered,2025,1,January,Q1,2025-01,2025Q1
O006902,C01796,2024-11-05,Net Banking,Delivered,2024,11,November,Q4,2024-11,2024Q4
O006903,C00050,2025-09-06,Cash on Delivery,Delivered,2025,9,September,Q3,2025-09,2025Q3
O006904,C01879,2025-01-11,Credit Card,Cancelled,2025,1,January,Q1,2025-01,2025Q1
O006905,C01465,2024-02-02,Cash on Delivery,Delivered,2024,2,February,Q1,2024-02,2024Q1
O006906,C01776,2024-05-01,Credit Card,Delivered,2024,5,May,Q2,2024-05,2024Q2
O006907,C00536,2024-08-07,Net Banking,Delivered,2024,8,August,Q3,2024-08,2024Q3
O006908,C01860,2024-08-22,Cash on Delivery,Delivered,2024,8,August,Q3,2024-08,2024Q3
O006909,C00767,2024-01-19,UPI,Delivered,2024,1,January,Q1,2024-01,2024Q1
O006910,C00159,2024-06-27,UPI,Delivered,2024,6,June,Q2,2024-06,2024Q2
O006911,C00598,2025-05-05,Net Banking,Delivered,2025,5,May,Q2,2025-05,2025Q2
O006912,C00974,2025-08-22,UPI,Cancelled,2025,8,August,Q3,2025-08,2025Q3
O006913,C01466,2025-06-18,UPI,Cancelled,2025,6,June,Q2,2025-06,2025Q2
O006914,C01798,2024-07-11,UPI,Delivered,2024,7,July,Q3,2024-07,2024Q3
O006915,C01949,2024-01-27,Cash on Delivery,Cancelled,2024,1,January,Q1,2024-01,2024Q1
O006916,C01182,2024-07-30,Net Banking,Delivered,2024,7,July,Q3,2024-07,2024Q3
O006917,C00586,2025-08-05,Debit Card,Delivered,2025,8,August,Q3,2025-08,2025Q3
O006918,C00126,2024-04-06,UPI,Delivered,2024,4,April,Q2,2024-04,2024Q2
O006919,C00496,2025-09-23,UPI,Delivered,2025,9,September,Q3,2025-09,2025Q3
O006920,C00789,2025-08-31,Cash on Delivery,Delivered,2025,8,August,Q3,2025-08,2025Q3
O006921,C00156,2024-10-20,Credit Card,Delivered,2024,10,October,Q4,2024-10,2024Q4
O006922,C00392,2025-05-23,Debit Card,Delivered,2025,5,May,Q2,2025-05,2025Q2
O006923,C00563,2024-11-07,Cash on Delivery,Delivered,2024,11,November,Q4,2024-11,2024Q4
O006924,C00978,2024-04-11,Credit Card,Delivered,2024,4,April,Q2,2024-04,2024Q2
O006925,C00722,2025-09-27,Debit Card,Delivered,2025,9,September,Q3,2025-09,2025Q3
O006926,C00087,2025-07-29,Cash on Delivery,Delivered,2025,7,July,Q3,2025-07,2025Q3
O006927,C00212,2025-11-11,Cash on Delivery,Cancelled,2025,11,November,Q4,2025-11,2025Q4
O006928,C01908,2024-07-28,Credit Card,Delivered,2024,7,July,Q3,2024-07,2024Q3
O006929,C00917,2025-10-31,UPI,Delivered,2025,10,October,Q4,2025-10,2025Q4
O006930,C01125,2024-03-06,UPI,Delivered,2024,3,March,Q1,2024-03,2024Q1
O006931,C01971,2024-02-29,Cash on Delivery,Delivered,2024,2,February,Q1,2024-02,2024Q1
O006932,C00317,2024-02-27,Net Banking,Delivered,2024,2,February,Q1,2024-02,2024Q1
O006933,C00830,2025-01-26,Net Banking,Cancelled,2025,1,January,Q1,2025-01,2025Q1
O006934,C01422,2025-07-14,Cash on Delivery,Delivered,2025,7,July,Q3,2025-07,2025Q3
O006935,C00991,2025-06-30,UPI,Delivered,2025,6,June,Q2,2025-06,2025Q2
O006936,C00192,2025-08-15,UPI,Cancelled,2025,8,August,Q3,2025-08,2025Q3
O006937,C01901,2025-07-23,Net Banking,Delivered,2025,7,July,Q3,2025-07,2025Q3
O006938,C01637,2024-11-18,Cash on Delivery,Delivered,2024,11,November,Q4,2024-11,2024Q4
O006939,C00232,2024-01-16,UPI,Cancelled,2024,1,January,Q1,2024-01,2024Q1
O006940,C00963,2024-01-12,Net Banking,Delivered,2024,1,January,Q1,2024-01,2024Q1
O006941,C00730,2025-07-30,Cash on Delivery,Cancelled,2025,7,July,Q3,2025-07,2025Q3
O006942,C00414,2025-10-06,Net Banking,Delivered,2025,10,October,Q4,2025-10,2025Q4
O006943,C00848,2025-02-24,UPI,Delivered,2025,2,February,Q1,2025-02,2025Q1
O006944,C01782,2025-04-14,UPI,Delivered,2025,4,April,Q2,2025-04,2025Q2
O006945,C01772,2025-12-14,UPI,Delivered,2025,12,December,Q4,2025-12,2025Q4
O006946,C01986,2024-04-27,Cash on Delivery,Delivered,2024,4,April,Q2,2024-04,2024Q2
O006947,C00768,2024-03-15,UPI,Delivered,2024,3,March,Q1,2024-03,2024Q1
O006948,C01319,2025-07-25,Credit Card,Cancelled,2025,7,July,Q3,2025-07,2025Q3
O006949,C00713,2025-04-01,Net Banking,Delivered,2025,4,April,Q2,2025-04,2025Q2
O006950,C00901,2025-09-07,Cash on Delivery,Cancelled,2025,9,September,Q3,2025-09,2025Q3
O006951,C00757,2024-10-30,Credit Card,Delivered,2024,10,October,Q4,2024-10,2024Q4
O006952,C00507,2024-05-30,Cash on Delivery,Cancelled,2024,5,May,Q2,2024-05,2024Q2
O006953,C01578,2025-10-07,Cash on Delivery,Delivered,2025,10,October,Q4,2025-10,2025Q4
O006954,C00579,2025-04-15,Credit Card,Delivered,2025,4,April,Q2,2025-04,2025Q2
O006955,C00820,2025-10-29,Debit Card,Delivered,2025,10,October,Q4,2025-10,2025Q4
O006956,C00959,2024-08-30,Net Banking,Delivered,2024,8,August,Q3,2024-08,2024Q3
O006957,C01146,2025-09-01,UPI,Delivered,2025,9,September,Q3,2025-09,2025Q3
O006958,C01396,2024-09-08,Debit Card,Cancelled,2024,9,September,Q3,2024-09,2024Q3
O006959,C01668,2024-11-26,Credit Card,Delivered,2024,11,November,Q4,2024-11,2024Q4
O006960,C00877,2025-02-01,Cash on Delivery,Delivered,2025,2,February,Q1,2025-02,2025Q1
O006961,C01239,2025-07-31,Cash on Delivery,Delivered,2025,7,July,Q3,2025-07,2025Q3
O006962,C01669,2024-01-19,Credit Card,Delivered,2024,1,January,Q1,2024-01,2024Q1
O006963,C00311,2024-08-22,Cash on Delivery,Delivered,2024,8,August,Q3,2024-08,2024Q3
O006964,C00419,2024-07-31,UPI,Delivered,2024,7,July,Q3,2024-07,2024Q3
O006965,C00367,2024-12-22,Net Banking,Delivered,2024,12,December,Q4,2024-12,2024Q4
O006966,C00881,2024-06-06,Credit Card,Delivered,2024,6,June,Q2,2024-06,2024Q2
O006967,C00523,2024-03-18,Debit Card,Delivered,2024,3,March,Q1,2024-03,2024Q1
O006968,C01307,2024-07-24,Credit Card,Delivered,2024,7,July,Q3,2024-07,2024Q3
O006969,C00338,2025-05-24,Debit Card,Delivered,2025,5,May,Q2,2025-05,2025Q2
O006970,C01792,2025-03-23,Debit Card,Delivered,2025,3,March,Q1,2025-03,2025Q1
O006971,C00874,2025-01-01,UPI,Delivered,2025,1,January,Q1,2025-01,2025Q1
O006972,C00010,2024-10-19,Cash on Delivery,Delivered,2024,10,October,Q4,2024-10,2024Q4
O006973,C01676,2024-08-14,Credit Card,Delivered,2024,8,August,Q3,2024-08,2024Q3
O006974,C01097,2024-11-29,Cash on Delivery,Delivered,2024,11,November,Q4,2024-11,2024Q4
O006975,C00257,2024-03-13,UPI,Delivered,2024,3,March,Q1,2024-03,2024Q1
O006976,C01568,2024-06-21,Credit Card,Cancelled,2024,6,June,Q2,2024-06,2024Q2
O006977,C01772,2024-11-11,Credit Card,Delivered,2024,11,November,Q4,2024-11,2024Q4
O006978,C01625,2025-03-11,Debit Card,Delivered,2025,3,March,Q1,2025-03,2025Q1
O006979,C01884,2024-08-04,Cash on Delivery,Delivered,2024,8,August,Q3,2024-08,2024Q3
O006980,C00248,2025-01-10,Cash on Delivery,Cancelled,2025,1,January,Q1,2025-01,2025Q1
O006981,C00600,2024-08-08,Credit Card,Delivered,2024,8,August,Q3,2024-08,2024Q3
O006982,C00263,2025-12-06,Debit Card,Delivered,2025,12,December,Q4,2025-12,2025Q4
O006983,C01337,2025-06-29,Cash on Delivery,Delivered,2025,6,June,Q2,2025-06,2025Q2
O006984,C00407,2025-02-18,UPI,Cancelled,2025,2,February,Q1,2025-02,2025Q1
O006985,C00126,2025-01-28,UPI,Delivered,2025,1,January,Q1,2025-01,2025Q1
O006986,C00300,2024-07-08,UPI,Delivered,2024,7,July,Q3,2024-07,2024Q3
O006987,C01468,2024-10-24,Debit Card,Delivered,2024,10,October,Q4,2024-10,2024Q4
O006988,C00397,2024-01-14,UPI,Delivered,2024,1,January,Q1,2024-01,2024Q1
O006989,C01002,2025-01-21,Credit Card,Delivered,2025,1,January,Q1,2025-01,2025Q1
O006990,C00715,2025-07-19,Net Banking,Delivered,2025,7,July,Q3,2025-07,2025Q3
O006991,C00962,2024-11-01,UPI,Cancelled,2024,11,November,Q4,2024-11,2024Q4
O006992,C01709,2024-10-16,Net Banking,Delivered,2024,10,October,Q4,2024-10,2024Q4
O006993,C01389,2025-08-15,Cash on Delivery,Cancelled,2025,8,August,Q3,2025-08,2025Q3
O006994,C01293,2025-02-28,Debit Card,Delivered,2025,2,February,Q1,2025-02,2025Q1
O006995,C00748,2025-07-09,Cash on Delivery,Delivered,2025,7,July,Q3,2025-07,2025Q3
O006996,C00717,2024-03-25,Net Banking,Delivered,2024,3,March,Q1,2024-03,2024Q1
O006997,C01577,2024-12-17,Net Banking,Delivered,2024,12,December,Q4,2024-12,2024Q4
O006998,C00607,2024-06-23,UPI,Cancelled,2024,6,June,Q2,2024-06,2024Q2
O006999,C01482,2025-03-24,Net Banking,Cancelled,2025,3,March,Q1,2025-03,2025Q1
O007000,C01751,2024-01-20,UPI,Delivered,2024,1,January,Q1,2024-01,2024Q1
O007001,C01596,2024-11-04,Debit Card,Delivered,2024,11,November,Q4,2024-11,2024Q4
O007002,C00036,2025-08-22,Debit Card,Delivered,2025,8,August,Q3,2025-08,2025Q3
O007003,C00312,2024-06-29,Credit Card,Delivered,2024,6,June,Q2,2024-06,2024Q2
O007004,C01936,2024-12-13,UPI,Delivered,2024,12,December,Q4,2024-12,2024Q4
O007005,C01398,2024-10-14,Debit Card,Delivered,2024,10,October,Q4,2024-10,2024Q4
O007006,C01599,2025-01-05,Debit Card,Delivered,2025,1,January,Q1,2025-01,2025Q1
O007007,C01961,2025-03-13,Credit Card,Delivered,2025,3,March,Q1,2025-03,2025Q1
O007008,C01716,2024-03-25,UPI,Delivered,2024,3,March,Q1,2024-03,2024Q1
O007009,C01557,2025-05-14,Debit Card,Delivered,2025,5,May,Q2,2025-05,2025Q2
O007010,C01278,2024-08-29,UPI,Delivered,2024,8,August,Q3,2024-08,2024Q3
O007011,C00044,2024-09-15,Debit Card,Delivered,2024,9,September,Q3,2024-09,2024Q3
O007012,C00980,2024-04-21,Credit Card,Delivered,2024,4,April,Q2,2024-04,2024Q2
O007013,C00103,2025-09-20,Debit Card,Delivered,2025,9,September,Q3,2025-09,2025Q3
O007014,C01010,2025-05-04,Cash on Delivery,Delivered,2025,5,May,Q2,2025-05,2025Q2
O007015,C00170,2024-03-05,Debit Card,Delivered,2024,3,March,Q1,2024-03,2024Q1
O007016,C01527,2024-03-15,UPI,Delivered,2024,3,March,Q1,2024-03,2024Q1
O007017,C00142,2025-03-11,Credit Card,Delivered,2025,3,March,Q1,2025-03,2025Q1
O007018,C00859,2024-05-11,UPI,Cancelled,2024,5,May,Q2,2024-05,2024Q2
O007019,C00067,2024-06-10,UPI,Delivered,2024,6,June,Q2,2024-06,2024Q2
O007020,C01148,2025-11-02,Cash on Delivery,Delivered,2025,11,November,Q4,2025-11,2025Q4
O007021,C01371,2025-01-15,Debit Card,Delivered,2025,1,January,Q1,2025-01,2025Q1
O007022,C01864,2025-04-05,Debit Card,Cancelled,2025,4,April,Q2,2025-04,2025Q2
O007023,C00934,2024-07-13,Cash on Delivery,Delivered,2024,7,July,Q3,2024-07,2024Q3
O007024,C00452,2024-03-06,UPI,Cancelled,2024,3,March,Q1,2024-03,2024Q1
O007025,C01025,2024-04-19,Cash on Delivery,Delivered,2024,4,April,Q2,2024-04,2024Q2
O007026,C01008,2024-11-09,UPI,Cancelled,2024,11,November,Q4,2024-11,2024Q4
O007027,C00383,2025-04-23,UPI,Delivered,2025,4,April,Q2,2025-04,2025Q2
O007028,C01169,2025-10-12,Net Banking,Delivered,2025,10,October,Q4,2025-10,2025Q4
O007029,C01168,2025-01-02,UPI,Delivered,2025,1,January,Q1,2025-01,2025Q1
O007030,C00788,2025-02-10,Credit Card,Cancelled,2025,2,February,Q1,2025-02,2025Q1
O007031,C01893,2025-07-15,Net Banking,Delivered,2025,7,July,Q3,2025-07,2025Q3
O007032,C01748,2025-10-14,Credit Card,Delivered,2025,10,October,Q4,2025-10,2025Q4
O007033,C01664,2025-03-16,Credit Card,Delivered,2025,3,March,Q1,2025-03,2025Q1
O007034,C01796,2025-08-13,Credit Card,Delivered,2025,8,August,Q3,2025-08,2025Q3
O007035,C01419,2024-06-29,UPI,Delivered,2024,6,June,Q2,2024-06,2024Q2
O007036,C00867,2024-02-15,Debit Card,Delivered,2024,2,February,Q1,2024-02,2024Q1
O007037,C01595,2025-08-19,Debit Card,Delivered,2025,8,August,Q3,2025-08,2025Q3
O007038,C00805,2025-01-18,Cash on Delivery,Delivered,2025,1,January,Q1,2025-01,2025Q1
O007039,C00541,2024-07-14,Cash on Delivery,Delivered,2024,7,July,Q3,2024-07,2024Q3
O007040,C01476,2024-11-15,Net Banking,Delivered,2024,11,November,Q4,2024-11,2024Q4
O007041,C00595,2024-08-29,UPI,Delivered,2024,8,August,Q3,2024-08,2024Q3
O007042,C01412,2025-07-29,Credit Card,Delivered,2025,7,July,Q3,2025-07,2025Q3
O007043,C01119,2024-09-19,Net Banking,Delivered,2024,9,September,Q3,2024-09,2024Q3
O007044,C00177,2025-10-10,Debit Card,Delivered,2025,10,October,Q4,2025-10,2025Q4
O007045,C01618,2024-04-26,UPI,Delivered,2024,4,April,Q2,2024-04,2024Q2
O007046,C01207,2024-01-29,UPI,Delivered,2024,1,January,Q1,2024-01,2024Q1
O007047,C00574,2024-09-06,Credit Card,Delivered,2024,9,September,Q3,2024-09,2024Q3
O007048,C01015,2025-06-19,Net Banking,Delivered,2025,6,June,Q2,2025-06,2025Q2
O007049,C01955,2025-03-15,Net Banking,Delivered,2025,3,March,Q1,2025-03,2025Q1
O007050,C01801,2025-04-10,Debit Card,Delivered,2025,4,April,Q2,2025-04,2025Q2
O007051,C00481,2024-11-11,Debit Card,Delivered,2024,11,November,Q4,2024-11,2024Q4
O007052,C01731,2025-11-07,Credit Card,Delivered,2025,11,November,Q4,2025-11,2025Q4
O007053,C01226,2024-01-05,Credit Card,Delivered,2024,1,January,Q1,2024-01,2024Q1
O007054,C00184,2024-07-27,UPI,Delivered,2024,7,July,Q3,2024-07,2024Q3
O007055,C01480,2025-06-20,UPI,Delivered,2025,6,June,Q2,2025-06,2025Q2
O007056,C01078,2024-06-11,Cash on Delivery,Cancelled,2024,6,June,Q2,2024-06,2024Q2
O007057,C00481,2025-08-09,UPI,Cancelled,2025,8,August,Q3,2025-08,2025Q3
O007058,C00909,2025-03-12,Debit Card,Delivered,2025,3,March,Q1,2025-03,2025Q1
O007059,C01658,2025-09-09,Debit Card,Cancelled,2025,9,September,Q3,2025-09,2025Q3
O007060,C01981,2025-01-14,UPI,Cancelled,2025,1,January,Q1,2025-01,2025Q1
O007061,C01319,2025-02-27,Cash on Delivery,Delivered,2025,2,February,Q1,2025-02,2025Q1
O007062,C00688,2025-01-23,Debit Card,Delivered,2025,1,January,Q1,2025-01,2025Q1
O007063,C00687,2024-08-31,Cash on Delivery,Cancelled,2024,8,August,Q3,2024-08,2024Q3
O007064,C01549,2025-05-21,Credit Card,Cancelled,2025,5,May,Q2,2025-05,2025Q2
O007065,C01399,2024-07-02,UPI,Delivered,2024,7,July,Q3,2024-07,2024Q3
O007066,C00102,2024-09-06,Debit Card,Delivered,2024,9,September,Q3,2024-09,2024Q3
O007067,C01298,2024-12-24,Net Banking,Delivered,2024,12,December,Q4,2024-12,2024Q4
O007068,C00870,2025-07-04,UPI,Delivered,2025,7,July,Q3,2025-07,2025Q3
O007069,C01578,2025-01-10,Net Banking,Delivered,2025,1,January,Q1,2025-01,2025Q1
O007070,C00349,2025-02-03,Debit Card,Delivered,2025,2,February,Q1,2025-02,2025Q1
O007071,C01049,2025-03-06,Cash on Delivery,Delivered,2025,3,March,Q1,2025-03,2025Q1
O007072,C00288,2025-10-28,Cash on Delivery,Delivered,2025,10,October,Q4,2025-10,2025Q4
O007073,C01065,2025-07-28,UPI,Delivered,2025,7,July,Q3,2025-07,2025Q3
O007074,C01748,2025-07-23,Cash on Delivery,Cancelled,2025,7,July,Q3,2025-07,2025Q3
O007075,C00621,2024-03-04,Net Banking,Delivered,2024,3,March,Q1,2024-03,2024Q1
O007076,C01576,2025-12-16,Debit Card,Delivered,2025,12,December,Q4,2025-12,2025Q4
O007077,C01786,2024-03-22,Debit Card,Delivered,2024,3,March,Q1,2024-03,2024Q1
O007078,C00151,2024-11-26,Cash on Delivery,Delivered,2024,11,November,Q4,2024-11,2024Q4
O007079,C00075,2025-06-27,Debit Card,Cancelled,2025,6,June,Q2,2025-06,2025Q2
O007080,C01940,2024-03-01,Credit Card,Delivered,2024,3,March,Q1,2024-03,2024Q1
O007081,C00018,2024-10-18,Cash on Delivery,Delivered,2024,10,October,Q4,2024-10,2024Q4
O007082,C01019,2024-04-08,Net Banking,Cancelled,2024,4,April,Q2,2024-04,2024Q2
O007083,C00918,2025-08-10,Debit Card,Delivered,2025,8,August,Q3,2025-08,2025Q3
O007084,C00286,2024-01-11,UPI,Cancelled,2024,1,January,Q1,2024-01,2024Q1
O007085,C01198,2024-05-05,UPI,Delivered,2024,5,May,Q2,2024-05,2024Q2
O007086,C00287,2025-02-07,Net Banking,Cancelled,2025,2,February,Q1,2025-02,2025Q1
O007087,C00477,2025-08-04,Debit Card,Delivered,2025,8,August,Q3,2025-08,2025Q3
O007088,C01503,2024-04-04,Debit Card,Delivered,2024,4,April,Q2,2024-04,2024Q2
O007089,C01552,2024-05-09,UPI,Delivered,2024,5,May,Q2,2024-05,2024Q2
O007090,C01664,2024-06-02,Net Banking,Delivered,2024,6,June,Q2,2024-06,2024Q2
O007091,C00981,2024-12-05,UPI,Cancelled,2024,12,December,Q4,2024-12,2024Q4
O007092,C01015,2025-11-06,Credit Card,Delivered,2025,11,November,Q4,2025-11,2025Q4
O007093,C01348,2024-03-29,Debit Card,Delivered,2024,3,March,Q1,2024-03,2024Q1
O007094,C00838,2024-01-31,Credit Card,Delivered,2024,1,January,Q1,2024-01,2024Q1
O007095,C01116,2025-11-18,Cash on Delivery,Delivered,2025,11,November,Q4,2025-11,2025Q4
O007096,C00051,2024-11-25,UPI,Delivered,2024,11,November,Q4,2024-11,2024Q4
O007097,C01801,2025-01-19,Debit Card,Delivered,2025,1,January,Q1,2025-01,2025Q1
O007098,C00942,2024-05-12,Net Banking,Delivered,2024,5,May,Q2,2024-05,2024Q2
O007099,C01213,2025-05-01,UPI,Delivered,2025,5,May,Q2,2025-05,2025Q2
O007100,C00886,2025-09-15,Credit Card,Cancelled,2025,9,September,Q3,2025-09,2025Q3
O007101,C01702,2025-02-11,Cash on Delivery,Delivered,2025,2,February,Q1,2025-02,2025Q1
O007102,C01168,2025-01-13,Credit Card,Delivered,2025,1,January,Q1,2025-01,2025Q1
O007103,C01319,2024-04-18,Credit Card,Delivered,2024,4,April,Q2,2024-04,2024Q2
O007104,C01674,2025-08-04,UPI,Delivered,2025,8,August,Q3,2025-08,2025Q3
O007105,C01128,2025-11-10,Cash on Delivery,Cancelled,2025,11,November,Q4,2025-11,2025Q4
O007106,C01982,2025-02-28,Cash on Delivery,Delivered,2025,2,February,Q1,2025-02,2025Q1
O007107,C00950,2024-11-20,Debit Card,Cancelled,2024,11,November,Q4,2024-11,2024Q4
O007108,C01196,2024-11-06,Credit Card,Delivered,2024,11,November,Q4,2024-11,2024Q4
O007109,C01159,2024-01-08,Debit Card,Delivered,2024,1,January,Q1,2024-01,2024Q1
O007110,C00663,2024-08-18,Debit Card,Cancelled,2024,8,August,Q3,2024-08,2024Q3
O007111,C00977,2024-04-01,Credit Card,Delivered,2024,4,April,Q2,2024-04,2024Q2
O007112,C00889,2024-12-04,Credit Card,Cancelled,2024,12,December,Q4,2024-12,2024Q4
O007113,C01713,2024-08-16,Net Banking,Delivered,2024,8,August,Q3,2024-08,2024Q3
O007114,C00607,2025-07-13,UPI,Delivered,2025,7,July,Q3,2025-07,2025Q3
O007115,C01869,2025-12-17,Cash on Delivery,Delivered,2025,12,December,Q4,2025-12,2025Q4
O007116,C01966,2025-11-14,Cash on Delivery,Delivered,2025,11,November,Q4,2025-11,2025Q4
O007117,C00650,2025-06-09,UPI,Delivered,2025,6,June,Q2,2025-06,2025Q2
O007118,C01881,2024-07-29,Cash on Delivery,Delivered,2024,7,July,Q3,2024-07,2024Q3
O007119,C00256,2025-02-09,Net Banking,Delivered,2025,2,February,Q1,2025-02,2025Q1
O007120,C01827,2024-09-07,Net Banking,Delivered,2024,9,September,Q3,2024-09,2024Q3
O007121,C00989,2025-04-22,Cash on Delivery,Cancelled,2025,4,April,Q2,2025-04,2025Q2
O007122,C00386,2025-11-21,Cash on Delivery,Delivered,2025,11,November,Q4,2025-11,2025Q4
O007123,C01953,2024-10-15,Credit Card,Cancelled,2024,10,October,Q4,2024-10,2024Q4
O007124,C01961,2025-03-13,Debit Card,Delivered,2025,3,March,Q1,2025-03,2025Q1
O007125,C00719,2025-05-20,UPI,Cancelled,2025,5,May,Q2,2025-05,2025Q2
O007126,C01092,2024-05-08,Net Banking,Delivered,2024,5,May,Q2,2024-05,2024Q2
O007127,C01328,2024-04-19,UPI,Delivered,2024,4,April,Q2,2024-04,2024Q2
O007128,C01077,2024-08-13,Net Banking,Delivered,2024,8,August,Q3,2024-08,2024Q3
O007129,C00115,2025-02-10,Debit Card,Delivered,2025,2,February,Q1,2025-02,2025Q1
O007130,C00009,2025-06-16,Debit Card,Delivered,2025,6,June,Q2,2025-06,2025Q2
O007131,C00537,2024-06-07,UPI,Delivered,2024,6,June,Q2,2024-06,2024Q2
O007132,C01071,2025-09-15,Net Banking,Cancelled,2025,9,September,Q3,2025-09,2025Q3
O007133,C01711,2025-04-21,Net Banking,Delivered,2025,4,April,Q2,2025-04,2025Q2
O007134,C01310,2025-07-08,Net Banking,Delivered,2025,7,July,Q3,2025-07,2025Q3
O007135,C01283,2024-10-15,Credit Card,Delivered,2024,10,October,Q4,2024-10,2024Q4
O007136,C01586,2025-02-07,UPI,Delivered,2025,2,February,Q1,2025-02,2025Q1
O007137,C00037,2025-04-14,UPI,Delivered,2025,4,April,Q2,2025-04,2025Q2
O007138,C01498,2024-07-14,Credit Card,Delivered,2024,7,July,Q3,2024-07,2024Q3
O007139,C01298,2025-01-01,UPI,Delivered,2025,1,January,Q1,2025-01,2025Q1
O007140,C01319,2024-12-25,Credit Card,Delivered,2024,12,December,Q4,2024-12,2024Q4
O007141,C01011,2024-06-12,Debit Card,Delivered,2024,6,June,Q2,2024-06,2024Q2
O007142,C01171,2025-12-28,Debit Card,Delivered,2025,12,December,Q4,2025-12,2025Q4
O007143,C00823,2024-09-13,Debit Card,Cancelled,2024,9,September,Q3,2024-09,2024Q3
O007144,C00706,2025-12-21,Credit Card,Delivered,2025,12,December,Q4,2025-12,2025Q4
O007145,C00332,2025-08-03,Credit Card,Delivered,2025,8,August,Q3,2025-08,2025Q3
O007146,C00836,2025-07-13,Cash on Delivery,Delivered,2025,7,July,Q3,2025-07,2025Q3
O007147,C01682,2025-10-24,UPI,Cancelled,2025,10,October,Q4,2025-10,2025Q4
O007148,C00033,2025-12-21,Net Banking,Delivered,2025,12,December,Q4,2025-12,2025Q4
O007149,C01816,2024-04-15,UPI,Delivered,2024,4,April,Q2,2024-04,2024Q2
O007150,C01309,2024-05-07,UPI,Delivered,2024,5,May,Q2,2024-05,2024Q2
O007151,C01664,2025-02-11,Debit Card,Delivered,2025,2,February,Q1,2025-02,2025Q1
O007152,C01853,2025-07-09,Net Banking,Delivered,2025,7,July,Q3,2025-07,2025Q3
O007153,C00285,2025-10-06,Credit Card,Cancelled,2025,10,October,Q4,2025-10,2025Q4
O007154,C00925,2025-01-03,Debit Card,Delivered,2025,1,January,Q1,2025-01,2025Q1
O007155,C00962,2024-01-08,Net Banking,Delivered,2024,1,January,Q1,2024-01,2024Q1
O007156,C00051,2024-09-03,Debit Card,Delivered,2024,9,September,Q3,2024-09,2024Q3
O007157,C01811,2024-11-19,UPI,Delivered,2024,11,November,Q4,2024-11,2024Q4
O007158,C00625,2024-05-19,Net Banking,Cancelled,2024,5,May,Q2,2024-05,2024Q2
O007159,C00753,2024-04-26,Net Banking,Delivered,2024,4,April,Q2,2024-04,2024Q2
O007160,C00524,2024-12-31,UPI,Delivered,2024,12,December,Q4,2024-12,2024Q4
O007161,C01112,2024-02-22,Net Banking,Delivered,2024,2,February,Q1,2024-02,2024Q1
O007162,C00742,2024-01-05,Debit Card,Delivered,2024,1,January,Q1,2024-01,2024Q1
O007163,C01925,2024-08-30,Debit Card,Delivered,2024,8,August,Q3,2024-08,2024Q3
O007164,C00521,2025-06-28,Debit Card,Delivered,2025,6,June,Q2,2025-06,2025Q2
O007165,C00575,2024-05-25,Credit Card,Delivered,2024,5,May,Q2,2024-05,2024Q2
O007166,C01836,2024-06-03,Cash on Delivery,Cancelled,2024,6,June,Q2,2024-06,2024Q2
O007167,C01358,2025-06-23,Cash on Delivery,Delivered,2025,6,June,Q2,2025-06,2025Q2
O007168,C01900,2024-03-13,Cash on Delivery,Delivered,2024,3,March,Q1,2024-03,2024Q1
O007169,C01365,2025-02-21,Debit Card,Cancelled,2025,2,February,Q1,2025-02,2025Q1
O007170,C00407,2024-12-22,Debit Card,Cancelled,2024,12,December,Q4,2024-12,2024Q4
O007171,C01519,2024-09-14,Credit Card,Delivered,2024,9,September,Q3,2024-09,2024Q3
O007172,C01342,2024-03-14,Debit Card,Delivered,2024,3,March,Q1,2024-03,2024Q1
O007173,C01291,2024-02-17,UPI,Delivered,2024,2,February,Q1,2024-02,2024Q1
O007174,C01705,2025-04-30,Net Banking,Delivered,2025,4,April,Q2,2025-04,2025Q2
O007175,C00890,2024-12-30,Cash on Delivery,Delivered,2024,12,December,Q4,2024-12,2024Q4
O007176,C01061,2025-04-06,Debit Card,Delivered,2025,4,April,Q2,2025-04,2025Q2
O007177,C00316,2024-05-01,UPI,Delivered,2024,5,May,Q2,2024-05,2024Q2
O007178,C00969,2024-02-21,Credit Card,Delivered,2024,2,February,Q1,2024-02,2024Q1
O007179,C00010,2024-09-29,Cash on Delivery,Cancelled,2024,9,September,Q3,2024-09,2024Q3
O007180,C00596,2025-05-09,Credit Card,Delivered,2025,5,May,Q2,2025-05,2025Q2
O007181,C01580,2025-03-10,Net Banking,Cancelled,2025,3,March,Q1,2025-03,2025Q1
O007182,C00448,2025-11-17,Net Banking,Delivered,2025,11,November,Q4,2025-11,2025Q4
O007183,C00616,2024-06-24,Credit Card,Delivered,2024,6,June,Q2,2024-06,2024Q2
O007184,C01223,2024-09-24,Debit Card,Cancelled,2024,9,September,Q3,2024-09,2024Q3
O007185,C00065,2025-05-03,Credit Card,Delivered,2025,5,May,Q2,2025-05,2025Q2
O007186,C00654,2024-01-11,UPI,Delivered,2024,1,January,Q1,2024-01,2024Q1
O007187,C01477,2025-12-21,UPI,Cancelled,2025,12,December,Q4,2025-12,2025Q4
O007188,C00359,2024-05-29,Debit Card,Delivered,2024,5,May,Q2,2024-05,2024Q2
O007189,C00950,2024-08-01,Credit Card,Delivered,2024,8,August,Q3,2024-08,2024Q3
O007190,C00105,2024-08-08,Net Banking,Delivered,2024,8,August,Q3,2024-08,2024Q3
O007191,C00575,2025-09-29,UPI,Cancelled,2025,9,September,Q3,2025-09,2025Q3
O007192,C01554,2025-12-08,Credit Card,Cancelled,2025,12,December,Q4,2025-12,2025Q4
O007193,C00094,2025-11-05,Net Banking,Delivered,2025,11,November,Q4,2025-11,2025Q4
O007194,C00466,2024-11-27,Net Banking,Delivered,2024,11,November,Q4,2024-11,2024Q4
O007195,C01730,2025-03-29,Cash on Delivery,Delivered,2025,3,March,Q1,2025-03,2025Q1
O007196,C00553,2025-07-20,Debit Card,Delivered,2025,7,July,Q3,2025-07,2025Q3
O007197,C00495,2024-08-25,Debit Card,Delivered,2024,8,August,Q3,2024-08,2024Q3
O007198,C00130,2024-10-12,Credit Card,Delivered,2024,10,October,Q4,2024-10,2024Q4
O007199,C01146,2025-04-30,Debit Card,Delivered,2025,4,April,Q2,2025-04,2025Q2
O007200,C00726,2025-08-18,UPI,Delivered,2025,8,August,Q3,2025-08,2025Q3
O007201,C01412,2024-11-09,UPI,Delivered,2024,11,November,Q4,2024-11,2024Q4
O007202,C00704,2025-12-26,UPI,Delivered,2025,12,December,Q4,2025-12,2025Q4
O007203,C01965,2024-07-16,Debit Card,Delivered,2024,7,July,Q3,2024-07,2024Q3
O007204,C00430,2025-03-11,Debit Card,Delivered,2025,3,March,Q1,2025-03,2025Q1
O007205,C01812,2025-02-24,UPI,Delivered,2025,2,February,Q1,2025-02,2025Q1
O007206,C01222,2025-05-13,Debit Card,Delivered,2025,5,May,Q2,2025-05,2025Q2
O007207,C01689,2025-05-27,UPI,Delivered,2025,5,May,Q2,2025-05,2025Q2
O007208,C01271,2024-06-06,Net Banking,Delivered,2024,6,June,Q2,2024-06,2024Q2
O007209,C00386,2024-03-01,UPI,Delivered,2024,3,March,Q1,2024-03,2024Q1
O007210,C00229,2025-04-05,Credit Card,Delivered,2025,4,April,Q2,2025-04,2025Q2
O007211,C01346,2024-04-28,Debit Card,Cancelled,2024,4,April,Q2,2024-04,2024Q2
O007212,C00060,2024-03-20,UPI,Delivered,2024,3,March,Q1,2024-03,2024Q1
O007213,C00822,2025-07-21,Debit Card,Delivered,2025,7,July,Q3,2025-07,2025Q3
O007214,C01813,2024-06-17,Net Banking,Delivered,2024,6,June,Q2,2024-06,2024Q2
O007215,C00306,2024-08-05,Cash on Delivery,Delivered,2024,8,August,Q3,2024-08,2024Q3
O007216,C01722,2024-05-18,Debit Card,Delivered,2024,5,May,Q2,2024-05,2024Q2
O007217,C01651,2024-07-23,Debit Card,Delivered,2024,7,July,Q3,2024-07,2024Q3
O007218,C01418,2025-03-13,UPI,Delivered,2025,3,March,Q1,2025-03,2025Q1
O007219,C01016,2024-03-20,UPI,Delivered,2024,3,March,Q1,2024-03,2024Q1
O007220,C01135,2024-04-08,Debit Card,Delivered,2024,4,April,Q2,2024-04,2024Q2
O007221,C00600,2025-09-10,Debit Card,Delivered,2025,9,September,Q3,2025-09,2025Q3
O007222,C00532,2025-02-09,Net Banking,Delivered,2025,2,February,Q1,2025-02,2025Q1
O007223,C01635,2025-04-01,Cash on Delivery,Delivered,2025,4,April,Q2,2025-04,2025Q2
O007224,C01198,2025-05-15,Credit Card,Delivered,2025,5,May,Q2,2025-05,2025Q2
O007225,C00193,2025-08-18,UPI,Delivered,2025,8,August,Q3,2025-08,2025Q3
O007226,C00705,2024-10-24,Debit Card,Delivered,2024,10,October,Q4,2024-10,2024Q4
O007227,C01548,2024-09-13,Credit Card,Delivered,2024,9,September,Q3,2024-09,2024Q3
O007228,C01431,2025-03-23,UPI,Delivered,2025,3,March,Q1,2025-03,2025Q1
O007229,C00278,2025-08-22,Net Banking,Delivered,2025,8,August,Q3,2025-08,2025Q3
O007230,C01114,2025-10-24,Net Banking,Delivered,2025,10,October,Q4,2025-10,2025Q4
O007231,C00934,2025-04-04,Credit Card,Delivered,2025,4,April,Q2,2025-04,2025Q2
O007232,C00906,2025-04-14,Debit Card,Delivered,2025,4,April,Q2,2025-04,2025Q2
O007233,C00196,2024-08-03,Cash on Delivery,Delivered,2024,8,August,Q3,2024-08,2024Q3
O007234,C01733,2025-09-19,UPI,Delivered,2025,9,September,Q3,2025-09,2025Q3
O007235,C01701,2025-07-26,Credit Card,Delivered,2025,7,July,Q3,2025-07,2025Q3
O007236,C01473,2025-11-07,Credit Card,Delivered,2025,11,November,Q4,2025-11,2025Q4
O007237,C00528,2025-04-23,Net Banking,Delivered,2025,4,April,Q2,2025-04,2025Q2
O007238,C01543,2025-06-03,Credit Card,Cancelled,2025,6,June,Q2,2025-06,2025Q2
O007239,C00528,2025-12-07,Credit Card,Cancelled,2025,12,December,Q4,2025-12,2025Q4
O007240,C01999,2025-01-02,Net Banking,Delivered,2025,1,January,Q1,2025-01,2025Q1
O007241,C00328,2024-06-11,UPI,Cancelled,2024,6,June,Q2,2024-06,2024Q2
O007242,C01273,2024-05-10,Cash on Delivery,Delivered,2024,5,May,Q2,2024-05,2024Q2
O007243,C01170,2024-01-03,Credit Card,Delivered,2024,1,January,Q1,2024-01,2024Q1
O007244,C01236,2025-08-31,Cash on Delivery,Delivered,2025,8,August,Q3,2025-08,2025Q3
O007245,C00042,2024-06-29,Credit Card,Cancelled,2024,6,June,Q2,2024-06,2024Q2
O007246,C01225,2024-06-17,Debit Card,Delivered,2024,6,June,Q2,2024-06,2024Q2
O007247,C00893,2024-03-11,Cash on Delivery,Delivered,2024,3,March,Q1,2024-03,2024Q1
O007248,C00637,2025-12-23,UPI,Delivered,2025,12,December,Q4,2025-12,2025Q4
O007249,C01477,2025-09-15,Cash on Delivery,Cancelled,2025,9,September,Q3,2025-09,2025Q3
O007250,C01106,2025-04-22,Credit Card,Delivered,2025,4,April,Q2,2025-04,2025Q2
O007251,C01873,2024-04-23,Net Banking,Delivered,2024,4,April,Q2,2024-04,2024Q2
O007252,C00903,2024-04-21,Credit Card,Delivered,2024,4,April,Q2,2024-04,2024Q2
O007253,C01941,2024-05-08,UPI,Delivered,2024,5,May,Q2,2024-05,2024Q2
O007254,C00575,2025-01-04,Cash on Delivery,Cancelled,2025,1,January,Q1,2025-01,2025Q1
O007255,C01884,2025-11-10,Debit Card,Delivered,2025,11,November,Q4,2025-11,2025Q4
O007256,C00632,2024-01-01,Debit Card,Delivered,2024,1,January,Q1,2024-01,2024Q1
O007257,C01347,2024-09-08,UPI,Delivered,2024,9,September,Q3,2024-09,2024Q3
O007258,C00118,2024-03-01,UPI,Cancelled,2024,3,March,Q1,2024-03,2024Q1
O007259,C01671,2025-11-26,Credit Card,Delivered,2025,11,November,Q4,2025-11,2025Q4
O007260,C00610,2024-02-10,Debit Card,Delivered,2024,2,February,Q1,2024-02,2024Q1
O007261,C01760,2024-04-16,Credit Card,Cancelled,2024,4,April,Q2,2024-04,2024Q2
O007262,C00360,2025-02-01,Debit Card,Delivered,2025,2,February,Q1,2025-02,2025Q1
O007263,C00220,2025-09-18,Credit Card,Delivered,2025,9,September,Q3,2025-09,2025Q3
O007264,C00272,2024-12-07,Net Banking,Delivered,2024,12,December,Q4,2024-12,2024Q4
O007265,C01572,2024-11-26,Credit Card,Delivered,2024,11,November,Q4,2024-11,2024Q4
O007266,C00956,2025-05-31,UPI,Cancelled,2025,5,May,Q2,2025-05,2025Q2
O007267,C00131,2025-01-01,UPI,Delivered,2025,1,January,Q1,2025-01,2025Q1
O007268,C00600,2024-09-11,Cash on Delivery,Delivered,2024,9,September,Q3,2024-09,2024Q3
O007269,C01533,2024-08-23,Debit Card,Delivered,2024,8,August,Q3,2024-08,2024Q3
O007270,C00398,2025-01-23,UPI,Cancelled,2025,1,January,Q1,2025-01,2025Q1
O007271,C01743,2025-08-13,Debit Card,Delivered,2025,8,August,Q3,2025-08,2025Q3
O007272,C00510,2024-04-01,Credit Card,Cancelled,2024,4,April,Q2,2024-04,2024Q2
O007273,C00763,2024-07-06,Credit Card,Delivered,2024,7,July,Q3,2024-07,2024Q3
O007274,C01816,2025-03-11,UPI,Delivered,2025,3,March,Q1,2025-03,2025Q1
O007275,C01361,2024-11-01,Cash on Delivery,Delivered,2024,11,November,Q4,2024-11,2024Q4
O007276,C00991,2024-10-20,UPI,Delivered,2024,10,October,Q4,2024-10,2024Q4
O007277,C00657,2025-08-24,UPI,Delivered,2025,8,August,Q3,2025-08,2025Q3
O007278,C00302,2024-10-26,Debit Card,Delivered,2024,10,October,Q4,2024-10,2024Q4
O007279,C01943,2025-07-02,Net Banking,Cancelled,2025,7,July,Q3,2025-07,2025Q3
O007280,C00260,2025-01-03,Net Banking,Delivered,2025,1,January,Q1,2025-01,2025Q1
O007281,C01657,2024-10-02,UPI,Delivered,2024,10,October,Q4,2024-10,2024Q4
O007282,C00438,2024-08-30,Net Banking,Cancelled,2024,8,August,Q3,2024-08,2024Q3
O007283,C00229,2025-10-13,Net Banking,Delivered,2025,10,October,Q4,2025-10,2025Q4
O007284,C01404,2025-02-09,Cash on Delivery,Delivered,2025,2,February,Q1,2025-02,2025Q1
O007285,C01523,2024-09-03,UPI,Cancelled,2024,9,September,Q3,2024-09,2024Q3
O007286,C01002,2025-02-16,Credit Card,Cancelled,2025,2,February,Q1,2025-02,2025Q1
O007287,C00319,2024-03-01,UPI,Cancelled,2024,3,March,Q1,2024-03,2024Q1
O007288,C01127,2025-11-17,UPI,Cancelled,2025,11,November,Q4,2025-11,2025Q4
O007289,C01843,2025-04-15,UPI,Delivered,2025,4,April,Q2,2025-04,2025Q2
O007290,C00907,2025-10-16,UPI,Delivered,2025,10,October,Q4,2025-10,2025Q4
O007291,C00892,2024-06-15,Cash on Delivery,Delivered,2024,6,June,Q2,2024-06,2024Q2
O007292,C01583,2024-05-09,UPI,Delivered,2024,5,May,Q2,2024-05,2024Q2
O007293,C01157,2025-05-07,Cash on Delivery,Delivered,2025,5,May,Q2,2025-05,2025Q2
O007294,C00999,2025-10-09,UPI,Delivered,2025,10,October,Q4,2025-10,2025Q4
O007295,C01318,2024-08-03,Debit Card,Delivered,2024,8,August,Q3,2024-08,2024Q3
O007296,C01742,2025-07-06,Cash on Delivery,Cancelled,2025,7,July,Q3,2025-07,2025Q3
O007297,C01722,2024-04-20,Debit Card,Delivered,2024,4,April,Q2,2024-04,2024Q2
O007298,C01769,2025-10-14,UPI,Delivered,2025,10,October,Q4,2025-10,2025Q4
O007299,C00562,2024-12-05,UPI,Delivered,2024,12,December,Q4,2024-12,2024Q4
O007300,C01657,2025-03-11,Cash on Delivery,Delivered,2025,3,March,Q1,2025-03,2025Q1
O007301,C00269,2024-12-09,Debit Card,Delivered,2024,12,December,Q4,2024-12,2024Q4
O007302,C01521,2025-01-15,Cash on Delivery,Delivered,2025,1,January,Q1,2025-01,2025Q1
O007303,C01148,2025-06-23,Net Banking,Cancelled,2025,6,June,Q2,2025-06,2025Q2
O007304,C01256,2025-09-04,UPI,Delivered,2025,9,September,Q3,2025-09,2025Q3
O007305,C01526,2024-07-13,Net Banking,Delivered,2024,7,July,Q3,2024-07,2024Q3
O007306,C01804,2025-06-16,UPI,Delivered,2025,6,June,Q2,2025-06,2025Q2
O007307,C01218,2024-04-03,Credit Card,Delivered,2024,4,April,Q2,2024-04,2024Q2
O007308,C00927,2025-03-09,Debit Card,Delivered,2025,3,March,Q1,2025-03,2025Q1
O007309,C00487,2025-11-29,UPI,Delivered,2025,11,November,Q4,2025-11,2025Q4
O007310,C00018,2024-12-04,Cash on Delivery,Delivered,2024,12,December,Q4,2024-12,2024Q4
O007311,C00560,2025-05-21,Credit Card,Delivered,2025,5,May,Q2,2025-05,2025Q2
O007312,C01392,2024-09-27,Credit Card,Delivered,2024,9,September,Q3,2024-09,2024Q3
O007313,C01099,2024-05-18,Credit Card,Delivered,2024,5,May,Q2,2024-05,2024Q2
O007314,C01616,2024-01-20,Net Banking,Cancelled,2024,1,January,Q1,2024-01,2024Q1
O007315,C01035,2025-11-03,UPI,Delivered,2025,11,November,Q4,2025-11,2025Q4
O007316,C00155,2024-10-11,Cash on Delivery,Cancelled,2024,10,October,Q4,2024-10,2024Q4
O007317,C01362,2025-10-26,Credit Card,Delivered,2025,10,October,Q4,2025-10,2025Q4
O007318,C00354,2024-12-28,UPI,Delivered,2024,12,December,Q4,2024-12,2024Q4
O007319,C01785,2025-08-21,Debit Card,Delivered,2025,8,August,Q3,2025-08,2025Q3
O007320,C00500,2025-06-04,UPI,Delivered,2025,6,June,Q2,2025-06,2025Q2
O007321,C00124,2024-09-25,UPI,Cancelled,2024,9,September,Q3,2024-09,2024Q3
O007322,C00636,2025-07-19,Credit Card,Delivered,2025,7,July,Q3,2025-07,2025Q3
O007323,C00006,2024-11-25,UPI,Delivered,2024,11,November,Q4,2024-11,2024Q4
O007324,C01097,2024-06-15,Cash on Delivery,Delivered,2024,6,June,Q2,2024-06,2024Q2
O007325,C00741,2025-04-24,Cash on Delivery,Delivered,2025,4,April,Q2,2025-04,2025Q2
O007326,C00065,2025-03-10,Debit Card,Delivered,2025,3,March,Q1,2025-03,2025Q1
O007327,C01404,2025-11-11,UPI,Delivered,2025,11,November,Q4,2025-11,2025Q4
O007328,C01072,2025-12-16,UPI,Delivered,2025,12,December,Q4,2025-12,2025Q4
O007329,C00456,2025-12-30,Net Banking,Delivered,2025,12,December,Q4,2025-12,2025Q4
O007330,C00487,2024-05-28,Cash on Delivery,Cancelled,2024,5,May,Q2,2024-05,2024Q2
O007331,C01386,2024-10-24,UPI,Delivered,2024,10,October,Q4,2024-10,2024Q4
O007332,C00503,2024-10-17,Net Banking,Cancelled,2024,10,October,Q4,2024-10,2024Q4
O007333,C00026,2024-05-19,Net Banking,Cancelled,2024,5,May,Q2,2024-05,2024Q2
O007334,C01214,2025-12-25,Debit Card,Delivered,2025,12,December,Q4,2025-12,2025Q4
O007335,C00878,2025-08-03,Debit Card,Delivered,2025,8,August,Q3,2025-08,2025Q3
O007336,C00088,2024-01-09,UPI,Delivered,2024,1,January,Q1,2024-01,2024Q1
O007337,C00166,2024-06-01,Debit Card,Delivered,2024,6,June,Q2,2024-06,2024Q2
O007338,C01599,2024-12-09,UPI,Delivered,2024,12,December,Q4,2024-12,2024Q4
O007339,C01871,2024-10-07,UPI,Delivered,2024,10,October,Q4,2024-10,2024Q4
O007340,C00234,2025-02-12,Net Banking,Delivered,2025,2,February,Q1,2025-02,2025Q1
O007341,C00551,2024-05-31,Credit Card,Delivered,2024,5,May,Q2,2024-05,2024Q2
O007342,C01628,2024-01-05,Cash on Delivery,Cancelled,2024,1,January,Q1,2024-01,2024Q1
O007343,C00657,2025-03-31,UPI,Delivered,2025,3,March,Q1,2025-03,2025Q1
O007344,C00444,2024-08-29,Debit Card,Cancelled,2024,8,August,Q3,2024-08,2024Q3
O007345,C00761,2024-09-12,UPI,Delivered,2024,9,September,Q3,2024-09,2024Q3
O007346,C01807,2024-03-14,Cash on Delivery,Delivered,2024,3,March,Q1,2024-03,2024Q1
O007347,C01275,2025-12-08,UPI,Delivered,2025,12,December,Q4,2025-12,2025Q4
O007348,C00741,2024-10-13,UPI,Delivered,2024,10,October,Q4,2024-10,2024Q4
O007349,C00861,2025-12-12,Cash on Delivery,Delivered,2025,12,December,Q4,2025-12,2025Q4
O007350,C00291,2024-07-16,Debit Card,Delivered,2024,7,July,Q3,2024-07,2024Q3
O007351,C00694,2025-01-25,Net Banking,Delivered,2025,1,January,Q1,2025-01,2025Q1
O007352,C01229,2025-12-16,Credit Card,Delivered,2025,12,December,Q4,2025-12,2025Q4
O007353,C00877,2024-01-11,Net Banking,Delivered,2024,1,January,Q1,2024-01,2024Q1
O007354,C00484,2025-04-16,Credit Card,Delivered,2025,4,April,Q2,2025-04,2025Q2
O007355,C01410,2024-07-31,Debit Card,Cancelled,2024,7,July,Q3,2024-07,2024Q3
O007356,C01025,2024-01-27,Credit Card,Delivered,2024,1,January,Q1,2024-01,2024Q1
O007357,C01734,2025-05-17,Credit Card,Cancelled,2025,5,May,Q2,2025-05,2025Q2
O007358,C00726,2024-08-01,Net Banking,Delivered,2024,8,August,Q3,2024-08,2024Q3
O007359,C00276,2025-05-13,Cash on Delivery,Delivered,2025,5,May,Q2,2025-05,2025Q2
O007360,C01892,2025-01-06,Net Banking,Cancelled,2025,1,January,Q1,2025-01,2025Q1
O007361,C00449,2024-11-05,UPI,Delivered,2024,11,November,Q4,2024-11,2024Q4
O007362,C00745,2024-02-04,Debit Card,Delivered,2024,2,February,Q1,2024-02,2024Q1
O007363,C00202,2025-06-24,UPI,Cancelled,2025,6,June,Q2,2025-06,2025Q2
O007364,C00979,2025-07-01,Debit Card,Delivered,2025,7,July,Q3,2025-07,2025Q3
O007365,C00340,2024-07-15,Credit Card,Delivered,2024,7,July,Q3,2024-07,2024Q3
O007366,C01408,2024-07-31,Net Banking,Delivered,2024,7,July,Q3,2024-07,2024Q3
O007367,C01367,2025-04-30,Credit Card,Delivered,2025,4,April,Q2,2025-04,2025Q2
O007368,C00619,2024-02-14,Debit Card,Delivered,2024,2,February,Q1,2024-02,2024Q1
O007369,C01815,2025-03-20,Credit Card,Delivered,2025,3,March,Q1,2025-03,2025Q1
O007370,C00869,2025-10-01,Credit Card,Delivered,2025,10,October,Q4,2025-10,2025Q4
O007371,C00002,2024-01-24,Debit Card,Delivered,2024,1,January,Q1,2024-01,2024Q1
O007372,C00147,2025-11-01,Net Banking,Delivered,2025,11,November,Q4,2025-11,2025Q4
O007373,C01596,2025-07-11,UPI,Delivered,2025,7,July,Q3,2025-07,2025Q3
O007374,C00357,2025-12-21,UPI,Delivered,2025,12,December,Q4,2025-12,2025Q4
O007375,C00381,2024-12-31,Credit Card,Delivered,2024,12,December,Q4,2024-12,2024Q4
O007376,C00231,2025-04-16,Net Banking,Cancelled,2025,4,April,Q2,2025-04,2025Q2
O007377,C01510,2025-05-06,Net Banking,Delivered,2025,5,May,Q2,2025-05,2025Q2
O007378,C01817,2024-12-19,Net Banking,Delivered,2024,12,December,Q4,2024-12,2024Q4
O007379,C00982,2025-01-15,UPI,Delivered,2025,1,January,Q1,2025-01,2025Q1
O007380,C00796,2024-05-14,Debit Card,Delivered,2024,5,May,Q2,2024-05,2024Q2
O007381,C01104,2025-01-02,Cash on Delivery,Delivered,2025,1,January,Q1,2025-01,2025Q1
O007382,C01215,2025-08-05,Credit Card,Delivered,2025,8,August,Q3,2025-08,2025Q3
O007383,C01899,2025-11-10,UPI,Delivered,2025,11,November,Q4,2025-11,2025Q4
O007384,C01129,2025-05-17,Cash on Delivery,Delivered,2025,5,May,Q2,2025-05,2025Q2
O007385,C00007,2025-08-05,UPI,Cancelled,2025,8,August,Q3,2025-08,2025Q3
O007386,C00451,2025-02-27,Debit Card,Cancelled,2025,2,February,Q1,2025-02,2025Q1
O007387,C01886,2025-09-19,Net Banking,Delivered,2025,9,September,Q3,2025-09,2025Q3
O007388,C01493,2024-03-21,Credit Card,Delivered,2024,3,March,Q1,2024-03,2024Q1
O007389,C01568,2024-01-30,Debit Card,Cancelled,2024,1,January,Q1,2024-01,2024Q1
O007390,C01998,2024-10-14,Credit Card,Delivered,2024,10,October,Q4,2024-10,2024Q4
O007391,C01597,2024-01-23,Cash on Delivery,Cancelled,2024,1,January,Q1,2024-01,2024Q1
O007392,C00233,2025-04-21,Credit Card,Delivered,2025,4,April,Q2,2025-04,2025Q2
O007393,C01915,2025-11-25,UPI,Delivered,2025,11,November,Q4,2025-11,2025Q4
O007394,C00676,2025-07-08,Credit Card,Delivered,2025,7,July,Q3,2025-07,2025Q3
O007395,C00132,2024-04-28,UPI,Delivered,2024,4,April,Q2,2024-04,2024Q2
O007396,C00103,2025-07-02,Credit Card,Delivered,2025,7,July,Q3,2025-07,2025Q3
O007397,C01186,2025-07-25,UPI,Cancelled,2025,7,July,Q3,2025-07,2025Q3
O007398,C00926,2024-05-17,Credit Card,Delivered,2024,5,May,Q2,2024-05,2024Q2
O007399,C01052,2025-11-07,Credit Card,Delivered,2025,11,November,Q4,2025-11,2025Q4
O007400,C00983,2025-10-22,UPI,Cancelled,2025,10,October,Q4,2025-10,2025Q4
O007401,C00395,2024-04-12,UPI,Cancelled,2024,4,April,Q2,2024-04,2024Q2
O007402,C00234,2024-03-05,Net Banking,Cancelled,2024,3,March,Q1,2024-03,2024Q1
O007403,C01583,2024-11-21,Cash on Delivery,Delivered,2024,11,November,Q4,2024-11,2024Q4
O007404,C01336,2025-10-09,UPI,Delivered,2025,10,October,Q4,2025-10,2025Q4
O007405,C00686,2025-10-18,Net Banking,Cancelled,2025,10,October,Q4,2025-10,2025Q4
O007406,C01256,2024-04-02,Debit Card,Cancelled,2024,4,April,Q2,2024-04,2024Q2
O007407,C01344,2024-02-13,Debit Card,Cancelled,2024,2,February,Q1,2024-02,2024Q1
O007408,C00978,2024-12-10,Net Banking,Cancelled,2024,12,December,Q4,2024-12,2024Q4
O007409,C01259,2025-05-10,Net Banking,Cancelled,2025,5,May,Q2,2025-05,2025Q2
O007410,C01230,2025-07-05,UPI,Delivered,2025,7,July,Q3,2025-07,2025Q3
O007411,C00331,2024-02-18,Net Banking,Delivered,2024,2,February,Q1,2024-02,2024Q1
O007412,C00219,2024-09-01,Credit Card,Delivered,2024,9,September,Q3,2024-09,2024Q3
O007413,C00572,2024-03-16,Cash on Delivery,Delivered,2024,3,March,Q1,2024-03,2024Q1
O007414,C01620,2025-10-28,Credit Card,Delivered,2025,10,October,Q4,2025-10,2025Q4
O007415,C00729,2025-02-26,Debit Card,Delivered,2025,2,February,Q1,2025-02,2025Q1
O007416,C01133,2024-08-03,Net Banking,Delivered,2024,8,August,Q3,2024-08,2024Q3
O007417,C01927,2025-10-24,UPI,Delivered,2025,10,October,Q4,2025-10,2025Q4
O007418,C00158,2024-05-30,Credit Card,Delivered,2024,5,May,Q2,2024-05,2024Q2
O007419,C00833,2025-05-23,Cash on Delivery,Delivered,2025,5,May,Q2,2025-05,2025Q2
O007420,C00836,2025-04-21,Credit Card,Delivered,2025,4,April,Q2,2025-04,2025Q2
O007421,C00345,2025-07-26,Credit Card,Delivered,2025,7,July,Q3,2025-07,2025Q3
O007422,C01706,2024-01-13,Debit Card,Delivered,2024,1,January,Q1,2024-01,2024Q1
O007423,C01676,2024-09-15,Credit Card,Delivered,2024,9,September,Q3,2024-09,2024Q3
O007424,C00212,2025-10-12,Credit Card,Delivered,2025,10,October,Q4,2025-10,2025Q4
O007425,C01247,2025-06-05,Net Banking,Delivered,2025,6,June,Q2,2025-06,2025Q2
O007426,C01000,2025-10-20,Cash on Delivery,Cancelled,2025,10,October,Q4,2025-10,2025Q4
O007427,C00146,2025-11-29,UPI,Delivered,2025,11,November,Q4,2025-11,2025Q4
O007428,C01077,2024-09-02,Cash on Delivery,Cancelled,2024,9,September,Q3,2024-09,2024Q3
O007429,C01817,2025-11-28,Cash on Delivery,Delivered,2025,11,November,Q4,2025-11,2025Q4
O007430,C00803,2025-07-04,Cash on Delivery,Delivered,2025,7,July,Q3,2025-07,2025Q3
O007431,C01429,2024-05-11,UPI,Delivered,2024,5,May,Q2,2024-05,2024Q2
O007432,C01564,2025-12-04,Credit Card,Delivered,2025,12,December,Q4,2025-12,2025Q4
O007433,C01024,2025-03-31,UPI,Delivered,2025,3,March,Q1,2025-03,2025Q1
O007434,C01012,2025-07-14,Credit Card,Delivered,2025,7,July,Q3,2025-07,2025Q3
O007435,C00236,2024-10-11,Net Banking,Delivered,2024,10,October,Q4,2024-10,2024Q4
O007436,C01644,2025-02-05,Credit Card,Delivered,2025,2,February,Q1,2025-02,2025Q1
O007437,C01887,2024-01-12,UPI,Delivered,2024,1,January,Q1,2024-01,2024Q1
O007438,C00158,2025-05-31,Credit Card,Cancelled,2025,5,May,Q2,2025-05,2025Q2
O007439,C00675,2024-11-09,Debit Card,Cancelled,2024,11,November,Q4,2024-11,2024Q4
O007440,C00076,2024-11-19,UPI,Delivered,2024,11,November,Q4,2024-11,2024Q4
O007441,C01412,2025-10-12,Cash on Delivery,Delivered,2025,10,October,Q4,2025-10,2025Q4
O007442,C00497,2025-06-02,Net Banking,Delivered,2025,6,June,Q2,2025-06,2025Q2
O007443,C01232,2025-06-04,Debit Card,Delivered,2025,6,June,Q2,2025-06,2025Q2
O007444,C00761,2024-02-17,Debit Card,Delivered,2024,2,February,Q1,2024-02,2024Q1
O007445,C01032,2024-02-20,Credit Card,Delivered,2024,2,February,Q1,2024-02,2024Q1
O007446,C01424,2024-05-29,Credit Card,Delivered,2024,5,May,Q2,2024-05,2024Q2
O007447,C01393,2025-10-02,Cash on Delivery,Cancelled,2025,10,October,Q4,2025-10,2025Q4
O007448,C01123,2025-08-14,Cash on Delivery,Delivered,2025,8,August,Q3,2025-08,2025Q3
O007449,C00314,2025-01-24,Net Banking,Delivered,2025,1,January,Q1,2025-01,2025Q1
O007450,C01501,2024-04-24,Credit Card,Delivered,2024,4,April,Q2,2024-04,2024Q2
O007451,C00298,2025-07-20,Cash on Delivery,Delivered,2025,7,July,Q3,2025-07,2025Q3
O007452,C00217,2024-07-26,Net Banking,Delivered,2024,7,July,Q3,2024-07,2024Q3
O007453,C00143,2024-03-06,Cash on Delivery,Delivered,2024,3,March,Q1,2024-03,2024Q1
O007454,C00661,2024-05-14,Debit Card,Delivered,2024,5,May,Q2,2024-05,2024Q2
O007455,C01289,2024-12-10,Cash on Delivery,Delivered,2024,12,December,Q4,2024-12,2024Q4
O007456,C01705,2024-02-04,Net Banking,Delivered,2024,2,February,Q1,2024-02,2024Q1
O007457,C01840,2024-08-02,UPI,Delivered,2024,8,August,Q3,2024-08,2024Q3
O007458,C01678,2025-04-17,Credit Card,Delivered,2025,4,April,Q2,2025-04,2025Q2
O007459,C00832,2024-06-03,Net Banking,Delivered,2024,6,June,Q2,2024-06,2024Q2
O007460,C01426,2025-06-18,Cash on Delivery,Delivered,2025,6,June,Q2,2025-06,2025Q2
O007461,C00478,2025-01-27,Cash on Delivery,Cancelled,2025,1,January,Q1,2025-01,2025Q1
O007462,C00535,2024-11-13,Credit Card,Delivered,2024,11,November,Q4,2024-11,2024Q4
O007463,C01690,2024-05-14,Credit Card,Cancelled,2024,5,May,Q2,2024-05,2024Q2
O007464,C00516,2025-05-08,Debit Card,Delivered,2025,5,May,Q2,2025-05,2025Q2
O007465,C00193,2025-08-03,UPI,Delivered,2025,8,August,Q3,2025-08,2025Q3
O007466,C01590,2025-10-16,UPI,Cancelled,2025,10,October,Q4,2025-10,2025Q4
O007467,C00497,2025-10-12,UPI,Delivered,2025,10,October,Q4,2025-10,2025Q4
O007468,C01225,2024-01-03,Net Banking,Cancelled,2024,1,January,Q1,2024-01,2024Q1
O007469,C01355,2024-08-29,Debit Card,Cancelled,2024,8,August,Q3,2024-08,2024Q3
O007470,C00095,2024-07-31,Debit Card,Delivered,2024,7,July,Q3,2024-07,2024Q3
O007471,C01425,2025-03-11,Net Banking,Delivered,2025,3,March,Q1,2025-03,2025Q1
O007472,C01807,2024-09-29,Cash on Delivery,Cancelled,2024,9,September,Q3,2024-09,2024Q3
O007473,C00952,2024-04-01,Credit Card,Delivered,2024,4,April,Q2,2024-04,2024Q2
O007474,C01874,2024-09-22,Cash on Delivery,Cancelled,2024,9,September,Q3,2024-09,2024Q3
O007475,C01535,2024-12-28,Net Banking,Delivered,2024,12,December,Q4,2024-12,2024Q4
O007476,C01439,2025-03-17,UPI,Delivered,2025,3,March,Q1,2025-03,2025Q1
O007477,C01303,2025-10-11,Credit Card,Delivered,2025,10,October,Q4,2025-10,2025Q4
O007478,C01333,2025-06-24,UPI,Delivered,2025,6,June,Q2,2025-06,2025Q2
O007479,C00821,2024-03-07,Cash on Delivery,Delivered,2024,3,March,Q1,2024-03,2024Q1
O007480,C00137,2025-03-15,Credit Card,Delivered,2025,3,March,Q1,2025-03,2025Q1
O007481,C01973,2025-12-23,Cash on Delivery,Delivered,2025,12,December,Q4,2025-12,2025Q4
O007482,C00394,2024-12-25,Net Banking,Delivered,2024,12,December,Q4,2024-12,2024Q4
O007483,C00059,2024-03-09,Net Banking,Delivered,2024,3,March,Q1,2024-03,2024Q1
O007484,C00248,2024-03-31,Debit Card,Delivered,2024,3,March,Q1,2024-03,2024Q1
O007485,C01448,2025-12-14,Credit Card,Delivered,2025,12,December,Q4,2025-12,2025Q4
O007486,C01447,2024-03-11,Credit Card,Delivered,2024,3,March,Q1,2024-03,2024Q1
O007487,C00272,2024-05-21,Credit Card,Delivered,2024,5,May,Q2,2024-05,2024Q2
O007488,C01506,2025-07-20,Debit Card,Delivered,2025,7,July,Q3,2025-07,2025Q3
O007489,C01410,2024-03-08,Debit Card,Delivered,2024,3,March,Q1,2024-03,2024Q1
O007490,C01661,2024-05-24,Cash on Delivery,Delivered,2024,5,May,Q2,2024-05,2024Q2
O007491,C01380,2024-09-03,Credit Card,Delivered,2024,9,September,Q3,2024-09,2024Q3
O007492,C01503,2025-04-04,Credit Card,Delivered,2025,4,April,Q2,2025-04,2025Q2
O007493,C00641,2025-05-01,UPI,Delivered,2025,5,May,Q2,2025-05,2025Q2
O007494,C00193,2024-01-16,Cash on Delivery,Delivered,2024,1,January,Q1,2024-01,2024Q1
O007495,C01329,2025-08-18,Debit Card,Delivered,2025,8,August,Q3,2025-08,2025Q3
O007496,C00550,2024-05-11,UPI,Cancelled,2024,5,May,Q2,2024-05,2024Q2
O007497,C01788,2025-09-04,Cash on Delivery,Delivered,2025,9,September,Q3,2025-09,2025Q3
O007498,C01371,2024-01-09,UPI,Delivered,2024,1,January,Q1,2024-01,2024Q1
O007499,C01420,2024-06-17,UPI,Delivered,2024,6,June,Q2,2024-06,2024Q2
O007500,C00015,2025-05-10,Cash on Delivery,Delivered,2025,5,May,Q2,2025-05,2025Q2
O007501,C00900,2024-10-17,Net Banking,Delivered,2024,10,October,Q4,2024-10,2024Q4
O007502,C01437,2024-12-23,UPI,Delivered,2024,12,December,Q4,2024-12,2024Q4
O007503,C01369,2024-03-04,Cash on Delivery,Delivered,2024,3,March,Q1,2024-03,2024Q1
O007504,C01347,2025-11-12,UPI,Delivered,2025,11,November,Q4,2025-11,2025Q4
O007505,C00854,2025-07-16,Debit Card,Delivered,2025,7,July,Q3,2025-07,2025Q3
O007506,C01255,2024-07-10,Cash on Delivery,Delivered,2024,7,July,Q3,2024-07,2024Q3
O007507,C00212,2024-08-27,UPI,Delivered,2024,8,August,Q3,2024-08,2024Q3
O007508,C00395,2025-10-12,Net Banking,Cancelled,2025,10,October,Q4,2025-10,2025Q4
O007509,C01448,2025-06-12,UPI,Delivered,2025,6,June,Q2,2025-06,2025Q2
O007510,C00958,2025-05-13,UPI,Delivered,2025,5,May,Q2,2025-05,2025Q2
O007511,C01702,2025-12-01,Credit Card,Delivered,2025,12,December,Q4,2025-12,2025Q4
O007512,C01718,2025-11-02,Debit Card,Delivered,2025,11,November,Q4,2025-11,2025Q4
O007513,C01402,2024-05-28,Cash on Delivery,Delivered,2024,5,May,Q2,2024-05,2024Q2
O007514,C01042,2025-08-03,Credit Card,Delivered,2025,8,August,Q3,2025-08,2025Q3
O007515,C01762,2025-08-10,UPI,Delivered,2025,8,August,Q3,2025-08,2025Q3
O007516,C00056,2025-07-27,Debit Card,Delivered,2025,7,July,Q3,2025-07,2025Q3
O007517,C00786,2024-04-13,Debit Card,Cancelled,2024,4,April,Q2,2024-04,2024Q2
O007518,C00548,2024-08-29,UPI,Cancelled,2024,8,August,Q3,2024-08,2024Q3
O007519,C01216,2024-02-11,Credit Card,Delivered,2024,2,February,Q1,2024-02,2024Q1
O007520,C01299,2024-10-21,Cash on Delivery,Delivered,2024,10,October,Q4,2024-10,2024Q4
O007521,C00984,2025-07-02,Credit Card,Delivered,2025,7,July,Q3,2025-07,2025Q3
O007522,C00887,2024-08-10,Cash on Delivery,Delivered,2024,8,August,Q3,2024-08,2024Q3
O007523,C01229,2024-05-18,Credit Card,Delivered,2024,5,May,Q2,2024-05,2024Q2
O007524,C01168,2024-08-04,Debit Card,Delivered,2024,8,August,Q3,2024-08,2024Q3
O007525,C00475,2024-04-19,Cash on Delivery,Delivered,2024,4,April,Q2,2024-04,2024Q2
O007526,C00192,2025-03-14,Credit Card,Delivered,2025,3,March,Q1,2025-03,2025Q1
O007527,C01710,2024-09-02,UPI,Cancelled,2024,9,September,Q3,2024-09,2024Q3
O007528,C01603,2024-11-17,Debit Card,Cancelled,2024,11,November,Q4,2024-11,2024Q4
O007529,C01387,2024-06-24,UPI,Cancelled,2024,6,June,Q2,2024-06,2024Q2
O007530,C01625,2025-10-10,UPI,Delivered,2025,10,October,Q4,2025-10,2025Q4
O007531,C00260,2024-05-26,Debit Card,Delivered,2024,5,May,Q2,2024-05,2024Q2
O007532,C00603,2024-07-30,UPI,Delivered,2024,7,July,Q3,2024-07,2024Q3
O007533,C00870,2025-11-17,Credit Card,Cancelled,2025,11,November,Q4,2025-11,2025Q4
O007534,C01526,2024-06-03,UPI,Delivered,2024,6,June,Q2,2024-06,2024Q2
O007535,C00392,2024-05-17,UPI,Delivered,2024,5,May,Q2,2024-05,2024Q2
O007536,C01382,2024-08-17,Cash on Delivery,Cancelled,2024,8,August,Q3,2024-08,2024Q3
O007537,C01239,2024-07-20,UPI,Delivered,2024,7,July,Q3,2024-07,2024Q3
O007538,C00528,2025-06-25,Credit Card,Delivered,2025,6,June,Q2,2025-06,2025Q2
O007539,C00210,2024-12-07,Net Banking,Cancelled,2024,12,December,Q4,2024-12,2024Q4
O007540,C00781,2024-07-24,Credit Card,Cancelled,2024,7,July,Q3,2024-07,2024Q3
O007541,C00522,2024-03-12,Cash on Delivery,Cancelled,2024,3,March,Q1,2024-03,2024Q1
O007542,C00891,2025-01-15,Debit Card,Delivered,2025,1,January,Q1,2025-01,2025Q1
O007543,C01663,2024-10-02,Credit Card,Delivered,2024,10,October,Q4,2024-10,2024Q4
O007544,C00511,2025-03-25,Debit Card,Delivered,2025,3,March,Q1,2025-03,2025Q1
O007545,C00786,2024-10-09,Cash on Delivery,Delivered,2024,10,October,Q4,2024-10,2024Q4
O007546,C01136,2024-09-27,Debit Card,Delivered,2024,9,September,Q3,2024-09,2024Q3
O007547,C00043,2025-08-22,Credit Card,Delivered,2025,8,August,Q3,2025-08,2025Q3
O007548,C00697,2025-05-13,UPI,Cancelled,2025,5,May,Q2,2025-05,2025Q2
O007549,C01766,2025-02-10,Credit Card,Cancelled,2025,2,February,Q1,2025-02,2025Q1
O007550,C01298,2024-12-15,Cash on Delivery,Cancelled,2024,12,December,Q4,2024-12,2024Q4
O007551,C00765,2025-10-06,Cash on Delivery,Delivered,2025,10,October,Q4,2025-10,2025Q4
O007552,C01801,2025-05-05,Cash on Delivery,Delivered,2025,5,May,Q2,2025-05,2025Q2
O007553,C01728,2025-06-17,UPI,Delivered,2025,6,June,Q2,2025-06,2025Q2
O007554,C01166,2025-10-08,Credit Card,Cancelled,2025,10,October,Q4,2025-10,2025Q4
O007555,C01790,2024-05-12,Net Banking,Delivered,2024,5,May,Q2,2024-05,2024Q2
O007556,C00670,2024-01-29,UPI,Cancelled,2024,1,January,Q1,2024-01,2024Q1
O007557,C00197,2025-10-10,Net Banking,Delivered,2025,10,October,Q4,2025-10,2025Q4
O007558,C00673,2025-03-30,UPI,Delivered,2025,3,March,Q1,2025-03,2025Q1
O007559,C00256,2024-10-26,Cash on Delivery,Cancelled,2024,10,October,Q4,2024-10,2024Q4
O007560,C00413,2024-04-30,UPI,Delivered,2024,4,April,Q2,2024-04,2024Q2
O007561,C01561,2025-02-21,Credit Card,Cancelled,2025,2,February,Q1,2025-02,2025Q1
O007562,C00697,2025-03-17,Debit Card,Delivered,2025,3,March,Q1,2025-03,2025Q1
O007563,C01128,2024-06-12,Cash on Delivery,Delivered,2024,6,June,Q2,2024-06,2024Q2
O007564,C00435,2025-06-29,Debit Card,Delivered,2025,6,June,Q2,2025-06,2025Q2
O007565,C01515,2024-12-02,Cash on Delivery,Delivered,2024,12,December,Q4,2024-12,2024Q4
O007566,C01366,2024-09-26,Net Banking,Cancelled,2024,9,September,Q3,2024-09,2024Q3
O007567,C01972,2025-05-16,Credit Card,Delivered,2025,5,May,Q2,2025-05,2025Q2
O007568,C01207,2025-09-21,Debit Card,Cancelled,2025,9,September,Q3,2025-09,2025Q3
O007569,C00529,2025-06-13,Credit Card,Delivered,2025,6,June,Q2,2025-06,2025Q2
O007570,C01436,2025-09-10,UPI,Delivered,2025,9,September,Q3,2025-09,2025Q3
O007571,C01787,2024-08-12,Net Banking,Cancelled,2024,8,August,Q3,2024-08,2024Q3
O007572,C00106,2024-06-10,UPI,Delivered,2024,6,June,Q2,2024-06,2024Q2
O007573,C01273,2024-09-22,Credit Card,Delivered,2024,9,September,Q3,2024-09,2024Q3
O007574,C00166,2025-06-27,UPI,Delivered,2025,6,June,Q2,2025-06,2025Q2
O007575,C01636,2025-01-26,Cash on Delivery,Delivered,2025,1,January,Q1,2025-01,2025Q1
O007576,C01631,2025-03-04,Cash on Delivery,Delivered,2025,3,March,Q1,2025-03,2025Q1
O007577,C00211,2025-10-06,UPI,Delivered,2025,10,October,Q4,2025-10,2025Q4
O007578,C01699,2025-07-31,Debit Card,Delivered,2025,7,July,Q3,2025-07,2025Q3
O007579,C00886,2025-09-08,Cash on Delivery,Delivered,2025,9,September,Q3,2025-09,2025Q3
O007580,C01337,2024-07-27,Debit Card,Delivered,2024,7,July,Q3,2024-07,2024Q3
O007581,C01112,2024-03-11,Cash on Delivery,Delivered,2024,3,March,Q1,2024-03,2024Q1
O007582,C01933,2025-02-02,UPI,Delivered,2025,2,February,Q1,2025-02,2025Q1
O007583,C00788,2025-08-23,Net Banking,Delivered,2025,8,August,Q3,2025-08,2025Q3
O007584,C00535,2024-06-12,Debit Card,Delivered,2024,6,June,Q2,2024-06,2024Q2
O007585,C00419,2024-07-19,UPI,Delivered,2024,7,July,Q3,2024-07,2024Q3
O007586,C01986,2024-06-18,Debit Card,Cancelled,2024,6,June,Q2,2024-06,2024Q2
O007587,C01818,2024-12-29,Net Banking,Delivered,2024,12,December,Q4,2024-12,2024Q4
O007588,C01179,2024-07-21,Debit Card,Delivered,2024,7,July,Q3,2024-07,2024Q3
O007589,C01809,2024-01-25,Debit Card,Delivered,2024,1,January,Q1,2024-01,2024Q1
O007590,C01556,2025-12-17,UPI,Delivered,2025,12,December,Q4,2025-12,2025Q4
O007591,C01601,2024-03-30,Credit Card,Cancelled,2024,3,March,Q1,2024-03,2024Q1
O007592,C01620,2025-02-05,Net Banking,Delivered,2025,2,February,Q1,2025-02,2025Q1
O007593,C00703,2025-05-26,Debit Card,Delivered,2025,5,May,Q2,2025-05,2025Q2
O007594,C00278,2025-05-05,Debit Card,Delivered,2025,5,May,Q2,2025-05,2025Q2
O007595,C01629,2024-05-24,Cash on Delivery,Delivered,2024,5,May,Q2,2024-05,2024Q2
O007596,C00148,2025-01-04,Net Banking,Cancelled,2025,1,January,Q1,2025-01,2025Q1
O007597,C01204,2024-04-18,Credit Card,Delivered,2024,4,April,Q2,2024-04,2024Q2
O007598,C01642,2024-12-28,Net Banking,Delivered,2024,12,December,Q4,2024-12,2024Q4
O007599,C00616,2025-03-31,UPI,Delivered,2025,3,March,Q1,2025-03,2025Q1
O007600,C00677,2024-09-07,UPI,Delivered,2024,9,September,Q3,2024-09,2024Q3
O007601,C01104,2024-10-16,Debit Card,Delivered,2024,10,October,Q4,2024-10,2024Q4
O007602,C00877,2025-03-13,Credit Card,Delivered,2025,3,March,Q1,2025-03,2025Q1
O007603,C01792,2024-10-20,Cash on Delivery,Cancelled,2024,10,October,Q4,2024-10,2024Q4
O007604,C01618,2025-05-26,UPI,Delivered,2025,5,May,Q2,2025-05,2025Q2
O007605,C01558,2025-04-02,Credit Card,Cancelled,2025,4,April,Q2,2025-04,2025Q2
O007606,C01325,2025-12-01,Debit Card,Cancelled,2025,12,December,Q4,2025-12,2025Q4
O007607,C00501,2024-01-27,Cash on Delivery,Delivered,2024,1,January,Q1,2024-01,2024Q1
O007608,C01761,2024-09-07,Cash on Delivery,Delivered,2024,9,September,Q3,2024-09,2024Q3
O007609,C01375,2025-06-28,Net Banking,Delivered,2025,6,June,Q2,2025-06,2025Q2
O007610,C00662,2024-03-22,Cash on Delivery,Delivered,2024,3,March,Q1,2024-03,2024Q1
O007611,C00453,2025-05-03,UPI,Delivered,2025,5,May,Q2,2025-05,2025Q2
O007612,C00045,2024-10-05,Debit Card,Delivered,2024,10,October,Q4,2024-10,2024Q4
O007613,C00900,2025-11-06,Cash on Delivery,Cancelled,2025,11,November,Q4,2025-11,2025Q4
O007614,C00773,2025-11-30,Debit Card,Delivered,2025,11,November,Q4,2025-11,2025Q4
O007615,C01981,2024-01-07,Net Banking,Delivered,2024,1,January,Q1,2024-01,2024Q1
O007616,C00004,2024-05-03,Debit Card,Cancelled,2024,5,May,Q2,2024-05,2024Q2
O007617,C01761,2024-11-23,Debit Card,Delivered,2024,11,November,Q4,2024-11,2024Q4
O007618,C01857,2025-01-04,Net Banking,Delivered,2025,1,January,Q1,2025-01,2025Q1
O007619,C00718,2024-09-16,Cash on Delivery,Delivered,2024,9,September,Q3,2024-09,2024Q3
O007620,C01555,2024-09-18,Debit Card,Delivered,2024,9,September,Q3,2024-09,2024Q3
O007621,C00794,2025-05-18,Debit Card,Delivered,2025,5,May,Q2,2025-05,2025Q2
O007622,C00301,2025-12-02,UPI,Delivered,2025,12,December,Q4,2025-12,2025Q4
O007623,C01531,2024-03-18,Credit Card,Delivered,2024,3,March,Q1,2024-03,2024Q1
O007624,C00623,2024-05-25,Debit Card,Delivered,2024,5,May,Q2,2024-05,2024Q2
O007625,C01288,2025-12-10,Cash on Delivery,Delivered,2025,12,December,Q4,2025-12,2025Q4
O007626,C00826,2024-10-05,Cash on Delivery,Cancelled,2024,10,October,Q4,2024-10,2024Q4
O007627,C00774,2024-08-25,Cash on Delivery,Delivered,2024,8,August,Q3,2024-08,2024Q3
O007628,C00477,2024-05-06,UPI,Delivered,2024,5,May,Q2,2024-05,2024Q2
O007629,C01381,2024-12-28,Credit Card,Delivered,2024,12,December,Q4,2024-12,2024Q4
O007630,C00456,2025-02-28,Debit Card,Delivered,2025,2,February,Q1,2025-02,2025Q1
O007631,C01392,2024-05-24,Credit Card,Delivered,2024,5,May,Q2,2024-05,2024Q2
O007632,C01463,2025-08-07,UPI,Delivered,2025,8,August,Q3,2025-08,2025Q3
O007633,C01808,2024-01-17,UPI,Delivered,2024,1,January,Q1,2024-01,2024Q1
O007634,C01815,2024-12-06,Credit Card,Delivered,2024,12,December,Q4,2024-12,2024Q4
O007635,C01775,2025-09-20,Debit Card,Delivered,2025,9,September,Q3,2025-09,2025Q3
O007636,C00946,2025-04-23,Net Banking,Delivered,2025,4,April,Q2,2025-04,2025Q2
O007637,C01383,2024-12-20,Net Banking,Delivered,2024,12,December,Q4,2024-12,2024Q4
O007638,C00795,2025-04-06,UPI,Delivered,2025,4,April,Q2,2025-04,2025Q2
O007639,C00911,2025-03-23,Credit Card,Delivered,2025,3,March,Q1,2025-03,2025Q1
O007640,C01044,2025-06-23,Cash on Delivery,Cancelled,2025,6,June,Q2,2025-06,2025Q2
O007641,C01874,2024-12-03,Cash on Delivery,Delivered,2024,12,December,Q4,2024-12,2024Q4
O007642,C01667,2025-07-21,Credit Card,Delivered,2025,7,July,Q3,2025-07,2025Q3
O007643,C01979,2024-11-06,Debit Card,Delivered,2024,11,November,Q4,2024-11,2024Q4
O007644,C01256,2025-01-02,Credit Card,Delivered,2025,1,January,Q1,2025-01,2025Q1
O007645,C01332,2025-10-09,UPI,Delivered,2025,10,October,Q4,2025-10,2025Q4
O007646,C01719,2024-07-08,Credit Card,Delivered,2024,7,July,Q3,2024-07,2024Q3
O007647,C00284,2024-07-15,Debit Card,Delivered,2024,7,July,Q3,2024-07,2024Q3
O007648,C00914,2025-07-15,Net Banking,Delivered,2025,7,July,Q3,2025-07,2025Q3
O007649,C01799,2024-10-16,UPI,Delivered,2024,10,October,Q4,2024-10,2024Q4
O007650,C00976,2025-04-11,Net Banking,Delivered,2025,4,April,Q2,2025-04,2025Q2
O007651,C00860,2024-09-19,Debit Card,Delivered,2024,9,September,Q3,2024-09,2024Q3
O007652,C00052,2025-01-09,Credit Card,Delivered,2025,1,January,Q1,2025-01,2025Q1
O007653,C00047,2025-06-11,Cash on Delivery,Delivered,2025,6,June,Q2,2025-06,2025Q2
O007654,C00863,2024-11-07,Net Banking,Delivered,2024,11,November,Q4,2024-11,2024Q4
O007655,C00165,2024-08-21,Debit Card,Cancelled,2024,8,August,Q3,2024-08,2024Q3
O007656,C00912,2024-02-01,Credit Card,Delivered,2024,2,February,Q1,2024-02,2024Q1
O007657,C00181,2025-12-22,UPI,Delivered,2025,12,December,Q4,2025-12,2025Q4
O007658,C01570,2025-11-12,Credit Card,Delivered,2025,11,November,Q4,2025-11,2025Q4
O007659,C00122,2024-06-30,Cash on Delivery,Cancelled,2024,6,June,Q2,2024-06,2024Q2
O007660,C00120,2025-08-15,Debit Card,Delivered,2025,8,August,Q3,2025-08,2025Q3
O007661,C01170,2025-12-27,Debit Card,Delivered,2025,12,December,Q4,2025-12,2025Q4
O007662,C01631,2025-11-30,Credit Card,Delivered,2025,11,November,Q4,2025-11,2025Q4
O007663,C00732,2025-12-20,Cash on Delivery,Delivered,2025,12,December,Q4,2025-12,2025Q4
O007664,C00496,2025-01-28,Cash on Delivery,Delivered,2025,1,January,Q1,2025-01,2025Q1
O007665,C00704,2024-03-24,Credit Card,Cancelled,2024,3,March,Q1,2024-03,2024Q1
O007666,C01964,2024-11-22,Debit Card,Delivered,2024,11,November,Q4,2024-11,2024Q4
O007667,C00749,2024-11-26,Credit Card,Delivered,2024,11,November,Q4,2024-11,2024Q4
O007668,C01954,2025-08-24,UPI,Delivered,2025,8,August,Q3,2025-08,2025Q3
O007669,C01772,2024-07-28,Credit Card,Delivered,2024,7,July,Q3,2024-07,2024Q3
O007670,C00881,2025-03-24,Cash on Delivery,Delivered,2025,3,March,Q1,2025-03,2025Q1
O007671,C01765,2024-11-07,Cash on Delivery,Delivered,2024,11,November,Q4,2024-11,2024Q4
O007672,C00956,2025-04-05,UPI,Cancelled,2025,4,April,Q2,2025-04,2025Q2
O007673,C01510,2024-01-23,UPI,Delivered,2024,1,January,Q1,2024-01,2024Q1
O007674,C00123,2024-05-07,Cash on Delivery,Delivered,2024,5,May,Q2,2024-05,2024Q2
O007675,C01198,2025-02-01,Debit Card,Delivered,2025,2,February,Q1,2025-02,2025Q1
O007676,C00160,2024-05-09,UPI,Cancelled,2024,5,May,Q2,2024-05,2024Q2
O007677,C01412,2025-12-17,Cash on Delivery,Cancelled,2025,12,December,Q4,2025-12,2025Q4
O007678,C01163,2024-08-21,Debit Card,Delivered,2024,8,August,Q3,2024-08,2024Q3
O007679,C01708,2025-11-19,UPI,Delivered,2025,11,November,Q4,2025-11,2025Q4
O007680,C00178,2025-04-08,Cash on Delivery,Delivered,2025,4,April,Q2,2025-04,2025Q2
O007681,C01399,2025-06-25,Net Banking,Cancelled,2025,6,June,Q2,2025-06,2025Q2
O007682,C00441,2025-02-11,Cash on Delivery,Delivered,2025,2,February,Q1,2025-02,2025Q1
O007683,C01613,2024-06-03,Debit Card,Delivered,2024,6,June,Q2,2024-06,2024Q2
O007684,C00874,2025-03-17,UPI,Delivered,2025,3,March,Q1,2025-03,2025Q1
O007685,C01496,2025-08-06,Debit Card,Delivered,2025,8,August,Q3,2025-08,2025Q3
O007686,C00919,2024-04-18,Credit Card,Delivered,2024,4,April,Q2,2024-04,2024Q2
O007687,C01046,2024-04-10,Net Banking,Cancelled,2024,4,April,Q2,2024-04,2024Q2
O007688,C00998,2025-05-30,Debit Card,Delivered,2025,5,May,Q2,2025-05,2025Q2
O007689,C01476,2024-09-15,Net Banking,Cancelled,2024,9,September,Q3,2024-09,2024Q3
O007690,C00843,2025-09-04,Net Banking,Delivered,2025,9,September,Q3,2025-09,2025Q3
O007691,C01122,2024-02-11,Net Banking,Cancelled,2024,2,February,Q1,2024-02,2024Q1
O007692,C00033,2024-03-11,Debit Card,Delivered,2024,3,March,Q1,2024-03,2024Q1
O007693,C00756,2024-08-28,Credit Card,Cancelled,2024,8,August,Q3,2024-08,2024Q3
O007694,C01201,2025-09-07,Debit Card,Delivered,2025,9,September,Q3,2025-09,2025Q3
O007695,C01079,2025-08-17,Cash on Delivery,Delivered,2025,8,August,Q3,2025-08,2025Q3
O007696,C00566,2024-04-19,Credit Card,Delivered,2024,4,April,Q2,2024-04,2024Q2
O007697,C01417,2025-09-14,UPI,Delivered,2025,9,September,Q3,2025-09,2025Q3
O007698,C01177,2024-09-25,Credit Card,Delivered,2024,9,September,Q3,2024-09,2024Q3
O007699,C00866,2024-12-22,Debit Card,Delivered,2024,12,December,Q4,2024-12,2024Q4
O007700,C00647,2024-11-03,UPI,Delivered,2024,11,November,Q4,2024-11,2024Q4
O007701,C01394,2024-05-08,Credit Card,Cancelled,2024,5,May,Q2,2024-05,2024Q2
O007702,C01096,2024-12-23,Credit Card,Delivered,2024,12,December,Q4,2024-12,2024Q4
O007703,C00138,2024-01-01,UPI,Delivered,2024,1,January,Q1,2024-01,2024Q1
O007704,C00138,2025-05-26,UPI,Delivered,2025,5,May,Q2,2025-05,2025Q2
O007705,C01090,2024-04-24,Net Banking,Delivered,2024,4,April,Q2,2024-04,2024Q2
O007706,C00067,2024-06-04,Credit Card,Delivered,2024,6,June,Q2,2024-06,2024Q2
O007707,C00924,2025-11-16,Credit Card,Delivered,2025,11,November,Q4,2025-11,2025Q4
O007708,C01131,2024-05-13,Cash on Delivery,Delivered,2024,5,May,Q2,2024-05,2024Q2
O007709,C00519,2024-08-22,Net Banking,Cancelled,2024,8,August,Q3,2024-08,2024Q3
O007710,C00696,2024-08-26,Credit Card,Delivered,2024,8,August,Q3,2024-08,2024Q3
O007711,C00933,2024-03-03,Debit Card,Delivered,2024,3,March,Q1,2024-03,2024Q1
O007712,C01695,2024-05-23,UPI,Delivered,2024,5,May,Q2,2024-05,2024Q2
O007713,C00671,2024-07-02,Cash on Delivery,Delivered,2024,7,July,Q3,2024-07,2024Q3
O007714,C00578,2025-10-28,UPI,Delivered,2025,10,October,Q4,2025-10,2025Q4
O007715,C01877,2024-06-06,Credit Card,Cancelled,2024,6,June,Q2,2024-06,2024Q2
O007716,C00985,2024-12-05,Net Banking,Delivered,2024,12,December,Q4,2024-12,2024Q4
O007717,C00169,2024-03-11,Cash on Delivery,Delivered,2024,3,March,Q1,2024-03,2024Q1
O007718,C00848,2025-07-16,Debit Card,Delivered,2025,7,July,Q3,2025-07,2025Q3
O007719,C00982,2024-07-09,Credit Card,Delivered,2024,7,July,Q3,2024-07,2024Q3
O007720,C00185,2024-04-29,Credit Card,Delivered,2024,4,April,Q2,2024-04,2024Q2
O007721,C00157,2025-06-15,Cash on Delivery,Delivered,2025,6,June,Q2,2025-06,2025Q2
O007722,C00018,2025-03-07,Credit Card,Delivered,2025,3,March,Q1,2025-03,2025Q1
O007723,C01053,2025-10-18,Credit Card,Delivered,2025,10,October,Q4,2025-10,2025Q4
O007724,C01845,2025-08-25,Cash on Delivery,Delivered,2025,8,August,Q3,2025-08,2025Q3
O007725,C01582,2024-10-17,UPI,Delivered,2024,10,October,Q4,2024-10,2024Q4
O007726,C00716,2024-01-04,Credit Card,Cancelled,2024,1,January,Q1,2024-01,2024Q1
O007727,C01917,2025-01-05,Debit Card,Cancelled,2025,1,January,Q1,2025-01,2025Q1
O007728,C00747,2024-05-03,Credit Card,Delivered,2024,5,May,Q2,2024-05,2024Q2
O007729,C01002,2024-09-24,Cash on Delivery,Cancelled,2024,9,September,Q3,2024-09,2024Q3
O007730,C00672,2024-03-18,Debit Card,Cancelled,2024,3,March,Q1,2024-03,2024Q1
O007731,C01653,2024-12-31,Debit Card,Cancelled,2024,12,December,Q4,2024-12,2024Q4
O007732,C01071,2025-03-03,Credit Card,Delivered,2025,3,March,Q1,2025-03,2025Q1
O007733,C01878,2025-06-17,Credit Card,Cancelled,2025,6,June,Q2,2025-06,2025Q2
O007734,C00769,2024-11-02,Debit Card,Delivered,2024,11,November,Q4,2024-11,2024Q4
O007735,C01655,2025-06-26,Credit Card,Delivered,2025,6,June,Q2,2025-06,2025Q2
O007736,C00772,2024-06-14,Debit Card,Cancelled,2024,6,June,Q2,2024-06,2024Q2
O007737,C00365,2025-12-10,Credit Card,Cancelled,2025,12,December,Q4,2025-12,2025Q4
O007738,C00421,2025-01-01,Net Banking,Delivered,2025,1,January,Q1,2025-01,2025Q1
O007739,C01204,2025-06-03,Credit Card,Delivered,2025,6,June,Q2,2025-06,2025Q2
O007740,C01091,2024-10-19,Cash on Delivery,Delivered,2024,10,October,Q4,2024-10,2024Q4
O007741,C01122,2025-10-07,Net Banking,Delivered,2025,10,October,Q4,2025-10,2025Q4
O007742,C01500,2024-12-25,UPI,Delivered,2024,12,December,Q4,2024-12,2024Q4
O007743,C01968,2025-07-02,Cash on Delivery,Delivered,2025,7,July,Q3,2025-07,2025Q3
O007744,C01678,2024-07-07,Debit Card,Delivered,2024,7,July,Q3,2024-07,2024Q3
O007745,C00388,2025-08-15,Debit Card,Delivered,2025,8,August,Q3,2025-08,2025Q3
O007746,C01441,2025-12-13,Cash on Delivery,Delivered,2025,12,December,Q4,2025-12,2025Q4
O007747,C00639,2024-03-15,Credit Card,Delivered,2024,3,March,Q1,2024-03,2024Q1
O007748,C01412,2024-10-28,Cash on Delivery,Delivered,2024,10,October,Q4,2024-10,2024Q4
O007749,C01177,2024-04-09,Net Banking,Delivered,2024,4,April,Q2,2024-04,2024Q2
O007750,C01563,2024-09-04,UPI,Cancelled,2024,9,September,Q3,2024-09,2024Q3
O007751,C01507,2025-08-15,Net Banking,Delivered,2025,8,August,Q3,2025-08,2025Q3
O007752,C00130,2025-12-27,Debit Card,Delivered,2025,12,December,Q4,2025-12,2025Q4
O007753,C00968,2024-04-13,Credit Card,Delivered,2024,4,April,Q2,2024-04,2024Q2
O007754,C00186,2024-11-06,Cash on Delivery,Delivered,2024,11,November,Q4,2024-11,2024Q4
O007755,C01483,2025-08-23,Credit Card,Delivered,2025,8,August,Q3,2025-08,2025Q3
O007756,C00511,2024-09-11,UPI,Delivered,2024,9,September,Q3,2024-09,2024Q3
O007757,C00743,2025-11-28,UPI,Delivered,2025,11,November,Q4,2025-11,2025Q4
O007758,C01951,2024-08-07,UPI,Delivered,2024,8,August,Q3,2024-08,2024Q3
O007759,C00458,2025-09-28,UPI,Delivered,2025,9,September,Q3,2025-09,2025Q3
O007760,C00121,2025-06-08,Debit Card,Delivered,2025,6,June,Q2,2025-06,2025Q2
O007761,C00022,2025-07-21,Net Banking,Delivered,2025,7,July,Q3,2025-07,2025Q3
O007762,C01092,2025-11-08,UPI,Delivered,2025,11,November,Q4,2025-11,2025Q4
O007763,C01831,2024-11-25,UPI,Cancelled,2024,11,November,Q4,2024-11,2024Q4
O007764,C01819,2025-04-08,Cash on Delivery,Delivered,2025,4,April,Q2,2025-04,2025Q2
O007765,C01258,2024-11-01,Cash on Delivery,Delivered,2024,11,November,Q4,2024-11,2024Q4
O007766,C01360,2025-02-18,Debit Card,Delivered,2025,2,February,Q1,2025-02,2025Q1
O007767,C00936,2024-02-25,Net Banking,Delivered,2024,2,February,Q1,2024-02,2024Q1
O007768,C00487,2024-09-26,Debit Card,Delivered,2024,9,September,Q3,2024-09,2024Q3
O007769,C01816,2025-01-14,UPI,Cancelled,2025,1,January,Q1,2025-01,2025Q1
O007770,C01520,2025-06-04,Cash on Delivery,Cancelled,2025,6,June,Q2,2025-06,2025Q2
O007771,C01211,2025-07-29,UPI,Delivered,2025,7,July,Q3,2025-07,2025Q3
O007772,C00833,2025-03-31,Cash on Delivery,Cancelled,2025,3,March,Q1,2025-03,2025Q1
O007773,C00547,2024-01-21,Debit Card,Delivered,2024,1,January,Q1,2024-01,2024Q1
O007774,C00113,2024-06-21,Net Banking,Delivered,2024,6,June,Q2,2024-06,2024Q2
O007775,C01402,2025-11-18,UPI,Cancelled,2025,11,November,Q4,2025-11,2025Q4
O007776,C01879,2025-04-17,Cash on Delivery,Delivered,2025,4,April,Q2,2025-04,2025Q2
O007777,C00047,2024-05-18,Credit Card,Delivered,2024,5,May,Q2,2024-05,2024Q2
O007778,C01880,2025-08-19,Net Banking,Delivered,2025,8,August,Q3,2025-08,2025Q3
O007779,C01414,2024-07-01,Cash on Delivery,Delivered,2024,7,July,Q3,2024-07,2024Q3
O007780,C00036,2024-10-13,UPI,Cancelled,2024,10,October,Q4,2024-10,2024Q4
O007781,C01304,2024-10-08,Credit Card,Delivered,2024,10,October,Q4,2024-10,2024Q4
O007782,C01361,2024-09-20,Debit Card,Delivered,2024,9,September,Q3,2024-09,2024Q3
O007783,C01639,2025-01-24,Debit Card,Delivered,2025,1,January,Q1,2025-01,2025Q1
O007784,C01097,2025-10-01,Credit Card,Delivered,2025,10,October,Q4,2025-10,2025Q4
O007785,C01689,2024-01-02,Debit Card,Delivered,2024,1,January,Q1,2024-01,2024Q1
O007786,C00312,2025-04-19,UPI,Delivered,2025,4,April,Q2,2025-04,2025Q2
O007787,C00729,2025-04-10,Cash on Delivery,Delivered,2025,4,April,Q2,2025-04,2025Q2
O007788,C00350,2025-08-06,Net Banking,Delivered,2025,8,August,Q3,2025-08,2025Q3
O007789,C01712,2024-11-05,Debit Card,Delivered,2024,11,November,Q4,2024-11,2024Q4
O007790,C01956,2025-12-11,UPI,Cancelled,2025,12,December,Q4,2025-12,2025Q4
O007791,C00397,2024-03-01,Net Banking,Delivered,2024,3,March,Q1,2024-03,2024Q1
O007792,C01174,2025-05-16,UPI,Delivered,2025,5,May,Q2,2025-05,2025Q2
O007793,C00023,2024-06-27,Debit Card,Cancelled,2024,6,June,Q2,2024-06,2024Q2
O007794,C00472,2024-04-17,Credit Card,Delivered,2024,4,April,Q2,2024-04,2024Q2
O007795,C01009,2025-01-23,Credit Card,Delivered,2025,1,January,Q1,2025-01,2025Q1
O007796,C01129,2024-05-26,Net Banking,Delivered,2024,5,May,Q2,2024-05,2024Q2
O007797,C01441,2024-02-04,Credit Card,Delivered,2024,2,February,Q1,2024-02,2024Q1
O007798,C00299,2024-06-13,UPI,Delivered,2024,6,June,Q2,2024-06,2024Q2
O007799,C01870,2024-08-22,Debit Card,Cancelled,2024,8,August,Q3,2024-08,2024Q3
O007800,C00696,2024-12-04,Cash on Delivery,Delivered,2024,12,December,Q4,2024-12,2024Q4
O007801,C01506,2024-03-13,Credit Card,Delivered,2024,3,March,Q1,2024-03,2024Q1
O007802,C01649,2024-09-20,UPI,Delivered,2024,9,September,Q3,2024-09,2024Q3
O007803,C01924,2024-10-25,UPI,Cancelled,2024,10,October,Q4,2024-10,2024Q4
O007804,C00717,2025-05-23,UPI,Delivered,2025,5,May,Q2,2025-05,2025Q2
O007805,C00686,2024-05-19,Credit Card,Delivered,2024,5,May,Q2,2024-05,2024Q2
O007806,C00679,2024-11-26,Debit Card,Cancelled,2024,11,November,Q4,2024-11,2024Q4
O007807,C01812,2024-04-27,Net Banking,Delivered,2024,4,April,Q2,2024-04,2024Q2
O007808,C01447,2024-08-09,Credit Card,Cancelled,2024,8,August,Q3,2024-08,2024Q3
O007809,C00819,2024-08-29,UPI,Delivered,2024,8,August,Q3,2024-08,2024Q3
O007810,C00090,2024-10-27,Debit Card,Cancelled,2024,10,October,Q4,2024-10,2024Q4
O007811,C00059,2025-06-08,Credit Card,Delivered,2025,6,June,Q2,2025-06,2025Q2
O007812,C00537,2025-09-29,UPI,Delivered,2025,9,September,Q3,2025-09,2025Q3
O007813,C01736,2025-01-08,UPI,Delivered,2025,1,January,Q1,2025-01,2025Q1
O007814,C00540,2024-01-28,Net Banking,Delivered,2024,1,January,Q1,2024-01,2024Q1
O007815,C01419,2024-07-21,Cash on Delivery,Delivered,2024,7,July,Q3,2024-07,2024Q3
O007816,C00086,2024-11-23,Cash on Delivery,Delivered,2024,11,November,Q4,2024-11,2024Q4
O007817,C00527,2024-05-19,UPI,Cancelled,2024,5,May,Q2,2024-05,2024Q2
O007818,C01991,2024-05-07,Cash on Delivery,Cancelled,2024,5,May,Q2,2024-05,2024Q2
O007819,C00677,2024-11-05,Credit Card,Delivered,2024,11,November,Q4,2024-11,2024Q4
O007820,C00419,2025-06-13,UPI,Delivered,2025,6,June,Q2,2025-06,2025Q2
O007821,C00675,2025-02-05,Debit Card,Delivered,2025,2,February,Q1,2025-02,2025Q1
O007822,C01650,2025-10-09,Credit Card,Delivered,2025,10,October,Q4,2025-10,2025Q4
O007823,C01055,2024-03-23,Debit Card,Cancelled,2024,3,March,Q1,2024-03,2024Q1
O007824,C01042,2024-12-27,Cash on Delivery,Delivered,2024,12,December,Q4,2024-12,2024Q4
O007825,C01491,2025-09-18,Cash on Delivery,Delivered,2025,9,September,Q3,2025-09,2025Q3
O007826,C00872,2024-03-05,Net Banking,Cancelled,2024,3,March,Q1,2024-03,2024Q1
O007827,C01277,2024-09-25,Credit Card,Delivered,2024,9,September,Q3,2024-09,2024Q3
O007828,C00422,2025-06-16,Credit Card,Delivered,2025,6,June,Q2,2025-06,2025Q2
O007829,C00854,2025-07-23,Credit Card,Delivered,2025,7,July,Q3,2025-07,2025Q3
O007830,C01728,2024-03-19,Cash on Delivery,Delivered,2024,3,March,Q1,2024-03,2024Q1
O007831,C01812,2025-05-24,UPI,Delivered,2025,5,May,Q2,2025-05,2025Q2
O007832,C01638,2025-10-31,Credit Card,Cancelled,2025,10,October,Q4,2025-10,2025Q4
O007833,C00783,2024-11-10,UPI,Delivered,2024,11,November,Q4,2024-11,2024Q4
O007834,C00988,2025-09-16,Cash on Delivery,Delivered,2025,9,September,Q3,2025-09,2025Q3
O007835,C01363,2025-09-18,Net Banking,Delivered,2025,9,September,Q3,2025-09,2025Q3
O007836,C01544,2024-01-10,Credit Card,Delivered,2024,1,January,Q1,2024-01,2024Q1
O007837,C00439,2024-05-04,Debit Card,Delivered,2024,5,May,Q2,2024-05,2024Q2
O007838,C00675,2024-09-04,UPI,Delivered,2024,9,September,Q3,2024-09,2024Q3
O007839,C01755,2024-04-09,Cash on Delivery,Cancelled,2024,4,April,Q2,2024-04,2024Q2
O007840,C01634,2025-03-22,Debit Card,Delivered,2025,3,March,Q1,2025-03,2025Q1
O007841,C01148,2025-01-28,Credit Card,Cancelled,2025,1,January,Q1,2025-01,2025Q1
O007842,C00594,2024-10-25,Debit Card,Delivered,2024,10,October,Q4,2024-10,2024Q4
O007843,C01207,2025-06-17,Cash on Delivery,Delivered,2025,6,June,Q2,2025-06,2025Q2
O007844,C00532,2024-12-19,Net Banking,Cancelled,2024,12,December,Q4,2024-12,2024Q4
O007845,C01498,2024-01-10,UPI,Delivered,2024,1,January,Q1,2024-01,2024Q1
O007846,C00478,2025-01-12,Debit Card,Delivered,2025,1,January,Q1,2025-01,2025Q1
O007847,C00263,2025-05-22,Credit Card,Cancelled,2025,5,May,Q2,2025-05,2025Q2
O007848,C00735,2025-06-04,UPI,Delivered,2025,6,June,Q2,2025-06,2025Q2
O007849,C00972,2024-11-08,Credit Card,Delivered,2024,11,November,Q4,2024-11,2024Q4
O007850,C01680,2024-11-24,Credit Card,Delivered,2024,11,November,Q4,2024-11,2024Q4
O007851,C00259,2025-08-22,Net Banking,Delivered,2025,8,August,Q3,2025-08,2025Q3
O007852,C00017,2024-02-12,Cash on Delivery,Delivered,2024,2,February,Q1,2024-02,2024Q1
O007853,C01771,2024-08-23,Debit Card,Cancelled,2024,8,August,Q3,2024-08,2024Q3
O007854,C00828,2024-11-26,Net Banking,Cancelled,2024,11,November,Q4,2024-11,2024Q4
O007855,C01533,2024-07-19,Net Banking,Delivered,2024,7,July,Q3,2024-07,2024Q3
O007856,C00779,2025-07-30,Credit Card,Cancelled,2025,7,July,Q3,2025-07,2025Q3
O007857,C01825,2025-05-07,Credit Card,Delivered,2025,5,May,Q2,2025-05,2025Q2
O007858,C01586,2024-03-31,Net Banking,Cancelled,2024,3,March,Q1,2024-03,2024Q1
O007859,C01359,2025-04-13,Credit Card,Delivered,2025,4,April,Q2,2025-04,2025Q2
O007860,C01077,2025-09-18,Credit Card,Cancelled,2025,9,September,Q3,2025-09,2025Q3
O007861,C01846,2025-09-15,UPI,Delivered,2025,9,September,Q3,2025-09,2025Q3
O007862,C01080,2025-12-06,UPI,Delivered,2025,12,December,Q4,2025-12,2025Q4
O007863,C00765,2024-12-15,Credit Card,Delivered,2024,12,December,Q4,2024-12,2024Q4
O007864,C00895,2025-01-24,Cash on Delivery,Cancelled,2025,1,January,Q1,2025-01,2025Q1
O007865,C00703,2024-10-16,Net Banking,Cancelled,2024,10,October,Q4,2024-10,2024Q4
O007866,C01490,2025-08-29,Debit Card,Delivered,2025,8,August,Q3,2025-08,2025Q3
O007867,C00994,2025-01-02,Net Banking,Delivered,2025,1,January,Q1,2025-01,2025Q1
O007868,C01029,2025-07-07,UPI,Delivered,2025,7,July,Q3,2025-07,2025Q3
O007869,C00571,2024-09-17,Debit Card,Cancelled,2024,9,September,Q3,2024-09,2024Q3
O007870,C00449,2025-10-17,Net Banking,Delivered,2025,10,October,Q4,2025-10,2025Q4
O007871,C01504,2025-02-19,Credit Card,Delivered,2025,2,February,Q1,2025-02,2025Q1
O007872,C01702,2024-10-10,Cash on Delivery,Delivered,2024,10,October,Q4,2024-10,2024Q4
O007873,C00686,2024-03-27,Credit Card,Delivered,2024,3,March,Q1,2024-03,2024Q1
O007874,C00474,2025-09-02,Debit Card,Delivered,2025,9,September,Q3,2025-09,2025Q3
O007875,C00167,2024-05-18,Cash on Delivery,Delivered,2024,5,May,Q2,2024-05,2024Q2
O007876,C01838,2024-11-25,UPI,Delivered,2024,11,November,Q4,2024-11,2024Q4
O007877,C01229,2025-02-16,Credit Card,Cancelled,2025,2,February,Q1,2025-02,2025Q1
O007878,C01434,2025-08-13,Cash on Delivery,Delivered,2025,8,August,Q3,2025-08,2025Q3
O007879,C00563,2024-10-24,Cash on Delivery,Delivered,2024,10,October,Q4,2024-10,2024Q4
O007880,C01978,2025-11-06,Debit Card,Delivered,2025,11,November,Q4,2025-11,2025Q4
O007881,C01981,2025-06-08,Debit Card,Delivered,2025,6,June,Q2,2025-06,2025Q2
O007882,C01989,2024-03-03,Cash on Delivery,Delivered,2024,3,March,Q1,2024-03,2024Q1
O007883,C01401,2024-04-26,Cash on Delivery,Delivered,2024,4,April,Q2,2024-04,2024Q2
O007884,C00878,2024-01-06,Credit Card,Delivered,2024,1,January,Q1,2024-01,2024Q1
O007885,C01719,2024-09-18,Debit Card,Delivered,2024,9,September,Q3,2024-09,2024Q3
O007886,C01618,2025-12-26,Net Banking,Delivered,2025,12,December,Q4,2025-12,2025Q4
O007887,C00870,2025-07-03,Debit Card,Delivered,2025,7,July,Q3,2025-07,2025Q3
O007888,C00459,2025-04-03,UPI,Delivered,2025,4,April,Q2,2025-04,2025Q2
O007889,C00729,2024-07-19,Cash on Delivery,Delivered,2024,7,July,Q3,2024-07,2024Q3
O007890,C01572,2024-06-02,Credit Card,Delivered,2024,6,June,Q2,2024-06,2024Q2
O007891,C00637,2025-02-03,Cash on Delivery,Cancelled,2025,2,February,Q1,2025-02,2025Q1
O007892,C00826,2025-09-23,Net Banking,Cancelled,2025,9,September,Q3,2025-09,2025Q3
O007893,C01227,2025-04-22,Net Banking,Delivered,2025,4,April,Q2,2025-04,2025Q2
O007894,C01916,2025-07-19,Debit Card,Delivered,2025,7,July,Q3,2025-07,2025Q3
O007895,C01159,2025-11-08,Cash on Delivery,Delivered,2025,11,November,Q4,2025-11,2025Q4
O007896,C01509,2024-12-19,Cash on Delivery,Delivered,2024,12,December,Q4,2024-12,2024Q4
O007897,C00125,2024-12-03,UPI,Delivered,2024,12,December,Q4,2024-12,2024Q4
O007898,C01607,2024-02-07,UPI,Delivered,2024,2,February,Q1,2024-02,2024Q1
O007899,C00176,2024-12-26,Debit Card,Cancelled,2024,12,December,Q4,2024-12,2024Q4
O007900,C00974,2024-08-06,Net Banking,Delivered,2024,8,August,Q3,2024-08,2024Q3
O007901,C00354,2024-01-31,Debit Card,Delivered,2024,1,January,Q1,2024-01,2024Q1
O007902,C00259,2024-04-04,Cash on Delivery,Delivered,2024,4,April,Q2,2024-04,2024Q2
O007903,C01556,2025-11-05,Cash on Delivery,Delivered,2025,11,November,Q4,2025-11,2025Q4
O007904,C00626,2025-01-15,Cash on Delivery,Delivered,2025,1,January,Q1,2025-01,2025Q1
O007905,C00983,2024-12-23,Net Banking,Delivered,2024,12,December,Q4,2024-12,2024Q4
O007906,C01134,2024-10-12,UPI,Cancelled,2024,10,October,Q4,2024-10,2024Q4
O007907,C01570,2024-02-08,Debit Card,Delivered,2024,2,February,Q1,2024-02,2024Q1
O007908,C01342,2025-11-21,Net Banking,Delivered,2025,11,November,Q4,2025-11,2025Q4
O007909,C01648,2025-04-10,Net Banking,Cancelled,2025,4,April,Q2,2025-04,2025Q2
O007910,C01989,2025-06-17,UPI,Delivered,2025,6,June,Q2,2025-06,2025Q2
O007911,C00017,2024-10-13,Credit Card,Delivered,2024,10,October,Q4,2024-10,2024Q4
O007912,C01864,2024-07-14,Debit Card,Cancelled,2024,7,July,Q3,2024-07,2024Q3
O007913,C00011,2024-11-26,UPI,Delivered,2024,11,November,Q4,2024-11,2024Q4
O007914,C01783,2024-09-19,Credit Card,Delivered,2024,9,September,Q3,2024-09,2024Q3
O007915,C00768,2025-06-08,Debit Card,Cancelled,2025,6,June,Q2,2025-06,2025Q2
O007916,C00818,2024-08-18,Net Banking,Delivered,2024,8,August,Q3,2024-08,2024Q3
O007917,C00214,2025-08-18,Debit Card,Delivered,2025,8,August,Q3,2025-08,2025Q3
O007918,C00535,2025-09-28,UPI,Delivered,2025,9,September,Q3,2025-09,2025Q3
O007919,C00707,2024-01-19,UPI,Delivered,2024,1,January,Q1,2024-01,2024Q1
O007920,C01828,2025-02-25,Net Banking,Delivered,2025,2,February,Q1,2025-02,2025Q1
O007921,C01260,2024-07-26,Net Banking,Delivered,2024,7,July,Q3,2024-07,2024Q3
O007922,C01753,2024-05-18,Credit Card,Delivered,2024,5,May,Q2,2024-05,2024Q2
O007923,C01297,2024-08-15,Credit Card,Delivered,2024,8,August,Q3,2024-08,2024Q3
O007924,C00279,2024-10-04,UPI,Delivered,2024,10,October,Q4,2024-10,2024Q4
O007925,C01535,2024-11-19,UPI,Delivered,2024,11,November,Q4,2024-11,2024Q4
O007926,C01279,2024-01-14,Cash on Delivery,Delivered,2024,1,January,Q1,2024-01,2024Q1
O007927,C00220,2024-12-13,Cash on Delivery,Delivered,2024,12,December,Q4,2024-12,2024Q4
O007928,C01456,2024-09-09,Debit Card,Delivered,2024,9,September,Q3,2024-09,2024Q3
O007929,C00838,2024-08-19,Net Banking,Delivered,2024,8,August,Q3,2024-08,2024Q3
O007930,C01645,2025-05-08,Cash on Delivery,Delivered,2025,5,May,Q2,2025-05,2025Q2
O007931,C01512,2024-01-28,UPI,Delivered,2024,1,January,Q1,2024-01,2024Q1
O007932,C01802,2025-04-07,Debit Card,Delivered,2025,4,April,Q2,2025-04,2025Q2
O007933,C01480,2024-03-27,Cash on Delivery,Delivered,2024,3,March,Q1,2024-03,2024Q1
O007934,C01141,2024-10-04,UPI,Delivered,2024,10,October,Q4,2024-10,2024Q4
O007935,C01380,2025-07-22,Net Banking,Delivered,2025,7,July,Q3,2025-07,2025Q3
O007936,C00697,2024-01-29,Debit Card,Cancelled,2024,1,January,Q1,2024-01,2024Q1
O007937,C00285,2025-02-16,UPI,Delivered,2025,2,February,Q1,2025-02,2025Q1
O007938,C00792,2025-07-27,Credit Card,Delivered,2025,7,July,Q3,2025-07,2025Q3
O007939,C00533,2024-11-03,Credit Card,Cancelled,2024,11,November,Q4,2024-11,2024Q4
O007940,C00760,2024-07-12,Credit Card,Cancelled,2024,7,July,Q3,2024-07,2024Q3
O007941,C00547,2024-05-16,Debit Card,Delivered,2024,5,May,Q2,2024-05,2024Q2
O007942,C00006,2024-03-06,Net Banking,Cancelled,2024,3,March,Q1,2024-03,2024Q1
O007943,C01249,2025-02-19,UPI,Delivered,2025,2,February,Q1,2025-02,2025Q1
O007944,C01701,2024-03-14,Credit Card,Cancelled,2024,3,March,Q1,2024-03,2024Q1
O007945,C01428,2024-04-07,Cash on Delivery,Delivered,2024,4,April,Q2,2024-04,2024Q2
O007946,C01244,2025-07-18,Cash on Delivery,Delivered,2025,7,July,Q3,2025-07,2025Q3
O007947,C00935,2024-04-22,Debit Card,Delivered,2024,4,April,Q2,2024-04,2024Q2
O007948,C00141,2025-05-06,Credit Card,Cancelled,2025,5,May,Q2,2025-05,2025Q2
O007949,C01388,2025-01-18,Debit Card,Delivered,2025,1,January,Q1,2025-01,2025Q1
O007950,C00197,2024-11-30,Debit Card,Cancelled,2024,11,November,Q4,2024-11,2024Q4
O007951,C01599,2025-11-24,UPI,Delivered,2025,11,November,Q4,2025-11,2025Q4
O007952,C01377,2024-08-01,UPI,Delivered,2024,8,August,Q3,2024-08,2024Q3
O007953,C01270,2024-09-25,Cash on Delivery,Delivered,2024,9,September,Q3,2024-09,2024Q3
O007954,C01065,2024-12-21,Credit Card,Cancelled,2024,12,December,Q4,2024-12,2024Q4
O007955,C01599,2025-06-19,Net Banking,Cancelled,2025,6,June,Q2,2025-06,2025Q2
O007956,C00975,2025-04-24,Credit Card,Delivered,2025,4,April,Q2,2025-04,2025Q2
O007957,C00890,2024-07-08,Credit Card,Delivered,2024,7,July,Q3,2024-07,2024Q3
O007958,C01193,2025-12-14,Cash on Delivery,Delivered,2025,12,December,Q4,2025-12,2025Q4
O007959,C00039,2025-10-03,Debit Card,Delivered,2025,10,October,Q4,2025-10,2025Q4
O007960,C00621,2025-12-02,Cash on Delivery,Delivered,2025,12,December,Q4,2025-12,2025Q4
O007961,C01329,2025-10-10,Credit Card,Delivered,2025,10,October,Q4,2025-10,2025Q4
O007962,C00456,2025-12-25,Net Banking,Cancelled,2025,12,December,Q4,2025-12,2025Q4
O007963,C00965,2025-07-23,Net Banking,Delivered,2025,7,July,Q3,2025-07,2025Q3
O007964,C00689,2025-09-29,Net Banking,Cancelled,2025,9,September,Q3,2025-09,2025Q3
O007965,C00358,2025-02-10,Credit Card,Delivered,2025,2,February,Q1,2025-02,2025Q1
O007966,C01700,2025-03-18,Cash on Delivery,Delivered,2025,3,March,Q1,2025-03,2025Q1
O007967,C01573,2024-12-22,Net Banking,Delivered,2024,12,December,Q4,2024-12,2024Q4
O007968,C00998,2024-02-01,Credit Card,Delivered,2024,2,February,Q1,2024-02,2024Q1
O007969,C00612,2024-02-29,UPI,Delivered,2024,2,February,Q1,2024-02,2024Q1
O007970,C00432,2024-09-10,Debit Card,Cancelled,2024,9,September,Q3,2024-09,2024Q3
O007971,C00950,2024-10-16,Net Banking,Delivered,2024,10,October,Q4,2024-10,2024Q4
O007972,C00105,2024-01-30,UPI,Delivered,2024,1,January,Q1,2024-01,2024Q1
O007973,C00253,2024-04-23,Debit Card,Delivered,2024,4,April,Q2,2024-04,2024Q2
O007974,C00947,2025-04-18,Debit Card,Delivered,2025,4,April,Q2,2025-04,2025Q2
O007975,C01570,2025-07-16,Debit Card,Cancelled,2025,7,July,Q3,2025-07,2025Q3
O007976,C01969,2025-05-10,UPI,Delivered,2025,5,May,Q2,2025-05,2025Q2
O007977,C01677,2025-09-23,Debit Card,Cancelled,2025,9,September,Q3,2025-09,2025Q3
O007978,C00991,2025-11-16,Credit Card,Delivered,2025,11,November,Q4,2025-11,2025Q4
O007979,C00722,2024-03-19,Cash on Delivery,Delivered,2024,3,March,Q1,2024-03,2024Q1
O007980,C01971,2024-10-23,Cash on Delivery,Delivered,2024,10,October,Q4,2024-10,2024Q4
O007981,C00822,2025-02-02,Debit Card,Delivered,2025,2,February,Q1,2025-02,2025Q1
O007982,C00458,2025-07-17,Debit Card,Delivered,2025,7,July,Q3,2025-07,2025Q3
O007983,C01328,2024-03-02,Cash on Delivery,Delivered,2024,3,March,Q1,2024-03,2024Q1
O007984,C00633,2024-09-19,UPI,Cancelled,2024,9,September,Q3,2024-09,2024Q3
O007985,C00674,2025-12-21,Debit Card,Delivered,2025,12,December,Q4,2025-12,2025Q4
O007986,C00439,2025-05-09,Net Banking,Delivered,2025,5,May,Q2,2025-05,2025Q2
O007987,C00311,2025-08-04,Credit Card,Delivered,2025,8,August,Q3,2025-08,2025Q3
O007988,C01099,2024-08-22,Debit Card,Delivered,2024,8,August,Q3,2024-08,2024Q3
O007989,C00716,2024-11-24,Cash on Delivery,Delivered,2024,11,November,Q4,2024-11,2024Q4
O007990,C01709,2024-11-07,Cash on Delivery,Delivered,2024,11,November,Q4,2024-11,2024Q4
O007991,C00996,2024-01-18,Cash on Delivery,Delivered,2024,1,January,Q1,2024-01,2024Q1
O007992,C01706,2024-05-22,Net Banking,Delivered,2024,5,May,Q2,2024-05,2024Q2
O007993,C01901,2025-08-03,Cash on Delivery,Delivered,2025,8,August,Q3,2025-08,2025Q3
O007994,C01339,2024-07-18,Net Banking,Delivered,2024,7,July,Q3,2024-07,2024Q3
O007995,C00091,2025-07-14,UPI,Cancelled,2025,7,July,Q3,2025-07,2025Q3
O007996,C01584,2025-05-22,Debit Card,Delivered,2025,5,May,Q2,2025-05,2025Q2
O007997,C01591,2025-07-30,UPI,Delivered,2025,7,July,Q3,2025-07,2025Q3
O007998,C00489,2025-11-16,Credit Card,Delivered,2025,11,November,Q4,2025-11,2025Q4
O007999,C00910,2024-03-02,UPI,Delivered,2024,3,March,Q1,2024-03,2024Q1
O008000,C00953,2025-10-12,UPI,Delivered,2025,10,October,Q4,2025-10,2025Q4
O008001,C00821,2025-12-09,Cash on Delivery,Delivered,2025,12,December,Q4,2025-12,2025Q4
O008002,C01298,2024-12-02,UPI,Delivered,2024,12,December,Q4,2024-12,2024Q4
O008003,C01495,2024-03-31,Net Banking,Cancelled,2024,3,March,Q1,2024-03,2024Q1
O008004,C01002,2025-09-08,Credit Card,Delivered,2025,9,September,Q3,2025-09,2025Q3
O008005,C00255,2024-05-28,Cash on Delivery,Delivered,2024,5,May,Q2,2024-05,2024Q2
O008006,C01462,2025-03-19,UPI,Delivered,2025,3,March,Q1,2025-03,2025Q1
O008007,C00086,2024-07-21,Debit Card,Delivered,2024,7,July,Q3,2024-07,2024Q3
O008008,C01023,2024-08-23,Debit Card,Delivered,2024,8,August,Q3,2024-08,2024Q3
O008009,C01463,2025-04-23,Net Banking,Delivered,2025,4,April,Q2,2025-04,2025Q2
O008010,C00252,2025-02-03,Net Banking,Delivered,2025,2,February,Q1,2025-02,2025Q1
O008011,C00392,2025-02-22,Net Banking,Delivered,2025,2,February,Q1,2025-02,2025Q1
O008012,C00207,2025-10-25,UPI,Delivered,2025,10,October,Q4,2025-10,2025Q4
O008013,C00943,2025-09-08,Debit Card,Cancelled,2025,9,September,Q3,2025-09,2025Q3
O008014,C01389,2024-07-08,UPI,Delivered,2024,7,July,Q3,2024-07,2024Q3
O008015,C01553,2025-06-23,UPI,Delivered,2025,6,June,Q2,2025-06,2025Q2
O008016,C01926,2025-09-12,Credit Card,Cancelled,2025,9,September,Q3,2025-09,2025Q3
O008017,C01620,2024-02-07,Debit Card,Cancelled,2024,2,February,Q1,2024-02,2024Q1
O008018,C00069,2024-10-17,Credit Card,Delivered,2024,10,October,Q4,2024-10,2024Q4
O008019,C01436,2025-03-21,Credit Card,Cancelled,2025,3,March,Q1,2025-03,2025Q1
O008020,C00641,2025-01-02,UPI,Delivered,2025,1,January,Q1,2025-01,2025Q1
O008021,C00815,2024-06-16,Credit Card,Delivered,2024,6,June,Q2,2024-06,2024Q2
O008022,C01535,2025-08-13,Cash on Delivery,Cancelled,2025,8,August,Q3,2025-08,2025Q3
O008023,C01660,2025-12-27,Credit Card,Cancelled,2025,12,December,Q4,2025-12,2025Q4
O008024,C01579,2024-12-05,Cash on Delivery,Delivered,2024,12,December,Q4,2024-12,2024Q4
O008025,C00912,2024-08-01,Credit Card,Delivered,2024,8,August,Q3,2024-08,2024Q3
O008026,C00723,2025-08-03,Cash on Delivery,Delivered,2025,8,August,Q3,2025-08,2025Q3
O008027,C00997,2025-06-19,Cash on Delivery,Delivered,2025,6,June,Q2,2025-06,2025Q2
O008028,C01801,2025-08-27,Debit Card,Delivered,2025,8,August,Q3,2025-08,2025Q3
O008029,C01441,2024-05-24,Cash on Delivery,Cancelled,2024,5,May,Q2,2024-05,2024Q2
O008030,C00835,2024-08-03,UPI,Delivered,2024,8,August,Q3,2024-08,2024Q3
O008031,C00931,2025-01-24,Credit Card,Delivered,2025,1,January,Q1,2025-01,2025Q1
O008032,C01094,2025-06-05,Cash on Delivery,Delivered,2025,6,June,Q2,2025-06,2025Q2
O008033,C00554,2024-02-05,UPI,Delivered,2024,2,February,Q1,2024-02,2024Q1
O008034,C00473,2025-04-14,Net Banking,Delivered,2025,4,April,Q2,2025-04,2025Q2
O008035,C01543,2024-11-05,UPI,Delivered,2024,11,November,Q4,2024-11,2024Q4
O008036,C00153,2025-12-07,Debit Card,Delivered,2025,12,December,Q4,2025-12,2025Q4
O008037,C00097,2024-05-20,Net Banking,Delivered,2024,5,May,Q2,2024-05,2024Q2
O008038,C00338,2025-06-10,Net Banking,Delivered,2025,6,June,Q2,2025-06,2025Q2
O008039,C01998,2024-08-09,Cash on Delivery,Delivered,2024,8,August,Q3,2024-08,2024Q3
O008040,C00886,2024-07-30,Credit Card,Delivered,2024,7,July,Q3,2024-07,2024Q3
O008041,C00643,2024-01-04,Net Banking,Cancelled,2024,1,January,Q1,2024-01,2024Q1
O008042,C00848,2024-11-12,Net Banking,Delivered,2024,11,November,Q4,2024-11,2024Q4
O008043,C01948,2024-06-09,Debit Card,Cancelled,2024,6,June,Q2,2024-06,2024Q2
O008044,C01973,2024-01-15,UPI,Delivered,2024,1,January,Q1,2024-01,2024Q1
O008045,C01441,2025-08-30,UPI,Delivered,2025,8,August,Q3,2025-08,2025Q3
O008046,C01873,2024-11-17,Debit Card,Delivered,2024,11,November,Q4,2024-11,2024Q4
O008047,C01648,2025-05-25,Credit Card,Delivered,2025,5,May,Q2,2025-05,2025Q2
O008048,C01728,2024-04-10,Debit Card,Cancelled,2024,4,April,Q2,2024-04,2024Q2
O008049,C01667,2024-08-01,UPI,Delivered,2024,8,August,Q3,2024-08,2024Q3
O008050,C01052,2024-07-26,Credit Card,Delivered,2024,7,July,Q3,2024-07,2024Q3
O008051,C00372,2024-12-25,Cash on Delivery,Delivered,2024,12,December,Q4,2024-12,2024Q4
O008052,C00486,2025-04-10,Net Banking,Cancelled,2025,4,April,Q2,2025-04,2025Q2
O008053,C01938,2025-09-05,Debit Card,Delivered,2025,9,September,Q3,2025-09,2025Q3
O008054,C00290,2025-05-08,Net Banking,Cancelled,2025,5,May,Q2,2025-05,2025Q2
O008055,C00800,2024-09-04,Credit Card,Cancelled,2024,9,September,Q3,2024-09,2024Q3
O008056,C00213,2024-03-16,UPI,Delivered,2024,3,March,Q1,2024-03,2024Q1
O008057,C01377,2024-06-20,UPI,Delivered,2024,6,June,Q2,2024-06,2024Q2
O008058,C01632,2024-06-23,Credit Card,Delivered,2024,6,June,Q2,2024-06,2024Q2
O008059,C00541,2024-01-15,Credit Card,Delivered,2024,1,January,Q1,2024-01,2024Q1
O008060,C01776,2025-07-04,Credit Card,Delivered,2025,7,July,Q3,2025-07,2025Q3
O008061,C00170,2024-09-09,UPI,Cancelled,2024,9,September,Q3,2024-09,2024Q3
O008062,C01002,2024-06-20,Cash on Delivery,Cancelled,2024,6,June,Q2,2024-06,2024Q2
O008063,C01651,2024-02-19,Cash on Delivery,Delivered,2024,2,February,Q1,2024-02,2024Q1
O008064,C01659,2025-04-19,Cash on Delivery,Delivered,2025,4,April,Q2,2025-04,2025Q2
O008065,C00808,2024-08-11,Cash on Delivery,Delivered,2024,8,August,Q3,2024-08,2024Q3
O008066,C00925,2025-07-19,Debit Card,Delivered,2025,7,July,Q3,2025-07,2025Q3
O008067,C00774,2025-07-07,Cash on Delivery,Delivered,2025,7,July,Q3,2025-07,2025Q3
O008068,C00371,2025-04-18,Debit Card,Delivered,2025,4,April,Q2,2025-04,2025Q2
O008069,C00574,2025-10-04,Debit Card,Delivered,2025,10,October,Q4,2025-10,2025Q4
O008070,C00225,2024-12-23,Cash on Delivery,Delivered,2024,12,December,Q4,2024-12,2024Q4
O008071,C01633,2025-04-01,Cash on Delivery,Cancelled,2025,4,April,Q2,2025-04,2025Q2
O008072,C01364,2024-11-22,Net Banking,Delivered,2024,11,November,Q4,2024-11,2024Q4
O008073,C00175,2025-05-08,Credit Card,Delivered,2025,5,May,Q2,2025-05,2025Q2
O008074,C00385,2025-04-07,Cash on Delivery,Delivered,2025,4,April,Q2,2025-04,2025Q2
O008075,C01408,2024-09-12,UPI,Delivered,2024,9,September,Q3,2024-09,2024Q3
O008076,C00423,2025-02-24,Debit Card,Cancelled,2025,2,February,Q1,2025-02,2025Q1
O008077,C00206,2024-10-29,Cash on Delivery,Delivered,2024,10,October,Q4,2024-10,2024Q4
O008078,C00911,2025-01-04,Net Banking,Delivered,2025,1,January,Q1,2025-01,2025Q1
O008079,C01051,2025-12-23,Debit Card,Delivered,2025,12,December,Q4,2025-12,2025Q4
O008080,C01100,2025-03-09,Debit Card,Delivered,2025,3,March,Q1,2025-03,2025Q1
O008081,C01924,2024-01-10,UPI,Delivered,2024,1,January,Q1,2024-01,2024Q1
O008082,C01374,2024-09-23,UPI,Delivered,2024,9,September,Q3,2024-09,2024Q3
O008083,C01938,2024-09-21,UPI,Delivered,2024,9,September,Q3,2024-09,2024Q3
O008084,C01356,2024-09-05,Credit Card,Delivered,2024,9,September,Q3,2024-09,2024Q3
O008085,C00498,2024-09-26,Debit Card,Delivered,2024,9,September,Q3,2024-09,2024Q3
O008086,C01997,2025-09-30,UPI,Delivered,2025,9,September,Q3,2025-09,2025Q3
O008087,C00228,2024-12-11,Credit Card,Delivered,2024,12,December,Q4,2024-12,2024Q4
O008088,C00347,2024-04-27,Cash on Delivery,Delivered,2024,4,April,Q2,2024-04,2024Q2
O008089,C01867,2024-12-24,Credit Card,Delivered,2024,12,December,Q4,2024-12,2024Q4
O008090,C00004,2025-10-25,Cash on Delivery,Delivered,2025,10,October,Q4,2025-10,2025Q4
O008091,C01800,2025-07-30,Cash on Delivery,Delivered,2025,7,July,Q3,2025-07,2025Q3
O008092,C00960,2025-01-22,Net Banking,Delivered,2025,1,January,Q1,2025-01,2025Q1
O008093,C01500,2024-06-12,Cash on Delivery,Delivered,2024,6,June,Q2,2024-06,2024Q2
O008094,C00864,2025-02-17,Net Banking,Delivered,2025,2,February,Q1,2025-02,2025Q1
O008095,C00223,2025-06-25,Cash on Delivery,Delivered,2025,6,June,Q2,2025-06,2025Q2
O008096,C01589,2024-05-12,Credit Card,Delivered,2024,5,May,Q2,2024-05,2024Q2
O008097,C01517,2025-06-06,Cash on Delivery,Delivered,2025,6,June,Q2,2025-06,2025Q2
O008098,C00006,2024-10-29,Net Banking,Delivered,2024,10,October,Q4,2024-10,2024Q4
O008099,C01340,2024-07-17,Debit Card,Delivered,2024,7,July,Q3,2024-07,2024Q3
O008100,C01304,2024-11-08,Net Banking,Delivered,2024,11,November,Q4,2024-11,2024Q4
O008101,C01963,2024-01-26,UPI,Delivered,2024,1,January,Q1,2024-01,2024Q1
O008102,C00086,2025-05-28,UPI,Cancelled,2025,5,May,Q2,2025-05,2025Q2
O008103,C01732,2025-10-23,Debit Card,Cancelled,2025,10,October,Q4,2025-10,2025Q4
O008104,C00102,2025-03-19,Debit Card,Delivered,2025,3,March,Q1,2025-03,2025Q1
O008105,C01027,2024-03-02,Net Banking,Cancelled,2024,3,March,Q1,2024-03,2024Q1
O008106,C00456,2025-05-05,UPI,Delivered,2025,5,May,Q2,2025-05,2025Q2
O008107,C01815,2025-01-12,Cash on Delivery,Delivered,2025,1,January,Q1,2025-01,2025Q1
O008108,C00793,2025-03-11,Cash on Delivery,Delivered,2025,3,March,Q1,2025-03,2025Q1
O008109,C01630,2024-09-25,Net Banking,Delivered,2024,9,September,Q3,2024-09,2024Q3
O008110,C01260,2024-03-05,Net Banking,Delivered,2024,3,March,Q1,2024-03,2024Q1
O008111,C00612,2024-06-10,UPI,Cancelled,2024,6,June,Q2,2024-06,2024Q2
O008112,C01256,2025-08-03,UPI,Delivered,2025,8,August,Q3,2025-08,2025Q3
O008113,C00662,2025-02-15,Credit Card,Cancelled,2025,2,February,Q1,2025-02,2025Q1
O008114,C01397,2024-10-13,UPI,Delivered,2024,10,October,Q4,2024-10,2024Q4
O008115,C01631,2024-08-24,Cash on Delivery,Delivered,2024,8,August,Q3,2024-08,2024Q3
O008116,C01977,2024-08-14,Debit Card,Delivered,2024,8,August,Q3,2024-08,2024Q3
O008117,C01322,2025-08-06,UPI,Delivered,2025,8,August,Q3,2025-08,2025Q3
O008118,C00268,2024-09-01,UPI,Delivered,2024,9,September,Q3,2024-09,2024Q3
O008119,C01445,2024-12-16,Cash on Delivery,Delivered,2024,12,December,Q4,2024-12,2024Q4
O008120,C01399,2025-06-07,UPI,Cancelled,2025,6,June,Q2,2025-06,2025Q2
O008121,C00142,2024-12-29,Debit Card,Delivered,2024,12,December,Q4,2024-12,2024Q4
O008122,C01145,2024-01-23,Debit Card,Delivered,2024,1,January,Q1,2024-01,2024Q1
O008123,C00814,2024-05-01,Cash on Delivery,Delivered,2024,5,May,Q2,2024-05,2024Q2
O008124,C01187,2025-04-30,Credit Card,Delivered,2025,4,April,Q2,2025-04,2025Q2
O008125,C00947,2025-03-30,UPI,Delivered,2025,3,March,Q1,2025-03,2025Q1
O008126,C01968,2024-05-09,Debit Card,Delivered,2024,5,May,Q2,2024-05,2024Q2
O008127,C00138,2025-04-29,Debit Card,Delivered,2025,4,April,Q2,2025-04,2025Q2
O008128,C01493,2024-09-30,Credit Card,Delivered,2024,9,September,Q3,2024-09,2024Q3
O008129,C01951,2025-03-14,Credit Card,Delivered,2025,3,March,Q1,2025-03,2025Q1
O008130,C01630,2024-12-01,UPI,Delivered,2024,12,December,Q4,2024-12,2024Q4
O008131,C00357,2024-11-18,UPI,Delivered,2024,11,November,Q4,2024-11,2024Q4
O008132,C01171,2025-08-17,Debit Card,Delivered,2025,8,August,Q3,2025-08,2025Q3
O008133,C01128,2024-01-19,Cash on Delivery,Delivered,2024,1,January,Q1,2024-01,2024Q1
O008134,C00752,2025-08-06,Cash on Delivery,Cancelled,2025,8,August,Q3,2025-08,2025Q3
O008135,C00022,2024-08-08,Credit Card,Cancelled,2024,8,August,Q3,2024-08,2024Q3
O008136,C00475,2025-03-08,Credit Card,Delivered,2025,3,March,Q1,2025-03,2025Q1
O008137,C01117,2025-07-31,UPI,Cancelled,2025,7,July,Q3,2025-07,2025Q3
O008138,C01695,2025-01-16,UPI,Cancelled,2025,1,January,Q1,2025-01,2025Q1
O008139,C01309,2024-07-01,UPI,Delivered,2024,7,July,Q3,2024-07,2024Q3
O008140,C00742,2024-10-18,Net Banking,Delivered,2024,10,October,Q4,2024-10,2024Q4
O008141,C01814,2025-12-16,Net Banking,Delivered,2025,12,December,Q4,2025-12,2025Q4
O008142,C00984,2025-02-21,Credit Card,Delivered,2025,2,February,Q1,2025-02,2025Q1
O008143,C00773,2024-04-12,Credit Card,Delivered,2024,4,April,Q2,2024-04,2024Q2
O008144,C00251,2024-10-20,UPI,Delivered,2024,10,October,Q4,2024-10,2024Q4
O008145,C01505,2025-04-16,UPI,Delivered,2025,4,April,Q2,2025-04,2025Q2
O008146,C00097,2025-10-21,Cash on Delivery,Delivered,2025,10,October,Q4,2025-10,2025Q4
O008147,C00309,2024-04-05,Cash on Delivery,Delivered,2024,4,April,Q2,2024-04,2024Q2
O008148,C00388,2024-03-16,UPI,Cancelled,2024,3,March,Q1,2024-03,2024Q1
O008149,C00677,2024-11-03,Credit Card,Cancelled,2024,11,November,Q4,2024-11,2024Q4
O008150,C01447,2024-06-18,Net Banking,Cancelled,2024,6,June,Q2,2024-06,2024Q2
O008151,C01185,2024-06-13,UPI,Delivered,2024,6,June,Q2,2024-06,2024Q2
O008152,C00695,2024-03-26,Cash on Delivery,Cancelled,2024,3,March,Q1,2024-03,2024Q1
O008153,C00930,2025-03-19,UPI,Delivered,2025,3,March,Q1,2025-03,2025Q1
O008154,C01903,2024-08-12,Net Banking,Delivered,2024,8,August,Q3,2024-08,2024Q3
O008155,C01756,2024-05-18,Debit Card,Delivered,2024,5,May,Q2,2024-05,2024Q2
O008156,C00394,2025-11-02,UPI,Delivered,2025,11,November,Q4,2025-11,2025Q4
O008157,C00842,2024-05-03,Debit Card,Delivered,2024,5,May,Q2,2024-05,2024Q2
O008158,C01830,2025-08-18,Debit Card,Delivered,2025,8,August,Q3,2025-08,2025Q3
O008159,C00266,2025-08-26,Debit Card,Delivered,2025,8,August,Q3,2025-08,2025Q3
O008160,C00010,2025-07-24,UPI,Delivered,2025,7,July,Q3,2025-07,2025Q3
O008161,C00519,2024-11-07,Cash on Delivery,Delivered,2024,11,November,Q4,2024-11,2024Q4
O008162,C01559,2025-03-03,Cash on Delivery,Cancelled,2025,3,March,Q1,2025-03,2025Q1
O008163,C00657,2024-11-13,Credit Card,Delivered,2024,11,November,Q4,2024-11,2024Q4
O008164,C00918,2024-09-30,Credit Card,Delivered,2024,9,September,Q3,2024-09,2024Q3
O008165,C00237,2025-08-06,Cash on Delivery,Delivered,2025,8,August,Q3,2025-08,2025Q3
O008166,C01565,2024-06-18,Net Banking,Delivered,2024,6,June,Q2,2024-06,2024Q2
O008167,C00952,2024-11-20,Net Banking,Delivered,2024,11,November,Q4,2024-11,2024Q4
O008168,C00020,2025-11-30,Credit Card,Delivered,2025,11,November,Q4,2025-11,2025Q4
O008169,C00636,2025-04-10,Debit Card,Cancelled,2025,4,April,Q2,2025-04,2025Q2
O008170,C01637,2024-08-04,Net Banking,Delivered,2024,8,August,Q3,2024-08,2024Q3
O008171,C01726,2024-09-05,UPI,Delivered,2024,9,September,Q3,2024-09,2024Q3
O008172,C01558,2025-08-21,Credit Card,Delivered,2025,8,August,Q3,2025-08,2025Q3
O008173,C00467,2024-10-09,Credit Card,Delivered,2024,10,October,Q4,2024-10,2024Q4
O008174,C01189,2025-05-04,Debit Card,Delivered,2025,5,May,Q2,2025-05,2025Q2
O008175,C00683,2024-03-23,Net Banking,Delivered,2024,3,March,Q1,2024-03,2024Q1
O008176,C01779,2025-05-30,Credit Card,Delivered,2025,5,May,Q2,2025-05,2025Q2
O008177,C00619,2025-11-18,Cash on Delivery,Delivered,2025,11,November,Q4,2025-11,2025Q4
O008178,C01837,2025-06-17,Cash on Delivery,Delivered,2025,6,June,Q2,2025-06,2025Q2
O008179,C01202,2025-05-06,Debit Card,Delivered,2025,5,May,Q2,2025-05,2025Q2
O008180,C01486,2025-08-14,Credit Card,Delivered,2025,8,August,Q3,2025-08,2025Q3
O008181,C01109,2025-05-09,UPI,Delivered,2025,5,May,Q2,2025-05,2025Q2
O008182,C00793,2024-09-03,UPI,Delivered,2024,9,September,Q3,2024-09,2024Q3
O008183,C01731,2025-01-25,Debit Card,Delivered,2025,1,January,Q1,2025-01,2025Q1
O008184,C00991,2025-02-20,UPI,Delivered,2025,2,February,Q1,2025-02,2025Q1
O008185,C01218,2025-02-17,Debit Card,Cancelled,2025,2,February,Q1,2025-02,2025Q1
O008186,C01825,2024-10-31,Debit Card,Cancelled,2024,10,October,Q4,2024-10,2024Q4
O008187,C01471,2024-06-23,Debit Card,Delivered,2024,6,June,Q2,2024-06,2024Q2
O008188,C00847,2025-10-29,Cash on Delivery,Delivered,2025,10,October,Q4,2025-10,2025Q4
O008189,C00221,2024-11-09,UPI,Cancelled,2024,11,November,Q4,2024-11,2024Q4
O008190,C00969,2025-01-19,Credit Card,Delivered,2025,1,January,Q1,2025-01,2025Q1
O008191,C00742,2025-08-10,Debit Card,Delivered,2025,8,August,Q3,2025-08,2025Q3
O008192,C00857,2024-12-26,UPI,Delivered,2024,12,December,Q4,2024-12,2024Q4
O008193,C01049,2024-08-10,Debit Card,Delivered,2024,8,August,Q3,2024-08,2024Q3
O008194,C00311,2025-10-03,Credit Card,Delivered,2025,10,October,Q4,2025-10,2025Q4
O008195,C01400,2025-12-19,Cash on Delivery,Delivered,2025,12,December,Q4,2025-12,2025Q4
O008196,C00607,2024-12-15,Credit Card,Delivered,2024,12,December,Q4,2024-12,2024Q4
O008197,C01932,2024-05-01,Cash on Delivery,Delivered,2024,5,May,Q2,2024-05,2024Q2
O008198,C01553,2025-12-18,Credit Card,Delivered,2025,12,December,Q4,2025-12,2025Q4
O008199,C01247,2025-11-09,Cash on Delivery,Delivered,2025,11,November,Q4,2025-11,2025Q4
O008200,C01960,2024-05-17,Net Banking,Cancelled,2024,5,May,Q2,2024-05,2024Q2
O008201,C01758,2024-11-06,Credit Card,Delivered,2024,11,November,Q4,2024-11,2024Q4
O008202,C00024,2024-08-12,Net Banking,Delivered,2024,8,August,Q3,2024-08,2024Q3
O008203,C01482,2024-01-03,Cash on Delivery,Cancelled,2024,1,January,Q1,2024-01,2024Q1
O008204,C00373,2025-02-17,Net Banking,Delivered,2025,2,February,Q1,2025-02,2025Q1
O008205,C00139,2025-10-06,Credit Card,Delivered,2025,10,October,Q4,2025-10,2025Q4
O008206,C01908,2024-09-16,Credit Card,Cancelled,2024,9,September,Q3,2024-09,2024Q3
O008207,C00976,2025-08-15,UPI,Cancelled,2025,8,August,Q3,2025-08,2025Q3
O008208,C01572,2024-12-26,Cash on Delivery,Delivered,2024,12,December,Q4,2024-12,2024Q4
O008209,C01824,2025-05-24,Net Banking,Delivered,2025,5,May,Q2,2025-05,2025Q2
O008210,C01221,2024-05-13,Debit Card,Delivered,2024,5,May,Q2,2024-05,2024Q2
O008211,C00084,2025-06-14,Credit Card,Cancelled,2025,6,June,Q2,2025-06,2025Q2
O008212,C01158,2025-12-05,Net Banking,Delivered,2025,12,December,Q4,2025-12,2025Q4
O008213,C00771,2024-03-17,Credit Card,Delivered,2024,3,March,Q1,2024-03,2024Q1
O008214,C00960,2024-10-24,Cash on Delivery,Delivered,2024,10,October,Q4,2024-10,2024Q4
O008215,C01801,2025-03-26,Debit Card,Delivered,2025,3,March,Q1,2025-03,2025Q1
O008216,C00143,2025-05-22,UPI,Delivered,2025,5,May,Q2,2025-05,2025Q2
O008217,C01939,2024-11-20,Net Banking,Delivered,2024,11,November,Q4,2024-11,2024Q4
O008218,C00733,2024-11-20,UPI,Delivered,2024,11,November,Q4,2024-11,2024Q4
O008219,C01135,2024-11-14,Cash on Delivery,Delivered,2024,11,November,Q4,2024-11,2024Q4
O008220,C00354,2024-05-26,Credit Card,Delivered,2024,5,May,Q2,2024-05,2024Q2
O008221,C00834,2025-05-09,Credit Card,Delivered,2025,5,May,Q2,2025-05,2025Q2
O008222,C00589,2024-01-23,Credit Card,Delivered,2024,1,January,Q1,2024-01,2024Q1
O008223,C00475,2025-04-25,Credit Card,Delivered,2025,4,April,Q2,2025-04,2025Q2
O008224,C00107,2024-06-23,Debit Card,Delivered,2024,6,June,Q2,2024-06,2024Q2
O008225,C01264,2024-04-17,Credit Card,Delivered,2024,4,April,Q2,2024-04,2024Q2
O008226,C00517,2025-04-18,Credit Card,Delivered,2025,4,April,Q2,2025-04,2025Q2
O008227,C01613,2025-04-26,Net Banking,Delivered,2025,4,April,Q2,2025-04,2025Q2
O008228,C01710,2025-01-25,Net Banking,Cancelled,2025,1,January,Q1,2025-01,2025Q1
O008229,C01996,2024-03-03,Credit Card,Delivered,2024,3,March,Q1,2024-03,2024Q1
O008230,C01393,2025-04-10,UPI,Delivered,2025,4,April,Q2,2025-04,2025Q2
O008231,C01254,2025-03-19,Debit Card,Delivered,2025,3,March,Q1,2025-03,2025Q1
O008232,C00391,2025-07-22,UPI,Cancelled,2025,7,July,Q3,2025-07,2025Q3
O008233,C01803,2024-11-13,Credit Card,Delivered,2024,11,November,Q4,2024-11,2024Q4
O008234,C01227,2024-01-18,Debit Card,Delivered,2024,1,January,Q1,2024-01,2024Q1
O008235,C00280,2024-09-09,Cash on Delivery,Delivered,2024,9,September,Q3,2024-09,2024Q3
O008236,C00497,2025-04-18,Net Banking,Delivered,2025,4,April,Q2,2025-04,2025Q2
O008237,C00068,2024-07-13,Debit Card,Delivered,2024,7,July,Q3,2024-07,2024Q3
O008238,C00520,2024-05-09,Cash on Delivery,Cancelled,2024,5,May,Q2,2024-05,2024Q2
O008239,C00689,2025-03-18,Debit Card,Cancelled,2025,3,March,Q1,2025-03,2025Q1
O008240,C00981,2025-04-30,Debit Card,Delivered,2025,4,April,Q2,2025-04,2025Q2
O008241,C00219,2025-01-01,UPI,Cancelled,2025,1,January,Q1,2025-01,2025Q1
O008242,C01294,2025-06-15,Cash on Delivery,Delivered,2025,6,June,Q2,2025-06,2025Q2
O008243,C00525,2024-03-11,UPI,Delivered,2024,3,March,Q1,2024-03,2024Q1
O008244,C01973,2024-10-14,Debit Card,Delivered,2024,10,October,Q4,2024-10,2024Q4
O008245,C01085,2024-01-18,UPI,Delivered,2024,1,January,Q1,2024-01,2024Q1
O008246,C00508,2025-07-31,Net Banking,Delivered,2025,7,July,Q3,2025-07,2025Q3
O008247,C01557,2025-04-12,Debit Card,Delivered,2025,4,April,Q2,2025-04,2025Q2
O008248,C00748,2025-11-17,Debit Card,Delivered,2025,11,November,Q4,2025-11,2025Q4
O008249,C00983,2025-09-05,Cash on Delivery,Delivered,2025,9,September,Q3,2025-09,2025Q3
O008250,C01128,2025-05-23,Cash on Delivery,Delivered,2025,5,May,Q2,2025-05,2025Q2
O008251,C01115,2024-10-29,Net Banking,Delivered,2024,10,October,Q4,2024-10,2024Q4
O008252,C01391,2025-03-04,UPI,Delivered,2025,3,March,Q1,2025-03,2025Q1
O008253,C01479,2025-02-01,Cash on Delivery,Delivered,2025,2,February,Q1,2025-02,2025Q1
O008254,C00346,2025-11-01,UPI,Delivered,2025,11,November,Q4,2025-11,2025Q4
O008255,C01819,2024-05-29,UPI,Delivered,2024,5,May,Q2,2024-05,2024Q2
O008256,C00071,2025-10-22,UPI,Cancelled,2025,10,October,Q4,2025-10,2025Q4
O008257,C01985,2025-12-10,Debit Card,Delivered,2025,12,December,Q4,2025-12,2025Q4
O008258,C01148,2024-05-05,Net Banking,Delivered,2024,5,May,Q2,2024-05,2024Q2
O008259,C01890,2024-12-21,Credit Card,Cancelled,2024,12,December,Q4,2024-12,2024Q4
O008260,C01589,2024-10-13,Credit Card,Delivered,2024,10,October,Q4,2024-10,2024Q4
O008261,C01106,2025-07-15,Net Banking,Cancelled,2025,7,July,Q3,2025-07,2025Q3
O008262,C01075,2025-11-10,Debit Card,Delivered,2025,11,November,Q4,2025-11,2025Q4
O008263,C01884,2024-07-04,Cash on Delivery,Delivered,2024,7,July,Q3,2024-07,2024Q3
O008264,C00416,2024-05-16,UPI,Delivered,2024,5,May,Q2,2024-05,2024Q2
O008265,C01642,2025-01-01,Credit Card,Delivered,2025,1,January,Q1,2025-01,2025Q1
O008266,C01163,2025-12-28,Credit Card,Delivered,2025,12,December,Q4,2025-12,2025Q4
O008267,C00356,2025-07-07,Debit Card,Delivered,2025,7,July,Q3,2025-07,2025Q3
O008268,C00971,2025-12-16,Net Banking,Cancelled,2025,12,December,Q4,2025-12,2025Q4
O008269,C00804,2024-06-04,Debit Card,Delivered,2024,6,June,Q2,2024-06,2024Q2
O008270,C00236,2024-09-07,Net Banking,Delivered,2024,9,September,Q3,2024-09,2024Q3
O008271,C00481,2024-04-13,Credit Card,Delivered,2024,4,April,Q2,2024-04,2024Q2
O008272,C01110,2024-08-15,Credit Card,Delivered,2024,8,August,Q3,2024-08,2024Q3
O008273,C00965,2024-02-20,UPI,Delivered,2024,2,February,Q1,2024-02,2024Q1
O008274,C00664,2025-11-25,UPI,Delivered,2025,11,November,Q4,2025-11,2025Q4
O008275,C00367,2024-01-24,Cash on Delivery,Delivered,2024,1,January,Q1,2024-01,2024Q1
O008276,C00640,2024-06-09,UPI,Delivered,2024,6,June,Q2,2024-06,2024Q2
O008277,C00308,2025-03-24,UPI,Delivered,2025,3,March,Q1,2025-03,2025Q1
O008278,C01395,2024-12-24,Credit Card,Delivered,2024,12,December,Q4,2024-12,2024Q4
O008279,C00169,2024-12-22,Net Banking,Delivered,2024,12,December,Q4,2024-12,2024Q4
O008280,C00610,2024-07-09,Debit Card,Delivered,2024,7,July,Q3,2024-07,2024Q3
O008281,C00137,2025-06-15,Net Banking,Delivered,2025,6,June,Q2,2025-06,2025Q2
O008282,C01086,2025-04-13,Credit Card,Delivered,2025,4,April,Q2,2025-04,2025Q2
O008283,C01349,2024-12-10,Net Banking,Delivered,2024,12,December,Q4,2024-12,2024Q4
O008284,C00114,2024-07-06,Debit Card,Delivered,2024,7,July,Q3,2024-07,2024Q3
O008285,C00851,2025-09-10,Credit Card,Delivered,2025,9,September,Q3,2025-09,2025Q3
O008286,C00655,2024-05-17,UPI,Delivered,2024,5,May,Q2,2024-05,2024Q2
O008287,C00729,2024-12-24,UPI,Cancelled,2024,12,December,Q4,2024-12,2024Q4
O008288,C00917,2025-01-23,UPI,Delivered,2025,1,January,Q1,2025-01,2025Q1
O008289,C01691,2025-05-13,UPI,Delivered,2025,5,May,Q2,2025-05,2025Q2
O008290,C00114,2024-03-27,Net Banking,Cancelled,2024,3,March,Q1,2024-03,2024Q1
O008291,C01861,2025-09-16,Debit Card,Delivered,2025,9,September,Q3,2025-09,2025Q3
O008292,C01506,2025-04-14,Cash on Delivery,Delivered,2025,4,April,Q2,2025-04,2025Q2
O008293,C00414,2025-10-12,UPI,Delivered,2025,10,October,Q4,2025-10,2025Q4
O008294,C01040,2024-09-14,Cash on Delivery,Delivered,2024,9,September,Q3,2024-09,2024Q3
O008295,C01848,2025-11-08,Credit Card,Cancelled,2025,11,November,Q4,2025-11,2025Q4
O008296,C00443,2025-12-15,Credit Card,Delivered,2025,12,December,Q4,2025-12,2025Q4
O008297,C00873,2025-12-06,UPI,Delivered,2025,12,December,Q4,2025-12,2025Q4
O008298,C01771,2024-05-03,UPI,Delivered,2024,5,May,Q2,2024-05,2024Q2
O008299,C01218,2024-07-09,UPI,Delivered,2024,7,July,Q3,2024-07,2024Q3
O008300,C00822,2024-12-25,Net Banking,Delivered,2024,12,December,Q4,2024-12,2024Q4
O008301,C00549,2025-07-14,Cash on Delivery,Delivered,2025,7,July,Q3,2025-07,2025Q3
O008302,C01025,2024-02-24,Cash on Delivery,Cancelled,2024,2,February,Q1,2024-02,2024Q1
O008303,C01299,2024-01-06,Debit Card,Delivered,2024,1,January,Q1,2024-01,2024Q1
O008304,C00748,2025-08-04,UPI,Delivered,2025,8,August,Q3,2025-08,2025Q3
O008305,C01159,2024-01-26,Credit Card,Cancelled,2024,1,January,Q1,2024-01,2024Q1
O008306,C01735,2025-06-13,Net Banking,Delivered,2025,6,June,Q2,2025-06,2025Q2
O008307,C00057,2025-06-09,Debit Card,Delivered,2025,6,June,Q2,2025-06,2025Q2
O008308,C00151,2024-11-11,Debit Card,Delivered,2024,11,November,Q4,2024-11,2024Q4
O008309,C00245,2025-11-04,Cash on Delivery,Delivered,2025,11,November,Q4,2025-11,2025Q4
O008310,C01126,2025-02-07,Cash on Delivery,Delivered,2025,2,February,Q1,2025-02,2025Q1
O008311,C00259,2024-12-31,Credit Card,Delivered,2024,12,December,Q4,2024-12,2024Q4
O008312,C01444,2025-10-31,Credit Card,Cancelled,2025,10,October,Q4,2025-10,2025Q4
O008313,C00922,2024-10-26,UPI,Delivered,2024,10,October,Q4,2024-10,2024Q4
O008314,C01179,2024-02-24,Net Banking,Delivered,2024,2,February,Q1,2024-02,2024Q1
O008315,C01545,2025-08-31,Credit Card,Delivered,2025,8,August,Q3,2025-08,2025Q3
O008316,C01036,2024-11-19,UPI,Delivered,2024,11,November,Q4,2024-11,2024Q4
O008317,C00704,2024-07-20,Cash on Delivery,Delivered,2024,7,July,Q3,2024-07,2024Q3
O008318,C01873,2025-11-17,UPI,Delivered,2025,11,November,Q4,2025-11,2025Q4
O008319,C00159,2025-07-10,Credit Card,Delivered,2025,7,July,Q3,2025-07,2025Q3
O008320,C01643,2025-02-21,Cash on Delivery,Delivered,2025,2,February,Q1,2025-02,2025Q1
O008321,C00171,2024-04-03,Debit Card,Cancelled,2024,4,April,Q2,2024-04,2024Q2
O008322,C00338,2025-07-09,UPI,Delivered,2025,7,July,Q3,2025-07,2025Q3
O008323,C00685,2025-08-26,Net Banking,Delivered,2025,8,August,Q3,2025-08,2025Q3
O008324,C01426,2025-04-16,UPI,Delivered,2025,4,April,Q2,2025-04,2025Q2
O008325,C01874,2025-05-17,UPI,Cancelled,2025,5,May,Q2,2025-05,2025Q2
O008326,C01661,2025-02-18,Debit Card,Delivered,2025,2,February,Q1,2025-02,2025Q1
O008327,C01194,2025-07-09,Credit Card,Delivered,2025,7,July,Q3,2025-07,2025Q3
O008328,C00267,2024-01-19,Debit Card,Cancelled,2024,1,January,Q1,2024-01,2024Q1
O008329,C00164,2024-12-06,Cash on Delivery,Cancelled,2024,12,December,Q4,2024-12,2024Q4
O008330,C00487,2025-01-08,UPI,Delivered,2025,1,January,Q1,2025-01,2025Q1
O008331,C00616,2025-10-04,Cash on Delivery,Delivered,2025,10,October,Q4,2025-10,2025Q4
O008332,C01491,2025-07-17,Credit Card,Delivered,2025,7,July,Q3,2025-07,2025Q3
O008333,C01451,2024-02-16,Net Banking,Delivered,2024,2,February,Q1,2024-02,2024Q1
O008334,C00352,2024-08-15,Debit Card,Delivered,2024,8,August,Q3,2024-08,2024Q3
O008335,C00392,2025-09-22,Net Banking,Delivered,2025,9,September,Q3,2025-09,2025Q3
O008336,C01290,2024-11-05,Debit Card,Delivered,2024,11,November,Q4,2024-11,2024Q4
O008337,C01276,2025-10-05,Net Banking,Cancelled,2025,10,October,Q4,2025-10,2025Q4
O008338,C01015,2025-09-30,UPI,Delivered,2025,9,September,Q3,2025-09,2025Q3
O008339,C00742,2025-07-17,Net Banking,Delivered,2025,7,July,Q3,2025-07,2025Q3
O008340,C00692,2025-08-20,Net Banking,Delivered,2025,8,August,Q3,2025-08,2025Q3
O008341,C00457,2024-01-31,Net Banking,Delivered,2024,1,January,Q1,2024-01,2024Q1
O008342,C01710,2024-10-09,Credit Card,Cancelled,2024,10,October,Q4,2024-10,2024Q4
O008343,C01876,2024-11-06,Cash on Delivery,Delivered,2024,11,November,Q4,2024-11,2024Q4
O008344,C01563,2025-07-10,Credit Card,Delivered,2025,7,July,Q3,2025-07,2025Q3
O008345,C01901,2025-12-21,Cash on Delivery,Delivered,2025,12,December,Q4,2025-12,2025Q4
O008346,C01313,2025-02-01,Debit Card,Delivered,2025,2,February,Q1,2025-02,2025Q1
O008347,C00601,2025-05-03,Net Banking,Cancelled,2025,5,May,Q2,2025-05,2025Q2
O008348,C01770,2025-05-19,Net Banking,Delivered,2025,5,May,Q2,2025-05,2025Q2
O008349,C01284,2024-12-07,UPI,Delivered,2024,12,December,Q4,2024-12,2024Q4
O008350,C01163,2024-11-28,UPI,Cancelled,2024,11,November,Q4,2024-11,2024Q4
O008351,C00135,2025-09-03,Net Banking,Delivered,2025,9,September,Q3,2025-09,2025Q3
O008352,C00990,2024-04-06,Credit Card,Delivered,2024,4,April,Q2,2024-04,2024Q2
O008353,C00851,2024-03-21,Credit Card,Delivered,2024,3,March,Q1,2024-03,2024Q1
O008354,C01801,2024-04-23,UPI,Delivered,2024,4,April,Q2,2024-04,2024Q2
O008355,C01423,2025-10-19,Credit Card,Delivered,2025,10,October,Q4,2025-10,2025Q4
O008356,C00750,2024-07-22,Credit Card,Delivered,2024,7,July,Q3,2024-07,2024Q3
O008357,C01890,2025-08-11,UPI,Delivered,2025,8,August,Q3,2025-08,2025Q3
O008358,C00845,2025-10-02,Cash on Delivery,Delivered,2025,10,October,Q4,2025-10,2025Q4
O008359,C00109,2025-03-26,Cash on Delivery,Delivered,2025,3,March,Q1,2025-03,2025Q1
O008360,C01471,2025-08-08,Debit Card,Delivered,2025,8,August,Q3,2025-08,2025Q3
O008361,C01869,2025-09-06,UPI,Delivered,2025,9,September,Q3,2025-09,2025Q3
O008362,C00304,2024-03-27,Net Banking,Delivered,2024,3,March,Q1,2024-03,2024Q1
O008363,C00223,2025-07-14,UPI,Delivered,2025,7,July,Q3,2025-07,2025Q3
O008364,C00378,2024-05-11,Cash on Delivery,Delivered,2024,5,May,Q2,2024-05,2024Q2
O008365,C00637,2024-10-11,Cash on Delivery,Delivered,2024,10,October,Q4,2024-10,2024Q4
O008366,C01007,2024-11-16,Debit Card,Delivered,2024,11,November,Q4,2024-11,2024Q4
O008367,C01171,2025-05-24,Cash on Delivery,Delivered,2025,5,May,Q2,2025-05,2025Q2
O008368,C01800,2024-09-20,UPI,Delivered,2024,9,September,Q3,2024-09,2024Q3
O008369,C01069,2024-04-20,Debit Card,Delivered,2024,4,April,Q2,2024-04,2024Q2
O008370,C01881,2025-12-10,Net Banking,Delivered,2025,12,December,Q4,2025-12,2025Q4
O008371,C00446,2024-07-07,Debit Card,Cancelled,2024,7,July,Q3,2024-07,2024Q3
O008372,C01081,2025-09-09,Debit Card,Delivered,2025,9,September,Q3,2025-09,2025Q3
O008373,C01641,2025-01-09,Credit Card,Delivered,2025,1,January,Q1,2025-01,2025Q1
O008374,C01179,2024-06-12,Debit Card,Delivered,2024,6,June,Q2,2024-06,2024Q2
O008375,C01709,2024-07-24,Debit Card,Cancelled,2024,7,July,Q3,2024-07,2024Q3
O008376,C00855,2024-03-16,Debit Card,Delivered,2024,3,March,Q1,2024-03,2024Q1
O008377,C01613,2024-09-13,Net Banking,Delivered,2024,9,September,Q3,2024-09,2024Q3
O008378,C00723,2025-05-13,Credit Card,Cancelled,2025,5,May,Q2,2025-05,2025Q2
O008379,C00041,2025-06-22,Debit Card,Delivered,2025,6,June,Q2,2025-06,2025Q2
O008380,C00884,2024-02-27,Credit Card,Delivered,2024,2,February,Q1,2024-02,2024Q1
O008381,C00953,2024-12-21,Credit Card,Delivered,2024,12,December,Q4,2024-12,2024Q4
O008382,C00665,2025-11-29,UPI,Delivered,2025,11,November,Q4,2025-11,2025Q4
O008383,C01474,2025-07-04,Credit Card,Cancelled,2025,7,July,Q3,2025-07,2025Q3
O008384,C01153,2025-01-16,UPI,Delivered,2025,1,January,Q1,2025-01,2025Q1
O008385,C01441,2025-08-07,UPI,Delivered,2025,8,August,Q3,2025-08,2025Q3
O008386,C00616,2024-07-09,Net Banking,Delivered,2024,7,July,Q3,2024-07,2024Q3
O008387,C00139,2025-08-10,Net Banking,Delivered,2025,8,August,Q3,2025-08,2025Q3
O008388,C00617,2024-07-20,Credit Card,Delivered,2024,7,July,Q3,2024-07,2024Q3
O008389,C01031,2024-09-22,Debit Card,Delivered,2024,9,September,Q3,2024-09,2024Q3
O008390,C00652,2024-08-17,Debit Card,Delivered,2024,8,August,Q3,2024-08,2024Q3
O008391,C01464,2025-06-19,Cash on Delivery,Delivered,2025,6,June,Q2,2025-06,2025Q2
O008392,C01314,2024-12-11,Credit Card,Delivered,2024,12,December,Q4,2024-12,2024Q4
O008393,C01269,2024-09-13,Debit Card,Delivered,2024,9,September,Q3,2024-09,2024Q3
O008394,C01483,2025-09-03,Debit Card,Delivered,2025,9,September,Q3,2025-09,2025Q3
O008395,C01505,2024-12-15,Net Banking,Delivered,2024,12,December,Q4,2024-12,2024Q4
O008396,C01947,2025-06-27,Debit Card,Delivered,2025,6,June,Q2,2025-06,2025Q2
O008397,C01938,2024-07-19,Cash on Delivery,Delivered,2024,7,July,Q3,2024-07,2024Q3
O008398,C01274,2025-03-17,UPI,Delivered,2025,3,March,Q1,2025-03,2025Q1
O008399,C01401,2024-08-01,Debit Card,Cancelled,2024,8,August,Q3,2024-08,2024Q3
O008400,C00040,2025-04-06,Debit Card,Delivered,2025,4,April,Q2,2025-04,2025Q2
O008401,C01749,2024-01-28,Credit Card,Cancelled,2024,1,January,Q1,2024-01,2024Q1
O008402,C01772,2025-08-14,Credit Card,Delivered,2025,8,August,Q3,2025-08,2025Q3
O008403,C00358,2024-04-18,Cash on Delivery,Delivered,2024,4,April,Q2,2024-04,2024Q2
O008404,C01143,2024-04-24,Credit Card,Delivered,2024,4,April,Q2,2024-04,2024Q2
O008405,C00936,2025-02-09,Credit Card,Delivered,2025,2,February,Q1,2025-02,2025Q1
O008406,C01695,2024-08-12,Cash on Delivery,Cancelled,2024,8,August,Q3,2024-08,2024Q3
O008407,C00202,2024-01-21,Cash on Delivery,Delivered,2024,1,January,Q1,2024-01,2024Q1
O008408,C00041,2024-06-20,Net Banking,Delivered,2024,6,June,Q2,2024-06,2024Q2
O008409,C00568,2025-11-14,UPI,Delivered,2025,11,November,Q4,2025-11,2025Q4
O008410,C00104,2024-10-15,UPI,Delivered,2024,10,October,Q4,2024-10,2024Q4
O008411,C00867,2025-03-13,Debit Card,Delivered,2025,3,March,Q1,2025-03,2025Q1
O008412,C01731,2024-10-08,Credit Card,Delivered,2024,10,October,Q4,2024-10,2024Q4
O008413,C00601,2025-07-08,Net Banking,Delivered,2025,7,July,Q3,2025-07,2025Q3
O008414,C00045,2024-08-14,Debit Card,Cancelled,2024,8,August,Q3,2024-08,2024Q3
O008415,C00767,2024-08-26,UPI,Delivered,2024,8,August,Q3,2024-08,2024Q3
O008416,C00323,2025-07-10,UPI,Delivered,2025,7,July,Q3,2025-07,2025Q3
O008417,C00472,2024-05-02,Debit Card,Delivered,2024,5,May,Q2,2024-05,2024Q2
O008418,C00664,2025-03-16,Net Banking,Delivered,2025,3,March,Q1,2025-03,2025Q1
O008419,C00099,2025-05-07,Credit Card,Delivered,2025,5,May,Q2,2025-05,2025Q2
O008420,C01683,2024-08-24,UPI,Delivered,2024,8,August,Q3,2024-08,2024Q3
O008421,C01678,2025-01-04,UPI,Delivered,2025,1,January,Q1,2025-01,2025Q1
O008422,C01452,2025-07-07,UPI,Delivered,2025,7,July,Q3,2025-07,2025Q3
O008423,C01940,2024-12-07,Debit Card,Delivered,2024,12,December,Q4,2024-12,2024Q4
O008424,C01095,2025-06-06,Net Banking,Delivered,2025,6,June,Q2,2025-06,2025Q2
O008425,C01647,2024-08-17,Credit Card,Delivered,2024,8,August,Q3,2024-08,2024Q3
O008426,C01299,2024-04-29,Cash on Delivery,Delivered,2024,4,April,Q2,2024-04,2024Q2
O008427,C00560,2025-07-31,UPI,Delivered,2025,7,July,Q3,2025-07,2025Q3
O008428,C01939,2025-09-17,Debit Card,Delivered,2025,9,September,Q3,2025-09,2025Q3
O008429,C00626,2025-06-23,UPI,Delivered,2025,6,June,Q2,2025-06,2025Q2
O008430,C01216,2024-04-09,Cash on Delivery,Delivered,2024,4,April,Q2,2024-04,2024Q2
O008431,C00761,2024-04-23,Cash on Delivery,Delivered,2024,4,April,Q2,2024-04,2024Q2
O008432,C00270,2025-04-16,Credit Card,Cancelled,2025,4,April,Q2,2025-04,2025Q2
O008433,C01641,2024-08-15,Net Banking,Delivered,2024,8,August,Q3,2024-08,2024Q3
O008434,C01579,2025-10-29,Cash on Delivery,Delivered,2025,10,October,Q4,2025-10,2025Q4
O008435,C01201,2024-10-25,UPI,Delivered,2024,10,October,Q4,2024-10,2024Q4
O008436,C01685,2024-07-18,Debit Card,Delivered,2024,7,July,Q3,2024-07,2024Q3
O008437,C00716,2025-05-09,Credit Card,Delivered,2025,5,May,Q2,2025-05,2025Q2
O008438,C01252,2024-06-26,Debit Card,Delivered,2024,6,June,Q2,2024-06,2024Q2
O008439,C01263,2024-01-22,Net Banking,Delivered,2024,1,January,Q1,2024-01,2024Q1
O008440,C00683,2025-10-22,Net Banking,Delivered,2025,10,October,Q4,2025-10,2025Q4
O008441,C00734,2024-06-13,Net Banking,Delivered,2024,6,June,Q2,2024-06,2024Q2
O008442,C01832,2025-03-29,Net Banking,Delivered,2025,3,March,Q1,2025-03,2025Q1
O008443,C01634,2024-08-23,Credit Card,Delivered,2024,8,August,Q3,2024-08,2024Q3
O008444,C01964,2024-04-25,Cash on Delivery,Delivered,2024,4,April,Q2,2024-04,2024Q2
O008445,C00569,2025-03-29,Net Banking,Delivered,2025,3,March,Q1,2025-03,2025Q1
O008446,C00036,2024-01-10,Net Banking,Delivered,2024,1,January,Q1,2024-01,2024Q1
O008447,C00247,2024-07-20,Net Banking,Delivered,2024,7,July,Q3,2024-07,2024Q3
O008448,C01732,2024-10-09,Cash on Delivery,Cancelled,2024,10,October,Q4,2024-10,2024Q4
O008449,C01346,2025-07-14,Debit Card,Delivered,2025,7,July,Q3,2025-07,2025Q3
O008450,C00487,2025-01-30,Debit Card,Delivered,2025,1,January,Q1,2025-01,2025Q1
O008451,C00019,2025-08-02,UPI,Delivered,2025,8,August,Q3,2025-08,2025Q3
O008452,C00893,2025-11-06,Cash on Delivery,Delivered,2025,11,November,Q4,2025-11,2025Q4
O008453,C00086,2025-02-05,UPI,Delivered,2025,2,February,Q1,2025-02,2025Q1
O008454,C00644,2024-11-11,Net Banking,Delivered,2024,11,November,Q4,2024-11,2024Q4
O008455,C01026,2025-01-05,Cash on Delivery,Delivered,2025,1,January,Q1,2025-01,2025Q1
O008456,C01220,2025-04-25,Credit Card,Delivered,2025,4,April,Q2,2025-04,2025Q2
O008457,C00627,2025-11-30,Credit Card,Delivered,2025,11,November,Q4,2025-11,2025Q4
O008458,C01419,2024-05-12,Cash on Delivery,Delivered,2024,5,May,Q2,2024-05,2024Q2
O008459,C01870,2024-09-24,Cash on Delivery,Delivered,2024,9,September,Q3,2024-09,2024Q3
O008460,C01527,2025-05-15,Cash on Delivery,Delivered,2025,5,May,Q2,2025-05,2025Q2
O008461,C00224,2024-05-01,UPI,Delivered,2024,5,May,Q2,2024-05,2024Q2
O008462,C01568,2025-04-01,Net Banking,Delivered,2025,4,April,Q2,2025-04,2025Q2
O008463,C01740,2025-10-24,UPI,Delivered,2025,10,October,Q4,2025-10,2025Q4
O008464,C01229,2025-01-24,Credit Card,Delivered,2025,1,January,Q1,2025-01,2025Q1
O008465,C01703,2024-09-01,Credit Card,Cancelled,2024,9,September,Q3,2024-09,2024Q3
O008466,C01142,2025-02-10,UPI,Cancelled,2025,2,February,Q1,2025-02,2025Q1
O008467,C01217,2024-10-17,Credit Card,Delivered,2024,10,October,Q4,2024-10,2024Q4
O008468,C00576,2024-10-20,Net Banking,Delivered,2024,10,October,Q4,2024-10,2024Q4
O008469,C00791,2025-11-03,Net Banking,Cancelled,2025,11,November,Q4,2025-11,2025Q4
O008470,C01072,2025-12-20,UPI,Delivered,2025,12,December,Q4,2025-12,2025Q4
O008471,C01981,2025-01-11,Credit Card,Cancelled,2025,1,January,Q1,2025-01,2025Q1
O008472,C01503,2025-05-18,Debit Card,Delivered,2025,5,May,Q2,2025-05,2025Q2
O008473,C01081,2024-05-11,Debit Card,Delivered,2024,5,May,Q2,2024-05,2024Q2
O008474,C01907,2025-11-07,Cash on Delivery,Delivered,2025,11,November,Q4,2025-11,2025Q4
O008475,C00718,2025-02-11,UPI,Cancelled,2025,2,February,Q1,2025-02,2025Q1
O008476,C00782,2025-01-09,Debit Card,Delivered,2025,1,January,Q1,2025-01,2025Q1
O008477,C01554,2024-05-16,Cash on Delivery,Cancelled,2024,5,May,Q2,2024-05,2024Q2
O008478,C01554,2025-01-10,Credit Card,Delivered,2025,1,January,Q1,2025-01,2025Q1
O008479,C00981,2025-11-27,Credit Card,Cancelled,2025,11,November,Q4,2025-11,2025Q4
O008480,C00071,2024-10-22,UPI,Delivered,2024,10,October,Q4,2024-10,2024Q4
O008481,C01945,2024-01-12,Credit Card,Delivered,2024,1,January,Q1,2024-01,2024Q1
O008482,C00321,2025-06-03,UPI,Cancelled,2025,6,June,Q2,2025-06,2025Q2
O008483,C00230,2024-02-20,Debit Card,Delivered,2024,2,February,Q1,2024-02,2024Q1
O008484,C00317,2024-09-22,Credit Card,Delivered,2024,9,September,Q3,2024-09,2024Q3
O008485,C00432,2024-06-23,Debit Card,Delivered,2024,6,June,Q2,2024-06,2024Q2
O008486,C00580,2024-08-28,UPI,Delivered,2024,8,August,Q3,2024-08,2024Q3
O008487,C01057,2024-06-09,Credit Card,Delivered,2024,6,June,Q2,2024-06,2024Q2
O008488,C01965,2024-06-23,Debit Card,Delivered,2024,6,June,Q2,2024-06,2024Q2
O008489,C01575,2024-04-26,Net Banking,Cancelled,2024,4,April,Q2,2024-04,2024Q2
O008490,C00909,2024-08-04,Cash on Delivery,Cancelled,2024,8,August,Q3,2024-08,2024Q3
O008491,C01557,2025-04-17,Cash on Delivery,Cancelled,2025,4,April,Q2,2025-04,2025Q2
O008492,C01288,2025-08-27,Cash on Delivery,Delivered,2025,8,August,Q3,2025-08,2025Q3
O008493,C00212,2025-07-20,Net Banking,Delivered,2025,7,July,Q3,2025-07,2025Q3
O008494,C00582,2025-09-05,Net Banking,Delivered,2025,9,September,Q3,2025-09,2025Q3
O008495,C00844,2024-04-02,Net Banking,Delivered,2024,4,April,Q2,2024-04,2024Q2
O008496,C00533,2025-05-19,Net Banking,Delivered,2025,5,May,Q2,2025-05,2025Q2
O008497,C00540,2024-06-01,Cash on Delivery,Delivered,2024,6,June,Q2,2024-06,2024Q2
O008498,C01933,2024-10-03,Net Banking,Delivered,2024,10,October,Q4,2024-10,2024Q4
O008499,C01079,2025-01-22,Cash on Delivery,Delivered,2025,1,January,Q1,2025-01,2025Q1
O008500,C00921,2024-12-22,Debit Card,Delivered,2024,12,December,Q4,2024-12,2024Q4
O008501,C01779,2025-03-18,Credit Card,Delivered,2025,3,March,Q1,2025-03,2025Q1
O008502,C01830,2025-12-09,UPI,Delivered,2025,12,December,Q4,2025-12,2025Q4
O008503,C00624,2025-05-11,Credit Card,Delivered,2025,5,May,Q2,2025-05,2025Q2
O008504,C00720,2025-12-04,Cash on Delivery,Delivered,2025,12,December,Q4,2025-12,2025Q4
O008505,C01682,2024-01-10,Net Banking,Delivered,2024,1,January,Q1,2024-01,2024Q1
O008506,C00622,2025-10-14,UPI,Delivered,2025,10,October,Q4,2025-10,2025Q4
O008507,C01032,2025-08-02,UPI,Delivered,2025,8,August,Q3,2025-08,2025Q3
O008508,C00430,2025-10-18,Cash on Delivery,Delivered,2025,10,October,Q4,2025-10,2025Q4
O008509,C00034,2025-09-28,Cash on Delivery,Delivered,2025,9,September,Q3,2025-09,2025Q3
O008510,C00716,2025-08-31,Cash on Delivery,Delivered,2025,8,August,Q3,2025-08,2025Q3
O008511,C00878,2025-09-03,UPI,Delivered,2025,9,September,Q3,2025-09,2025Q3
O008512,C00492,2025-02-11,Net Banking,Delivered,2025,2,February,Q1,2025-02,2025Q1
O008513,C00988,2025-11-28,Credit Card,Delivered,2025,11,November,Q4,2025-11,2025Q4
O008514,C01387,2024-06-26,Credit Card,Delivered,2024,6,June,Q2,2024-06,2024Q2
O008515,C00776,2025-07-29,Net Banking,Cancelled,2025,7,July,Q3,2025-07,2025Q3
O008516,C00986,2024-06-06,UPI,Cancelled,2024,6,June,Q2,2024-06,2024Q2
O008517,C01604,2024-10-09,Credit Card,Delivered,2024,10,October,Q4,2024-10,2024Q4
O008518,C00221,2025-05-30,Credit Card,Cancelled,2025,5,May,Q2,2025-05,2025Q2
O008519,C00985,2024-01-26,Net Banking,Delivered,2024,1,January,Q1,2024-01,2024Q1
O008520,C01746,2024-11-05,UPI,Delivered,2024,11,November,Q4,2024-11,2024Q4
O008521,C00538,2025-05-01,Net Banking,Delivered,2025,5,May,Q2,2025-05,2025Q2
O008522,C01954,2024-03-17,Credit Card,Delivered,2024,3,March,Q1,2024-03,2024Q1
O008523,C00691,2024-09-12,Debit Card,Delivered,2024,9,September,Q3,2024-09,2024Q3
O008524,C01348,2025-01-29,UPI,Delivered,2025,1,January,Q1,2025-01,2025Q1
O008525,C00606,2024-02-22,Credit Card,Delivered,2024,2,February,Q1,2024-02,2024Q1
O008526,C01039,2024-07-29,Cash on Delivery,Delivered,2024,7,July,Q3,2024-07,2024Q3
O008527,C01364,2025-03-05,Credit Card,Cancelled,2025,3,March,Q1,2025-03,2025Q1
O008528,C01727,2025-02-19,UPI,Delivered,2025,2,February,Q1,2025-02,2025Q1
O008529,C00823,2025-10-19,Debit Card,Delivered,2025,10,October,Q4,2025-10,2025Q4
O008530,C01066,2025-07-29,Debit Card,Delivered,2025,7,July,Q3,2025-07,2025Q3
O008531,C00635,2025-02-21,Credit Card,Delivered,2025,2,February,Q1,2025-02,2025Q1
O008532,C00440,2025-11-08,UPI,Delivered,2025,11,November,Q4,2025-11,2025Q4
O008533,C01635,2024-03-02,Debit Card,Delivered,2024,3,March,Q1,2024-03,2024Q1
O008534,C01078,2025-09-11,Credit Card,Delivered,2025,9,September,Q3,2025-09,2025Q3
O008535,C00057,2024-02-13,UPI,Delivered,2024,2,February,Q1,2024-02,2024Q1
O008536,C00597,2024-12-12,UPI,Delivered,2024,12,December,Q4,2024-12,2024Q4
O008537,C01260,2025-03-16,Debit Card,Cancelled,2025,3,March,Q1,2025-03,2025Q1
O008538,C01919,2025-02-10,UPI,Delivered,2025,2,February,Q1,2025-02,2025Q1
O008539,C01008,2024-07-11,Debit Card,Delivered,2024,7,July,Q3,2024-07,2024Q3
O008540,C00897,2024-07-09,Cash on Delivery,Cancelled,2024,7,July,Q3,2024-07,2024Q3
O008541,C01970,2024-07-17,Net Banking,Delivered,2024,7,July,Q3,2024-07,2024Q3
O008542,C00556,2025-09-11,Credit Card,Delivered,2025,9,September,Q3,2025-09,2025Q3
O008543,C00313,2025-07-28,Debit Card,Delivered,2025,7,July,Q3,2025-07,2025Q3
O008544,C01420,2024-05-21,UPI,Delivered,2024,5,May,Q2,2024-05,2024Q2
O008545,C01069,2025-06-19,Cash on Delivery,Delivered,2025,6,June,Q2,2025-06,2025Q2
O008546,C00322,2025-12-28,UPI,Delivered,2025,12,December,Q4,2025-12,2025Q4
O008547,C00927,2025-05-20,Debit Card,Delivered,2025,5,May,Q2,2025-05,2025Q2
O008548,C00115,2025-10-28,UPI,Delivered,2025,10,October,Q4,2025-10,2025Q4
O008549,C00261,2024-07-09,UPI,Delivered,2024,7,July,Q3,2024-07,2024Q3
O008550,C00460,2024-06-26,Cash on Delivery,Delivered,2024,6,June,Q2,2024-06,2024Q2
O008551,C00080,2025-06-19,Credit Card,Delivered,2025,6,June,Q2,2025-06,2025Q2
O008552,C00925,2025-07-11,UPI,Delivered,2025,7,July,Q3,2025-07,2025Q3
O008553,C00737,2024-12-20,UPI,Delivered,2024,12,December,Q4,2024-12,2024Q4
O008554,C01063,2024-05-17,Debit Card,Delivered,2024,5,May,Q2,2024-05,2024Q2
O008555,C01692,2024-02-01,Debit Card,Delivered,2024,2,February,Q1,2024-02,2024Q1
O008556,C01891,2025-04-18,Debit Card,Delivered,2025,4,April,Q2,2025-04,2025Q2
O008557,C01582,2024-07-25,Cash on Delivery,Delivered,2024,7,July,Q3,2024-07,2024Q3
O008558,C00690,2025-03-04,UPI,Delivered,2025,3,March,Q1,2025-03,2025Q1
O008559,C00825,2024-08-03,Net Banking,Delivered,2024,8,August,Q3,2024-08,2024Q3
O008560,C01454,2024-03-11,Credit Card,Delivered,2024,3,March,Q1,2024-03,2024Q1
O008561,C01741,2025-07-31,UPI,Cancelled,2025,7,July,Q3,2025-07,2025Q3
O008562,C00261,2024-05-27,Debit Card,Cancelled,2024,5,May,Q2,2024-05,2024Q2
O008563,C00602,2025-07-23,Cash on Delivery,Delivered,2025,7,July,Q3,2025-07,2025Q3
O008564,C01301,2025-10-07,Net Banking,Cancelled,2025,10,October,Q4,2025-10,2025Q4
O008565,C01141,2025-12-13,Credit Card,Delivered,2025,12,December,Q4,2025-12,2025Q4
O008566,C00853,2024-02-19,UPI,Delivered,2024,2,February,Q1,2024-02,2024Q1
O008567,C00288,2025-12-04,Debit Card,Cancelled,2025,12,December,Q4,2025-12,2025Q4
O008568,C00662,2025-12-02,Cash on Delivery,Delivered,2025,12,December,Q4,2025-12,2025Q4
O008569,C00621,2024-04-12,Debit Card,Delivered,2024,4,April,Q2,2024-04,2024Q2
O008570,C00031,2025-02-09,Credit Card,Delivered,2025,2,February,Q1,2025-02,2025Q1
O008571,C01637,2024-08-23,Debit Card,Cancelled,2024,8,August,Q3,2024-08,2024Q3
O008572,C00306,2024-02-17,Debit Card,Cancelled,2024,2,February,Q1,2024-02,2024Q1
O008573,C01115,2024-06-10,Net Banking,Delivered,2024,6,June,Q2,2024-06,2024Q2
O008574,C01484,2024-06-25,UPI,Delivered,2024,6,June,Q2,2024-06,2024Q2
O008575,C01779,2024-07-08,Credit Card,Delivered,2024,7,July,Q3,2024-07,2024Q3
O008576,C00158,2025-03-30,Credit Card,Delivered,2025,3,March,Q1,2025-03,2025Q1
O008577,C00464,2025-08-14,UPI,Delivered,2025,8,August,Q3,2025-08,2025Q3
O008578,C01871,2025-03-27,Cash on Delivery,Delivered,2025,3,March,Q1,2025-03,2025Q1
O008579,C01425,2025-01-05,UPI,Delivered,2025,1,January,Q1,2025-01,2025Q1
O008580,C01293,2024-12-26,Debit Card,Delivered,2024,12,December,Q4,2024-12,2024Q4
O008581,C01885,2024-03-17,UPI,Delivered,2024,3,March,Q1,2024-03,2024Q1
O008582,C01238,2025-02-21,Credit Card,Cancelled,2025,2,February,Q1,2025-02,2025Q1
O008583,C00838,2025-11-15,UPI,Delivered,2025,11,November,Q4,2025-11,2025Q4
O008584,C00175,2025-08-29,UPI,Delivered,2025,8,August,Q3,2025-08,2025Q3
O008585,C01907,2024-02-09,UPI,Cancelled,2024,2,February,Q1,2024-02,2024Q1
O008586,C01163,2024-09-04,Cash on Delivery,Delivered,2024,9,September,Q3,2024-09,2024Q3
O008587,C01702,2025-09-05,UPI,Cancelled,2025,9,September,Q3,2025-09,2025Q3
O008588,C01648,2025-05-07,Cash on Delivery,Delivered,2025,5,May,Q2,2025-05,2025Q2
O008589,C01503,2024-02-26,Debit Card,Delivered,2024,2,February,Q1,2024-02,2024Q1
O008590,C01959,2024-06-01,Net Banking,Cancelled,2024,6,June,Q2,2024-06,2024Q2
O008591,C00293,2025-01-06,Debit Card,Delivered,2025,1,January,Q1,2025-01,2025Q1
O008592,C00839,2024-03-31,Cash on Delivery,Cancelled,2024,3,March,Q1,2024-03,2024Q1
O008593,C01371,2024-12-09,Credit Card,Delivered,2024,12,December,Q4,2024-12,2024Q4
O008594,C00130,2024-03-05,Cash on Delivery,Delivered,2024,3,March,Q1,2024-03,2024Q1
O008595,C00537,2025-01-04,UPI,Delivered,2025,1,January,Q1,2025-01,2025Q1
O008596,C00406,2024-06-02,Debit Card,Cancelled,2024,6,June,Q2,2024-06,2024Q2
O008597,C00213,2024-03-18,UPI,Cancelled,2024,3,March,Q1,2024-03,2024Q1
O008598,C01298,2025-02-25,UPI,Delivered,2025,2,February,Q1,2025-02,2025Q1
O008599,C00020,2025-04-02,Cash on Delivery,Delivered,2025,4,April,Q2,2025-04,2025Q2
O008600,C01888,2024-06-15,UPI,Delivered,2024,6,June,Q2,2024-06,2024Q2
O008601,C00321,2025-04-09,Debit Card,Delivered,2025,4,April,Q2,2025-04,2025Q2
O008602,C00912,2025-01-13,Cash on Delivery,Delivered,2025,1,January,Q1,2025-01,2025Q1
O008603,C00635,2024-08-20,Credit Card,Delivered,2024,8,August,Q3,2024-08,2024Q3
O008604,C01029,2025-03-18,Credit Card,Delivered,2025,3,March,Q1,2025-03,2025Q1
O008605,C01173,2024-01-08,Debit Card,Delivered,2024,1,January,Q1,2024-01,2024Q1
O008606,C01653,2025-03-27,Cash on Delivery,Delivered,2025,3,March,Q1,2025-03,2025Q1
O008607,C00929,2024-11-29,UPI,Delivered,2024,11,November,Q4,2024-11,2024Q4
O008608,C01353,2025-10-30,Cash on Delivery,Delivered,2025,10,October,Q4,2025-10,2025Q4
O008609,C01079,2025-12-03,Credit Card,Delivered,2025,12,December,Q4,2025-12,2025Q4
O008610,C00045,2024-03-27,UPI,Delivered,2024,3,March,Q1,2024-03,2024Q1
O008611,C01658,2025-07-13,Debit Card,Delivered,2025,7,July,Q3,2025-07,2025Q3
O008612,C00557,2025-11-19,Debit Card,Delivered,2025,11,November,Q4,2025-11,2025Q4
O008613,C00257,2024-12-09,Credit Card,Delivered,2024,12,December,Q4,2024-12,2024Q4
O008614,C00672,2025-08-26,Net Banking,Cancelled,2025,8,August,Q3,2025-08,2025Q3
O008615,C00551,2025-05-14,Debit Card,Delivered,2025,5,May,Q2,2025-05,2025Q2
O008616,C01487,2024-05-31,Credit Card,Delivered,2024,5,May,Q2,2024-05,2024Q2
O008617,C00440,2025-04-02,Net Banking,Delivered,2025,4,April,Q2,2025-04,2025Q2
O008618,C00529,2025-09-17,Debit Card,Cancelled,2025,9,September,Q3,2025-09,2025Q3
O008619,C01257,2025-05-08,Cash on Delivery,Delivered,2025,5,May,Q2,2025-05,2025Q2
O008620,C00008,2025-04-22,Cash on Delivery,Delivered,2025,4,April,Q2,2025-04,2025Q2
O008621,C00506,2025-08-09,Cash on Delivery,Delivered,2025,8,August,Q3,2025-08,2025Q3
O008622,C01451,2024-12-20,Credit Card,Delivered,2024,12,December,Q4,2024-12,2024Q4
O008623,C01532,2024-01-01,Cash on Delivery,Cancelled,2024,1,January,Q1,2024-01,2024Q1
O008624,C00592,2024-07-14,UPI,Delivered,2024,7,July,Q3,2024-07,2024Q3
O008625,C01974,2025-08-09,Credit Card,Delivered,2025,8,August,Q3,2025-08,2025Q3
O008626,C01707,2024-11-12,Net Banking,Delivered,2024,11,November,Q4,2024-11,2024Q4
O008627,C00460,2025-04-12,UPI,Delivered,2025,4,April,Q2,2025-04,2025Q2
O008628,C00719,2024-07-29,Credit Card,Delivered,2024,7,July,Q3,2024-07,2024Q3
O008629,C01440,2025-01-17,Cash on Delivery,Delivered,2025,1,January,Q1,2025-01,2025Q1
O008630,C00713,2025-05-05,Net Banking,Delivered,2025,5,May,Q2,2025-05,2025Q2
O008631,C00495,2024-05-17,UPI,Delivered,2024,5,May,Q2,2024-05,2024Q2
O008632,C00167,2024-09-12,UPI,Cancelled,2024,9,September,Q3,2024-09,2024Q3
O008633,C01235,2025-01-29,Net Banking,Delivered,2025,1,January,Q1,2025-01,2025Q1
O008634,C00605,2025-01-10,Credit Card,Delivered,2025,1,January,Q1,2025-01,2025Q1
O008635,C00340,2025-02-03,Debit Card,Delivered,2025,2,February,Q1,2025-02,2025Q1
O008636,C00812,2024-08-08,UPI,Delivered,2024,8,August,Q3,2024-08,2024Q3
O008637,C01907,2025-05-16,Debit Card,Delivered,2025,5,May,Q2,2025-05,2025Q2
O008638,C00126,2024-08-20,UPI,Delivered,2024,8,August,Q3,2024-08,2024Q3
O008639,C01947,2024-07-24,Cash on Delivery,Delivered,2024,7,July,Q3,2024-07,2024Q3
O008640,C00951,2025-11-04,Debit Card,Cancelled,2025,11,November,Q4,2025-11,2025Q4
O008641,C00776,2025-02-17,Cash on Delivery,Cancelled,2025,2,February,Q1,2025-02,2025Q1
O008642,C01211,2024-07-12,Debit Card,Cancelled,2024,7,July,Q3,2024-07,2024Q3
O008643,C00517,2024-09-21,Credit Card,Delivered,2024,9,September,Q3,2024-09,2024Q3
O008644,C00025,2024-08-01,Credit Card,Delivered,2024,8,August,Q3,2024-08,2024Q3
O008645,C01656,2025-06-10,UPI,Delivered,2025,6,June,Q2,2025-06,2025Q2
O008646,C01887,2025-03-11,Cash on Delivery,Delivered,2025,3,March,Q1,2025-03,2025Q1
O008647,C00009,2025-01-25,Debit Card,Delivered,2025,1,January,Q1,2025-01,2025Q1
O008648,C00996,2024-08-27,Credit Card,Delivered,2024,8,August,Q3,2024-08,2024Q3
O008649,C00642,2025-05-01,Cash on Delivery,Delivered,2025,5,May,Q2,2025-05,2025Q2
O008650,C01220,2024-12-07,UPI,Delivered,2024,12,December,Q4,2024-12,2024Q4
O008651,C01671,2024-03-27,UPI,Delivered,2024,3,March,Q1,2024-03,2024Q1
O008652,C01081,2025-08-10,UPI,Delivered,2025,8,August,Q3,2025-08,2025Q3
O008653,C01908,2024-05-21,Net Banking,Delivered,2024,5,May,Q2,2024-05,2024Q2
O008654,C00219,2025-01-13,Credit Card,Delivered,2025,1,January,Q1,2025-01,2025Q1
O008655,C01705,2024-01-06,UPI,Delivered,2024,1,January,Q1,2024-01,2024Q1
O008656,C00570,2024-09-04,Net Banking,Delivered,2024,9,September,Q3,2024-09,2024Q3
O008657,C01889,2025-11-24,UPI,Delivered,2025,11,November,Q4,2025-11,2025Q4
O008658,C00587,2025-01-30,Credit Card,Delivered,2025,1,January,Q1,2025-01,2025Q1
O008659,C00685,2024-12-31,Cash on Delivery,Delivered,2024,12,December,Q4,2024-12,2024Q4
O008660,C00917,2025-01-20,UPI,Delivered,2025,1,January,Q1,2025-01,2025Q1
O008661,C00478,2024-05-06,Cash on Delivery,Delivered,2024,5,May,Q2,2024-05,2024Q2
O008662,C01360,2024-05-18,Cash on Delivery,Delivered,2024,5,May,Q2,2024-05,2024Q2
O008663,C01437,2024-02-20,Debit Card,Delivered,2024,2,February,Q1,2024-02,2024Q1
O008664,C01926,2025-08-13,UPI,Cancelled,2025,8,August,Q3,2025-08,2025Q3
O008665,C00224,2024-12-01,Credit Card,Delivered,2024,12,December,Q4,2024-12,2024Q4
O008666,C01677,2025-06-06,Credit Card,Delivered,2025,6,June,Q2,2025-06,2025Q2
O008667,C00738,2024-08-24,UPI,Delivered,2024,8,August,Q3,2024-08,2024Q3
O008668,C01795,2024-03-14,UPI,Delivered,2024,3,March,Q1,2024-03,2024Q1
O008669,C01265,2025-12-19,Cash on Delivery,Cancelled,2025,12,December,Q4,2025-12,2025Q4
O008670,C00369,2025-10-31,Credit Card,Delivered,2025,10,October,Q4,2025-10,2025Q4
O008671,C00713,2024-12-10,Credit Card,Delivered,2024,12,December,Q4,2024-12,2024Q4
O008672,C01470,2024-09-22,UPI,Cancelled,2024,9,September,Q3,2024-09,2024Q3
O008673,C00979,2025-05-10,Net Banking,Delivered,2025,5,May,Q2,2025-05,2025Q2
O008674,C00213,2025-06-17,Cash on Delivery,Delivered,2025,6,June,Q2,2025-06,2025Q2
O008675,C01970,2025-02-22,Cash on Delivery,Delivered,2025,2,February,Q1,2025-02,2025Q1
O008676,C01564,2025-09-30,Net Banking,Delivered,2025,9,September,Q3,2025-09,2025Q3
O008677,C00560,2024-05-21,Credit Card,Delivered,2024,5,May,Q2,2024-05,2024Q2
O008678,C01903,2024-05-30,Credit Card,Cancelled,2024,5,May,Q2,2024-05,2024Q2
O008679,C01685,2025-08-27,Debit Card,Cancelled,2025,8,August,Q3,2025-08,2025Q3
O008680,C00771,2024-03-25,Debit Card,Delivered,2024,3,March,Q1,2024-03,2024Q1
O008681,C01712,2025-08-15,Debit Card,Delivered,2025,8,August,Q3,2025-08,2025Q3
O008682,C01350,2024-06-29,Net Banking,Cancelled,2024,6,June,Q2,2024-06,2024Q2
O008683,C00929,2024-06-14,UPI,Delivered,2024,6,June,Q2,2024-06,2024Q2
O008684,C01437,2024-08-26,UPI,Delivered,2024,8,August,Q3,2024-08,2024Q3
O008685,C00561,2025-01-24,Cash on Delivery,Delivered,2025,1,January,Q1,2025-01,2025Q1
O008686,C01621,2024-08-25,UPI,Delivered,2024,8,August,Q3,2024-08,2024Q3
O008687,C01879,2024-09-05,Net Banking,Delivered,2024,9,September,Q3,2024-09,2024Q3
O008688,C01920,2025-08-18,UPI,Delivered,2025,8,August,Q3,2025-08,2025Q3
O008689,C00013,2025-02-15,Debit Card,Delivered,2025,2,February,Q1,2025-02,2025Q1
O008690,C01146,2025-01-01,UPI,Delivered,2025,1,January,Q1,2025-01,2025Q1
O008691,C01788,2024-03-20,UPI,Delivered,2024,3,March,Q1,2024-03,2024Q1
O008692,C00948,2025-06-15,Debit Card,Delivered,2025,6,June,Q2,2025-06,2025Q2
O008693,C01804,2024-08-21,UPI,Delivered,2024,8,August,Q3,2024-08,2024Q3
O008694,C00280,2025-12-21,Debit Card,Delivered,2025,12,December,Q4,2025-12,2025Q4
O008695,C00806,2025-04-18,Debit Card,Cancelled,2025,4,April,Q2,2025-04,2025Q2
O008696,C01142,2024-06-12,Cash on Delivery,Delivered,2024,6,June,Q2,2024-06,2024Q2
O008697,C01914,2025-03-19,Cash on Delivery,Delivered,2025,3,March,Q1,2025-03,2025Q1
O008698,C00806,2025-06-05,Credit Card,Delivered,2025,6,June,Q2,2025-06,2025Q2
O008699,C01679,2024-04-30,Cash on Delivery,Cancelled,2024,4,April,Q2,2024-04,2024Q2
O008700,C01422,2024-09-08,Cash on Delivery,Delivered,2024,9,September,Q3,2024-09,2024Q3
O008701,C00032,2024-05-01,UPI,Delivered,2024,5,May,Q2,2024-05,2024Q2
O008702,C01358,2024-05-29,Cash on Delivery,Delivered,2024,5,May,Q2,2024-05,2024Q2
O008703,C00739,2025-08-18,Net Banking,Delivered,2025,8,August,Q3,2025-08,2025Q3
O008704,C01735,2024-11-03,Credit Card,Cancelled,2024,11,November,Q4,2024-11,2024Q4
O008705,C01470,2025-09-02,Credit Card,Delivered,2025,9,September,Q3,2025-09,2025Q3
O008706,C01355,2024-05-13,Credit Card,Delivered,2024,5,May,Q2,2024-05,2024Q2
O008707,C01425,2025-10-24,Cash on Delivery,Delivered,2025,10,October,Q4,2025-10,2025Q4
O008708,C01484,2024-05-02,Cash on Delivery,Delivered,2024,5,May,Q2,2024-05,2024Q2
O008709,C00815,2025-04-18,Cash on Delivery,Delivered,2025,4,April,Q2,2025-04,2025Q2
O008710,C00742,2025-05-29,Debit Card,Delivered,2025,5,May,Q2,2025-05,2025Q2
O008711,C01238,2024-05-02,UPI,Delivered,2024,5,May,Q2,2024-05,2024Q2
O008712,C00049,2024-09-09,Cash on Delivery,Delivered,2024,9,September,Q3,2024-09,2024Q3
O008713,C00798,2025-02-05,Cash on Delivery,Delivered,2025,2,February,Q1,2025-02,2025Q1
O008714,C00099,2025-01-02,UPI,Delivered,2025,1,January,Q1,2025-01,2025Q1
O008715,C01367,2025-05-22,Cash on Delivery,Delivered,2025,5,May,Q2,2025-05,2025Q2
O008716,C00171,2025-04-07,Debit Card,Delivered,2025,4,April,Q2,2025-04,2025Q2
O008717,C00152,2025-09-04,Net Banking,Delivered,2025,9,September,Q3,2025-09,2025Q3
O008718,C01733,2024-11-19,Credit Card,Delivered,2024,11,November,Q4,2024-11,2024Q4
O008719,C01151,2025-08-28,Debit Card,Delivered,2025,8,August,Q3,2025-08,2025Q3
O008720,C01983,2025-07-18,Cash on Delivery,Cancelled,2025,7,July,Q3,2025-07,2025Q3
O008721,C00168,2024-07-28,Credit Card,Delivered,2024,7,July,Q3,2024-07,2024Q3
O008722,C01752,2024-06-26,Credit Card,Delivered,2024,6,June,Q2,2024-06,2024Q2
O008723,C00097,2025-12-25,Net Banking,Cancelled,2025,12,December,Q4,2025-12,2025Q4
O008724,C01049,2024-07-23,UPI,Delivered,2024,7,July,Q3,2024-07,2024Q3
O008725,C01088,2025-01-01,Debit Card,Delivered,2025,1,January,Q1,2025-01,2025Q1
O008726,C01705,2025-12-26,Cash on Delivery,Cancelled,2025,12,December,Q4,2025-12,2025Q4
O008727,C00105,2025-10-27,Cash on Delivery,Delivered,2025,10,October,Q4,2025-10,2025Q4
O008728,C00980,2025-10-10,Credit Card,Delivered,2025,10,October,Q4,2025-10,2025Q4
O008729,C01381,2024-08-23,Credit Card,Delivered,2024,8,August,Q3,2024-08,2024Q3
O008730,C00126,2024-10-15,UPI,Delivered,2024,10,October,Q4,2024-10,2024Q4
O008731,C01084,2024-04-22,UPI,Delivered,2024,4,April,Q2,2024-04,2024Q2
O008732,C01943,2024-08-25,Credit Card,Delivered,2024,8,August,Q3,2024-08,2024Q3
O008733,C01754,2024-09-16,Debit Card,Delivered,2024,9,September,Q3,2024-09,2024Q3
O008734,C01485,2025-07-18,Net Banking,Delivered,2025,7,July,Q3,2025-07,2025Q3
O008735,C01241,2024-10-01,UPI,Delivered,2024,10,October,Q4,2024-10,2024Q4
O008736,C01582,2025-10-06,Cash on Delivery,Cancelled,2025,10,October,Q4,2025-10,2025Q4
O008737,C00279,2025-08-01,Credit Card,Delivered,2025,8,August,Q3,2025-08,2025Q3
O008738,C00842,2024-09-01,UPI,Delivered,2024,9,September,Q3,2024-09,2024Q3
O008739,C01078,2024-12-15,Net Banking,Delivered,2024,12,December,Q4,2024-12,2024Q4
O008740,C00249,2024-08-27,Debit Card,Delivered,2024,8,August,Q3,2024-08,2024Q3
O008741,C01307,2024-11-26,Debit Card,Delivered,2024,11,November,Q4,2024-11,2024Q4
O008742,C01697,2025-03-13,UPI,Delivered,2025,3,March,Q1,2025-03,2025Q1
O008743,C00389,2024-11-01,Net Banking,Delivered,2024,11,November,Q4,2024-11,2024Q4
O008744,C01566,2025-08-15,UPI,Delivered,2025,8,August,Q3,2025-08,2025Q3
O008745,C01245,2024-11-19,UPI,Cancelled,2024,11,November,Q4,2024-11,2024Q4
O008746,C00388,2024-01-05,Debit Card,Cancelled,2024,1,January,Q1,2024-01,2024Q1
O008747,C01211,2025-08-15,UPI,Delivered,2025,8,August,Q3,2025-08,2025Q3
O008748,C01736,2024-11-09,Debit Card,Delivered,2024,11,November,Q4,2024-11,2024Q4
O008749,C00031,2024-02-12,Credit Card,Delivered,2024,2,February,Q1,2024-02,2024Q1
O008750,C00462,2024-11-13,Debit Card,Delivered,2024,11,November,Q4,2024-11,2024Q4
O008751,C01461,2024-10-01,Cash on Delivery,Delivered,2024,10,October,Q4,2024-10,2024Q4
O008752,C01349,2025-05-16,UPI,Delivered,2025,5,May,Q2,2025-05,2025Q2
O008753,C00287,2025-09-17,Cash on Delivery,Cancelled,2025,9,September,Q3,2025-09,2025Q3
O008754,C00306,2024-04-18,Net Banking,Delivered,2024,4,April,Q2,2024-04,2024Q2
O008755,C01867,2024-12-20,UPI,Delivered,2024,12,December,Q4,2024-12,2024Q4
O008756,C01819,2025-08-18,Net Banking,Delivered,2025,8,August,Q3,2025-08,2025Q3
O008757,C01195,2024-07-31,Debit Card,Cancelled,2024,7,July,Q3,2024-07,2024Q3
O008758,C01733,2024-01-16,Debit Card,Delivered,2024,1,January,Q1,2024-01,2024Q1
O008759,C01732,2025-09-27,Cash on Delivery,Delivered,2025,9,September,Q3,2025-09,2025Q3
O008760,C00642,2025-07-01,Credit Card,Cancelled,2025,7,July,Q3,2025-07,2025Q3
O008761,C00849,2024-06-06,Cash on Delivery,Delivered,2024,6,June,Q2,2024-06,2024Q2
O008762,C00618,2024-06-11,Debit Card,Delivered,2024,6,June,Q2,2024-06,2024Q2
O008763,C01557,2025-05-29,Credit Card,Delivered,2025,5,May,Q2,2025-05,2025Q2
O008764,C01571,2025-07-10,Cash on Delivery,Cancelled,2025,7,July,Q3,2025-07,2025Q3
O008765,C00891,2024-07-17,Credit Card,Delivered,2024,7,July,Q3,2024-07,2024Q3
O008766,C00153,2024-08-16,Debit Card,Delivered,2024,8,August,Q3,2024-08,2024Q3
O008767,C00453,2025-10-08,UPI,Delivered,2025,10,October,Q4,2025-10,2025Q4
O008768,C00050,2024-10-17,Cash on Delivery,Cancelled,2024,10,October,Q4,2024-10,2024Q4
O008769,C00051,2024-01-19,Debit Card,Cancelled,2024,1,January,Q1,2024-01,2024Q1
O008770,C01024,2024-09-06,Net Banking,Delivered,2024,9,September,Q3,2024-09,2024Q3
O008771,C01723,2024-11-28,UPI,Delivered,2024,11,November,Q4,2024-11,2024Q4
O008772,C01217,2025-09-06,UPI,Delivered,2025,9,September,Q3,2025-09,2025Q3
O008773,C01431,2024-10-24,Cash on Delivery,Delivered,2024,10,October,Q4,2024-10,2024Q4
O008774,C01087,2024-09-09,Debit Card,Cancelled,2024,9,September,Q3,2024-09,2024Q3
O008775,C00107,2025-03-09,UPI,Delivered,2025,3,March,Q1,2025-03,2025Q1
O008776,C01182,2025-03-10,UPI,Delivered,2025,3,March,Q1,2025-03,2025Q1
O008777,C00033,2025-07-28,Debit Card,Delivered,2025,7,July,Q3,2025-07,2025Q3
O008778,C01954,2024-06-03,Credit Card,Delivered,2024,6,June,Q2,2024-06,2024Q2
O008779,C00239,2025-09-11,Credit Card,Delivered,2025,9,September,Q3,2025-09,2025Q3
O008780,C00810,2024-06-15,UPI,Delivered,2024,6,June,Q2,2024-06,2024Q2
O008781,C00299,2025-04-24,UPI,Cancelled,2025,4,April,Q2,2025-04,2025Q2
O008782,C00609,2025-01-25,UPI,Cancelled,2025,1,January,Q1,2025-01,2025Q1
O008783,C01631,2024-12-07,UPI,Cancelled,2024,12,December,Q4,2024-12,2024Q4
O008784,C00655,2025-10-27,Debit Card,Cancelled,2025,10,October,Q4,2025-10,2025Q4
O008785,C01208,2024-07-31,Cash on Delivery,Delivered,2024,7,July,Q3,2024-07,2024Q3
O008786,C00960,2024-03-23,Credit Card,Delivered,2024,3,March,Q1,2024-03,2024Q1
O008787,C01987,2024-02-27,Cash on Delivery,Delivered,2024,2,February,Q1,2024-02,2024Q1
O008788,C01233,2024-07-07,Debit Card,Delivered,2024,7,July,Q3,2024-07,2024Q3
O008789,C01747,2024-05-04,Credit Card,Delivered,2024,5,May,Q2,2024-05,2024Q2
O008790,C00139,2024-09-09,Credit Card,Delivered,2024,9,September,Q3,2024-09,2024Q3
O008791,C00522,2025-07-15,Cash on Delivery,Delivered,2025,7,July,Q3,2025-07,2025Q3
O008792,C01398,2025-01-07,UPI,Delivered,2025,1,January,Q1,2025-01,2025Q1
O008793,C00132,2025-07-14,Net Banking,Delivered,2025,7,July,Q3,2025-07,2025Q3
O008794,C00802,2025-04-05,Net Banking,Delivered,2025,4,April,Q2,2025-04,2025Q2
O008795,C00448,2024-12-30,Cash on Delivery,Delivered,2024,12,December,Q4,2024-12,2024Q4
O008796,C00304,2024-02-05,Debit Card,Delivered,2024,2,February,Q1,2024-02,2024Q1
O008797,C01962,2025-08-29,Net Banking,Delivered,2025,8,August,Q3,2025-08,2025Q3
O008798,C00214,2025-05-27,UPI,Delivered,2025,5,May,Q2,2025-05,2025Q2
O008799,C00748,2024-10-29,Cash on Delivery,Delivered,2024,10,October,Q4,2024-10,2024Q4
O008800,C01496,2025-06-18,Credit Card,Delivered,2025,6,June,Q2,2025-06,2025Q2
O008801,C00426,2025-12-06,UPI,Delivered,2025,12,December,Q4,2025-12,2025Q4
O008802,C01113,2025-07-02,UPI,Delivered,2025,7,July,Q3,2025-07,2025Q3
O008803,C01959,2025-01-13,UPI,Cancelled,2025,1,January,Q1,2025-01,2025Q1
O008804,C01433,2024-07-13,Credit Card,Cancelled,2024,7,July,Q3,2024-07,2024Q3
O008805,C01975,2024-08-05,UPI,Delivered,2024,8,August,Q3,2024-08,2024Q3
O008806,C01306,2025-04-16,Cash on Delivery,Delivered,2025,4,April,Q2,2025-04,2025Q2
O008807,C01048,2025-03-31,Debit Card,Delivered,2025,3,March,Q1,2025-03,2025Q1
O008808,C01638,2024-10-18,UPI,Delivered,2024,10,October,Q4,2024-10,2024Q4
O008809,C01819,2024-02-16,Debit Card,Cancelled,2024,2,February,Q1,2024-02,2024Q1
O008810,C01075,2024-03-19,Credit Card,Delivered,2024,3,March,Q1,2024-03,2024Q1
O008811,C01304,2024-02-13,Net Banking,Delivered,2024,2,February,Q1,2024-02,2024Q1
O008812,C01467,2025-05-11,Credit Card,Delivered,2025,5,May,Q2,2025-05,2025Q2
O008813,C01562,2024-09-23,Debit Card,Cancelled,2024,9,September,Q3,2024-09,2024Q3
O008814,C00715,2024-08-02,Credit Card,Delivered,2024,8,August,Q3,2024-08,2024Q3
O008815,C00006,2025-02-21,Net Banking,Delivered,2025,2,February,Q1,2025-02,2025Q1
O008816,C00014,2024-10-13,UPI,Delivered,2024,10,October,Q4,2024-10,2024Q4
O008817,C01731,2024-12-06,UPI,Cancelled,2024,12,December,Q4,2024-12,2024Q4
O008818,C00605,2025-12-18,UPI,Delivered,2025,12,December,Q4,2025-12,2025Q4
O008819,C00519,2024-08-08,UPI,Delivered,2024,8,August,Q3,2024-08,2024Q3
O008820,C01397,2024-03-27,Cash on Delivery,Delivered,2024,3,March,Q1,2024-03,2024Q1
O008821,C01256,2025-01-01,Debit Card,Delivered,2025,1,January,Q1,2025-01,2025Q1
O008822,C01289,2024-04-14,Credit Card,Delivered,2024,4,April,Q2,2024-04,2024Q2
O008823,C00322,2025-11-15,Net Banking,Delivered,2025,11,November,Q4,2025-11,2025Q4
O008824,C00724,2025-08-05,UPI,Delivered,2025,8,August,Q3,2025-08,2025Q3
O008825,C00038,2024-02-27,Cash on Delivery,Delivered,2024,2,February,Q1,2024-02,2024Q1
O008826,C00067,2024-09-09,Credit Card,Cancelled,2024,9,September,Q3,2024-09,2024Q3
O008827,C00622,2025-08-25,Net Banking,Delivered,2025,8,August,Q3,2025-08,2025Q3
O008828,C01455,2025-07-22,UPI,Delivered,2025,7,July,Q3,2025-07,2025Q3
O008829,C01797,2024-11-17,Credit Card,Delivered,2024,11,November,Q4,2024-11,2024Q4
O008830,C01414,2025-10-02,UPI,Delivered,2025,10,October,Q4,2025-10,2025Q4
O008831,C00430,2024-04-27,Net Banking,Delivered,2024,4,April,Q2,2024-04,2024Q2
O008832,C00926,2025-11-09,Credit Card,Delivered,2025,11,November,Q4,2025-11,2025Q4
O008833,C00493,2024-04-26,UPI,Delivered,2024,4,April,Q2,2024-04,2024Q2
O008834,C01528,2025-04-03,Net Banking,Delivered,2025,4,April,Q2,2025-04,2025Q2
O008835,C00006,2024-08-20,Credit Card,Delivered,2024,8,August,Q3,2024-08,2024Q3
O008836,C01399,2025-03-21,UPI,Delivered,2025,3,March,Q1,2025-03,2025Q1
O008837,C00405,2024-06-04,Cash on Delivery,Delivered,2024,6,June,Q2,2024-06,2024Q2
O008838,C01653,2025-03-12,Credit Card,Delivered,2025,3,March,Q1,2025-03,2025Q1
O008839,C00891,2024-03-09,Debit Card,Delivered,2024,3,March,Q1,2024-03,2024Q1
O008840,C01740,2024-12-06,Cash on Delivery,Delivered,2024,12,December,Q4,2024-12,2024Q4
O008841,C01771,2024-07-09,Net Banking,Delivered,2024,7,July,Q3,2024-07,2024Q3
O008842,C01453,2024-09-11,Credit Card,Delivered,2024,9,September,Q3,2024-09,2024Q3
O008843,C00865,2025-03-20,Net Banking,Cancelled,2025,3,March,Q1,2025-03,2025Q1
O008844,C00790,2025-02-28,Cash on Delivery,Delivered,2025,2,February,Q1,2025-02,2025Q1
O008845,C01489,2025-08-15,Net Banking,Delivered,2025,8,August,Q3,2025-08,2025Q3
O008846,C00510,2025-05-28,Credit Card,Delivered,2025,5,May,Q2,2025-05,2025Q2
O008847,C00521,2024-07-21,Debit Card,Delivered,2024,7,July,Q3,2024-07,2024Q3
O008848,C01864,2025-03-08,Debit Card,Delivered,2025,3,March,Q1,2025-03,2025Q1
O008849,C01931,2025-02-16,UPI,Delivered,2025,2,February,Q1,2025-02,2025Q1
O008850,C00893,2025-09-26,Credit Card,Cancelled,2025,9,September,Q3,2025-09,2025Q3
O008851,C00951,2024-08-14,UPI,Cancelled,2024,8,August,Q3,2024-08,2024Q3
O008852,C00589,2025-06-19,Debit Card,Delivered,2025,6,June,Q2,2025-06,2025Q2
O008853,C01132,2024-01-17,UPI,Delivered,2024,1,January,Q1,2024-01,2024Q1
O008854,C01493,2024-04-19,UPI,Delivered,2024,4,April,Q2,2024-04,2024Q2
O008855,C00834,2025-08-22,Credit Card,Cancelled,2025,8,August,Q3,2025-08,2025Q3
O008856,C01937,2025-08-21,Net Banking,Delivered,2025,8,August,Q3,2025-08,2025Q3
O008857,C01057,2024-02-22,UPI,Delivered,2024,2,February,Q1,2024-02,2024Q1
O008858,C00606,2025-11-07,UPI,Delivered,2025,11,November,Q4,2025-11,2025Q4
O008859,C00013,2025-09-02,Debit Card,Delivered,2025,9,September,Q3,2025-09,2025Q3
O008860,C01340,2025-06-27,Net Banking,Delivered,2025,6,June,Q2,2025-06,2025Q2
O008861,C01261,2025-07-06,Cash on Delivery,Delivered,2025,7,July,Q3,2025-07,2025Q3
O008862,C00203,2025-07-28,Credit Card,Delivered,2025,7,July,Q3,2025-07,2025Q3
O008863,C00676,2024-08-31,Net Banking,Delivered,2024,8,August,Q3,2024-08,2024Q3
O008864,C00763,2025-10-24,Credit Card,Delivered,2025,10,October,Q4,2025-10,2025Q4
O008865,C01427,2024-10-07,Credit Card,Delivered,2024,10,October,Q4,2024-10,2024Q4
O008866,C01354,2025-12-04,Cash on Delivery,Cancelled,2025,12,December,Q4,2025-12,2025Q4
O008867,C01916,2025-08-23,UPI,Cancelled,2025,8,August,Q3,2025-08,2025Q3
O008868,C01716,2024-12-12,Credit Card,Delivered,2024,12,December,Q4,2024-12,2024Q4
O008869,C01327,2025-08-03,Credit Card,Delivered,2025,8,August,Q3,2025-08,2025Q3
O008870,C00482,2025-11-18,UPI,Delivered,2025,11,November,Q4,2025-11,2025Q4
O008871,C01516,2024-06-15,UPI,Delivered,2024,6,June,Q2,2024-06,2024Q2
O008872,C01018,2024-05-23,Net Banking,Delivered,2024,5,May,Q2,2024-05,2024Q2
O008873,C01922,2024-09-06,Debit Card,Delivered,2024,9,September,Q3,2024-09,2024Q3
O008874,C01221,2024-12-29,Debit Card,Delivered,2024,12,December,Q4,2024-12,2024Q4
O008875,C01581,2024-06-25,UPI,Delivered,2024,6,June,Q2,2024-06,2024Q2
O008876,C01874,2024-12-23,UPI,Delivered,2024,12,December,Q4,2024-12,2024Q4
O008877,C01674,2024-10-08,UPI,Cancelled,2024,10,October,Q4,2024-10,2024Q4
O008878,C01405,2024-09-15,Credit Card,Delivered,2024,9,September,Q3,2024-09,2024Q3
O008879,C00949,2024-06-03,Credit Card,Cancelled,2024,6,June,Q2,2024-06,2024Q2
O008880,C01131,2025-06-10,Cash on Delivery,Delivered,2025,6,June,Q2,2025-06,2025Q2
O008881,C00824,2025-06-30,UPI,Delivered,2025,6,June,Q2,2025-06,2025Q2
O008882,C00169,2024-07-20,Net Banking,Delivered,2024,7,July,Q3,2024-07,2024Q3
O008883,C01089,2024-07-17,Debit Card,Delivered,2024,7,July,Q3,2024-07,2024Q3
O008884,C00041,2025-04-13,Credit Card,Delivered,2025,4,April,Q2,2025-04,2025Q2
O008885,C01644,2025-08-03,Cash on Delivery,Cancelled,2025,8,August,Q3,2025-08,2025Q3
O008886,C00015,2025-12-25,Cash on Delivery,Delivered,2025,12,December,Q4,2025-12,2025Q4
O008887,C00242,2024-01-18,Cash on Delivery,Delivered,2024,1,January,Q1,2024-01,2024Q1
O008888,C00139,2024-04-18,Debit Card,Delivered,2024,4,April,Q2,2024-04,2024Q2
O008889,C01694,2024-04-02,Credit Card,Delivered,2024,4,April,Q2,2024-04,2024Q2
O008890,C01248,2025-05-13,Cash on Delivery,Delivered,2025,5,May,Q2,2025-05,2025Q2
O008891,C00754,2024-11-15,Debit Card,Delivered,2024,11,November,Q4,2024-11,2024Q4
O008892,C01354,2024-11-27,Cash on Delivery,Cancelled,2024,11,November,Q4,2024-11,2024Q4
O008893,C01801,2024-11-03,UPI,Delivered,2024,11,November,Q4,2024-11,2024Q4
O008894,C01509,2025-09-18,Debit Card,Cancelled,2025,9,September,Q3,2025-09,2025Q3
O008895,C00834,2025-01-12,Credit Card,Delivered,2025,1,January,Q1,2025-01,2025Q1
O008896,C01016,2025-09-11,Debit Card,Delivered,2025,9,September,Q3,2025-09,2025Q3
O008897,C00220,2024-02-07,Credit Card,Delivered,2024,2,February,Q1,2024-02,2024Q1
O008898,C01214,2025-10-07,Cash on Delivery,Delivered,2025,10,October,Q4,2025-10,2025Q4
O008899,C00038,2025-02-14,Cash on Delivery,Delivered,2025,2,February,Q1,2025-02,2025Q1
O008900,C00958,2024-02-16,Credit Card,Delivered,2024,2,February,Q1,2024-02,2024Q1
O008901,C00906,2025-12-10,Debit Card,Delivered,2025,12,December,Q4,2025-12,2025Q4
O008902,C01571,2025-02-01,Cash on Delivery,Delivered,2025,2,February,Q1,2025-02,2025Q1
O008903,C00180,2024-10-17,Net Banking,Delivered,2024,10,October,Q4,2024-10,2024Q4
O008904,C01126,2024-01-13,Debit Card,Delivered,2024,1,January,Q1,2024-01,2024Q1
O008905,C01983,2025-03-15,Cash on Delivery,Cancelled,2025,3,March,Q1,2025-03,2025Q1
O008906,C00952,2024-12-05,UPI,Delivered,2024,12,December,Q4,2024-12,2024Q4
O008907,C01799,2024-01-25,Debit Card,Delivered,2024,1,January,Q1,2024-01,2024Q1
O008908,C00372,2025-01-26,UPI,Delivered,2025,1,January,Q1,2025-01,2025Q1
O008909,C00413,2025-11-09,Net Banking,Cancelled,2025,11,November,Q4,2025-11,2025Q4
O008910,C01219,2025-09-12,Net Banking,Delivered,2025,9,September,Q3,2025-09,2025Q3
O008911,C00016,2024-09-11,Net Banking,Delivered,2024,9,September,Q3,2024-09,2024Q3
O008912,C00558,2025-09-05,Credit Card,Delivered,2025,9,September,Q3,2025-09,2025Q3
O008913,C00267,2025-02-22,Cash on Delivery,Cancelled,2025,2,February,Q1,2025-02,2025Q1
O008914,C01819,2025-01-17,Debit Card,Cancelled,2025,1,January,Q1,2025-01,2025Q1
O008915,C01478,2024-08-07,UPI,Delivered,2024,8,August,Q3,2024-08,2024Q3
O008916,C00576,2025-03-22,Net Banking,Delivered,2025,3,March,Q1,2025-03,2025Q1
O008917,C01517,2024-09-16,UPI,Delivered,2024,9,September,Q3,2024-09,2024Q3
O008918,C01497,2025-05-07,Net Banking,Cancelled,2025,5,May,Q2,2025-05,2025Q2
O008919,C01547,2024-02-22,Net Banking,Cancelled,2024,2,February,Q1,2024-02,2024Q1
O008920,C01811,2025-07-24,Cash on Delivery,Delivered,2025,7,July,Q3,2025-07,2025Q3
O008921,C00956,2024-02-28,UPI,Delivered,2024,2,February,Q1,2024-02,2024Q1
O008922,C01426,2025-03-15,Net Banking,Delivered,2025,3,March,Q1,2025-03,2025Q1
O008923,C01869,2024-03-12,Credit Card,Delivered,2024,3,March,Q1,2024-03,2024Q1
O008924,C01067,2025-03-09,Net Banking,Cancelled,2025,3,March,Q1,2025-03,2025Q1
O008925,C01807,2025-08-29,Cash on Delivery,Delivered,2025,8,August,Q3,2025-08,2025Q3
O008926,C01808,2024-03-28,Cash on Delivery,Cancelled,2024,3,March,Q1,2024-03,2024Q1
O008927,C00749,2025-02-17,Cash on Delivery,Cancelled,2025,2,February,Q1,2025-02,2025Q1
O008928,C01049,2024-05-02,Credit Card,Delivered,2024,5,May,Q2,2024-05,2024Q2
O008929,C01119,2025-09-12,Debit Card,Delivered,2025,9,September,Q3,2025-09,2025Q3
O008930,C01985,2025-02-02,Credit Card,Delivered,2025,2,February,Q1,2025-02,2025Q1
O008931,C01427,2025-10-19,Credit Card,Delivered,2025,10,October,Q4,2025-10,2025Q4
O008932,C01458,2025-10-23,Cash on Delivery,Delivered,2025,10,October,Q4,2025-10,2025Q4
O008933,C01322,2024-03-09,UPI,Delivered,2024,3,March,Q1,2024-03,2024Q1
O008934,C01017,2025-03-21,Cash on Delivery,Delivered,2025,3,March,Q1,2025-03,2025Q1
O008935,C01261,2025-12-17,Cash on Delivery,Cancelled,2025,12,December,Q4,2025-12,2025Q4
O008936,C01741,2024-12-29,Cash on Delivery,Delivered,2024,12,December,Q4,2024-12,2024Q4
O008937,C01602,2025-04-18,Credit Card,Delivered,2025,4,April,Q2,2025-04,2025Q2
O008938,C01401,2025-05-20,Cash on Delivery,Delivered,2025,5,May,Q2,2025-05,2025Q2
O008939,C01781,2024-05-28,Debit Card,Delivered,2024,5,May,Q2,2024-05,2024Q2
O008940,C00226,2025-08-07,UPI,Delivered,2025,8,August,Q3,2025-08,2025Q3
O008941,C00826,2024-02-26,Cash on Delivery,Delivered,2024,2,February,Q1,2024-02,2024Q1
O008942,C01524,2025-08-18,Net Banking,Delivered,2025,8,August,Q3,2025-08,2025Q3
O008943,C00790,2025-06-15,Debit Card,Delivered,2025,6,June,Q2,2025-06,2025Q2
O008944,C01340,2024-11-30,UPI,Delivered,2024,11,November,Q4,2024-11,2024Q4
O008945,C01701,2025-09-27,Credit Card,Cancelled,2025,9,September,Q3,2025-09,2025Q3
O008946,C00224,2024-08-03,Debit Card,Delivered,2024,8,August,Q3,2024-08,2024Q3
O008947,C01919,2024-12-27,Cash on Delivery,Delivered,2024,12,December,Q4,2024-12,2024Q4
O008948,C00511,2024-12-16,Credit Card,Cancelled,2024,12,December,Q4,2024-12,2024Q4
O008949,C00429,2025-11-21,Cash on Delivery,Cancelled,2025,11,November,Q4,2025-11,2025Q4
O008950,C00675,2025-11-14,Cash on Delivery,Delivered,2025,11,November,Q4,2025-11,2025Q4
O008951,C00947,2025-07-27,Cash on Delivery,Cancelled,2025,7,July,Q3,2025-07,2025Q3
O008952,C01979,2024-04-28,Credit Card,Cancelled,2024,4,April,Q2,2024-04,2024Q2
O008953,C01752,2025-05-20,Debit Card,Delivered,2025,5,May,Q2,2025-05,2025Q2
O008954,C01040,2024-09-13,Cash on Delivery,Delivered,2024,9,September,Q3,2024-09,2024Q3
O008955,C00676,2024-02-26,Credit Card,Cancelled,2024,2,February,Q1,2024-02,2024Q1
O008956,C00148,2024-05-21,Net Banking,Delivered,2024,5,May,Q2,2024-05,2024Q2
O008957,C01078,2025-05-18,Debit Card,Delivered,2025,5,May,Q2,2025-05,2025Q2
O008958,C00628,2025-03-22,Net Banking,Delivered,2025,3,March,Q1,2025-03,2025Q1
O008959,C01723,2024-09-20,Cash on Delivery,Delivered,2024,9,September,Q3,2024-09,2024Q3
O008960,C00117,2024-12-18,Net Banking,Delivered,2024,12,December,Q4,2024-12,2024Q4
O008961,C01652,2025-02-13,Net Banking,Delivered,2025,2,February,Q1,2025-02,2025Q1
O008962,C01961,2025-08-29,Net Banking,Delivered,2025,8,August,Q3,2025-08,2025Q3
O008963,C01803,2025-06-21,Net Banking,Delivered,2025,6,June,Q2,2025-06,2025Q2
O008964,C00648,2025-07-28,Debit Card,Delivered,2025,7,July,Q3,2025-07,2025Q3
O008965,C01008,2025-09-29,Cash on Delivery,Cancelled,2025,9,September,Q3,2025-09,2025Q3
O008966,C00447,2024-12-01,Credit Card,Delivered,2024,12,December,Q4,2024-12,2024Q4
O008967,C00305,2025-11-21,UPI,Cancelled,2025,11,November,Q4,2025-11,2025Q4
O008968,C00659,2024-01-17,Debit Card,Delivered,2024,1,January,Q1,2024-01,2024Q1
O008969,C00484,2024-11-07,Cash on Delivery,Delivered,2024,11,November,Q4,2024-11,2024Q4
O008970,C01192,2025-03-22,Cash on Delivery,Cancelled,2025,3,March,Q1,2025-03,2025Q1
O008971,C00697,2024-08-16,Credit Card,Cancelled,2024,8,August,Q3,2024-08,2024Q3
O008972,C00683,2024-01-05,UPI,Delivered,2024,1,January,Q1,2024-01,2024Q1
O008973,C00460,2025-04-29,UPI,Delivered,2025,4,April,Q2,2025-04,2025Q2
O008974,C01905,2025-10-05,Cash on Delivery,Delivered,2025,10,October,Q4,2025-10,2025Q4
O008975,C00646,2024-10-29,Credit Card,Delivered,2024,10,October,Q4,2024-10,2024Q4
O008976,C00940,2024-01-15,Credit Card,Delivered,2024,1,January,Q1,2024-01,2024Q1
O008977,C01423,2024-01-07,Debit Card,Delivered,2024,1,January,Q1,2024-01,2024Q1
O008978,C00584,2024-06-23,Cash on Delivery,Delivered,2024,6,June,Q2,2024-06,2024Q2
O008979,C00320,2024-09-07,Debit Card,Cancelled,2024,9,September,Q3,2024-09,2024Q3
O008980,C01414,2024-11-27,UPI,Delivered,2024,11,November,Q4,2024-11,2024Q4
O008981,C00287,2024-04-26,Cash on Delivery,Delivered,2024,4,April,Q2,2024-04,2024Q2
O008982,C00549,2024-07-20,Net Banking,Delivered,2024,7,July,Q3,2024-07,2024Q3
O008983,C00154,2025-10-26,Debit Card,Delivered,2025,10,October,Q4,2025-10,2025Q4
O008984,C01623,2024-06-22,Cash on Delivery,Delivered,2024,6,June,Q2,2024-06,2024Q2
O008985,C01815,2025-03-29,UPI,Delivered,2025,3,March,Q1,2025-03,2025Q1
O008986,C01455,2025-06-07,Credit Card,Delivered,2025,6,June,Q2,2025-06,2025Q2
O008987,C00706,2025-08-19,Net Banking,Delivered,2025,8,August,Q3,2025-08,2025Q3
O008988,C01871,2024-09-10,Credit Card,Delivered,2024,9,September,Q3,2024-09,2024Q3
O008989,C00084,2025-02-17,Net Banking,Delivered,2025,2,February,Q1,2025-02,2025Q1
O008990,C00964,2024-12-21,UPI,Delivered,2024,12,December,Q4,2024-12,2024Q4
O008991,C00857,2025-05-22,Cash on Delivery,Delivered,2025,5,May,Q2,2025-05,2025Q2
O008992,C01920,2025-05-31,Debit Card,Cancelled,2025,5,May,Q2,2025-05,2025Q2
O008993,C00562,2024-06-04,Cash on Delivery,Delivered,2024,6,June,Q2,2024-06,2024Q2
O008994,C00228,2025-08-21,Credit Card,Delivered,2025,8,August,Q3,2025-08,2025Q3
O008995,C01129,2025-09-30,Cash on Delivery,Delivered,2025,9,September,Q3,2025-09,2025Q3
O008996,C01899,2025-03-22,Net Banking,Delivered,2025,3,March,Q1,2025-03,2025Q1
O008997,C01960,2025-12-19,Credit Card,Delivered,2025,12,December,Q4,2025-12,2025Q4
O008998,C01387,2024-10-02,UPI,Delivered,2024,10,October,Q4,2024-10,2024Q4
O008999,C00666,2025-11-24,UPI,Delivered,2025,11,November,Q4,2025-11,2025Q4
O009000,C01506,2025-11-14,Net Banking,Delivered,2025,11,November,Q4,2025-11,2025Q4
O009001,C01856,2025-07-09,Credit Card,Delivered,2025,7,July,Q3,2025-07,2025Q3
O009002,C01781,2025-11-04,Credit Card,Cancelled,2025,11,November,Q4,2025-11,2025Q4
O009003,C01330,2025-03-24,UPI,Delivered,2025,3,March,Q1,2025-03,2025Q1
O009004,C00747,2024-04-28,Net Banking,Delivered,2024,4,April,Q2,2024-04,2024Q2
O009005,C00581,2024-05-26,Net Banking,Cancelled,2024,5,May,Q2,2024-05,2024Q2
O009006,C01424,2025-08-23,Credit Card,Delivered,2025,8,August,Q3,2025-08,2025Q3
O009007,C01919,2024-04-25,UPI,Delivered,2024,4,April,Q2,2024-04,2024Q2
O009008,C00664,2024-06-09,Net Banking,Delivered,2024,6,June,Q2,2024-06,2024Q2
O009009,C01190,2024-08-27,UPI,Delivered,2024,8,August,Q3,2024-08,2024Q3
O009010,C01986,2024-05-21,Net Banking,Delivered,2024,5,May,Q2,2024-05,2024Q2
O009011,C01446,2024-03-19,Debit Card,Delivered,2024,3,March,Q1,2024-03,2024Q1
O009012,C00014,2024-01-21,Debit Card,Delivered,2024,1,January,Q1,2024-01,2024Q1
O009013,C01574,2025-02-18,Cash on Delivery,Cancelled,2025,2,February,Q1,2025-02,2025Q1
O009014,C01643,2025-04-12,Debit Card,Delivered,2025,4,April,Q2,2025-04,2025Q2
O009015,C00476,2025-10-18,Credit Card,Delivered,2025,10,October,Q4,2025-10,2025Q4
O009016,C00840,2024-01-31,Net Banking,Delivered,2024,1,January,Q1,2024-01,2024Q1
O009017,C01181,2025-08-28,Cash on Delivery,Delivered,2025,8,August,Q3,2025-08,2025Q3
O009018,C00539,2024-04-08,Net Banking,Delivered,2024,4,April,Q2,2024-04,2024Q2
O009019,C00073,2025-02-23,UPI,Cancelled,2025,2,February,Q1,2025-02,2025Q1
O009020,C00365,2024-09-27,Credit Card,Delivered,2024,9,September,Q3,2024-09,2024Q3
O009021,C01159,2024-02-23,Credit Card,Delivered,2024,2,February,Q1,2024-02,2024Q1
O009022,C01942,2024-09-11,Net Banking,Cancelled,2024,9,September,Q3,2024-09,2024Q3
O009023,C00036,2025-11-07,UPI,Delivered,2025,11,November,Q4,2025-11,2025Q4
O009024,C00307,2024-09-01,UPI,Delivered,2024,9,September,Q3,2024-09,2024Q3
O009025,C00768,2025-12-22,Net Banking,Delivered,2025,12,December,Q4,2025-12,2025Q4
O009026,C00821,2024-06-27,UPI,Delivered,2024,6,June,Q2,2024-06,2024Q2
O009027,C01584,2025-05-26,Cash on Delivery,Delivered,2025,5,May,Q2,2025-05,2025Q2
O009028,C00885,2024-06-11,Debit Card,Delivered,2024,6,June,Q2,2024-06,2024Q2
O009029,C00049,2024-06-05,UPI,Delivered,2024,6,June,Q2,2024-06,2024Q2
O009030,C01389,2024-08-23,UPI,Delivered,2024,8,August,Q3,2024-08,2024Q3
O009031,C00080,2024-05-06,UPI,Cancelled,2024,5,May,Q2,2024-05,2024Q2
O009032,C01738,2024-11-25,Credit Card,Delivered,2024,11,November,Q4,2024-11,2024Q4
O009033,C00634,2024-07-29,Cash on Delivery,Delivered,2024,7,July,Q3,2024-07,2024Q3
O009034,C00937,2024-06-29,Net Banking,Cancelled,2024,6,June,Q2,2024-06,2024Q2
O009035,C00975,2025-12-28,Net Banking,Delivered,2025,12,December,Q4,2025-12,2025Q4
O009036,C00784,2025-12-15,UPI,Delivered,2025,12,December,Q4,2025-12,2025Q4
O009037,C01129,2024-06-17,Credit Card,Delivered,2024,6,June,Q2,2024-06,2024Q2
O009038,C01547,2025-08-22,Credit Card,Cancelled,2025,8,August,Q3,2025-08,2025Q3
O009039,C01505,2024-10-03,UPI,Cancelled,2024,10,October,Q4,2024-10,2024Q4
O009040,C00323,2024-01-22,Cash on Delivery,Delivered,2024,1,January,Q1,2024-01,2024Q1
O009041,C01604,2024-04-16,Cash on Delivery,Delivered,2024,4,April,Q2,2024-04,2024Q2
O009042,C00231,2025-11-12,UPI,Delivered,2025,11,November,Q4,2025-11,2025Q4
O009043,C00460,2025-11-29,UPI,Delivered,2025,11,November,Q4,2025-11,2025Q4
O009044,C00327,2024-12-07,UPI,Delivered,2024,12,December,Q4,2024-12,2024Q4
O009045,C00087,2024-04-05,UPI,Cancelled,2024,4,April,Q2,2024-04,2024Q2
O009046,C00258,2025-10-09,Net Banking,Cancelled,2025,10,October,Q4,2025-10,2025Q4
O009047,C00478,2024-10-18,Net Banking,Delivered,2024,10,October,Q4,2024-10,2024Q4
O009048,C01534,2024-01-20,Debit Card,Delivered,2024,1,January,Q1,2024-01,2024Q1
O009049,C00930,2024-12-10,UPI,Delivered,2024,12,December,Q4,2024-12,2024Q4
O009050,C00586,2025-11-04,Cash on Delivery,Cancelled,2025,11,November,Q4,2025-11,2025Q4
O009051,C00664,2025-07-31,Credit Card,Cancelled,2025,7,July,Q3,2025-07,2025Q3
O009052,C01097,2025-10-25,Net Banking,Delivered,2025,10,October,Q4,2025-10,2025Q4
O009053,C01825,2025-07-28,Cash on Delivery,Delivered,2025,7,July,Q3,2025-07,2025Q3
O009054,C00128,2024-06-11,Credit Card,Delivered,2024,6,June,Q2,2024-06,2024Q2
O009055,C00326,2024-10-22,Net Banking,Cancelled,2024,10,October,Q4,2024-10,2024Q4
O009056,C01702,2024-02-08,UPI,Delivered,2024,2,February,Q1,2024-02,2024Q1
O009057,C00343,2024-12-13,Credit Card,Cancelled,2024,12,December,Q4,2024-12,2024Q4
O009058,C01134,2024-12-06,UPI,Delivered,2024,12,December,Q4,2024-12,2024Q4
O009059,C00530,2024-11-06,Net Banking,Delivered,2024,11,November,Q4,2024-11,2024Q4
O009060,C00749,2024-06-03,Cash on Delivery,Cancelled,2024,6,June,Q2,2024-06,2024Q2
O009061,C00664,2024-06-08,UPI,Delivered,2024,6,June,Q2,2024-06,2024Q2
O009062,C01006,2025-08-21,Net Banking,Delivered,2025,8,August,Q3,2025-08,2025Q3
O009063,C01730,2024-10-22,Cash on Delivery,Delivered,2024,10,October,Q4,2024-10,2024Q4
O009064,C01677,2025-04-03,UPI,Delivered,2025,4,April,Q2,2025-04,2025Q2
O009065,C01815,2025-09-24,Cash on Delivery,Delivered,2025,9,September,Q3,2025-09,2025Q3
O009066,C00902,2024-04-06,Credit Card,Delivered,2024,4,April,Q2,2024-04,2024Q2
O009067,C01878,2024-03-13,Debit Card,Delivered,2024,3,March,Q1,2024-03,2024Q1
O009068,C00741,2024-05-16,Debit Card,Delivered,2024,5,May,Q2,2024-05,2024Q2
O009069,C01127,2025-01-28,Debit Card,Delivered,2025,1,January,Q1,2025-01,2025Q1
O009070,C00962,2025-12-10,Credit Card,Cancelled,2025,12,December,Q4,2025-12,2025Q4
O009071,C00535,2025-03-25,UPI,Delivered,2025,3,March,Q1,2025-03,2025Q1
O009072,C01660,2025-07-16,Cash on Delivery,Delivered,2025,7,July,Q3,2025-07,2025Q3
O009073,C00854,2025-02-05,Debit Card,Delivered,2025,2,February,Q1,2025-02,2025Q1
O009074,C00959,2024-04-04,Net Banking,Delivered,2024,4,April,Q2,2024-04,2024Q2
O009075,C00889,2024-05-06,UPI,Cancelled,2024,5,May,Q2,2024-05,2024Q2
O009076,C01053,2025-08-10,Debit Card,Delivered,2025,8,August,Q3,2025-08,2025Q3
O009077,C01953,2024-06-11,Credit Card,Cancelled,2024,6,June,Q2,2024-06,2024Q2
O009078,C00628,2024-04-03,UPI,Cancelled,2024,4,April,Q2,2024-04,2024Q2
O009079,C00126,2025-01-14,Cash on Delivery,Delivered,2025,1,January,Q1,2025-01,2025Q1
O009080,C01050,2025-07-29,Credit Card,Delivered,2025,7,July,Q3,2025-07,2025Q3
O009081,C01408,2025-04-14,Cash on Delivery,Delivered,2025,4,April,Q2,2025-04,2025Q2
O009082,C00527,2024-10-05,UPI,Delivered,2024,10,October,Q4,2024-10,2024Q4
O009083,C00055,2025-08-05,UPI,Delivered,2025,8,August,Q3,2025-08,2025Q3
O009084,C00402,2024-09-03,Cash on Delivery,Delivered,2024,9,September,Q3,2024-09,2024Q3
O009085,C01322,2024-11-18,Credit Card,Delivered,2024,11,November,Q4,2024-11,2024Q4
O009086,C00069,2024-05-28,Credit Card,Delivered,2024,5,May,Q2,2024-05,2024Q2
O009087,C01112,2024-06-12,Cash on Delivery,Delivered,2024,6,June,Q2,2024-06,2024Q2
O009088,C01628,2024-03-11,Credit Card,Delivered,2024,3,March,Q1,2024-03,2024Q1
O009089,C01414,2025-09-13,Net Banking,Delivered,2025,9,September,Q3,2025-09,2025Q3
O009090,C00626,2025-01-28,Net Banking,Cancelled,2025,1,January,Q1,2025-01,2025Q1
O009091,C01717,2024-10-06,Credit Card,Delivered,2024,10,October,Q4,2024-10,2024Q4
O009092,C00296,2025-01-06,Debit Card,Cancelled,2025,1,January,Q1,2025-01,2025Q1
O009093,C00391,2024-07-17,Cash on Delivery,Delivered,2024,7,July,Q3,2024-07,2024Q3
O009094,C01559,2025-01-30,Debit Card,Delivered,2025,1,January,Q1,2025-01,2025Q1
O009095,C01141,2024-03-27,Net Banking,Delivered,2024,3,March,Q1,2024-03,2024Q1
O009096,C00765,2024-12-20,Debit Card,Delivered,2024,12,December,Q4,2024-12,2024Q4
O009097,C01718,2024-01-13,Net Banking,Delivered,2024,1,January,Q1,2024-01,2024Q1
O009098,C00174,2024-01-06,Cash on Delivery,Cancelled,2024,1,January,Q1,2024-01,2024Q1
O009099,C00176,2024-10-22,Cash on Delivery,Cancelled,2024,10,October,Q4,2024-10,2024Q4
O009100,C01395,2025-09-16,Debit Card,Cancelled,2025,9,September,Q3,2025-09,2025Q3
O009101,C00041,2024-11-22,Credit Card,Delivered,2024,11,November,Q4,2024-11,2024Q4
O009102,C01907,2024-11-06,UPI,Delivered,2024,11,November,Q4,2024-11,2024Q4
O009103,C00003,2025-10-28,Debit Card,Delivered,2025,10,October,Q4,2025-10,2025Q4
O009104,C00996,2024-03-18,UPI,Delivered,2024,3,March,Q1,2024-03,2024Q1
O009105,C00350,2024-10-02,UPI,Delivered,2024,10,October,Q4,2024-10,2024Q4
O009106,C01329,2024-10-06,UPI,Delivered,2024,10,October,Q4,2024-10,2024Q4
O009107,C00966,2024-08-28,Debit Card,Delivered,2024,8,August,Q3,2024-08,2024Q3
O009108,C00584,2025-10-11,Credit Card,Delivered,2025,10,October,Q4,2025-10,2025Q4
O009109,C00870,2024-02-20,Cash on Delivery,Cancelled,2024,2,February,Q1,2024-02,2024Q1
O009110,C00764,2024-12-03,Cash on Delivery,Cancelled,2024,12,December,Q4,2024-12,2024Q4
O009111,C00777,2025-10-20,Net Banking,Delivered,2025,10,October,Q4,2025-10,2025Q4
O009112,C01328,2025-05-21,Cash on Delivery,Delivered,2025,5,May,Q2,2025-05,2025Q2
O009113,C00171,2024-08-21,UPI,Delivered,2024,8,August,Q3,2024-08,2024Q3
O009114,C01996,2024-06-27,UPI,Delivered,2024,6,June,Q2,2024-06,2024Q2
O009115,C01898,2025-06-28,Net Banking,Delivered,2025,6,June,Q2,2025-06,2025Q2
O009116,C00105,2024-03-06,Net Banking,Delivered,2024,3,March,Q1,2024-03,2024Q1
O009117,C01670,2025-05-20,UPI,Cancelled,2025,5,May,Q2,2025-05,2025Q2
O009118,C01510,2025-05-14,Debit Card,Delivered,2025,5,May,Q2,2025-05,2025Q2
O009119,C01488,2025-09-21,UPI,Delivered,2025,9,September,Q3,2025-09,2025Q3
O009120,C00099,2024-10-29,Credit Card,Delivered,2024,10,October,Q4,2024-10,2024Q4
O009121,C01363,2025-11-11,Debit Card,Cancelled,2025,11,November,Q4,2025-11,2025Q4
O009122,C00970,2025-01-01,Credit Card,Delivered,2025,1,January,Q1,2025-01,2025Q1
O009123,C01441,2024-01-13,Cash on Delivery,Delivered,2024,1,January,Q1,2024-01,2024Q1
O009124,C00068,2024-08-01,UPI,Delivered,2024,8,August,Q3,2024-08,2024Q3
O009125,C01270,2025-07-20,Net Banking,Delivered,2025,7,July,Q3,2025-07,2025Q3
O009126,C01853,2025-05-17,Cash on Delivery,Cancelled,2025,5,May,Q2,2025-05,2025Q2
O009127,C00970,2025-11-27,Debit Card,Delivered,2025,11,November,Q4,2025-11,2025Q4
O009128,C01382,2024-09-08,Debit Card,Delivered,2024,9,September,Q3,2024-09,2024Q3
O009129,C01778,2024-02-05,Debit Card,Delivered,2024,2,February,Q1,2024-02,2024Q1
O009130,C01219,2024-04-19,Net Banking,Delivered,2024,4,April,Q2,2024-04,2024Q2
O009131,C00522,2025-10-20,Cash on Delivery,Delivered,2025,10,October,Q4,2025-10,2025Q4
O009132,C00710,2024-07-12,Credit Card,Delivered,2024,7,July,Q3,2024-07,2024Q3
O009133,C01359,2024-05-17,Cash on Delivery,Delivered,2024,5,May,Q2,2024-05,2024Q2
O009134,C01371,2025-03-14,Credit Card,Delivered,2025,3,March,Q1,2025-03,2025Q1
O009135,C00577,2024-01-08,UPI,Delivered,2024,1,January,Q1,2024-01,2024Q1
O009136,C00583,2024-04-09,UPI,Delivered,2024,4,April,Q2,2024-04,2024Q2
O009137,C01595,2025-02-06,Cash on Delivery,Delivered,2025,2,February,Q1,2025-02,2025Q1
O009138,C00598,2024-04-30,UPI,Delivered,2024,4,April,Q2,2024-04,2024Q2
O009139,C00191,2024-04-18,Cash on Delivery,Delivered,2024,4,April,Q2,2024-04,2024Q2
O009140,C00489,2025-06-23,Credit Card,Cancelled,2025,6,June,Q2,2025-06,2025Q2
O009141,C01572,2024-12-30,UPI,Delivered,2024,12,December,Q4,2024-12,2024Q4
O009142,C01617,2025-08-15,Credit Card,Delivered,2025,8,August,Q3,2025-08,2025Q3
O009143,C01519,2024-01-31,Cash on Delivery,Cancelled,2024,1,January,Q1,2024-01,2024Q1
O009144,C00917,2024-02-17,Credit Card,Delivered,2024,2,February,Q1,2024-02,2024Q1
O009145,C01523,2025-04-08,Net Banking,Delivered,2025,4,April,Q2,2025-04,2025Q2
O009146,C01716,2025-09-15,Credit Card,Delivered,2025,9,September,Q3,2025-09,2025Q3
O009147,C01017,2024-06-11,UPI,Delivered,2024,6,June,Q2,2024-06,2024Q2
O009148,C00617,2025-11-03,Cash on Delivery,Delivered,2025,11,November,Q4,2025-11,2025Q4
O009149,C01639,2025-07-28,Credit Card,Delivered,2025,7,July,Q3,2025-07,2025Q3
O009150,C01261,2025-05-28,Net Banking,Cancelled,2025,5,May,Q2,2025-05,2025Q2
O009151,C01043,2024-08-15,UPI,Delivered,2024,8,August,Q3,2024-08,2024Q3
O009152,C01205,2024-10-15,Net Banking,Cancelled,2024,10,October,Q4,2024-10,2024Q4
O009153,C00120,2025-04-24,Credit Card,Delivered,2025,4,April,Q2,2025-04,2025Q2
O009154,C01031,2024-11-18,Credit Card,Delivered,2024,11,November,Q4,2024-11,2024Q4
O009155,C01505,2025-10-01,UPI,Delivered,2025,10,October,Q4,2025-10,2025Q4
O009156,C00910,2024-05-02,UPI,Delivered,2024,5,May,Q2,2024-05,2024Q2
O009157,C00055,2024-11-21,Cash on Delivery,Cancelled,2024,11,November,Q4,2024-11,2024Q4
O009158,C01183,2024-05-13,Debit Card,Delivered,2024,5,May,Q2,2024-05,2024Q2
O009159,C00375,2024-05-15,Credit Card,Delivered,2024,5,May,Q2,2024-05,2024Q2
O009160,C00650,2025-12-28,UPI,Delivered,2025,12,December,Q4,2025-12,2025Q4
O009161,C01509,2025-02-06,Cash on Delivery,Delivered,2025,2,February,Q1,2025-02,2025Q1
O009162,C00200,2024-04-27,Net Banking,Delivered,2024,4,April,Q2,2024-04,2024Q2
O009163,C01417,2025-07-30,Cash on Delivery,Cancelled,2025,7,July,Q3,2025-07,2025Q3
O009164,C00762,2025-09-20,UPI,Cancelled,2025,9,September,Q3,2025-09,2025Q3
O009165,C00513,2025-09-21,Net Banking,Delivered,2025,9,September,Q3,2025-09,2025Q3
O009166,C01838,2025-06-03,Debit Card,Cancelled,2025,6,June,Q2,2025-06,2025Q2
O009167,C01369,2024-05-21,Debit Card,Cancelled,2024,5,May,Q2,2024-05,2024Q2
O009168,C00456,2024-10-10,Credit Card,Delivered,2024,10,October,Q4,2024-10,2024Q4
O009169,C00498,2025-11-13,Debit Card,Cancelled,2025,11,November,Q4,2025-11,2025Q4
O009170,C00844,2025-12-19,UPI,Cancelled,2025,12,December,Q4,2025-12,2025Q4
O009171,C01364,2024-03-25,Credit Card,Delivered,2024,3,March,Q1,2024-03,2024Q1
O009172,C01482,2025-09-02,Credit Card,Delivered,2025,9,September,Q3,2025-09,2025Q3
O009173,C01420,2024-05-06,Cash on Delivery,Cancelled,2024,5,May,Q2,2024-05,2024Q2
O009174,C00018,2024-01-24,UPI,Delivered,2024,1,January,Q1,2024-01,2024Q1
O009175,C00303,2025-01-21,Net Banking,Delivered,2025,1,January,Q1,2025-01,2025Q1
O009176,C00318,2024-06-07,Credit Card,Delivered,2024,6,June,Q2,2024-06,2024Q2
O009177,C01358,2024-08-25,Cash on Delivery,Delivered,2024,8,August,Q3,2024-08,2024Q3
O009178,C00686,2024-11-09,Debit Card,Delivered,2024,11,November,Q4,2024-11,2024Q4
O009179,C01120,2025-04-30,Cash on Delivery,Cancelled,2025,4,April,Q2,2025-04,2025Q2
O009180,C01059,2024-10-16,Net Banking,Cancelled,2024,10,October,Q4,2024-10,2024Q4
O009181,C01771,2025-12-07,UPI,Cancelled,2025,12,December,Q4,2025-12,2025Q4
O009182,C00289,2025-10-15,UPI,Delivered,2025,10,October,Q4,2025-10,2025Q4
O009183,C00964,2024-07-24,Cash on Delivery,Delivered,2024,7,July,Q3,2024-07,2024Q3
O009184,C01247,2025-04-28,Cash on Delivery,Delivered,2025,4,April,Q2,2025-04,2025Q2
O009185,C00916,2024-09-06,Debit Card,Delivered,2024,9,September,Q3,2024-09,2024Q3
O009186,C00011,2024-01-23,Debit Card,Delivered,2024,1,January,Q1,2024-01,2024Q1
O009187,C01196,2025-08-31,Credit Card,Delivered,2025,8,August,Q3,2025-08,2025Q3
O009188,C01963,2024-01-21,UPI,Cancelled,2024,1,January,Q1,2024-01,2024Q1
O009189,C01882,2024-09-14,Debit Card,Delivered,2024,9,September,Q3,2024-09,2024Q3
O009190,C01627,2024-01-23,Credit Card,Delivered,2024,1,January,Q1,2024-01,2024Q1
O009191,C00538,2025-11-21,Credit Card,Delivered,2025,11,November,Q4,2025-11,2025Q4
O009192,C00376,2024-12-31,Debit Card,Cancelled,2024,12,December,Q4,2024-12,2024Q4
O009193,C00098,2024-01-27,Cash on Delivery,Delivered,2024,1,January,Q1,2024-01,2024Q1
O009194,C01640,2025-07-24,UPI,Delivered,2025,7,July,Q3,2025-07,2025Q3
O009195,C00868,2025-11-08,Credit Card,Delivered,2025,11,November,Q4,2025-11,2025Q4
O009196,C01270,2024-04-22,Cash on Delivery,Cancelled,2024,4,April,Q2,2024-04,2024Q2
O009197,C01330,2025-12-10,Net Banking,Cancelled,2025,12,December,Q4,2025-12,2025Q4
O009198,C01110,2024-11-12,Credit Card,Delivered,2024,11,November,Q4,2024-11,2024Q4
O009199,C00678,2024-02-06,UPI,Delivered,2024,2,February,Q1,2024-02,2024Q1
O009200,C01051,2025-02-23,Debit Card,Delivered,2025,2,February,Q1,2025-02,2025Q1
O009201,C01554,2024-10-19,Debit Card,Delivered,2024,10,October,Q4,2024-10,2024Q4
O009202,C00483,2025-08-15,Debit Card,Delivered,2025,8,August,Q3,2025-08,2025Q3
O009203,C00237,2025-04-09,Cash on Delivery,Delivered,2025,4,April,Q2,2025-04,2025Q2
O009204,C01479,2025-07-15,Cash on Delivery,Delivered,2025,7,July,Q3,2025-07,2025Q3
O009205,C00852,2025-02-11,UPI,Delivered,2025,2,February,Q1,2025-02,2025Q1
O009206,C01972,2024-05-11,Debit Card,Delivered,2024,5,May,Q2,2024-05,2024Q2
O009207,C01425,2024-05-02,Debit Card,Delivered,2024,5,May,Q2,2024-05,2024Q2
O009208,C01431,2024-03-18,Debit Card,Delivered,2024,3,March,Q1,2024-03,2024Q1
O009209,C00772,2024-01-12,Cash on Delivery,Cancelled,2024,1,January,Q1,2024-01,2024Q1
O009210,C01235,2024-09-27,UPI,Delivered,2024,9,September,Q3,2024-09,2024Q3
O009211,C00314,2025-11-27,Debit Card,Cancelled,2025,11,November,Q4,2025-11,2025Q4
O009212,C00587,2024-06-21,Debit Card,Delivered,2024,6,June,Q2,2024-06,2024Q2
O009213,C01238,2024-03-12,Credit Card,Delivered,2024,3,March,Q1,2024-03,2024Q1
O009214,C01473,2024-11-22,Debit Card,Delivered,2024,11,November,Q4,2024-11,2024Q4
O009215,C00244,2024-02-21,Net Banking,Delivered,2024,2,February,Q1,2024-02,2024Q1
O009216,C00738,2024-03-28,Credit Card,Delivered,2024,3,March,Q1,2024-03,2024Q1
O009217,C00279,2025-01-04,Credit Card,Delivered,2025,1,January,Q1,2025-01,2025Q1
O009218,C01778,2024-12-26,Cash on Delivery,Delivered,2024,12,December,Q4,2024-12,2024Q4
O009219,C00058,2024-11-18,Net Banking,Delivered,2024,11,November,Q4,2024-11,2024Q4
O009220,C01257,2025-10-26,Debit Card,Cancelled,2025,10,October,Q4,2025-10,2025Q4
O009221,C00062,2025-11-28,Net Banking,Delivered,2025,11,November,Q4,2025-11,2025Q4
O009222,C00210,2025-02-20,Credit Card,Delivered,2025,2,February,Q1,2025-02,2025Q1
O009223,C01448,2024-12-08,UPI,Delivered,2024,12,December,Q4,2024-12,2024Q4
O009224,C00495,2024-04-14,UPI,Delivered,2024,4,April,Q2,2024-04,2024Q2
O009225,C01715,2025-10-27,Net Banking,Delivered,2025,10,October,Q4,2025-10,2025Q4
O009226,C01656,2025-04-13,Net Banking,Delivered,2025,4,April,Q2,2025-04,2025Q2
O009227,C00139,2025-09-20,Credit Card,Delivered,2025,9,September,Q3,2025-09,2025Q3
O009228,C00583,2025-05-09,Debit Card,Delivered,2025,5,May,Q2,2025-05,2025Q2
O009229,C01787,2024-01-01,Debit Card,Delivered,2024,1,January,Q1,2024-01,2024Q1
O009230,C00386,2024-08-29,UPI,Delivered,2024,8,August,Q3,2024-08,2024Q3
O009231,C00267,2025-01-04,UPI,Delivered,2025,1,January,Q1,2025-01,2025Q1
O009232,C01114,2024-12-30,Debit Card,Delivered,2024,12,December,Q4,2024-12,2024Q4
O009233,C01116,2025-11-29,Credit Card,Cancelled,2025,11,November,Q4,2025-11,2025Q4
O009234,C01852,2025-12-02,Net Banking,Cancelled,2025,12,December,Q4,2025-12,2025Q4
O009235,C01553,2024-07-18,Debit Card,Delivered,2024,7,July,Q3,2024-07,2024Q3
O009236,C00853,2024-04-09,UPI,Delivered,2024,4,April,Q2,2024-04,2024Q2
O009237,C01428,2024-09-07,Debit Card,Delivered,2024,9,September,Q3,2024-09,2024Q3
O009238,C01276,2025-05-24,Cash on Delivery,Delivered,2025,5,May,Q2,2025-05,2025Q2
O009239,C01052,2025-02-23,Net Banking,Delivered,2025,2,February,Q1,2025-02,2025Q1
O009240,C00475,2024-10-10,Debit Card,Delivered,2024,10,October,Q4,2024-10,2024Q4
O009241,C00668,2025-04-21,Debit Card,Delivered,2025,4,April,Q2,2025-04,2025Q2
O009242,C01071,2025-06-03,Net Banking,Delivered,2025,6,June,Q2,2025-06,2025Q2
O009243,C01288,2025-07-10,Cash on Delivery,Cancelled,2025,7,July,Q3,2025-07,2025Q3
O009244,C00361,2024-03-15,UPI,Delivered,2024,3,March,Q1,2024-03,2024Q1
O009245,C01922,2025-01-06,Credit Card,Cancelled,2025,1,January,Q1,2025-01,2025Q1
O009246,C01444,2025-01-17,Cash on Delivery,Delivered,2025,1,January,Q1,2025-01,2025Q1
O009247,C00887,2025-08-04,Cash on Delivery,Delivered,2025,8,August,Q3,2025-08,2025Q3
O009248,C01867,2025-10-07,Cash on Delivery,Cancelled,2025,10,October,Q4,2025-10,2025Q4
O009249,C00559,2025-10-23,Credit Card,Cancelled,2025,10,October,Q4,2025-10,2025Q4
O009250,C01078,2025-03-19,Debit Card,Delivered,2025,3,March,Q1,2025-03,2025Q1
O009251,C01100,2024-06-01,Cash on Delivery,Delivered,2024,6,June,Q2,2024-06,2024Q2
O009252,C01419,2024-04-07,Cash on Delivery,Delivered,2024,4,April,Q2,2024-04,2024Q2
O009253,C00920,2024-06-19,Cash on Delivery,Delivered,2024,6,June,Q2,2024-06,2024Q2
O009254,C00316,2025-02-03,UPI,Delivered,2025,2,February,Q1,2025-02,2025Q1
O009255,C00163,2024-04-10,Credit Card,Delivered,2024,4,April,Q2,2024-04,2024Q2
O009256,C01669,2025-09-17,Cash on Delivery,Cancelled,2025,9,September,Q3,2025-09,2025Q3
O009257,C01138,2024-04-20,Net Banking,Delivered,2024,4,April,Q2,2024-04,2024Q2
O009258,C01624,2024-06-24,Credit Card,Delivered,2024,6,June,Q2,2024-06,2024Q2
O009259,C01528,2025-05-27,UPI,Delivered,2025,5,May,Q2,2025-05,2025Q2
O009260,C00426,2024-03-04,Net Banking,Delivered,2024,3,March,Q1,2024-03,2024Q1
O009261,C01072,2025-07-31,Net Banking,Delivered,2025,7,July,Q3,2025-07,2025Q3
O009262,C00260,2024-03-14,Net Banking,Delivered,2024,3,March,Q1,2024-03,2024Q1
O009263,C01117,2025-07-11,Credit Card,Delivered,2025,7,July,Q3,2025-07,2025Q3
O009264,C01935,2024-11-09,Cash on Delivery,Delivered,2024,11,November,Q4,2024-11,2024Q4
O009265,C00382,2024-08-07,Net Banking,Delivered,2024,8,August,Q3,2024-08,2024Q3
O009266,C01084,2025-11-19,Credit Card,Delivered,2025,11,November,Q4,2025-11,2025Q4
O009267,C00060,2025-04-22,Cash on Delivery,Delivered,2025,4,April,Q2,2025-04,2025Q2
O009268,C00013,2024-03-22,Cash on Delivery,Delivered,2024,3,March,Q1,2024-03,2024Q1
O009269,C00920,2024-07-13,Debit Card,Delivered,2024,7,July,Q3,2024-07,2024Q3
O009270,C00897,2024-06-24,UPI,Delivered,2024,6,June,Q2,2024-06,2024Q2
O009271,C00833,2024-07-13,UPI,Cancelled,2024,7,July,Q3,2024-07,2024Q3
O009272,C00467,2024-05-23,Net Banking,Delivered,2024,5,May,Q2,2024-05,2024Q2
O009273,C01307,2025-07-21,Debit Card,Delivered,2025,7,July,Q3,2025-07,2025Q3
O009274,C00984,2025-05-27,Credit Card,Delivered,2025,5,May,Q2,2025-05,2025Q2
O009275,C00356,2024-08-21,UPI,Delivered,2024,8,August,Q3,2024-08,2024Q3
O009276,C01759,2024-09-12,Net Banking,Delivered,2024,9,September,Q3,2024-09,2024Q3
O009277,C01320,2025-07-05,UPI,Delivered,2025,7,July,Q3,2025-07,2025Q3
O009278,C00522,2024-12-24,UPI,Delivered,2024,12,December,Q4,2024-12,2024Q4
O009279,C01087,2025-06-03,Credit Card,Cancelled,2025,6,June,Q2,2025-06,2025Q2
O009280,C00963,2025-04-03,Credit Card,Delivered,2025,4,April,Q2,2025-04,2025Q2
O009281,C01929,2025-02-07,Credit Card,Delivered,2025,2,February,Q1,2025-02,2025Q1
O009282,C00452,2025-02-05,Cash on Delivery,Delivered,2025,2,February,Q1,2025-02,2025Q1
O009283,C00349,2025-03-24,Debit Card,Delivered,2025,3,March,Q1,2025-03,2025Q1
O009284,C01890,2025-11-17,UPI,Delivered,2025,11,November,Q4,2025-11,2025Q4
O009285,C01453,2024-07-26,UPI,Delivered,2024,7,July,Q3,2024-07,2024Q3
O009286,C00086,2025-08-13,Cash on Delivery,Delivered,2025,8,August,Q3,2025-08,2025Q3
O009287,C00679,2025-11-29,Credit Card,Delivered,2025,11,November,Q4,2025-11,2025Q4
O009288,C01861,2024-04-12,Net Banking,Cancelled,2024,4,April,Q2,2024-04,2024Q2
O009289,C01237,2024-09-11,Credit Card,Cancelled,2024,9,September,Q3,2024-09,2024Q3
O009290,C01630,2024-11-23,Net Banking,Delivered,2024,11,November,Q4,2024-11,2024Q4
O009291,C01330,2024-10-18,UPI,Delivered,2024,10,October,Q4,2024-10,2024Q4
O009292,C00213,2025-05-28,Credit Card,Cancelled,2025,5,May,Q2,2025-05,2025Q2
O009293,C01101,2024-04-22,Cash on Delivery,Delivered,2024,4,April,Q2,2024-04,2024Q2
O009294,C00737,2025-03-26,Cash on Delivery,Delivered,2025,3,March,Q1,2025-03,2025Q1
O009295,C01306,2025-07-25,Debit Card,Delivered,2025,7,July,Q3,2025-07,2025Q3
O009296,C01781,2025-12-26,Net Banking,Delivered,2025,12,December,Q4,2025-12,2025Q4
O009297,C01081,2025-10-22,Net Banking,Delivered,2025,10,October,Q4,2025-10,2025Q4
O009298,C00779,2024-01-27,Cash on Delivery,Delivered,2024,1,January,Q1,2024-01,2024Q1
O009299,C00609,2025-08-03,Debit Card,Cancelled,2025,8,August,Q3,2025-08,2025Q3
O009300,C01375,2025-12-04,Debit Card,Delivered,2025,12,December,Q4,2025-12,2025Q4
O009301,C01023,2025-09-13,Credit Card,Delivered,2025,9,September,Q3,2025-09,2025Q3
O009302,C00384,2024-10-26,Debit Card,Cancelled,2024,10,October,Q4,2024-10,2024Q4
O009303,C01737,2025-05-05,UPI,Delivered,2025,5,May,Q2,2025-05,2025Q2
O009304,C00581,2024-02-07,Cash on Delivery,Cancelled,2024,2,February,Q1,2024-02,2024Q1
O009305,C00677,2025-09-08,Credit Card,Delivered,2025,9,September,Q3,2025-09,2025Q3
O009306,C01881,2024-06-02,Net Banking,Delivered,2024,6,June,Q2,2024-06,2024Q2
O009307,C00022,2024-05-21,Net Banking,Delivered,2024,5,May,Q2,2024-05,2024Q2
O009308,C00490,2024-01-12,Net Banking,Delivered,2024,1,January,Q1,2024-01,2024Q1
O009309,C01926,2024-04-21,Credit Card,Cancelled,2024,4,April,Q2,2024-04,2024Q2
O009310,C01388,2025-05-07,Debit Card,Delivered,2025,5,May,Q2,2025-05,2025Q2
O009311,C00864,2024-01-27,Debit Card,Delivered,2024,1,January,Q1,2024-01,2024Q1
O009312,C01000,2025-10-10,Net Banking,Delivered,2025,10,October,Q4,2025-10,2025Q4
O009313,C01303,2025-09-09,Cash on Delivery,Cancelled,2025,9,September,Q3,2025-09,2025Q3
O009314,C00662,2024-07-03,Credit Card,Delivered,2024,7,July,Q3,2024-07,2024Q3
O009315,C00175,2024-05-05,UPI,Delivered,2024,5,May,Q2,2024-05,2024Q2
O009316,C00462,2024-11-04,Net Banking,Delivered,2024,11,November,Q4,2024-11,2024Q4
O009317,C01180,2024-09-07,Credit Card,Delivered,2024,9,September,Q3,2024-09,2024Q3
O009318,C00495,2024-01-10,Cash on Delivery,Cancelled,2024,1,January,Q1,2024-01,2024Q1
O009319,C01022,2025-03-20,UPI,Delivered,2025,3,March,Q1,2025-03,2025Q1
O009320,C00295,2025-01-08,Credit Card,Delivered,2025,1,January,Q1,2025-01,2025Q1
O009321,C00729,2025-01-10,Credit Card,Cancelled,2025,1,January,Q1,2025-01,2025Q1
O009322,C00110,2025-10-28,Debit Card,Cancelled,2025,10,October,Q4,2025-10,2025Q4
O009323,C01588,2024-09-24,UPI,Delivered,2024,9,September,Q3,2024-09,2024Q3
O009324,C01108,2024-05-25,Net Banking,Delivered,2024,5,May,Q2,2024-05,2024Q2
O009325,C00750,2025-05-03,Net Banking,Delivered,2025,5,May,Q2,2025-05,2025Q2
O009326,C00937,2025-11-06,Debit Card,Delivered,2025,11,November,Q4,2025-11,2025Q4
O009327,C00668,2025-09-26,Net Banking,Delivered,2025,9,September,Q3,2025-09,2025Q3
O009328,C00044,2025-03-24,Credit Card,Delivered,2025,3,March,Q1,2025-03,2025Q1
O009329,C01006,2024-11-11,Credit Card,Cancelled,2024,11,November,Q4,2024-11,2024Q4
O009330,C01571,2024-12-17,Debit Card,Delivered,2024,12,December,Q4,2024-12,2024Q4
O009331,C01897,2024-06-15,Net Banking,Delivered,2024,6,June,Q2,2024-06,2024Q2
O009332,C01246,2024-12-18,Credit Card,Cancelled,2024,12,December,Q4,2024-12,2024Q4
O009333,C00754,2025-04-27,Net Banking,Cancelled,2025,4,April,Q2,2025-04,2025Q2
O009334,C01368,2024-07-23,Debit Card,Delivered,2024,7,July,Q3,2024-07,2024Q3
O009335,C01968,2025-02-27,Net Banking,Delivered,2025,2,February,Q1,2025-02,2025Q1
O009336,C01164,2024-12-07,Debit Card,Cancelled,2024,12,December,Q4,2024-12,2024Q4
O009337,C01168,2024-04-01,Debit Card,Delivered,2024,4,April,Q2,2024-04,2024Q2
O009338,C00053,2025-08-01,Debit Card,Delivered,2025,8,August,Q3,2025-08,2025Q3
O009339,C01837,2024-08-04,Credit Card,Delivered,2024,8,August,Q3,2024-08,2024Q3
O009340,C00275,2025-05-24,Cash on Delivery,Delivered,2025,5,May,Q2,2025-05,2025Q2
O009341,C00908,2025-08-19,UPI,Cancelled,2025,8,August,Q3,2025-08,2025Q3
O009342,C00747,2025-02-03,Debit Card,Delivered,2025,2,February,Q1,2025-02,2025Q1
O009343,C01146,2025-12-18,Credit Card,Cancelled,2025,12,December,Q4,2025-12,2025Q4
O009344,C00707,2024-09-19,Cash on Delivery,Delivered,2024,9,September,Q3,2024-09,2024Q3
O009345,C00269,2024-09-18,Debit Card,Delivered,2024,9,September,Q3,2024-09,2024Q3
O009346,C00294,2025-11-24,Cash on Delivery,Delivered,2025,11,November,Q4,2025-11,2025Q4
O009347,C01931,2024-05-24,Debit Card,Cancelled,2024,5,May,Q2,2024-05,2024Q2
O009348,C01322,2024-07-17,Cash on Delivery,Delivered,2024,7,July,Q3,2024-07,2024Q3
O009349,C01587,2024-09-21,UPI,Delivered,2024,9,September,Q3,2024-09,2024Q3
O009350,C01332,2025-09-18,UPI,Delivered,2025,9,September,Q3,2025-09,2025Q3
O009351,C01250,2025-11-08,Credit Card,Delivered,2025,11,November,Q4,2025-11,2025Q4
O009352,C00614,2025-01-13,Cash on Delivery,Delivered,2025,1,January,Q1,2025-01,2025Q1
O009353,C01007,2025-08-22,Debit Card,Delivered,2025,8,August,Q3,2025-08,2025Q3
O009354,C00655,2025-03-02,Credit Card,Delivered,2025,3,March,Q1,2025-03,2025Q1
O009355,C01647,2024-12-20,Credit Card,Delivered,2024,12,December,Q4,2024-12,2024Q4
O009356,C00970,2025-05-30,Net Banking,Cancelled,2025,5,May,Q2,2025-05,2025Q2
O009357,C01806,2024-03-15,Credit Card,Delivered,2024,3,March,Q1,2024-03,2024Q1
O009358,C00053,2025-06-02,Cash on Delivery,Cancelled,2025,6,June,Q2,2025-06,2025Q2
O009359,C00290,2025-10-27,Credit Card,Delivered,2025,10,October,Q4,2025-10,2025Q4
O009360,C00387,2024-09-22,Cash on Delivery,Delivered,2024,9,September,Q3,2024-09,2024Q3
O009361,C01400,2025-08-15,Credit Card,Delivered,2025,8,August,Q3,2025-08,2025Q3
O009362,C01482,2025-02-07,UPI,Delivered,2025,2,February,Q1,2025-02,2025Q1
O009363,C01512,2024-07-23,Cash on Delivery,Delivered,2024,7,July,Q3,2024-07,2024Q3
O009364,C00020,2024-02-19,Cash on Delivery,Delivered,2024,2,February,Q1,2024-02,2024Q1
O009365,C01194,2025-08-30,Credit Card,Delivered,2025,8,August,Q3,2025-08,2025Q3
O009366,C00479,2024-10-10,Debit Card,Delivered,2024,10,October,Q4,2024-10,2024Q4
O009367,C01180,2024-11-27,Credit Card,Delivered,2024,11,November,Q4,2024-11,2024Q4
O009368,C01633,2025-05-13,Cash on Delivery,Cancelled,2025,5,May,Q2,2025-05,2025Q2
O009369,C01846,2024-01-20,UPI,Delivered,2024,1,January,Q1,2024-01,2024Q1
O009370,C01472,2025-02-26,Net Banking,Delivered,2025,2,February,Q1,2025-02,2025Q1
O009371,C00725,2024-04-08,Net Banking,Cancelled,2024,4,April,Q2,2024-04,2024Q2
O009372,C00650,2024-03-14,Credit Card,Delivered,2024,3,March,Q1,2024-03,2024Q1
O009373,C01449,2024-06-25,UPI,Delivered,2024,6,June,Q2,2024-06,2024Q2
O009374,C01245,2024-12-21,Cash on Delivery,Delivered,2024,12,December,Q4,2024-12,2024Q4
O009375,C00280,2025-10-06,Credit Card,Delivered,2025,10,October,Q4,2025-10,2025Q4
O009376,C00666,2024-03-27,Debit Card,Delivered,2024,3,March,Q1,2024-03,2024Q1
O009377,C00017,2024-04-03,UPI,Cancelled,2024,4,April,Q2,2024-04,2024Q2
O009378,C01844,2025-03-03,Cash on Delivery,Delivered,2025,3,March,Q1,2025-03,2025Q1
O009379,C01956,2025-07-07,Cash on Delivery,Delivered,2025,7,July,Q3,2025-07,2025Q3
O009380,C00418,2024-08-17,Cash on Delivery,Delivered,2024,8,August,Q3,2024-08,2024Q3
O009381,C00537,2024-04-08,Cash on Delivery,Delivered,2024,4,April,Q2,2024-04,2024Q2
O009382,C00969,2025-11-09,UPI,Delivered,2025,11,November,Q4,2025-11,2025Q4
O009383,C01231,2024-09-27,Cash on Delivery,Delivered,2024,9,September,Q3,2024-09,2024Q3
O009384,C01418,2024-08-26,UPI,Delivered,2024,8,August,Q3,2024-08,2024Q3
O009385,C00876,2024-12-17,Debit Card,Delivered,2024,12,December,Q4,2024-12,2024Q4
O009386,C00381,2024-12-04,Credit Card,Delivered,2024,12,December,Q4,2024-12,2024Q4
O009387,C01679,2025-03-05,Credit Card,Delivered,2025,3,March,Q1,2025-03,2025Q1
O009388,C01573,2025-12-30,UPI,Delivered,2025,12,December,Q4,2025-12,2025Q4
O009389,C01584,2024-03-05,Credit Card,Cancelled,2024,3,March,Q1,2024-03,2024Q1
O009390,C00177,2025-11-04,Credit Card,Cancelled,2025,11,November,Q4,2025-11,2025Q4
O009391,C00172,2025-01-27,Credit Card,Delivered,2025,1,January,Q1,2025-01,2025Q1
O009392,C00189,2024-05-21,UPI,Delivered,2024,5,May,Q2,2024-05,2024Q2
O009393,C01148,2024-11-04,UPI,Delivered,2024,11,November,Q4,2024-11,2024Q4
O009394,C01266,2025-09-28,Credit Card,Cancelled,2025,9,September,Q3,2025-09,2025Q3
O009395,C00104,2025-11-18,Credit Card,Cancelled,2025,11,November,Q4,2025-11,2025Q4
O009396,C01457,2025-01-31,UPI,Delivered,2025,1,January,Q1,2025-01,2025Q1
O009397,C01388,2024-05-31,Net Banking,Delivered,2024,5,May,Q2,2024-05,2024Q2
O009398,C01658,2024-04-20,Debit Card,Delivered,2024,4,April,Q2,2024-04,2024Q2
O009399,C00386,2025-10-14,UPI,Cancelled,2025,10,October,Q4,2025-10,2025Q4
O009400,C00221,2025-06-12,Debit Card,Cancelled,2025,6,June,Q2,2025-06,2025Q2
O009401,C00074,2024-06-21,Cash on Delivery,Delivered,2024,6,June,Q2,2024-06,2024Q2
O009402,C00144,2025-08-25,Net Banking,Delivered,2025,8,August,Q3,2025-08,2025Q3
O009403,C00658,2024-01-13,Credit Card,Cancelled,2024,1,January,Q1,2024-01,2024Q1
O009404,C01490,2024-06-03,Credit Card,Delivered,2024,6,June,Q2,2024-06,2024Q2
O009405,C00906,2025-07-23,Credit Card,Delivered,2025,7,July,Q3,2025-07,2025Q3
O009406,C01558,2025-08-01,Net Banking,Delivered,2025,8,August,Q3,2025-08,2025Q3
O009407,C01002,2024-10-01,UPI,Delivered,2024,10,October,Q4,2024-10,2024Q4
O009408,C01995,2025-02-12,Cash on Delivery,Delivered,2025,2,February,Q1,2025-02,2025Q1
O009409,C01867,2025-04-11,Debit Card,Delivered,2025,4,April,Q2,2025-04,2025Q2
O009410,C01758,2025-08-28,Debit Card,Cancelled,2025,8,August,Q3,2025-08,2025Q3
O009411,C01848,2024-04-27,Cash on Delivery,Delivered,2024,4,April,Q2,2024-04,2024Q2
O009412,C01267,2025-03-13,UPI,Cancelled,2025,3,March,Q1,2025-03,2025Q1
O009413,C01625,2025-10-29,Cash on Delivery,Delivered,2025,10,October,Q4,2025-10,2025Q4
O009414,C00074,2025-02-16,Debit Card,Delivered,2025,2,February,Q1,2025-02,2025Q1
O009415,C00230,2025-02-11,Credit Card,Delivered,2025,2,February,Q1,2025-02,2025Q1
O009416,C01601,2024-02-06,UPI,Delivered,2024,2,February,Q1,2024-02,2024Q1
O009417,C00558,2025-09-13,Cash on Delivery,Delivered,2025,9,September,Q3,2025-09,2025Q3
O009418,C01214,2025-02-18,Debit Card,Delivered,2025,2,February,Q1,2025-02,2025Q1
O009419,C00057,2024-10-08,Cash on Delivery,Delivered,2024,10,October,Q4,2024-10,2024Q4
O009420,C00525,2025-02-23,Cash on Delivery,Delivered,2025,2,February,Q1,2025-02,2025Q1
O009421,C01577,2024-06-27,Net Banking,Delivered,2024,6,June,Q2,2024-06,2024Q2
O009422,C00119,2025-06-22,Net Banking,Delivered,2025,6,June,Q2,2025-06,2025Q2
O009423,C00711,2025-02-16,Credit Card,Delivered,2025,2,February,Q1,2025-02,2025Q1
O009424,C01449,2024-05-09,Net Banking,Delivered,2024,5,May,Q2,2024-05,2024Q2
O009425,C00312,2024-10-17,Credit Card,Delivered,2024,10,October,Q4,2024-10,2024Q4
O009426,C01691,2024-05-03,Credit Card,Delivered,2024,5,May,Q2,2024-05,2024Q2
O009427,C00241,2024-03-18,Credit Card,Delivered,2024,3,March,Q1,2024-03,2024Q1
O009428,C01357,2025-06-12,Net Banking,Cancelled,2025,6,June,Q2,2025-06,2025Q2
O009429,C01492,2024-05-08,UPI,Delivered,2024,5,May,Q2,2024-05,2024Q2
O009430,C00647,2025-05-08,Cash on Delivery,Delivered,2025,5,May,Q2,2025-05,2025Q2
O009431,C02000,2025-05-07,UPI,Delivered,2025,5,May,Q2,2025-05,2025Q2
O009432,C01556,2025-10-29,Cash on Delivery,Cancelled,2025,10,October,Q4,2025-10,2025Q4
O009433,C00777,2025-04-25,Credit Card,Delivered,2025,4,April,Q2,2025-04,2025Q2
O009434,C00870,2024-06-24,Net Banking,Delivered,2024,6,June,Q2,2024-06,2024Q2
O009435,C00047,2025-10-16,UPI,Cancelled,2025,10,October,Q4,2025-10,2025Q4
O009436,C01245,2025-12-23,UPI,Cancelled,2025,12,December,Q4,2025-12,2025Q4
O009437,C01767,2025-08-06,Cash on Delivery,Delivered,2025,8,August,Q3,2025-08,2025Q3
O009438,C00814,2025-07-10,Debit Card,Delivered,2025,7,July,Q3,2025-07,2025Q3
O009439,C01764,2024-04-28,Cash on Delivery,Delivered,2024,4,April,Q2,2024-04,2024Q2
O009440,C00447,2025-02-24,Debit Card,Delivered,2025,2,February,Q1,2025-02,2025Q1
O009441,C00060,2025-04-18,Debit Card,Delivered,2025,4,April,Q2,2025-04,2025Q2
O009442,C01071,2024-11-25,Net Banking,Delivered,2024,11,November,Q4,2024-11,2024Q4
O009443,C01188,2025-10-28,Credit Card,Delivered,2025,10,October,Q4,2025-10,2025Q4
O009444,C00562,2024-06-06,Net Banking,Cancelled,2024,6,June,Q2,2024-06,2024Q2
O009445,C00862,2024-08-04,Credit Card,Delivered,2024,8,August,Q3,2024-08,2024Q3
O009446,C00374,2024-02-07,Credit Card,Delivered,2024,2,February,Q1,2024-02,2024Q1
O009447,C00442,2024-11-07,UPI,Delivered,2024,11,November,Q4,2024-11,2024Q4
O009448,C00692,2024-08-18,Cash on Delivery,Delivered,2024,8,August,Q3,2024-08,2024Q3
O009449,C00601,2024-10-29,Debit Card,Cancelled,2024,10,October,Q4,2024-10,2024Q4
O009450,C01421,2025-11-30,Debit Card,Delivered,2025,11,November,Q4,2025-11,2025Q4
O009451,C01277,2025-02-09,Credit Card,Delivered,2025,2,February,Q1,2025-02,2025Q1
O009452,C00959,2024-11-23,Debit Card,Cancelled,2024,11,November,Q4,2024-11,2024Q4
O009453,C01500,2025-11-25,UPI,Cancelled,2025,11,November,Q4,2025-11,2025Q4
O009454,C01010,2025-01-05,Credit Card,Delivered,2025,1,January,Q1,2025-01,2025Q1
O009455,C01075,2024-12-29,Net Banking,Delivered,2024,12,December,Q4,2024-12,2024Q4
O009456,C01871,2024-09-07,Cash on Delivery,Delivered,2024,9,September,Q3,2024-09,2024Q3
O009457,C01405,2024-04-15,Credit Card,Delivered,2024,4,April,Q2,2024-04,2024Q2
O009458,C01522,2025-07-14,Debit Card,Delivered,2025,7,July,Q3,2025-07,2025Q3
O009459,C00648,2025-12-29,Cash on Delivery,Delivered,2025,12,December,Q4,2025-12,2025Q4
O009460,C00434,2024-08-21,Debit Card,Delivered,2024,8,August,Q3,2024-08,2024Q3
O009461,C01832,2024-01-01,Credit Card,Delivered,2024,1,January,Q1,2024-01,2024Q1
O009462,C01601,2024-02-28,UPI,Delivered,2024,2,February,Q1,2024-02,2024Q1
O009463,C01883,2024-07-14,UPI,Delivered,2024,7,July,Q3,2024-07,2024Q3
O009464,C01594,2025-07-04,Credit Card,Delivered,2025,7,July,Q3,2025-07,2025Q3
O009465,C01016,2025-03-07,Debit Card,Delivered,2025,3,March,Q1,2025-03,2025Q1
O009466,C01122,2025-06-02,Debit Card,Delivered,2025,6,June,Q2,2025-06,2025Q2
O009467,C00812,2024-08-30,Cash on Delivery,Delivered,2024,8,August,Q3,2024-08,2024Q3
O009468,C00298,2024-06-11,Cash on Delivery,Cancelled,2024,6,June,Q2,2024-06,2024Q2
O009469,C00035,2025-12-17,UPI,Delivered,2025,12,December,Q4,2025-12,2025Q4
O009470,C00843,2025-07-23,Debit Card,Delivered,2025,7,July,Q3,2025-07,2025Q3
O009471,C00746,2025-04-21,Credit Card,Delivered,2025,4,April,Q2,2025-04,2025Q2
O009472,C00863,2025-04-06,Debit Card,Cancelled,2025,4,April,Q2,2025-04,2025Q2
O009473,C00883,2024-02-21,Net Banking,Delivered,2024,2,February,Q1,2024-02,2024Q1
O009474,C00202,2024-02-15,Credit Card,Delivered,2024,2,February,Q1,2024-02,2024Q1
O009475,C01571,2025-08-09,UPI,Delivered,2025,8,August,Q3,2025-08,2025Q3
O009476,C00820,2024-11-14,Credit Card,Delivered,2024,11,November,Q4,2024-11,2024Q4
O009477,C00682,2024-04-18,Debit Card,Delivered,2024,4,April,Q2,2024-04,2024Q2
O009478,C01178,2024-04-21,Net Banking,Delivered,2024,4,April,Q2,2024-04,2024Q2
O009479,C00819,2025-01-08,UPI,Delivered,2025,1,January,Q1,2025-01,2025Q1
O009480,C00734,2025-09-30,Cash on Delivery,Delivered,2025,9,September,Q3,2025-09,2025Q3
O009481,C00010,2024-05-04,Debit Card,Delivered,2024,5,May,Q2,2024-05,2024Q2
O009482,C01535,2025-08-16,Cash on Delivery,Delivered,2025,8,August,Q3,2025-08,2025Q3
O009483,C01637,2025-09-18,UPI,Delivered,2025,9,September,Q3,2025-09,2025Q3
O009484,C00900,2024-07-07,Credit Card,Cancelled,2024,7,July,Q3,2024-07,2024Q3
O009485,C00231,2024-10-30,Cash on Delivery,Delivered,2024,10,October,Q4,2024-10,2024Q4
O009486,C01440,2025-09-02,Net Banking,Delivered,2025,9,September,Q3,2025-09,2025Q3
O009487,C00149,2024-05-03,Net Banking,Cancelled,2024,5,May,Q2,2024-05,2024Q2
O009488,C00781,2025-05-16,UPI,Delivered,2025,5,May,Q2,2025-05,2025Q2
O009489,C00792,2024-11-21,UPI,Delivered,2024,11,November,Q4,2024-11,2024Q4
O009490,C01798,2024-10-30,Net Banking,Delivered,2024,10,October,Q4,2024-10,2024Q4
O009491,C00183,2025-04-04,Cash on Delivery,Cancelled,2025,4,April,Q2,2025-04,2025Q2
O009492,C00341,2024-05-30,Net Banking,Delivered,2024,5,May,Q2,2024-05,2024Q2
O009493,C01603,2024-07-12,Credit Card,Delivered,2024,7,July,Q3,2024-07,2024Q3
O009494,C01453,2025-10-10,Net Banking,Delivered,2025,10,October,Q4,2025-10,2025Q4
O009495,C01990,2024-09-29,Debit Card,Delivered,2024,9,September,Q3,2024-09,2024Q3
O009496,C00360,2024-02-24,Debit Card,Cancelled,2024,2,February,Q1,2024-02,2024Q1
O009497,C01987,2024-06-24,Credit Card,Delivered,2024,6,June,Q2,2024-06,2024Q2
O009498,C01038,2024-08-02,Debit Card,Delivered,2024,8,August,Q3,2024-08,2024Q3
O009499,C01024,2024-04-19,Net Banking,Delivered,2024,4,April,Q2,2024-04,2024Q2
O009500,C00547,2025-11-24,UPI,Delivered,2025,11,November,Q4,2025-11,2025Q4
O009501,C00595,2024-11-07,Cash on Delivery,Delivered,2024,11,November,Q4,2024-11,2024Q4
O009502,C01295,2024-04-05,Debit Card,Delivered,2024,4,April,Q2,2024-04,2024Q2
O009503,C00693,2025-07-17,Cash on Delivery,Delivered,2025,7,July,Q3,2025-07,2025Q3
O009504,C01382,2025-07-28,Net Banking,Delivered,2025,7,July,Q3,2025-07,2025Q3
O009505,C00059,2025-03-31,UPI,Delivered,2025,3,March,Q1,2025-03,2025Q1
O009506,C00015,2025-06-06,UPI,Delivered,2025,6,June,Q2,2025-06,2025Q2
O009507,C01231,2024-04-27,Net Banking,Delivered,2024,4,April,Q2,2024-04,2024Q2
O009508,C00312,2024-06-08,Net Banking,Delivered,2024,6,June,Q2,2024-06,2024Q2
O009509,C01959,2024-12-10,UPI,Cancelled,2024,12,December,Q4,2024-12,2024Q4
O009510,C00771,2024-04-20,Cash on Delivery,Delivered,2024,4,April,Q2,2024-04,2024Q2
O009511,C01858,2025-06-06,Debit Card,Delivered,2025,6,June,Q2,2025-06,2025Q2
O009512,C01415,2024-08-01,UPI,Delivered,2024,8,August,Q3,2024-08,2024Q3
O009513,C01524,2025-08-13,Credit Card,Delivered,2025,8,August,Q3,2025-08,2025Q3
O009514,C01634,2024-09-11,Cash on Delivery,Delivered,2024,9,September,Q3,2024-09,2024Q3
O009515,C01096,2024-01-09,Credit Card,Delivered,2024,1,January,Q1,2024-01,2024Q1
O009516,C01930,2025-05-09,Credit Card,Delivered,2025,5,May,Q2,2025-05,2025Q2
O009517,C00044,2024-04-01,Cash on Delivery,Delivered,2024,4,April,Q2,2024-04,2024Q2
O009518,C00530,2025-02-08,UPI,Cancelled,2025,2,February,Q1,2025-02,2025Q1
O009519,C01175,2024-08-29,UPI,Delivered,2024,8,August,Q3,2024-08,2024Q3
O009520,C01399,2025-02-11,Net Banking,Delivered,2025,2,February,Q1,2025-02,2025Q1
O009521,C00068,2024-03-20,Credit Card,Delivered,2024,3,March,Q1,2024-03,2024Q1
O009522,C00388,2025-08-22,Net Banking,Delivered,2025,8,August,Q3,2025-08,2025Q3
O009523,C01754,2025-05-03,UPI,Delivered,2025,5,May,Q2,2025-05,2025Q2
O009524,C00564,2025-04-09,Cash on Delivery,Delivered,2025,4,April,Q2,2025-04,2025Q2
O009525,C01151,2024-12-31,Debit Card,Delivered,2024,12,December,Q4,2024-12,2024Q4
O009526,C01786,2024-06-29,Net Banking,Delivered,2024,6,June,Q2,2024-06,2024Q2
O009527,C00070,2025-05-27,UPI,Delivered,2025,5,May,Q2,2025-05,2025Q2
O009528,C00354,2024-12-06,Net Banking,Cancelled,2024,12,December,Q4,2024-12,2024Q4
O009529,C00678,2024-08-20,Cash on Delivery,Cancelled,2024,8,August,Q3,2024-08,2024Q3
O009530,C00687,2025-09-30,UPI,Delivered,2025,9,September,Q3,2025-09,2025Q3
O009531,C01662,2024-04-06,Credit Card,Cancelled,2024,4,April,Q2,2024-04,2024Q2
O009532,C01956,2025-02-24,Credit Card,Delivered,2025,2,February,Q1,2025-02,2025Q1
O009533,C01256,2025-07-31,Debit Card,Delivered,2025,7,July,Q3,2025-07,2025Q3
O009534,C01180,2025-04-18,Credit Card,Delivered,2025,4,April,Q2,2025-04,2025Q2
O009535,C01711,2024-12-18,UPI,Delivered,2024,12,December,Q4,2024-12,2024Q4
O009536,C01726,2024-04-29,Net Banking,Delivered,2024,4,April,Q2,2024-04,2024Q2
O009537,C01731,2024-02-24,Net Banking,Delivered,2024,2,February,Q1,2024-02,2024Q1
O009538,C00973,2025-11-14,Credit Card,Cancelled,2025,11,November,Q4,2025-11,2025Q4
O009539,C00016,2025-08-08,Cash on Delivery,Delivered,2025,8,August,Q3,2025-08,2025Q3
O009540,C00850,2025-12-08,UPI,Delivered,2025,12,December,Q4,2025-12,2025Q4
O009541,C00420,2025-07-13,UPI,Delivered,2025,7,July,Q3,2025-07,2025Q3
O009542,C01188,2024-09-22,Debit Card,Delivered,2024,9,September,Q3,2024-09,2024Q3
O009543,C01428,2025-11-10,Debit Card,Cancelled,2025,11,November,Q4,2025-11,2025Q4
O009544,C00378,2024-07-30,UPI,Delivered,2024,7,July,Q3,2024-07,2024Q3
O009545,C01672,2024-02-01,Net Banking,Delivered,2024,2,February,Q1,2024-02,2024Q1
O009546,C01129,2024-10-23,Credit Card,Delivered,2024,10,October,Q4,2024-10,2024Q4
O009547,C00866,2025-10-12,Debit Card,Cancelled,2025,10,October,Q4,2025-10,2025Q4
O009548,C01242,2025-11-23,Net Banking,Delivered,2025,11,November,Q4,2025-11,2025Q4
O009549,C01407,2024-07-17,Cash on Delivery,Delivered,2024,7,July,Q3,2024-07,2024Q3
O009550,C00109,2024-03-28,UPI,Delivered,2024,3,March,Q1,2024-03,2024Q1
O009551,C00027,2025-05-01,Credit Card,Delivered,2025,5,May,Q2,2025-05,2025Q2
O009552,C00257,2024-12-28,Cash on Delivery,Delivered,2024,12,December,Q4,2024-12,2024Q4
O009553,C01304,2024-11-26,Debit Card,Delivered,2024,11,November,Q4,2024-11,2024Q4
O009554,C00830,2025-03-30,Cash on Delivery,Delivered,2025,3,March,Q1,2025-03,2025Q1
O009555,C00084,2024-05-10,Debit Card,Cancelled,2024,5,May,Q2,2024-05,2024Q2
O009556,C00618,2025-11-11,Credit Card,Delivered,2025,11,November,Q4,2025-11,2025Q4
O009557,C01432,2025-07-05,Debit Card,Delivered,2025,7,July,Q3,2025-07,2025Q3
O009558,C01282,2025-06-21,Credit Card,Delivered,2025,6,June,Q2,2025-06,2025Q2
O009559,C01462,2025-11-03,Credit Card,Delivered,2025,11,November,Q4,2025-11,2025Q4
O009560,C01613,2025-09-09,Cash on Delivery,Delivered,2025,9,September,Q3,2025-09,2025Q3
O009561,C01311,2025-01-13,Credit Card,Delivered,2025,1,January,Q1,2025-01,2025Q1
O009562,C00347,2025-08-12,Cash on Delivery,Delivered,2025,8,August,Q3,2025-08,2025Q3
O009563,C01461,2024-08-14,Debit Card,Delivered,2024,8,August,Q3,2024-08,2024Q3
O009564,C01349,2024-06-23,Credit Card,Cancelled,2024,6,June,Q2,2024-06,2024Q2
O009565,C00256,2025-02-10,Credit Card,Delivered,2025,2,February,Q1,2025-02,2025Q1
O009566,C01881,2024-03-21,UPI,Delivered,2024,3,March,Q1,2024-03,2024Q1
O009567,C00775,2024-03-09,Debit Card,Delivered,2024,3,March,Q1,2024-03,2024Q1
O009568,C01947,2025-07-22,Net Banking,Delivered,2025,7,July,Q3,2025-07,2025Q3
O009569,C01696,2025-04-13,UPI,Cancelled,2025,4,April,Q2,2025-04,2025Q2
O009570,C01148,2025-04-10,Credit Card,Delivered,2025,4,April,Q2,2025-04,2025Q2
O009571,C01712,2025-11-02,Credit Card,Delivered,2025,11,November,Q4,2025-11,2025Q4
O009572,C01966,2024-10-08,UPI,Cancelled,2024,10,October,Q4,2024-10,2024Q4
O009573,C01619,2024-07-06,Debit Card,Delivered,2024,7,July,Q3,2024-07,2024Q3
O009574,C01910,2025-11-06,Cash on Delivery,Delivered,2025,11,November,Q4,2025-11,2025Q4
O009575,C00999,2025-10-22,Cash on Delivery,Delivered,2025,10,October,Q4,2025-10,2025Q4
O009576,C00238,2025-05-31,Net Banking,Delivered,2025,5,May,Q2,2025-05,2025Q2
O009577,C00156,2025-01-19,Debit Card,Delivered,2025,1,January,Q1,2025-01,2025Q1
O009578,C00528,2025-10-11,Credit Card,Delivered,2025,10,October,Q4,2025-10,2025Q4
O009579,C01983,2025-06-28,UPI,Cancelled,2025,6,June,Q2,2025-06,2025Q2
O009580,C01754,2024-12-01,Cash on Delivery,Delivered,2024,12,December,Q4,2024-12,2024Q4
O009581,C00124,2024-11-23,Cash on Delivery,Delivered,2024,11,November,Q4,2024-11,2024Q4
O009582,C00744,2024-02-14,Net Banking,Delivered,2024,2,February,Q1,2024-02,2024Q1
O009583,C01499,2025-05-10,Debit Card,Delivered,2025,5,May,Q2,2025-05,2025Q2
O009584,C00436,2024-03-22,Cash on Delivery,Cancelled,2024,3,March,Q1,2024-03,2024Q1
O009585,C01758,2025-11-02,Debit Card,Delivered,2025,11,November,Q4,2025-11,2025Q4
O009586,C01987,2025-08-21,Credit Card,Delivered,2025,8,August,Q3,2025-08,2025Q3
O009587,C01018,2024-08-05,Net Banking,Delivered,2024,8,August,Q3,2024-08,2024Q3
O009588,C01146,2025-10-16,Net Banking,Delivered,2025,10,October,Q4,2025-10,2025Q4
O009589,C00010,2025-07-16,UPI,Cancelled,2025,7,July,Q3,2025-07,2025Q3
O009590,C01148,2025-07-22,UPI,Delivered,2025,7,July,Q3,2025-07,2025Q3
O009591,C00698,2024-08-02,Credit Card,Delivered,2024,8,August,Q3,2024-08,2024Q3
O009592,C00685,2025-12-03,UPI,Delivered,2025,12,December,Q4,2025-12,2025Q4
O009593,C00178,2024-07-14,Cash on Delivery,Delivered,2024,7,July,Q3,2024-07,2024Q3
O009594,C01128,2025-05-12,Credit Card,Delivered,2025,5,May,Q2,2025-05,2025Q2
O009595,C00832,2025-01-29,Credit Card,Cancelled,2025,1,January,Q1,2025-01,2025Q1
O009596,C00124,2024-09-12,Cash on Delivery,Delivered,2024,9,September,Q3,2024-09,2024Q3
O009597,C01364,2024-11-21,Credit Card,Delivered,2024,11,November,Q4,2024-11,2024Q4
O009598,C00304,2025-06-02,Cash on Delivery,Delivered,2025,6,June,Q2,2025-06,2025Q2
O009599,C00739,2025-10-11,Credit Card,Cancelled,2025,10,October,Q4,2025-10,2025Q4
O009600,C00441,2024-07-14,Cash on Delivery,Delivered,2024,7,July,Q3,2024-07,2024Q3
O009601,C00941,2024-10-04,UPI,Delivered,2024,10,October,Q4,2024-10,2024Q4
O009602,C00825,2024-03-05,Cash on Delivery,Delivered,2024,3,March,Q1,2024-03,2024Q1
O009603,C01997,2024-01-11,UPI,Delivered,2024,1,January,Q1,2024-01,2024Q1
O009604,C01699,2024-03-19,UPI,Delivered,2024,3,March,Q1,2024-03,2024Q1
O009605,C01399,2025-07-07,Cash on Delivery,Delivered,2025,7,July,Q3,2025-07,2025Q3
O009606,C00020,2025-09-18,Cash on Delivery,Cancelled,2025,9,September,Q3,2025-09,2025Q3
O009607,C01727,2025-01-12,Cash on Delivery,Delivered,2025,1,January,Q1,2025-01,2025Q1
O009608,C00096,2024-07-07,Cash on Delivery,Delivered,2024,7,July,Q3,2024-07,2024Q3
O009609,C01066,2025-03-30,Cash on Delivery,Cancelled,2025,3,March,Q1,2025-03,2025Q1
O009610,C01294,2025-01-19,Cash on Delivery,Delivered,2025,1,January,Q1,2025-01,2025Q1
O009611,C01883,2024-06-20,Cash on Delivery,Delivered,2024,6,June,Q2,2024-06,2024Q2
O009612,C01539,2025-04-04,Net Banking,Cancelled,2025,4,April,Q2,2025-04,2025Q2
O009613,C00461,2024-12-02,UPI,Delivered,2024,12,December,Q4,2024-12,2024Q4
O009614,C01640,2025-06-01,Net Banking,Delivered,2025,6,June,Q2,2025-06,2025Q2
O009615,C01169,2024-07-25,Cash on Delivery,Delivered,2024,7,July,Q3,2024-07,2024Q3
O009616,C00560,2024-03-21,Credit Card,Cancelled,2024,3,March,Q1,2024-03,2024Q1
O009617,C00317,2025-08-29,Net Banking,Delivered,2025,8,August,Q3,2025-08,2025Q3
O009618,C01480,2025-10-03,UPI,Delivered,2025,10,October,Q4,2025-10,2025Q4
O009619,C01772,2025-07-04,Net Banking,Delivered,2025,7,July,Q3,2025-07,2025Q3
O009620,C01261,2025-01-13,Net Banking,Delivered,2025,1,January,Q1,2025-01,2025Q1
O009621,C00122,2025-03-11,Net Banking,Delivered,2025,3,March,Q1,2025-03,2025Q1
O009622,C01379,2025-04-16,Debit Card,Delivered,2025,4,April,Q2,2025-04,2025Q2
O009623,C00809,2025-10-12,Credit Card,Delivered,2025,10,October,Q4,2025-10,2025Q4
O009624,C00875,2025-03-15,Credit Card,Delivered,2025,3,March,Q1,2025-03,2025Q1
O009625,C01387,2024-10-18,Debit Card,Delivered,2024,10,October,Q4,2024-10,2024Q4
O009626,C01584,2025-04-16,Cash on Delivery,Cancelled,2025,4,April,Q2,2025-04,2025Q2
O009627,C00329,2025-02-07,Cash on Delivery,Delivered,2025,2,February,Q1,2025-02,2025Q1
O009628,C00915,2025-11-07,Cash on Delivery,Delivered,2025,11,November,Q4,2025-11,2025Q4
O009629,C01021,2025-12-19,Net Banking,Cancelled,2025,12,December,Q4,2025-12,2025Q4
O009630,C00717,2025-06-02,UPI,Delivered,2025,6,June,Q2,2025-06,2025Q2
O009631,C00397,2024-10-24,UPI,Delivered,2024,10,October,Q4,2024-10,2024Q4
O009632,C01546,2024-02-02,Credit Card,Delivered,2024,2,February,Q1,2024-02,2024Q1
O009633,C00381,2025-04-12,Credit Card,Delivered,2025,4,April,Q2,2025-04,2025Q2
O009634,C00814,2024-03-24,Debit Card,Delivered,2024,3,March,Q1,2024-03,2024Q1
O009635,C00120,2025-04-03,Credit Card,Delivered,2025,4,April,Q2,2025-04,2025Q2
O009636,C01359,2025-10-13,Debit Card,Delivered,2025,10,October,Q4,2025-10,2025Q4
O009637,C00352,2025-09-08,Debit Card,Delivered,2025,9,September,Q3,2025-09,2025Q3
O009638,C00457,2025-05-14,Credit Card,Cancelled,2025,5,May,Q2,2025-05,2025Q2
O009639,C01865,2024-03-17,UPI,Delivered,2024,3,March,Q1,2024-03,2024Q1
O009640,C01544,2025-03-23,Debit Card,Delivered,2025,3,March,Q1,2025-03,2025Q1
O009641,C01589,2024-03-14,Debit Card,Delivered,2024,3,March,Q1,2024-03,2024Q1
O009642,C00466,2024-04-01,Debit Card,Delivered,2024,4,April,Q2,2024-04,2024Q2
O009643,C00887,2025-08-16,Cash on Delivery,Delivered,2025,8,August,Q3,2025-08,2025Q3
O009644,C00301,2024-07-04,Credit Card,Delivered,2024,7,July,Q3,2024-07,2024Q3
O009645,C00953,2024-10-07,Net Banking,Delivered,2024,10,October,Q4,2024-10,2024Q4
O009646,C00754,2025-03-26,UPI,Delivered,2025,3,March,Q1,2025-03,2025Q1
O009647,C00702,2025-06-06,Cash on Delivery,Delivered,2025,6,June,Q2,2025-06,2025Q2
O009648,C00988,2025-07-04,Cash on Delivery,Cancelled,2025,7,July,Q3,2025-07,2025Q3
O009649,C00051,2025-12-02,UPI,Delivered,2025,12,December,Q4,2025-12,2025Q4
O009650,C01722,2025-04-13,Net Banking,Delivered,2025,4,April,Q2,2025-04,2025Q2
O009651,C00819,2024-11-23,Cash on Delivery,Delivered,2024,11,November,Q4,2024-11,2024Q4
O009652,C01230,2025-09-25,Credit Card,Delivered,2025,9,September,Q3,2025-09,2025Q3
O009653,C00279,2024-11-01,Net Banking,Delivered,2024,11,November,Q4,2024-11,2024Q4
O009654,C00473,2025-07-11,Credit Card,Delivered,2025,7,July,Q3,2025-07,2025Q3
O009655,C00266,2025-08-01,Credit Card,Cancelled,2025,8,August,Q3,2025-08,2025Q3
O009656,C01933,2024-01-31,Debit Card,Delivered,2024,1,January,Q1,2024-01,2024Q1
O009657,C00327,2024-09-26,Cash on Delivery,Cancelled,2024,9,September,Q3,2024-09,2024Q3
O009658,C00473,2025-05-17,Credit Card,Delivered,2025,5,May,Q2,2025-05,2025Q2
O009659,C01019,2025-09-04,Debit Card,Delivered,2025,9,September,Q3,2025-09,2025Q3
O009660,C00691,2024-12-07,Cash on Delivery,Delivered,2024,12,December,Q4,2024-12,2024Q4
O009661,C00209,2025-10-23,UPI,Delivered,2025,10,October,Q4,2025-10,2025Q4
O009662,C01659,2024-12-23,Credit Card,Delivered,2024,12,December,Q4,2024-12,2024Q4
O009663,C01689,2025-03-21,Cash on Delivery,Delivered,2025,3,March,Q1,2025-03,2025Q1
O009664,C00015,2025-11-01,Cash on Delivery,Cancelled,2025,11,November,Q4,2025-11,2025Q4
O009665,C00640,2025-02-10,UPI,Delivered,2025,2,February,Q1,2025-02,2025Q1
O009666,C00515,2024-01-29,Cash on Delivery,Delivered,2024,1,January,Q1,2024-01,2024Q1
O009667,C00419,2024-11-05,Cash on Delivery,Delivered,2024,11,November,Q4,2024-11,2024Q4
O009668,C00548,2025-09-23,UPI,Delivered,2025,9,September,Q3,2025-09,2025Q3
O009669,C01817,2025-09-17,Credit Card,Delivered,2025,9,September,Q3,2025-09,2025Q3
O009670,C01295,2025-05-02,Debit Card,Cancelled,2025,5,May,Q2,2025-05,2025Q2
O009671,C00432,2025-08-01,Cash on Delivery,Delivered,2025,8,August,Q3,2025-08,2025Q3
O009672,C00752,2025-08-27,Credit Card,Delivered,2025,8,August,Q3,2025-08,2025Q3
O009673,C00262,2024-12-01,Debit Card,Delivered,2024,12,December,Q4,2024-12,2024Q4
O009674,C01825,2025-06-03,Cash on Delivery,Delivered,2025,6,June,Q2,2025-06,2025Q2
O009675,C00552,2025-12-06,Net Banking,Delivered,2025,12,December,Q4,2025-12,2025Q4
O009676,C00901,2024-01-20,UPI,Cancelled,2024,1,January,Q1,2024-01,2024Q1
O009677,C01641,2024-06-16,Debit Card,Delivered,2024,6,June,Q2,2024-06,2024Q2
O009678,C01542,2025-03-16,UPI,Delivered,2025,3,March,Q1,2025-03,2025Q1
O009679,C01945,2024-05-20,Net Banking,Cancelled,2024,5,May,Q2,2024-05,2024Q2
O009680,C01350,2024-01-19,Credit Card,Delivered,2024,1,January,Q1,2024-01,2024Q1
O009681,C01831,2025-05-04,Net Banking,Delivered,2025,5,May,Q2,2025-05,2025Q2
O009682,C00757,2024-09-12,Net Banking,Delivered,2024,9,September,Q3,2024-09,2024Q3
O009683,C00630,2024-03-17,UPI,Delivered,2024,3,March,Q1,2024-03,2024Q1
O009684,C00197,2024-08-15,Debit Card,Delivered,2024,8,August,Q3,2024-08,2024Q3
O009685,C01364,2025-12-16,Debit Card,Delivered,2025,12,December,Q4,2025-12,2025Q4
O009686,C00950,2024-11-16,Cash on Delivery,Delivered,2024,11,November,Q4,2024-11,2024Q4
O009687,C00892,2025-09-14,UPI,Delivered,2025,9,September,Q3,2025-09,2025Q3
O009688,C00423,2024-01-23,Cash on Delivery,Delivered,2024,1,January,Q1,2024-01,2024Q1
O009689,C00406,2025-07-20,Debit Card,Cancelled,2025,7,July,Q3,2025-07,2025Q3
O009690,C00878,2024-12-20,Debit Card,Delivered,2024,12,December,Q4,2024-12,2024Q4
O009691,C01264,2025-10-21,Credit Card,Delivered,2025,10,October,Q4,2025-10,2025Q4
O009692,C01078,2025-11-23,Cash on Delivery,Delivered,2025,11,November,Q4,2025-11,2025Q4
O009693,C01302,2024-07-15,Cash on Delivery,Delivered,2024,7,July,Q3,2024-07,2024Q3
O009694,C00453,2024-10-05,Debit Card,Cancelled,2024,10,October,Q4,2024-10,2024Q4
O009695,C01865,2025-09-27,Cash on Delivery,Delivered,2025,9,September,Q3,2025-09,2025Q3
O009696,C01872,2025-06-14,Cash on Delivery,Delivered,2025,6,June,Q2,2025-06,2025Q2
O009697,C01388,2024-09-24,Credit Card,Delivered,2024,9,September,Q3,2024-09,2024Q3
O009698,C01421,2024-09-30,Credit Card,Delivered,2024,9,September,Q3,2024-09,2024Q3
O009699,C00338,2024-07-12,UPI,Cancelled,2024,7,July,Q3,2024-07,2024Q3
O009700,C01045,2024-08-02,Debit Card,Cancelled,2024,8,August,Q3,2024-08,2024Q3
O009701,C01689,2024-12-12,Net Banking,Delivered,2024,12,December,Q4,2024-12,2024Q4
O009702,C01635,2025-08-31,Debit Card,Delivered,2025,8,August,Q3,2025-08,2025Q3
O009703,C01395,2024-02-07,UPI,Delivered,2024,2,February,Q1,2024-02,2024Q1
O009704,C00680,2024-09-09,UPI,Delivered,2024,9,September,Q3,2024-09,2024Q3
O009705,C00893,2024-12-21,Credit Card,Cancelled,2024,12,December,Q4,2024-12,2024Q4
O009706,C00830,2025-06-27,Debit Card,Delivered,2025,6,June,Q2,2025-06,2025Q2
O009707,C00826,2025-05-08,Net Banking,Delivered,2025,5,May,Q2,2025-05,2025Q2
O009708,C00610,2024-07-23,Net Banking,Delivered,2024,7,July,Q3,2024-07,2024Q3
O009709,C00965,2025-08-19,UPI,Delivered,2025,8,August,Q3,2025-08,2025Q3
O009710,C01698,2025-09-08,Cash on Delivery,Cancelled,2025,9,September,Q3,2025-09,2025Q3
O009711,C01390,2024-05-04,Debit Card,Delivered,2024,5,May,Q2,2024-05,2024Q2
O009712,C00292,2024-06-11,Debit Card,Delivered,2024,6,June,Q2,2024-06,2024Q2
O009713,C01484,2025-03-09,Cash on Delivery,Delivered,2025,3,March,Q1,2025-03,2025Q1
O009714,C01824,2025-08-21,UPI,Delivered,2025,8,August,Q3,2025-08,2025Q3
O009715,C01081,2025-11-01,Debit Card,Delivered,2025,11,November,Q4,2025-11,2025Q4
O009716,C00636,2025-03-01,Credit Card,Delivered,2025,3,March,Q1,2025-03,2025Q1
O009717,C00781,2025-05-18,UPI,Delivered,2025,5,May,Q2,2025-05,2025Q2
O009718,C00667,2024-09-07,Debit Card,Cancelled,2024,9,September,Q3,2024-09,2024Q3
O009719,C01556,2025-07-29,Net Banking,Delivered,2025,7,July,Q3,2025-07,2025Q3
O009720,C01859,2024-11-07,Net Banking,Delivered,2024,11,November,Q4,2024-11,2024Q4
O009721,C00422,2025-08-08,Debit Card,Delivered,2025,8,August,Q3,2025-08,2025Q3
O009722,C00467,2024-09-27,Credit Card,Delivered,2024,9,September,Q3,2024-09,2024Q3
O009723,C01260,2025-08-29,Debit Card,Cancelled,2025,8,August,Q3,2025-08,2025Q3
O009724,C00592,2025-09-25,UPI,Cancelled,2025,9,September,Q3,2025-09,2025Q3
O009725,C01153,2024-05-13,Credit Card,Delivered,2024,5,May,Q2,2024-05,2024Q2
O009726,C00850,2025-10-18,Debit Card,Delivered,2025,10,October,Q4,2025-10,2025Q4
O009727,C01595,2025-01-23,Net Banking,Delivered,2025,1,January,Q1,2025-01,2025Q1
O009728,C00407,2025-10-27,UPI,Delivered,2025,10,October,Q4,2025-10,2025Q4
O009729,C01052,2024-03-10,Net Banking,Delivered,2024,3,March,Q1,2024-03,2024Q1
O009730,C00065,2024-09-16,UPI,Delivered,2024,9,September,Q3,2024-09,2024Q3
O009731,C00033,2024-09-30,Credit Card,Delivered,2024,9,September,Q3,2024-09,2024Q3
O009732,C01926,2025-04-23,Credit Card,Delivered,2025,4,April,Q2,2025-04,2025Q2
O009733,C00454,2025-02-22,Credit Card,Delivered,2025,2,February,Q1,2025-02,2025Q1
O009734,C01507,2025-07-28,Credit Card,Delivered,2025,7,July,Q3,2025-07,2025Q3
O009735,C00420,2025-09-17,Cash on Delivery,Delivered,2025,9,September,Q3,2025-09,2025Q3
O009736,C00349,2025-10-11,Cash on Delivery,Delivered,2025,10,October,Q4,2025-10,2025Q4
O009737,C00584,2024-06-25,Cash on Delivery,Delivered,2024,6,June,Q2,2024-06,2024Q2
O009738,C00549,2024-09-02,Cash on Delivery,Delivered,2024,9,September,Q3,2024-09,2024Q3
O009739,C01226,2025-10-05,UPI,Delivered,2025,10,October,Q4,2025-10,2025Q4
O009740,C01368,2024-08-25,Net Banking,Delivered,2024,8,August,Q3,2024-08,2024Q3
O009741,C01633,2024-03-19,UPI,Delivered,2024,3,March,Q1,2024-03,2024Q1
O009742,C00069,2025-12-11,Debit Card,Delivered,2025,12,December,Q4,2025-12,2025Q4
O009743,C01124,2025-07-14,Cash on Delivery,Delivered,2025,7,July,Q3,2025-07,2025Q3
O009744,C00812,2024-03-11,UPI,Delivered,2024,3,March,Q1,2024-03,2024Q1
O009745,C00426,2025-05-11,Credit Card,Delivered,2025,5,May,Q2,2025-05,2025Q2
O009746,C00634,2024-11-11,Debit Card,Delivered,2024,11,November,Q4,2024-11,2024Q4
O009747,C01585,2024-08-31,Cash on Delivery,Cancelled,2024,8,August,Q3,2024-08,2024Q3
O009748,C01287,2025-04-27,Credit Card,Delivered,2025,4,April,Q2,2025-04,2025Q2
O009749,C01053,2025-01-21,Credit Card,Delivered,2025,1,January,Q1,2025-01,2025Q1
O009750,C01291,2025-05-11,Cash on Delivery,Delivered,2025,5,May,Q2,2025-05,2025Q2
O009751,C00992,2024-05-24,Cash on Delivery,Delivered,2024,5,May,Q2,2024-05,2024Q2
O009752,C01612,2025-08-10,Net Banking,Delivered,2025,8,August,Q3,2025-08,2025Q3
O009753,C01228,2024-10-24,Credit Card,Delivered,2024,10,October,Q4,2024-10,2024Q4
O009754,C00199,2024-06-06,Net Banking,Delivered,2024,6,June,Q2,2024-06,2024Q2
O009755,C01875,2024-07-24,Net Banking,Delivered,2024,7,July,Q3,2024-07,2024Q3
O009756,C01308,2025-10-26,Cash on Delivery,Delivered,2025,10,October,Q4,2025-10,2025Q4
O009757,C00030,2025-07-03,UPI,Delivered,2025,7,July,Q3,2025-07,2025Q3
O009758,C01669,2025-01-12,Credit Card,Delivered,2025,1,January,Q1,2025-01,2025Q1
O009759,C00858,2024-09-29,Net Banking,Cancelled,2024,9,September,Q3,2024-09,2024Q3
O009760,C01711,2024-09-18,Debit Card,Delivered,2024,9,September,Q3,2024-09,2024Q3
O009761,C01873,2025-09-17,Debit Card,Delivered,2025,9,September,Q3,2025-09,2025Q3
O009762,C01411,2024-12-06,Credit Card,Cancelled,2024,12,December,Q4,2024-12,2024Q4
O009763,C00903,2025-11-26,Cash on Delivery,Delivered,2025,11,November,Q4,2025-11,2025Q4
O009764,C01525,2024-10-07,Debit Card,Delivered,2024,10,October,Q4,2024-10,2024Q4
O009765,C00268,2025-08-09,Debit Card,Cancelled,2025,8,August,Q3,2025-08,2025Q3
O009766,C00062,2024-05-03,Debit Card,Delivered,2024,5,May,Q2,2024-05,2024Q2
O009767,C00895,2024-05-10,Debit Card,Delivered,2024,5,May,Q2,2024-05,2024Q2
O009768,C01133,2024-09-07,UPI,Cancelled,2024,9,September,Q3,2024-09,2024Q3
O009769,C01637,2024-01-13,Debit Card,Delivered,2024,1,January,Q1,2024-01,2024Q1
O009770,C00907,2024-03-27,UPI,Cancelled,2024,3,March,Q1,2024-03,2024Q1
O009771,C01889,2024-05-27,Cash on Delivery,Cancelled,2024,5,May,Q2,2024-05,2024Q2
O009772,C00485,2025-03-27,Cash on Delivery,Delivered,2025,3,March,Q1,2025-03,2025Q1
O009773,C00503,2024-08-29,Debit Card,Delivered,2024,8,August,Q3,2024-08,2024Q3
O009774,C00089,2025-12-06,Net Banking,Delivered,2025,12,December,Q4,2025-12,2025Q4
O009775,C01041,2025-01-28,UPI,Delivered,2025,1,January,Q1,2025-01,2025Q1
O009776,C01031,2025-06-27,UPI,Delivered,2025,6,June,Q2,2025-06,2025Q2
O009777,C01530,2025-05-13,Debit Card,Delivered,2025,5,May,Q2,2025-05,2025Q2
O009778,C00307,2025-03-11,UPI,Cancelled,2025,3,March,Q1,2025-03,2025Q1
O009779,C01763,2024-08-18,Cash on Delivery,Cancelled,2024,8,August,Q3,2024-08,2024Q3
O009780,C01698,2025-08-10,Net Banking,Delivered,2025,8,August,Q3,2025-08,2025Q3
O009781,C00806,2025-03-10,Net Banking,Delivered,2025,3,March,Q1,2025-03,2025Q1
O009782,C00544,2025-02-22,Cash on Delivery,Delivered,2025,2,February,Q1,2025-02,2025Q1
O009783,C01587,2024-05-18,Credit Card,Delivered,2024,5,May,Q2,2024-05,2024Q2
O009784,C00515,2024-11-05,Debit Card,Cancelled,2024,11,November,Q4,2024-11,2024Q4
O009785,C00676,2025-04-25,UPI,Delivered,2025,4,April,Q2,2025-04,2025Q2
O009786,C00383,2025-06-24,UPI,Delivered,2025,6,June,Q2,2025-06,2025Q2
O009787,C00797,2024-02-28,UPI,Delivered,2024,2,February,Q1,2024-02,2024Q1
O009788,C01034,2024-06-03,Net Banking,Delivered,2024,6,June,Q2,2024-06,2024Q2
O009789,C00011,2024-03-13,Cash on Delivery,Cancelled,2024,3,March,Q1,2024-03,2024Q1
O009790,C00093,2024-03-11,UPI,Delivered,2024,3,March,Q1,2024-03,2024Q1
O009791,C00860,2025-07-06,Net Banking,Delivered,2025,7,July,Q3,2025-07,2025Q3
O009792,C00875,2025-04-09,UPI,Delivered,2025,4,April,Q2,2025-04,2025Q2
O009793,C01204,2025-12-11,UPI,Delivered,2025,12,December,Q4,2025-12,2025Q4
O009794,C00977,2025-11-12,Credit Card,Delivered,2025,11,November,Q4,2025-11,2025Q4
O009795,C00566,2025-05-30,Net Banking,Delivered,2025,5,May,Q2,2025-05,2025Q2
O009796,C01505,2024-11-10,Cash on Delivery,Delivered,2024,11,November,Q4,2024-11,2024Q4
O009797,C01346,2025-10-23,UPI,Delivered,2025,10,October,Q4,2025-10,2025Q4
O009798,C00167,2024-07-23,UPI,Delivered,2024,7,July,Q3,2024-07,2024Q3
O009799,C01664,2024-04-23,Debit Card,Delivered,2024,4,April,Q2,2024-04,2024Q2
O009800,C01546,2025-07-10,Credit Card,Cancelled,2025,7,July,Q3,2025-07,2025Q3
O009801,C01672,2024-09-21,Net Banking,Delivered,2024,9,September,Q3,2024-09,2024Q3
O009802,C00720,2025-02-17,Cash on Delivery,Delivered,2025,2,February,Q1,2025-02,2025Q1
O009803,C01455,2024-10-01,Debit Card,Delivered,2024,10,October,Q4,2024-10,2024Q4
O009804,C01308,2024-11-04,Debit Card,Delivered,2024,11,November,Q4,2024-11,2024Q4
O009805,C00087,2024-04-13,Debit Card,Delivered,2024,4,April,Q2,2024-04,2024Q2
O009806,C00643,2025-12-16,Cash on Delivery,Cancelled,2025,12,December,Q4,2025-12,2025Q4
O009807,C00454,2024-10-26,Credit Card,Delivered,2024,10,October,Q4,2024-10,2024Q4
O009808,C00764,2024-03-21,UPI,Cancelled,2024,3,March,Q1,2024-03,2024Q1
O009809,C00852,2025-10-18,Net Banking,Delivered,2025,10,October,Q4,2025-10,2025Q4
O009810,C00206,2025-07-25,Credit Card,Cancelled,2025,7,July,Q3,2025-07,2025Q3
O009811,C00643,2025-09-24,Debit Card,Delivered,2025,9,September,Q3,2025-09,2025Q3
O009812,C01570,2025-11-11,UPI,Delivered,2025,11,November,Q4,2025-11,2025Q4
O009813,C01201,2025-11-20,Debit Card,Delivered,2025,11,November,Q4,2025-11,2025Q4
O009814,C00396,2025-09-12,Cash on Delivery,Delivered,2025,9,September,Q3,2025-09,2025Q3
O009815,C00217,2024-08-16,UPI,Delivered,2024,8,August,Q3,2024-08,2024Q3
O009816,C00378,2025-04-21,Cash on Delivery,Delivered,2025,4,April,Q2,2025-04,2025Q2
O009817,C01754,2025-03-18,Net Banking,Delivered,2025,3,March,Q1,2025-03,2025Q1
O009818,C01973,2024-03-04,Cash on Delivery,Delivered,2024,3,March,Q1,2024-03,2024Q1
O009819,C01867,2024-09-08,Credit Card,Delivered,2024,9,September,Q3,2024-09,2024Q3
O009820,C00789,2024-06-23,UPI,Cancelled,2024,6,June,Q2,2024-06,2024Q2
O009821,C00605,2024-12-09,Net Banking,Cancelled,2024,12,December,Q4,2024-12,2024Q4
O009822,C00238,2025-10-03,Credit Card,Delivered,2025,10,October,Q4,2025-10,2025Q4
O009823,C01281,2024-02-01,Debit Card,Delivered,2024,2,February,Q1,2024-02,2024Q1
O009824,C01797,2024-07-09,Debit Card,Delivered,2024,7,July,Q3,2024-07,2024Q3
O009825,C00248,2025-03-01,Debit Card,Cancelled,2025,3,March,Q1,2025-03,2025Q1
O009826,C00456,2024-04-30,Cash on Delivery,Delivered,2024,4,April,Q2,2024-04,2024Q2
O009827,C01091,2025-06-02,Net Banking,Delivered,2025,6,June,Q2,2025-06,2025Q2
O009828,C01028,2024-07-31,Credit Card,Delivered,2024,7,July,Q3,2024-07,2024Q3
O009829,C00158,2024-01-21,Credit Card,Cancelled,2024,1,January,Q1,2024-01,2024Q1
O009830,C00024,2025-01-19,Debit Card,Cancelled,2025,1,January,Q1,2025-01,2025Q1
O009831,C01942,2024-06-23,Credit Card,Cancelled,2024,6,June,Q2,2024-06,2024Q2
O009832,C01743,2025-10-09,Credit Card,Delivered,2025,10,October,Q4,2025-10,2025Q4
O009833,C01539,2025-06-23,Net Banking,Cancelled,2025,6,June,Q2,2025-06,2025Q2
O009834,C01858,2024-06-19,Debit Card,Delivered,2024,6,June,Q2,2024-06,2024Q2
O009835,C01005,2024-07-09,Cash on Delivery,Delivered,2024,7,July,Q3,2024-07,2024Q3
O009836,C01230,2025-11-10,Net Banking,Delivered,2025,11,November,Q4,2025-11,2025Q4
O009837,C00315,2024-06-24,Cash on Delivery,Delivered,2024,6,June,Q2,2024-06,2024Q2
O009838,C00426,2024-12-08,Credit Card,Delivered,2024,12,December,Q4,2024-12,2024Q4
O009839,C01562,2025-05-18,Credit Card,Delivered,2025,5,May,Q2,2025-05,2025Q2
O009840,C01181,2025-09-22,Debit Card,Delivered,2025,9,September,Q3,2025-09,2025Q3
O009841,C01970,2024-06-16,Credit Card,Delivered,2024,6,June,Q2,2024-06,2024Q2
O009842,C01153,2024-04-22,Net Banking,Delivered,2024,4,April,Q2,2024-04,2024Q2
O009843,C00085,2024-01-10,Net Banking,Delivered,2024,1,January,Q1,2024-01,2024Q1
O009844,C00979,2024-08-18,UPI,Delivered,2024,8,August,Q3,2024-08,2024Q3
O009845,C01016,2024-07-08,Credit Card,Cancelled,2024,7,July,Q3,2024-07,2024Q3
O009846,C00715,2024-01-17,Net Banking,Delivered,2024,1,January,Q1,2024-01,2024Q1
O009847,C01468,2025-10-28,Net Banking,Delivered,2025,10,October,Q4,2025-10,2025Q4
O009848,C01108,2025-04-20,UPI,Delivered,2025,4,April,Q2,2025-04,2025Q2
O009849,C00218,2025-01-10,UPI,Delivered,2025,1,January,Q1,2025-01,2025Q1
O009850,C01854,2025-10-12,Net Banking,Delivered,2025,10,October,Q4,2025-10,2025Q4
O009851,C01477,2024-12-06,UPI,Delivered,2024,12,December,Q4,2024-12,2024Q4
O009852,C01878,2024-11-17,UPI,Delivered,2024,11,November,Q4,2024-11,2024Q4
O009853,C01213,2025-03-08,Cash on Delivery,Delivered,2025,3,March,Q1,2025-03,2025Q1
O009854,C01932,2025-03-04,UPI,Delivered,2025,3,March,Q1,2025-03,2025Q1
O009855,C01005,2025-03-17,Net Banking,Delivered,2025,3,March,Q1,2025-03,2025Q1
O009856,C00226,2024-05-29,UPI,Cancelled,2024,5,May,Q2,2024-05,2024Q2
O009857,C00884,2024-11-16,UPI,Delivered,2024,11,November,Q4,2024-11,2024Q4
O009858,C01111,2024-05-24,UPI,Delivered,2024,5,May,Q2,2024-05,2024Q2
O009859,C01367,2025-10-20,Cash on Delivery,Delivered,2025,10,October,Q4,2025-10,2025Q4
O009860,C01792,2025-02-06,Net Banking,Cancelled,2025,2,February,Q1,2025-02,2025Q1
O009861,C01897,2025-03-27,Credit Card,Delivered,2025,3,March,Q1,2025-03,2025Q1
O009862,C00122,2024-11-06,Credit Card,Delivered,2024,11,November,Q4,2024-11,2024Q4
O009863,C00732,2025-05-02,Cash on Delivery,Cancelled,2025,5,May,Q2,2025-05,2025Q2
O009864,C01575,2025-03-22,Net Banking,Cancelled,2025,3,March,Q1,2025-03,2025Q1
O009865,C01476,2025-11-21,Credit Card,Delivered,2025,11,November,Q4,2025-11,2025Q4
O009866,C00879,2025-12-01,Debit Card,Delivered,2025,12,December,Q4,2025-12,2025Q4
O009867,C00236,2024-10-27,Debit Card,Delivered,2024,10,October,Q4,2024-10,2024Q4
O009868,C01229,2025-08-03,Net Banking,Cancelled,2025,8,August,Q3,2025-08,2025Q3
O009869,C01348,2024-07-22,Net Banking,Cancelled,2024,7,July,Q3,2024-07,2024Q3
O009870,C01734,2025-07-02,Cash on Delivery,Delivered,2025,7,July,Q3,2025-07,2025Q3
O009871,C01806,2025-09-10,Credit Card,Delivered,2025,9,September,Q3,2025-09,2025Q3
O009872,C01297,2024-10-09,UPI,Cancelled,2024,10,October,Q4,2024-10,2024Q4
O009873,C01563,2025-09-16,Net Banking,Cancelled,2025,9,September,Q3,2025-09,2025Q3
O009874,C00100,2025-09-14,Debit Card,Delivered,2025,9,September,Q3,2025-09,2025Q3
O009875,C00064,2024-07-23,Debit Card,Delivered,2024,7,July,Q3,2024-07,2024Q3
O009876,C00183,2024-12-01,UPI,Delivered,2024,12,December,Q4,2024-12,2024Q4
O009877,C01546,2024-10-14,UPI,Delivered,2024,10,October,Q4,2024-10,2024Q4
O009878,C01624,2024-10-10,Net Banking,Delivered,2024,10,October,Q4,2024-10,2024Q4
O009879,C01063,2025-11-30,UPI,Delivered,2025,11,November,Q4,2025-11,2025Q4
O009880,C01590,2025-12-19,UPI,Cancelled,2025,12,December,Q4,2025-12,2025Q4
O009881,C01575,2025-12-28,UPI,Delivered,2025,12,December,Q4,2025-12,2025Q4
O009882,C00523,2024-07-01,Net Banking,Delivered,2024,7,July,Q3,2024-07,2024Q3
O009883,C01795,2024-09-05,Cash on Delivery,Delivered,2024,9,September,Q3,2024-09,2024Q3
O009884,C01417,2025-02-23,Net Banking,Delivered,2025,2,February,Q1,2025-02,2025Q1
O009885,C00526,2024-10-04,UPI,Cancelled,2024,10,October,Q4,2024-10,2024Q4
O009886,C01722,2024-02-29,Credit Card,Delivered,2024,2,February,Q1,2024-02,2024Q1
O009887,C01155,2025-06-22,Debit Card,Delivered,2025,6,June,Q2,2025-06,2025Q2
O009888,C00575,2024-04-14,Debit Card,Delivered,2024,4,April,Q2,2024-04,2024Q2
O009889,C00062,2024-09-06,Net Banking,Delivered,2024,9,September,Q3,2024-09,2024Q3
O009890,C01210,2025-10-29,Debit Card,Cancelled,2025,10,October,Q4,2025-10,2025Q4
O009891,C00072,2025-10-04,Credit Card,Delivered,2025,10,October,Q4,2025-10,2025Q4
O009892,C01418,2025-06-29,Cash on Delivery,Delivered,2025,6,June,Q2,2025-06,2025Q2
O009893,C00698,2024-07-10,Net Banking,Delivered,2024,7,July,Q3,2024-07,2024Q3
O009894,C01217,2025-09-09,Cash on Delivery,Delivered,2025,9,September,Q3,2025-09,2025Q3
O009895,C01402,2025-02-22,Cash on Delivery,Cancelled,2025,2,February,Q1,2025-02,2025Q1
O009896,C01874,2025-03-25,Cash on Delivery,Cancelled,2025,3,March,Q1,2025-03,2025Q1
O009897,C01340,2024-04-10,UPI,Delivered,2024,4,April,Q2,2024-04,2024Q2
O009898,C00291,2024-03-16,Debit Card,Delivered,2024,3,March,Q1,2024-03,2024Q1
O009899,C00161,2025-12-13,Credit Card,Cancelled,2025,12,December,Q4,2025-12,2025Q4
O009900,C01348,2025-09-01,UPI,Cancelled,2025,9,September,Q3,2025-09,2025Q3
O009901,C00736,2025-01-29,Net Banking,Delivered,2025,1,January,Q1,2025-01,2025Q1
O009902,C01859,2025-07-04,Credit Card,Delivered,2025,7,July,Q3,2025-07,2025Q3
O009903,C01737,2025-01-04,Credit Card,Cancelled,2025,1,January,Q1,2025-01,2025Q1
O009904,C00590,2025-02-19,Debit Card,Delivered,2025,2,February,Q1,2025-02,2025Q1
O009905,C01239,2024-08-31,UPI,Cancelled,2024,8,August,Q3,2024-08,2024Q3
O009906,C01652,2024-03-22,Debit Card,Delivered,2024,3,March,Q1,2024-03,2024Q1
O009907,C00092,2025-09-19,UPI,Delivered,2025,9,September,Q3,2025-09,2025Q3
O009908,C01922,2025-10-03,Debit Card,Delivered,2025,10,October,Q4,2025-10,2025Q4
O009909,C00285,2025-04-14,Credit Card,Delivered,2025,4,April,Q2,2025-04,2025Q2
O009910,C00253,2024-06-25,Net Banking,Delivered,2024,6,June,Q2,2024-06,2024Q2
O009911,C01377,2025-07-13,Debit Card,Cancelled,2025,7,July,Q3,2025-07,2025Q3
O009912,C00656,2024-09-27,Credit Card,Delivered,2024,9,September,Q3,2024-09,2024Q3
O009913,C00276,2025-07-11,Cash on Delivery,Delivered,2025,7,July,Q3,2025-07,2025Q3
O009914,C00266,2025-06-29,Cash on Delivery,Delivered,2025,6,June,Q2,2025-06,2025Q2
O009915,C01961,2025-05-15,Net Banking,Delivered,2025,5,May,Q2,2025-05,2025Q2
O009916,C00248,2025-03-06,Cash on Delivery,Delivered,2025,3,March,Q1,2025-03,2025Q1
O009917,C00281,2025-09-29,Cash on Delivery,Cancelled,2025,9,September,Q3,2025-09,2025Q3
O009918,C00818,2024-06-22,Net Banking,Delivered,2024,6,June,Q2,2024-06,2024Q2
O009919,C01573,2024-12-27,UPI,Cancelled,2024,12,December,Q4,2024-12,2024Q4
O009920,C01070,2024-07-28,Credit Card,Delivered,2024,7,July,Q3,2024-07,2024Q3
O009921,C01655,2025-03-22,Net Banking,Cancelled,2025,3,March,Q1,2025-03,2025Q1
O009922,C01218,2025-10-11,Net Banking,Delivered,2025,10,October,Q4,2025-10,2025Q4
O009923,C00990,2024-02-11,UPI,Delivered,2024,2,February,Q1,2024-02,2024Q1
O009924,C00811,2024-12-23,Credit Card,Delivered,2024,12,December,Q4,2024-12,2024Q4
O009925,C01719,2025-04-25,Credit Card,Delivered,2025,4,April,Q2,2025-04,2025Q2
O009926,C01683,2024-12-06,Debit Card,Delivered,2024,12,December,Q4,2024-12,2024Q4
O009927,C00324,2025-01-21,UPI,Delivered,2025,1,January,Q1,2025-01,2025Q1
O009928,C01684,2025-04-04,Net Banking,Delivered,2025,4,April,Q2,2025-04,2025Q2
O009929,C00423,2024-12-04,UPI,Delivered,2024,12,December,Q4,2024-12,2024Q4
O009930,C00661,2024-02-20,UPI,Delivered,2024,2,February,Q1,2024-02,2024Q1
O009931,C01969,2024-05-13,UPI,Delivered,2024,5,May,Q2,2024-05,2024Q2
O009932,C00700,2024-01-18,Cash on Delivery,Delivered,2024,1,January,Q1,2024-01,2024Q1
O009933,C01703,2025-03-10,UPI,Cancelled,2025,3,March,Q1,2025-03,2025Q1
O009934,C00658,2024-12-14,Cash on Delivery,Cancelled,2024,12,December,Q4,2024-12,2024Q4
O009935,C01716,2025-03-10,Debit Card,Cancelled,2025,3,March,Q1,2025-03,2025Q1
O009936,C00800,2025-05-20,Cash on Delivery,Delivered,2025,5,May,Q2,2025-05,2025Q2
O009937,C00369,2024-02-14,UPI,Delivered,2024,2,February,Q1,2024-02,2024Q1
O009938,C00696,2025-11-26,Credit Card,Delivered,2025,11,November,Q4,2025-11,2025Q4
O009939,C01282,2024-09-26,Debit Card,Delivered,2024,9,September,Q3,2024-09,2024Q3
O009940,C00677,2025-01-05,UPI,Delivered,2025,1,January,Q1,2025-01,2025Q1
O009941,C00386,2025-11-04,UPI,Cancelled,2025,11,November,Q4,2025-11,2025Q4
O009942,C00558,2025-07-02,Credit Card,Delivered,2025,7,July,Q3,2025-07,2025Q3
O009943,C00035,2024-04-24,UPI,Cancelled,2024,4,April,Q2,2024-04,2024Q2
O009944,C00471,2024-02-19,Debit Card,Delivered,2024,2,February,Q1,2024-02,2024Q1
O009945,C00497,2025-06-13,Credit Card,Delivered,2025,6,June,Q2,2025-06,2025Q2
O009946,C01487,2024-10-02,Debit Card,Delivered,2024,10,October,Q4,2024-10,2024Q4
O009947,C00014,2024-02-20,Net Banking,Delivered,2024,2,February,Q1,2024-02,2024Q1
O009948,C01887,2025-07-12,Cash on Delivery,Delivered,2025,7,July,Q3,2025-07,2025Q3
O009949,C01877,2024-08-02,Debit Card,Delivered,2024,8,August,Q3,2024-08,2024Q3
O009950,C01486,2025-03-18,UPI,Delivered,2025,3,March,Q1,2025-03,2025Q1
O009951,C01862,2024-07-14,Debit Card,Delivered,2024,7,July,Q3,2024-07,2024Q3
O009952,C00576,2025-11-27,UPI,Cancelled,2025,11,November,Q4,2025-11,2025Q4
O009953,C01897,2025-07-19,Net Banking,Cancelled,2025,7,July,Q3,2025-07,2025Q3
O009954,C00456,2024-01-22,Debit Card,Delivered,2024,1,January,Q1,2024-01,2024Q1
O009955,C01395,2025-07-08,Net Banking,Delivered,2025,7,July,Q3,2025-07,2025Q3
O009956,C01212,2025-04-09,Cash on Delivery,Delivered,2025,4,April,Q2,2025-04,2025Q2
O009957,C01412,2025-01-16,Debit Card,Delivered,2025,1,January,Q1,2025-01,2025Q1
O009958,C01549,2024-11-30,Credit Card,Delivered,2024,11,November,Q4,2024-11,2024Q4
O009959,C01901,2025-06-30,UPI,Delivered,2025,6,June,Q2,2025-06,2025Q2
O009960,C01906,2025-08-16,Cash on Delivery,Delivered,2025,8,August,Q3,2025-08,2025Q3
O009961,C00468,2024-04-13,UPI,Delivered,2024,4,April,Q2,2024-04,2024Q2
O009962,C01276,2024-11-03,Cash on Delivery,Cancelled,2024,11,November,Q4,2024-11,2024Q4
O009963,C00166,2024-06-16,Cash on Delivery,Delivered,2024,6,June,Q2,2024-06,2024Q2
O009964,C01338,2025-05-29,UPI,Delivered,2025,5,May,Q2,2025-05,2025Q2
O009965,C01647,2024-12-17,Debit Card,Delivered,2024,12,December,Q4,2024-12,2024Q4
O009966,C00309,2024-08-28,Debit Card,Delivered,2024,8,August,Q3,2024-08,2024Q3
O009967,C01994,2025-02-22,Net Banking,Delivered,2025,2,February,Q1,2025-02,2025Q1
O009968,C00949,2025-06-25,Debit Card,Cancelled,2025,6,June,Q2,2025-06,2025Q2
O009969,C01546,2025-06-08,Net Banking,Delivered,2025,6,June,Q2,2025-06,2025Q2
O009970,C01392,2024-08-24,Credit Card,Cancelled,2024,8,August,Q3,2024-08,2024Q3
O009971,C00970,2024-09-13,Net Banking,Delivered,2024,9,September,Q3,2024-09,2024Q3
O009972,C01590,2024-06-29,Debit Card,Delivered,2024,6,June,Q2,2024-06,2024Q2
O009973,C00855,2025-03-18,Credit Card,Delivered,2025,3,March,Q1,2025-03,2025Q1
O009974,C01029,2025-09-12,Debit Card,Cancelled,2025,9,September,Q3,2025-09,2025Q3
O009975,C00295,2025-11-11,UPI,Delivered,2025,11,November,Q4,2025-11,2025Q4
O009976,C01688,2025-01-29,Credit Card,Delivered,2025,1,January,Q1,2025-01,2025Q1
O009977,C00637,2024-11-12,UPI,Delivered,2024,11,November,Q4,2024-11,2024Q4
O009978,C00263,2024-04-22,Debit Card,Delivered,2024,4,April,Q2,2024-04,2024Q2
O009979,C00670,2025-08-18,UPI,Delivered,2025,8,August,Q3,2025-08,2025Q3
O009980,C01987,2025-02-23,Cash on Delivery,Cancelled,2025,2,February,Q1,2025-02,2025Q1
O009981,C01551,2025-06-13,Credit Card,Cancelled,2025,6,June,Q2,2025-06,2025Q2
O009982,C00052,2025-03-31,Credit Card,Delivered,2025,3,March,Q1,2025-03,2025Q1
O009983,C00516,2024-09-01,Debit Card,Delivered,2024,9,September,Q3,2024-09,2024Q3
O009984,C00472,2025-11-01,Cash on Delivery,Cancelled,2025,11,November,Q4,2025-11,2025Q4
O009985,C00383,2024-01-06,Cash on Delivery,Delivered,2024,1,January,Q1,2024-01,2024Q1
O009986,C00326,2025-04-18,UPI,Delivered,2025,4,April,Q2,2025-04,2025Q2
O009987,C00904,2024-02-11,Credit Card,Delivered,2024,2,February,Q1,2024-02,2024Q1
O009988,C00778,2025-07-07,Cash on Delivery,Delivered,2025,7,July,Q3,2025-07,2025Q3
O009989,C01091,2025-08-09,Credit Card,Cancelled,2025,8,August,Q3,2025-08,2025Q3
O009990,C01119,2024-10-05,Net Banking,Delivered,2024,10,October,Q4,2024-10,2024Q4
O009991,C00658,2025-04-01,Cash on Delivery,Cancelled,2025,4,April,Q2,2025-04,2025Q2
O009992,C00915,2024-04-02,UPI,Delivered,2024,4,April,Q2,2024-04,2024Q2
O009993,C00114,2025-08-24,Net Banking,Delivered,2025,8,August,Q3,2025-08,2025Q3
O009994,C00426,2024-02-25,UPI,Delivered,2024,2,February,Q1,2024-02,2024Q1
O009995,C01468,2025-04-21,Net Banking,Cancelled,2025,4,April,Q2,2025-04,2025Q2
O009996,C00738,2024-02-19,Net Banking,Delivered,2024,2,February,Q1,2024-02,2024Q1
O009997,C00761,2025-02-15,Cash on Delivery,Delivered,2025,2,February,Q1,2025-02,2025Q1
O009998,C00812,2024-11-17,Credit Card,Delivered,2024,11,November,Q4,2024-11,2024Q4
O009999,C01345,2025-07-21,Debit Card,Delivered,2025,7,July,Q3,2025-07,2025Q3
O010000,C01724,2024-05-05,Credit Card,Delivered,2024,5,May,Q2,2024-05,2024Q2
