customer_id,customer_name,age,gender,city,state,signup_date,customer_segment
C00001,Aryan Maharaj,19,Female,Mumbai,Maharashtra,2023-09-21,Regular
C00002,Liam Chaudry,65,Male,Bengaluru,Karnataka,2025-07-23,Regular
C00003,Pahal Balay,23,Female,Jaipur,Rajasthan,2022-10-22,Premium
C00004,Tejas Kaul,31,Male,Mumbai,Maharashtra,2024-10-30,Regular
C00005,Rushil Saini,53,Male,Delhi,Delhi,2023-08-14,Regular
C00006,Arunima Ahuja,44,Male,Jaipur,Rajasthan,2025-11-27,Regular
C00007,Pahal Oak,69,Male,Chennai,Tamil Nadu,2023-11-11,Budget
C00008,Tanveer Nayar,62,Female,Bengaluru,Karnataka,2023-02-11,Regular
C00009,Lajita Chatterjee,31,Female,Bengaluru,Karnataka,2024-03-16,Premium
C00010,Aishani Bassi,24,Female,Pune,Maharashtra,2025-10-13,Budget
C00011,Jeet Radhakrishnan,34,Male,Lucknow,Uttar Pradesh,2023-01-06,Regular
C00012,Janaki Handa,25,Female,Jaipur,Rajasthan,2025-09-04,Premium
C00013,Chakradev Kari,58,Female,Chennai,Tamil Nadu,2025-12-19,Regular
C00014,Fariq Kaul,20,Male,Mumbai,Maharashtra,2026-05-14,Budget
C00015,Lajita Mall,32,Male,Mumbai,Maharashtra,2024-08-10,Regular
C00016,Nicholas Prabhakar,58,Female,Ahmedabad,Gujarat,2024-03-10,Premium
C00017,Amara Bora,31,Female,Kolkata,West Bengal,2025-04-09,Regular
C00018,Yash Gade,56,Male,Mumbai,Maharashtra,2024-08-24,Regular
C00019,Anamika Kanda,28,Female,Hyderabad,Telangana,2025-08-04,Regular
C00020,Daksh Karnik,32,Female,Jaipur,Rajasthan,2026-03-05,Budget
C00021,Diya Rattan,32,Male,Delhi,Delhi,2023-10-26,Budget
C00022,Siddharth Murty,35,Male,Pune,Maharashtra,2023-08-02,Regular
C00023,Meghana Shanker,63,Female,Lucknow,Uttar Pradesh,2023-04-15,Regular
C00024,Liam Koshy,43,Female,Ahmedabad,Gujarat,2025-11-06,Premium
C00025,Priya Rastogi,33,Female,Bengaluru,Karnataka,2024-03-21,Regular
C00026,Lakshit Upadhyay,55,Female,Pune,Maharashtra,2024-10-11,Regular
C00027,Champak Choudhary,50,Female,Bengaluru,Karnataka,2023-05-01,Premium
C00028,Pahal Bhatt,25,Male,Delhi,Delhi,2024-04-25,Regular
C00029,Upadhriti Wadhwa,56,Male,Pune,Maharashtra,2023-10-01,Regular
C00030,Ishwar Yadav,47,Female,Lucknow,Uttar Pradesh,2025-11-15,Budget
C00031,Harini Choudhury,61,Male,Delhi,Delhi,2023-12-05,Regular
C00032,Nakul Setty,66,Female,Jaipur,Rajasthan,2022-09-11,Budget
C00033,Xiti Gokhale,25,Female,Kolkata,West Bengal,2024-11-02,Regular
C00034,Chanchal Tripathi,18,Female,Ahmedabad,Gujarat,2025-04-09,Budget
C00035,Michael Prakash,50,Male,Bengaluru,Karnataka,2025-12-03,Budget
C00036,Aadi Naik,58,Male,Chennai,Tamil Nadu,2024-10-04,Premium
C00037,Isaac Patil,52,Male,Bengaluru,Karnataka,2026-06-02,Regular
C00038,Wriddhish Bhardwaj,19,Male,Ahmedabad,Gujarat,2023-09-15,Budget
C00039,Frederick Sunder,33,Male,Chennai,Tamil Nadu,2026-02-24,Regular
C00040,Jeremiah Dave,23,Male,Lucknow,Uttar Pradesh,2025-06-26,Regular
C00041,Noah Lanka,66,Male,Mumbai,Maharashtra,2024-12-03,Premium
C00042,Siddharth Zacharia,53,Male,Ahmedabad,Gujarat,2025-11-22,Regular
C00043,Devika Rastogi,45,Male,Lucknow,Uttar Pradesh,2025-07-15,Budget
C00044,Raksha Varughese,63,Female,Hyderabad,Telangana,2024-08-07,Regular
C00045,Yug Kar,46,Female,Kolkata,West Bengal,2022-12-14,Premium
C00046,Ansh Karpe,22,Female,Hyderabad,Telangana,2025-03-08,Premium
C00047,Abhimanyu Bobal,32,Male,Jaipur,Rajasthan,2025-09-09,Premium
C00048,Veer Bir,32,Male,Delhi,Delhi,2026-07-13,Budget
C00049,Ganga Bobal,22,Male,Kolkata,West Bengal,2024-11-12,Regular
C00050,Arya Sunder,31,Male,Ahmedabad,Gujarat,2023-08-04,Regular
C00051,Urvashi Kibe,54,Female,Lucknow,Uttar Pradesh,2026-01-06,Regular
C00052,Niharika Gupta,69,Female,Ahmedabad,Gujarat,2023-01-30,Premium
C00053,Raagini Pandya,60,Female,Mumbai,Maharashtra,2024-06-25,Regular
C00054,Unni Bhagat,47,Male,Pune,Maharashtra,2025-07-18,Regular
C00055,Darsh Rau,21,Female,Mumbai,Maharashtra,2025-10-11,Regular
C00056,Ikbal Kothari,33,Male,Mumbai,Maharashtra,2023-06-30,Premium
C00057,Saumya Dey,26,Female,Ahmedabad,Gujarat,2024-06-22,Premium
C00058,Arya Shere,33,Male,Ahmedabad,Gujarat,2023-09-29,Regular
C00059,Saanvi Chaudhari,24,Male,Jaipur,Rajasthan,2022-11-23,Regular
C00060,Girik Khalsa,18,Male,Jaipur,Rajasthan,2023-05-22,Budget
C00061,Vedika Srivastava,28,Female,Hyderabad,Telangana,2023-08-04,Regular
C00062,Daniel Gala,43,Male,Hyderabad,Telangana,2024-04-16,Premium
C00063,Madhavi Lanka,42,Female,Delhi,Delhi,2026-08-15,Budget
C00064,Bhavika Sampath,36,Female,Ahmedabad,Gujarat,2025-08-23,Regular
C00065,Mohammed Gupta,60,Female,Jaipur,Rajasthan,2023-12-10,Premium
C00066,Dalbir Bhat,31,Male,Chennai,Tamil Nadu,2025-11-10,Regular
C00067,Dakshesh Bedi,21,Female,Jaipur,Rajasthan,2025-03-01,Premium
C00068,Yadavi Wali,48,Male,Lucknow,Uttar Pradesh,2023-05-08,Premium
C00069,Yashoda Buch,23,Male,Jaipur,Rajasthan,2026-04-20,Premium
C00070,Ekapad Bir,61,Male,Mumbai,Maharashtra,2025-07-20,Regular
C00071,Netra Dar,33,Male,Lucknow,Uttar Pradesh,2026-06-20,Regular
C00072,Balveer Bumb,60,Female,Pune,Maharashtra,2024-06-18,Budget
C00073,Advika Jayaraman,60,Female,Hyderabad,Telangana,2025-07-12,Regular
C00074,William Lanka,26,Female,Pune,Maharashtra,2024-05-12,Regular
C00075,Charita Shankar,18,Female,Mumbai,Maharashtra,2024-01-10,Regular
C00076,Aditya Shanker,24,Male,Lucknow,Uttar Pradesh,2025-04-27,Regular
C00077,Ethan Yogi,34,Male,Jaipur,Rajasthan,2023-08-03,Budget
C00078,Kevin Palla,33,Female,Mumbai,Maharashtra,2026-06-05,Regular
C00079,Yash Pingle,52,Female,Ahmedabad,Gujarat,2023-11-22,Regular
C00080,Raksha Mittal,18,Female,Jaipur,Rajasthan,2025-04-13,Budget
C00081,Chandani Chawla,26,Female,Mumbai,Maharashtra,2026-09-03,Premium
C00082,Aishani D’Alia,65,Male,Mumbai,Maharashtra,2026-06-19,Regular
C00083,Nachiket Magar,31,Female,Lucknow,Uttar Pradesh,2023-11-17,Regular
C00084,Hemal Jani,50,Female,Chennai,Tamil Nadu,2025-08-08,Regular
C00085,Yashasvi Suresh,23,Female,Delhi,Delhi,2023-10-01,Budget
C00086,George Sampath,18,Female,Delhi,Delhi,2026-03-17,Budget
C00087,Chaitanya Aggarwal,28,Female,Chennai,Tamil Nadu,2024-02-06,Regular
C00088,Adweta Edwin,53,Male,Pune,Maharashtra,2025-10-31,Premium
C00089,Prisha Andra,52,Male,Bengaluru,Karnataka,2023-02-26,Budget
C00090,Manthan Banik,53,Male,Lucknow,Uttar Pradesh,2026-03-25,Regular
C00091,Manbir Sani,37,Female,Delhi,Delhi,2023-03-22,Budget
C00092,Darika Patla,40,Male,Delhi,Delhi,2026-07-03,Regular
C00093,Ishita Kade,40,Female,Mumbai,Maharashtra,2025-07-31,Budget
C00094,Harshil Pandya,33,Male,Bengaluru,Karnataka,2025-12-30,Budget
C00095,Mohammed Khalsa,44,Male,Bengaluru,Karnataka,2026-05-11,Premium
C00096,Peter Sachar,68,Female,Kolkata,West Bengal,2022-10-14,Budget
C00097,Gaurangi Sabharwal,35,Male,Hyderabad,Telangana,2026-02-03,Budget
C00098,Amara Dutta,42,Male,Mumbai,Maharashtra,2026-01-11,Budget
C00099,Lavanya Barad,30,Female,Hyderabad,Telangana,2026-05-01,Regular
C00100,Tristan Iyengar,32,Male,Hyderabad,Telangana,2026-02-25,Regular
C00101,Inaya Mody,39,Female,Pune,Maharashtra,2026-03-03,Budget
C00102,Udant Bajwa,40,Female,Chennai,Tamil Nadu,2025-06-27,Regular
C00103,Mohini Narasimhan,39,Male,Jaipur,Rajasthan,2023-11-12,Premium
C00104,Arya Panchal,29,Female,Chennai,Tamil Nadu,2025-05-29,Premium
C00105,Garima Bala,45,Female,Lucknow,Uttar Pradesh,2023-03-04,Regular
C00106,Pranav Lanka,45,Male,Kolkata,West Bengal,2022-11-04,Regular
C00107,Radha Pai,30,Female,Lucknow,Uttar Pradesh,2025-10-11,Premium
C00108,Rajata Vaidya,18,Male,Pune,Maharashtra,2023-03-04,Regular
C00109,Ranveer Kumar,60,Female,Mumbai,Maharashtra,2022-11-13,Regular
C00110,Aarav Venkatesh,64,Female,Mumbai,Maharashtra,2026-08-13,Regular
C00111,Januja Sankar,38,Female,Pune,Maharashtra,2022-12-23,Regular
C00112,Dipta Dash,26,Male,Jaipur,Rajasthan,2025-09-28,Regular
C00113,Yashica More,61,Male,Pune,Maharashtra,2025-07-07,Regular
C00114,Eta Rau,43,Male,Chennai,Tamil Nadu,2025-08-24,Regular
C00115,Joshua Handa,45,Female,Hyderabad,Telangana,2024-06-20,Regular
C00116,Owen Mitra,61,Male,Ahmedabad,Gujarat,2024-05-28,Regular
C00117,Daksha Mangat,60,Male,Bengaluru,Karnataka,2023-07-29,Regular
C00118,Ekanta Shroff,39,Male,Lucknow,Uttar Pradesh,2024-07-23,Budget
C00119,Tanay Vaidya,61,Female,Hyderabad,Telangana,2024-09-10,Regular
C00120,Frado Mander,27,Male,Hyderabad,Telangana,2024-11-14,Premium
C00121,Girik Keer,57,Male,Ahmedabad,Gujarat,2025-07-17,Regular
C00122,Umang Issac,30,Female,Lucknow,Uttar Pradesh,2023-04-22,Regular
C00123,Chakradhar Konda,27,Male,Hyderabad,Telangana,2024-09-13,Budget
C00124,Tamanna Sachdeva,67,Female,Mumbai,Maharashtra,2026-06-13,Regular
C00125,Leena Talwar,47,Male,Jaipur,Rajasthan,2024-05-18,Regular
C00126,Manbir Ahluwalia,47,Male,Mumbai,Maharashtra,2026-06-23,Budget
C00127,Pavani Kanda,53,Female,Jaipur,Rajasthan,2023-06-06,Budget
C00128,Chandresh Krish,57,Female,Ahmedabad,Gujarat,2026-08-01,Budget
C00129,Tanmayi Deol,46,Male,Jaipur,Rajasthan,2026-02-01,Regular
C00130,Edhitha Savant,46,Female,Ahmedabad,Gujarat,2025-04-14,Budget
C00131,Sanaya Dutt,67,Female,Chennai,Tamil Nadu,2025-11-04,Regular
C00132,Shivani Lad,46,Male,Chennai,Tamil Nadu,2025-11-16,Regular
C00133,Aradhana Verma,35,Female,Hyderabad,Telangana,2024-09-27,Regular
C00134,Anvi Sarraf,23,Male,Jaipur,Rajasthan,2023-01-04,Premium
C00135,Wahab Magar,62,Male,Pune,Maharashtra,2024-02-09,Regular
C00136,Faris Devi,44,Female,Mumbai,Maharashtra,2023-04-28,Regular
C00137,Leela Dua,44,Male,Ahmedabad,Gujarat,2025-09-07,Regular
C00138,Devansh Sachdeva,42,Male,Pune,Maharashtra,2024-05-31,Budget
C00139,Unnati Sagar,42,Female,Lucknow,Uttar Pradesh,2022-12-11,Premium
C00140,Osha Ramachandran,37,Female,Kolkata,West Bengal,2026-07-12,Budget
C00141,Lajita Sood,52,Male,Pune,Maharashtra,2022-09-15,Regular
C00142,Chanchal Ramakrishnan,45,Female,Chennai,Tamil Nadu,2026-04-23,Premium
C00143,Thomas Sura,60,Female,Kolkata,West Bengal,2023-08-12,Regular
C00144,Rajata Sunder,26,Male,Ahmedabad,Gujarat,2022-10-21,Budget
C00145,Gayathri Ravel,54,Male,Lucknow,Uttar Pradesh,2025-10-04,Premium
C00146,Unni Datta,26,Female,Pune,Maharashtra,2025-04-29,Premium
C00147,Meera Bala,42,Female,Chennai,Tamil Nadu,2023-01-14,Regular
C00148,Krishna Shenoy,39,Female,Kolkata,West Bengal,2023-06-15,Regular
C00149,Abha Raghavan,34,Male,Pune,Maharashtra,2024-01-27,Regular
C00150,Suhani Narain,21,Female,Jaipur,Rajasthan,2024-02-12,Regular
C00151,Arunima Sama,67,Male,Mumbai,Maharashtra,2023-10-02,Budget
C00152,Upma Bahl,30,Male,Hyderabad,Telangana,2025-11-12,Regular
C00153,Inaya Kapur,26,Female,Hyderabad,Telangana,2025-06-11,Regular
C00154,Banjeet Balasubramanian,31,Female,Lucknow,Uttar Pradesh,2023-09-25,Regular
C00155,Anmol Dua,28,Male,Kolkata,West Bengal,2023-09-11,Budget
C00156,Urvashi Contractor,37,Male,Bengaluru,Karnataka,2025-01-29,Regular
C00157,Udyati Kunda,54,Female,Chennai,Tamil Nadu,2025-12-10,Regular
C00158,Oliver Contractor,22,Male,Hyderabad,Telangana,2025-12-27,Premium
C00159,Deepa Chokshi,61,Male,Chennai,Tamil Nadu,2025-02-20,Budget
C00160,Devika Prashad,68,Male,Lucknow,Uttar Pradesh,2024-05-14,Regular
C00161,Faqid Kibe,60,Female,Pune,Maharashtra,2023-02-11,Premium
C00162,Jai Barman,18,Female,Kolkata,West Bengal,2024-02-27,Budget
C00163,Kamala Biswas,45,Female,Mumbai,Maharashtra,2024-10-30,Regular
C00164,Advik Salvi,63,Male,Ahmedabad,Gujarat,2026-03-06,Regular
C00165,Hitesh Sant,59,Female,Jaipur,Rajasthan,2024-03-21,Regular
C00166,Michael Saran,67,Female,Jaipur,Rajasthan,2023-06-06,Regular
C00167,Veda Shroff,35,Female,Lucknow,Uttar Pradesh,2024-07-13,Budget
C00168,Ekantika Korpal,35,Female,Mumbai,Maharashtra,2026-03-19,Regular
C00169,Arya Seshadri,54,Female,Ahmedabad,Gujarat,2023-09-19,Regular
C00170,Ladli Nayar,38,Male,Ahmedabad,Gujarat,2022-10-20,Regular
C00171,Ekta Gopal,69,Female,Kolkata,West Bengal,2024-10-02,Regular
C00172,Isha Kuruvilla,62,Female,Lucknow,Uttar Pradesh,2024-02-16,Regular
C00173,Anya Anne,30,Male,Jaipur,Rajasthan,2024-11-16,Regular
C00174,Frederick Khurana,49,Male,Pune,Maharashtra,2025-09-28,Regular
C00175,Vrinda Khosla,46,Male,Ahmedabad,Gujarat,2025-08-13,Premium
C00176,Vritti Sem,43,Male,Hyderabad,Telangana,2026-01-19,Regular
C00177,Girik Menon,41,Female,Lucknow,Uttar Pradesh,2023-08-16,Regular
C00178,Yagnesh Mohan,45,Female,Kolkata,West Bengal,2025-07-03,Regular
C00179,Urvashi Wali,35,Female,Ahmedabad,Gujarat,2024-02-22,Regular
C00180,Ganga Pandey,64,Male,Mumbai,Maharashtra,2025-09-01,Regular
C00181,Anika Mohan,66,Male,Jaipur,Rajasthan,2023-10-01,Premium
C00182,Jai Hans,35,Female,Ahmedabad,Gujarat,2024-01-09,Budget
C00183,Qasim Handa,36,Male,Hyderabad,Telangana,2023-08-08,Regular
C00184,Aradhana Vohra,18,Male,Chennai,Tamil Nadu,2025-03-21,Regular
C00185,Harish Hari,53,Female,Delhi,Delhi,2023-12-10,Regular
C00186,Jalsa Gola,58,Female,Bengaluru,Karnataka,2023-12-19,Premium
C00187,Jonathan Mahal,54,Female,Delhi,Delhi,2022-11-15,Regular
C00188,Brinda Date,39,Male,Ahmedabad,Gujarat,2025-05-23,Budget
C00189,Harshil Arora,48,Male,Chennai,Tamil Nadu,2025-02-13,Budget
C00190,Upasna Srinivas,49,Male,Pune,Maharashtra,2024-07-21,Regular
C00191,Qarin Behl,27,Male,Delhi,Delhi,2023-10-03,Budget
C00192,Ishaan Bhattacharyya,23,Male,Chennai,Tamil Nadu,2024-05-20,Premium
C00193,Ethan Bera,56,Male,Pune,Maharashtra,2023-04-29,Budget
C00194,Daksha Chada,46,Female,Pune,Maharashtra,2023-09-26,Regular
C00195,Omaja Kara,45,Female,Lucknow,Uttar Pradesh,2025-12-23,Regular
C00196,Shravya Savant,57,Male,Delhi,Delhi,2023-12-11,Budget
C00197,Dalaja Bhasin,58,Male,Hyderabad,Telangana,2025-04-10,Regular
C00198,Sarthak Kakar,28,Male,Mumbai,Maharashtra,2023-10-22,Premium
C00199,Naksh Khatri,28,Male,Mumbai,Maharashtra,2023-06-03,Regular
C00200,Naksh Agate,48,Female,Lucknow,Uttar Pradesh,2024-06-01,Premium
C00201,Upma Manne,63,Female,Chennai,Tamil Nadu,2022-10-26,Regular
C00202,Bhavya Mandal,22,Male,Ahmedabad,Gujarat,2025-09-02,Budget
C00203,Ekavir Kaur,60,Male,Lucknow,Uttar Pradesh,2026-08-11,Regular
C00204,Rudra Sandal,32,Male,Jaipur,Rajasthan,2023-03-03,Budget
C00205,Manthan Lata,22,Male,Bengaluru,Karnataka,2026-03-13,Premium
C00206,Ekbal Bhasin,56,Female,Chennai,Tamil Nadu,2023-05-21,Regular
C00207,Bhavya Sarna,62,Female,Ahmedabad,Gujarat,2023-03-18,Regular
C00208,Daksha Rau,50,Female,Chennai,Tamil Nadu,2023-11-02,Regular
C00209,Raksha Buch,20,Female,Lucknow,Uttar Pradesh,2025-03-23,Regular
C00210,Rachana Naidu,34,Male,Lucknow,Uttar Pradesh,2025-03-31,Premium
C00211,Atharv Chand,55,Male,Lucknow,Uttar Pradesh,2023-08-27,Budget
C00212,Amruta Baria,54,Male,Chennai,Tamil Nadu,2025-12-04,Budget
C00213,Upma Venkataraman,48,Female,Bengaluru,Karnataka,2025-06-14,Budget
C00214,Arunima Golla,55,Female,Bengaluru,Karnataka,2025-03-03,Regular
C00215,Vyanjana Chand,23,Female,Ahmedabad,Gujarat,2024-09-05,Regular
C00216,Nilima Nath,38,Male,Kolkata,West Bengal,2024-01-17,Budget
C00217,Naveen Narayan,44,Female,Kolkata,West Bengal,2024-06-06,Regular
C00218,Bhavya Rattan,70,Male,Pune,Maharashtra,2026-02-20,Regular
C00219,Suhani Chakrabarti,34,Female,Kolkata,West Bengal,2024-01-07,Premium
C00220,Ekiya D’Alia,50,Male,Pune,Maharashtra,2025-12-19,Regular
C00221,Yoshita Agarwal,47,Female,Jaipur,Rajasthan,2025-06-23,Premium
C00222,Odika Bhagat,41,Female,Jaipur,Rajasthan,2023-06-24,Regular
C00223,Wishi Sathe,31,Female,Delhi,Delhi,2025-11-29,Regular
C00224,Samar Loke,46,Female,Chennai,Tamil Nadu,2025-01-06,Premium
C00225,Bhavna Sarma,69,Male,Lucknow,Uttar Pradesh,2026-06-05,Regular
C00226,Jairaj Balakrishnan,53,Male,Chennai,Tamil Nadu,2025-05-11,Regular
C00227,Nathan Mukhopadhyay,32,Male,Mumbai,Maharashtra,2025-01-08,Regular
C00228,Nikita Chander,59,Male,Mumbai,Maharashtra,2023-08-21,Regular
C00229,Triya Dalal,50,Female,Chennai,Tamil Nadu,2025-06-08,Regular
C00230,Wishi Manne,48,Male,Ahmedabad,Gujarat,2024-11-04,Regular
C00231,Ojasvi Subramanian,42,Male,Bengaluru,Karnataka,2024-09-08,Budget
C00232,Tanmayi Dhillon,65,Male,Jaipur,Rajasthan,2024-04-23,Budget
C00233,Yashoda Deshpande,67,Female,Chennai,Tamil Nadu,2026-05-10,Regular
C00234,Anya Sachdeva,35,Male,Jaipur,Rajasthan,2024-02-15,Regular
C00235,Aarnav Mandal,55,Female,Chennai,Tamil Nadu,2025-10-07,Budget
C00236,Vrishti Dixit,52,Female,Ahmedabad,Gujarat,2024-07-30,Regular
C00237,Hemani Natarajan,66,Female,Jaipur,Rajasthan,2025-01-10,Regular
C00238,Tamanna Nagy,30,Male,Kolkata,West Bengal,2026-05-18,Regular
C00239,William Rajagopal,67,Female,Hyderabad,Telangana,2023-09-03,Premium
C00240,Caleb Nadkarni,63,Female,Ahmedabad,Gujarat,2025-11-05,Regular
C00241,Lakshmi Raju,49,Male,Bengaluru,Karnataka,2025-07-03,Premium
C00242,Warhi Bansal,39,Male,Lucknow,Uttar Pradesh,2023-03-21,Budget
C00243,Harish Sarraf,24,Female,Ahmedabad,Gujarat,2023-02-07,Premium
C00244,Alexander Dhawan,44,Male,Bengaluru,Karnataka,2024-06-03,Premium
C00245,Falan Singh,39,Female,Chennai,Tamil Nadu,2026-01-02,Regular
C00246,Hamsini Rao,61,Female,Kolkata,West Bengal,2025-06-11,Budget
C00247,Falguni Walla,52,Male,Ahmedabad,Gujarat,2024-04-18,Regular
C00248,Vinaya Banik,58,Female,Hyderabad,Telangana,2025-04-22,Budget
C00249,Wahab Mani,45,Male,Mumbai,Maharashtra,2023-08-25,Budget
C00250,Radha Chaudhari,46,Male,Mumbai,Maharashtra,2025-11-30,Regular
C00251,Sachi Ganesan,20,Female,Delhi,Delhi,2025-08-19,Budget
C00252,Ayush Batra,40,Female,Chennai,Tamil Nadu,2024-01-22,Regular
C00253,Chaaya Parmer,51,Female,Hyderabad,Telangana,2024-04-10,Regular
C00254,Madhav Konda,28,Male,Bengaluru,Karnataka,2024-12-09,Premium
C00255,Pranit Garde,57,Male,Pune,Maharashtra,2023-06-04,Regular
C00256,Lavanya Khosla,27,Male,Lucknow,Uttar Pradesh,2024-10-18,Regular
C00257,Vincent Shenoy,47,Female,Chennai,Tamil Nadu,2025-05-23,Regular
C00258,Tripti Kumer,36,Male,Ahmedabad,Gujarat,2025-07-07,Premium
C00259,Udyati Mani,55,Female,Kolkata,West Bengal,2025-07-24,Regular
C00260,Ethan Sathe,62,Female,Pune,Maharashtra,2024-02-24,Regular
C00261,Panini Krishna,30,Female,Chennai,Tamil Nadu,2024-08-15,Budget
C00262,Rushil Rajagopalan,33,Female,Mumbai,Maharashtra,2026-04-23,Regular
C00263,Hredhaan Khalsa,36,Female,Lucknow,Uttar Pradesh,2024-04-20,Premium
C00264,Chakrika Merchant,35,Male,Pune,Maharashtra,2022-10-10,Regular
C00265,Anvi Anand,56,Female,Delhi,Delhi,2025-02-01,Budget
C00266,Watika Mangat,67,Male,Chennai,Tamil Nadu,2025-12-24,Regular
C00267,Indira Kanda,32,Male,Kolkata,West Bengal,2025-05-21,Regular
C00268,Zashil Devan,58,Male,Bengaluru,Karnataka,2025-05-08,Budget
C00269,Balveer More,37,Female,Delhi,Delhi,2026-01-13,Premium
C00270,Bahadurjit Patla,64,Male,Kolkata,West Bengal,2025-10-17,Premium
C00271,Gautam Merchant,38,Female,Chennai,Tamil Nadu,2024-01-26,Premium
C00272,Parth Iyer,68,Female,Bengaluru,Karnataka,2023-03-30,Regular
C00273,Yachana Mahajan,28,Female,Chennai,Tamil Nadu,2026-03-19,Budget
C00274,Aarini Subramaniam,69,Female,Ahmedabad,Gujarat,2026-02-09,Regular
C00275,Hamsini Contractor,69,Male,Kolkata,West Bengal,2024-09-02,Regular
C00276,Lohit Kara,27,Male,Mumbai,Maharashtra,2026-05-04,Budget
C00277,Jasmit Chana,69,Female,Pune,Maharashtra,2026-01-16,Premium
C00278,Akshay Lalla,18,Female,Pune,Maharashtra,2024-12-17,Regular
C00279,Suhani Pillay,41,Female,Ahmedabad,Gujarat,2025-07-17,Regular
C00280,Lakshmi Prabhu,24,Male,Kolkata,West Bengal,2023-02-21,Regular
C00281,Urishilla Bakshi,53,Female,Lucknow,Uttar Pradesh,2025-04-25,Budget
C00282,Timothy Bhatnagar,59,Male,Hyderabad,Telangana,2025-05-20,Regular
C00283,Chasmum Rege,62,Female,Ahmedabad,Gujarat,2023-03-06,Regular
C00284,Chakradev Barad,26,Male,Mumbai,Maharashtra,2023-12-22,Budget
C00285,Jack Chatterjee,49,Male,Chennai,Tamil Nadu,2023-09-05,Premium
C00286,Lipika Setty,26,Female,Jaipur,Rajasthan,2024-04-04,Regular
C00287,Mohammed Sachdeva,44,Male,Jaipur,Rajasthan,2025-06-19,Budget
C00288,Vrishti Reddy,49,Female,Mumbai,Maharashtra,2026-09-03,Budget
C00289,Bachittar Prabhakar,20,Female,Chennai,Tamil Nadu,2023-08-09,Regular
C00290,Sai Keer,33,Female,Ahmedabad,Gujarat,2026-04-26,Premium
C00291,Hardik Pillai,52,Female,Kolkata,West Bengal,2024-12-29,Premium
C00292,Darsh Rao,30,Male,Chennai,Tamil Nadu,2023-11-08,Budget
C00293,Jason Sha,23,Male,Ahmedabad,Gujarat,2023-01-26,Regular
C00294,Ansh Bedi,19,Male,Lucknow,Uttar Pradesh,2026-01-10,Budget
C00295,Yagnesh Dass,26,Male,Hyderabad,Telangana,2026-01-10,Premium
C00296,Ekapad Johal,31,Male,Jaipur,Rajasthan,2025-03-04,Budget
C00297,Viraj Narasimhan,39,Male,Hyderabad,Telangana,2025-12-21,Budget
C00298,Aarnav Malhotra,18,Female,Lucknow,Uttar Pradesh,2026-05-01,Budget
C00299,Kalpit Zachariah,26,Female,Bengaluru,Karnataka,2023-09-30,Budget
C00300,Imaran Bal,60,Male,Mumbai,Maharashtra,2023-03-29,Premium
C00301,Ishita Khanna,68,Male,Kolkata,West Bengal,2025-03-08,Regular
C00302,Amol Ghosh,29,Female,Delhi,Delhi,2023-10-23,Premium
C00303,Jonathan Sama,51,Male,Pune,Maharashtra,2024-12-01,Regular
C00304,Devansh Soni,46,Female,Ahmedabad,Gujarat,2024-08-02,Regular
C00305,Yochana Chopra,46,Male,Mumbai,Maharashtra,2024-08-08,Budget
C00306,Caleb Verma,64,Female,Delhi,Delhi,2023-12-18,Regular
C00307,Azaan Bhat,21,Female,Delhi,Delhi,2024-09-19,Budget
C00308,Pooja Chokshi,61,Male,Pune,Maharashtra,2024-10-06,Regular
C00309,Ethan Buch,22,Male,Ahmedabad,Gujarat,2024-01-19,Regular
C00310,Dominic Date,22,Male,Bengaluru,Karnataka,2023-11-07,Regular
C00311,Lakshmi Wali,53,Female,Lucknow,Uttar Pradesh,2023-12-08,Regular
C00312,Yashasvi Sani,51,Female,Lucknow,Uttar Pradesh,2023-02-07,Regular
C00313,Tanveer Sani,45,Male,Lucknow,Uttar Pradesh,2024-08-07,Budget
C00314,Odika Nori,59,Male,Mumbai,Maharashtra,2026-03-14,Regular
C00315,Mohini Sagar,44,Female,Hyderabad,Telangana,2025-10-13,Budget
C00316,Dhriti Sane,44,Male,Pune,Maharashtra,2024-01-04,Regular
C00317,Kavya Dua,60,Female,Kolkata,West Bengal,2025-08-07,Regular
C00318,Ekalinga Chand,61,Female,Bengaluru,Karnataka,2026-03-21,Premium
C00319,Girik Sankaran,23,Female,Mumbai,Maharashtra,2023-02-03,Premium
C00320,Kalpit Bhasin,69,Male,Kolkata,West Bengal,2025-03-05,Regular
C00321,Jason Roy,53,Female,Lucknow,Uttar Pradesh,2024-03-08,Regular
C00322,Charan Mani,40,Female,Pune,Maharashtra,2025-03-26,Budget
C00323,Indira Chawla,36,Female,Delhi,Delhi,2025-02-19,Regular
C00324,Mohammed Subramaniam,50,Male,Lucknow,Uttar Pradesh,2023-08-20,Premium
C00325,Inaya Pillai,32,Male,Ahmedabad,Gujarat,2023-03-03,Regular
C00326,Upkaar Sanghvi,41,Male,Jaipur,Rajasthan,2026-04-10,Budget
C00327,Amara Balakrishnan,32,Female,Lucknow,Uttar Pradesh,2023-06-13,Budget
C00328,Dayamai Nori,57,Male,Lucknow,Uttar Pradesh,2024-03-04,Regular
C00329,Pratyush Dhar,19,Male,Chennai,Tamil Nadu,2025-02-01,Regular
C00330,Ekaraj Dhar,39,Female,Chennai,Tamil Nadu,2025-10-31,Premium
C00331,Gavin Wali,54,Female,Bengaluru,Karnataka,2023-08-06,Premium
C00332,Oni Setty,23,Male,Delhi,Delhi,2024-02-17,Regular
C00333,Kala Muni,39,Male,Ahmedabad,Gujarat,2025-09-30,Regular
C00334,Frado Ben,67,Male,Kolkata,West Bengal,2023-05-05,Budget
C00335,Chandran Bumb,28,Male,Bengaluru,Karnataka,2023-11-02,Regular
C00336,Panini Sunder,46,Female,Chennai,Tamil Nadu,2025-04-06,Regular
C00337,Oeshi Mahajan,44,Female,Ahmedabad,Gujarat,2023-08-06,Regular
C00338,Hemani Sani,25,Female,Jaipur,Rajasthan,2023-02-25,Regular
C00339,Vidhi Vyas,61,Female,Chennai,Tamil Nadu,2025-07-08,Regular
C00340,Chakradev Kannan,20,Male,Chennai,Tamil Nadu,2024-05-12,Regular
C00341,Abhimanyu Jayaraman,21,Male,Lucknow,Uttar Pradesh,2023-12-18,Regular
C00342,Laksh Kumer,67,Male,Hyderabad,Telangana,2023-11-29,Budget
C00343,Jagdish Amble,38,Male,Chennai,Tamil Nadu,2024-10-17,Premium
C00344,Parth Dayal,29,Male,Pune,Maharashtra,2024-04-18,Regular
C00345,Xiti Pandya,50,Female,Hyderabad,Telangana,2022-12-26,Premium
C00346,Brijesh Sarin,45,Male,Delhi,Delhi,2022-10-05,Regular
C00347,Faras Munshi,38,Female,Mumbai,Maharashtra,2025-02-16,Regular
C00348,Nidhi Sahni,36,Male,Pune,Maharashtra,2023-11-29,Regular
C00349,Nidhi Bail,28,Female,Kolkata,West Bengal,2024-01-23,Budget
C00350,Triveni Pathak,23,Female,Kolkata,West Bengal,2023-01-20,Budget
C00351,Hitesh Kohli,45,Female,Hyderabad,Telangana,2024-07-13,Regular
C00352,Farhan Randhawa,37,Female,Pune,Maharashtra,2026-05-20,Regular
C00353,Harinakshi Kant,22,Male,Bengaluru,Karnataka,2024-02-05,Regular
C00354,Faraj Uppal,67,Female,Hyderabad,Telangana,2025-05-16,Regular
C00355,Yashvi Hari,33,Male,Bengaluru,Karnataka,2026-07-14,Premium
C00356,Indali Divan,29,Male,Hyderabad,Telangana,2023-09-08,Budget
C00357,Madhav Kunda,29,Female,Mumbai,Maharashtra,2023-07-09,Regular
C00358,Michael Borra,66,Female,Lucknow,Uttar Pradesh,2023-06-08,Regular
C00359,Ucchal Sen,59,Female,Lucknow,Uttar Pradesh,2025-07-30,Budget
C00360,Diya Dora,27,Female,Kolkata,West Bengal,2024-07-20,Premium
C00361,Upasna Sathe,58,Female,Ahmedabad,Gujarat,2025-05-13,Budget
C00362,Anvi Bhalla,21,Female,Lucknow,Uttar Pradesh,2024-03-05,Regular
C00363,Dayita Shenoy,47,Female,Chennai,Tamil Nadu,2024-08-08,Premium
C00364,Dakshesh Pillay,36,Male,Kolkata,West Bengal,2026-03-20,Regular
C00365,Faraj Chana,57,Female,Mumbai,Maharashtra,2025-04-18,Regular
C00366,Turvi Barman,68,Male,Jaipur,Rajasthan,2024-08-04,Regular
C00367,Ekanta Soni,59,Male,Lucknow,Uttar Pradesh,2024-10-23,Regular
C00368,David Seshadri,50,Male,Ahmedabad,Gujarat,2023-02-13,Budget
C00369,Frado Thaman,24,Female,Ahmedabad,Gujarat,2025-06-05,Budget
C00370,Balveer Kota,50,Male,Mumbai,Maharashtra,2025-09-09,Premium
C00371,Reva Viswanathan,46,Male,Ahmedabad,Gujarat,2024-11-26,Regular
C00372,Januja Pradhan,42,Female,Chennai,Tamil Nadu,2026-08-01,Budget
C00373,Lila Rege,21,Female,Lucknow,Uttar Pradesh,2025-12-22,Premium
C00374,Charles Natt,53,Female,Mumbai,Maharashtra,2022-12-17,Regular
C00375,Girindra Raju,27,Female,Lucknow,Uttar Pradesh,2023-11-21,Premium
C00376,Mason Nath,40,Female,Bengaluru,Karnataka,2023-01-10,Budget
C00377,Inaya Mukherjee,26,Male,Pune,Maharashtra,2025-06-21,Regular
C00378,Kai Chad,59,Female,Pune,Maharashtra,2023-12-30,Budget
C00379,Falguni Datta,23,Female,Jaipur,Rajasthan,2025-07-12,Regular
C00380,Pallavi Trivedi,41,Female,Delhi,Delhi,2024-03-21,Premium
C00381,Janani More,39,Female,Hyderabad,Telangana,2023-06-13,Premium
C00382,Harita Sunder,27,Male,Bengaluru,Karnataka,2023-07-01,Regular
C00383,Laksh Dubey,50,Male,Mumbai,Maharashtra,2023-01-03,Regular
C00384,Harrison Tripathi,26,Female,Lucknow,Uttar Pradesh,2025-12-16,Premium
C00385,Gayathri Deep,62,Male,Bengaluru,Karnataka,2025-03-21,Regular
C00386,Mitesh Gaba,44,Female,Delhi,Delhi,2023-06-13,Regular
C00387,Raksha Bassi,46,Female,Hyderabad,Telangana,2024-06-05,Budget
C00388,Wazir Sawhney,32,Male,Ahmedabad,Gujarat,2025-04-11,Regular
C00389,Saumya Kaur,30,Female,Ahmedabad,Gujarat,2024-12-13,Regular
C00390,Dayamai Singh,46,Female,Lucknow,Uttar Pradesh,2026-07-11,Budget
C00391,Jhalak Sastry,50,Female,Pune,Maharashtra,2024-08-23,Budget
C00392,Lavanya Thakkar,69,Male,Hyderabad,Telangana,2024-12-03,Budget
C00393,Neel Iyengar,59,Female,Delhi,Delhi,2026-02-01,Budget
C00394,Zashil Ben,24,Male,Jaipur,Rajasthan,2025-05-29,Regular
C00395,Kamya Chauhan,35,Female,Bengaluru,Karnataka,2025-09-15,Budget
C00396,Bhavani Chacko,45,Male,Bengaluru,Karnataka,2025-12-04,Budget
C00397,Anjali Sengupta,70,Female,Hyderabad,Telangana,2026-07-13,Budget
C00398,Rajeshri Chand,44,Male,Delhi,Delhi,2026-07-21,Regular
C00399,Shravya Palla,33,Female,Kolkata,West Bengal,2026-08-21,Budget
C00400,Oeshi Bera,32,Male,Kolkata,West Bengal,2024-05-13,Regular
C00401,Warinder Raju,63,Female,Mumbai,Maharashtra,2023-01-10,Budget
C00402,Udarsh Bala,20,Female,Bengaluru,Karnataka,2024-01-14,Budget
C00403,Gautami Dhingra,62,Male,Ahmedabad,Gujarat,2023-04-07,Budget
C00404,Bhavini Sodhi,46,Male,Ahmedabad,Gujarat,2025-08-22,Budget
C00405,Upasna Sen,34,Male,Delhi,Delhi,2025-04-18,Budget
C00406,Fariq Bahl,64,Female,Jaipur,Rajasthan,2023-10-08,Premium
C00407,Mason Wable,33,Female,Chennai,Tamil Nadu,2024-06-24,Premium
C00408,Bhavya Khanna,44,Female,Hyderabad,Telangana,2023-12-17,Premium
C00409,Champak Khare,56,Male,Ahmedabad,Gujarat,2024-06-19,Regular
C00410,Dev Choudhry,33,Male,Lucknow,Uttar Pradesh,2026-03-28,Regular
C00411,Amol Varma,57,Female,Delhi,Delhi,2025-02-15,Regular
C00412,Maanas Manne,29,Male,Pune,Maharashtra,2024-07-03,Regular
C00413,Ira Khosla,22,Male,Kolkata,West Bengal,2025-02-08,Regular
C00414,Rachit Chada,20,Female,Ahmedabad,Gujarat,2024-11-27,Budget
C00415,Ekansh Vora,65,Male,Chennai,Tamil Nadu,2024-12-29,Regular
C00416,Madhavi Singhal,40,Male,Mumbai,Maharashtra,2022-11-12,Regular
C00417,Kashvi Kulkarni,67,Female,Mumbai,Maharashtra,2025-11-09,Premium
C00418,Ishanvi Bir,52,Female,Kolkata,West Bengal,2024-02-23,Budget
C00419,Hemang Natarajan,67,Female,Bengaluru,Karnataka,2023-04-01,Budget
C00420,Indira Nigam,58,Male,Ahmedabad,Gujarat,2026-02-20,Budget
C00421,Ucchal Srinivas,63,Female,Mumbai,Maharashtra,2025-05-14,Premium
C00422,Krishna Bhatnagar,20,Male,Hyderabad,Telangana,2025-09-22,Budget
C00423,Balhaar Memon,37,Female,Kolkata,West Bengal,2023-07-16,Budget
C00424,Ryan Barman,48,Female,Jaipur,Rajasthan,2024-01-09,Premium
C00425,Yutika Rao,36,Female,Hyderabad,Telangana,2026-02-23,Budget
C00426,Zehaan Bansal,59,Female,Delhi,Delhi,2025-11-19,Regular
C00427,Bhavika Parikh,45,Female,Kolkata,West Bengal,2026-05-07,Regular
C00428,Garima Mahajan,39,Male,Pune,Maharashtra,2023-03-18,Regular
C00429,Rajeshri Ratta,41,Female,Ahmedabad,Gujarat,2025-11-03,Budget
C00430,Libni Nori,23,Female,Pune,Maharashtra,2023-06-23,Regular
C00431,Widisha Pillai,52,Female,Bengaluru,Karnataka,2026-08-11,Regular
C00432,Fitan Samra,38,Female,Mumbai,Maharashtra,2023-01-06,Regular
C00433,Pranit Memon,63,Female,Lucknow,Uttar Pradesh,2024-01-17,Premium
C00434,Fariq Narang,40,Female,Ahmedabad,Gujarat,2025-06-28,Premium
C00435,Damini Sehgal,57,Female,Kolkata,West Bengal,2025-03-30,Regular
C00436,Ojas Sawhney,22,Female,Delhi,Delhi,2024-03-05,Regular
C00437,Brijesh Pandit,19,Male,Bengaluru,Karnataka,2025-04-18,Budget
C00438,Anvi Bhandari,20,Male,Ahmedabad,Gujarat,2022-12-31,Premium
C00439,Januja Varghese,41,Female,Kolkata,West Bengal,2026-02-01,Budget
C00440,Azaan Dhar,56,Male,Delhi,Delhi,2026-04-16,Regular
C00441,Bakhshi Date,41,Female,Kolkata,West Bengal,2022-12-19,Budget
C00442,Jeevika Pathak,26,Female,Lucknow,Uttar Pradesh,2024-04-22,Regular
C00443,Mitesh Sengupta,33,Male,Chennai,Tamil Nadu,2024-04-04,Premium
C00444,Sachi Bose,49,Female,Bengaluru,Karnataka,2025-02-13,Budget
C00445,Jeevika Rao,34,Female,Mumbai,Maharashtra,2024-01-07,Regular
C00446,Zaid Comar,57,Female,Hyderabad,Telangana,2022-10-16,Regular
C00447,Xalak Vasa,30,Male,Ahmedabad,Gujarat,2024-04-29,Premium
C00448,Adweta Lad,46,Male,Mumbai,Maharashtra,2025-09-03,Budget
C00449,Tanish Mangal,23,Female,Ahmedabad,Gujarat,2025-08-19,Regular
C00450,Ryan Das,53,Female,Mumbai,Maharashtra,2023-04-04,Budget
C00451,Siya Gera,63,Male,Bengaluru,Karnataka,2026-07-03,Budget
C00452,Gagan Nagarajan,32,Male,Jaipur,Rajasthan,2025-07-09,Budget
C00453,Dhruv Mannan,33,Female,Bengaluru,Karnataka,2026-06-21,Premium
C00454,Nakul Ghosh,54,Female,Jaipur,Rajasthan,2026-01-20,Regular
C00455,Yashoda Kapur,26,Male,Jaipur,Rajasthan,2023-03-13,Premium
C00456,Liam Khalsa,63,Female,Pune,Maharashtra,2026-01-15,Regular
C00457,Atharv Patel,70,Male,Pune,Maharashtra,2025-01-13,Premium
C00458,Unni Dayal,59,Male,Kolkata,West Bengal,2025-04-13,Regular
C00459,Dominic More,40,Male,Jaipur,Rajasthan,2024-05-16,Budget
C00460,Nirja Rout,58,Male,Jaipur,Rajasthan,2026-03-08,Budget
C00461,Jeremiah Nadig,45,Male,Bengaluru,Karnataka,2025-05-30,Budget
C00462,Shivani Shukla,27,Female,Jaipur,Rajasthan,2025-07-28,Premium
C00463,Kabir Gopal,63,Male,Kolkata,West Bengal,2025-12-11,Regular
C00464,Rachita Thakkar,36,Male,Jaipur,Rajasthan,2026-07-21,Regular
C00465,Jeet Vasa,35,Male,Jaipur,Rajasthan,2023-05-01,Regular
C00466,Nitesh Edwin,52,Male,Lucknow,Uttar Pradesh,2024-01-20,Regular
C00467,Hiral Venkataraman,55,Male,Bengaluru,Karnataka,2026-06-27,Premium
C00468,Farhan Krishna,64,Female,Lucknow,Uttar Pradesh,2023-07-07,Budget
C00469,Jeremiah Mitter,20,Male,Lucknow,Uttar Pradesh,2025-04-17,Premium
C00470,Yadavi Ganguly,34,Male,Lucknow,Uttar Pradesh,2025-03-13,Budget
C00471,Onveer Nazareth,57,Male,Pune,Maharashtra,2026-04-06,Regular
C00472,Ayush Bumb,36,Female,Jaipur,Rajasthan,2022-11-15,Regular
C00473,Shivansh Saha,37,Female,Pune,Maharashtra,2025-04-23,Premium
C00474,Widisha Mann,28,Female,Delhi,Delhi,2025-05-30,Regular
C00475,Vasudha Konda,31,Female,Ahmedabad,Gujarat,2026-02-07,Regular
C00476,Chameli Setty,63,Female,Kolkata,West Bengal,2022-12-28,Regular
C00477,Nakul Sarraf,43,Male,Kolkata,West Bengal,2024-06-12,Budget
C00478,Ucchal Jani,53,Male,Jaipur,Rajasthan,2024-02-16,Regular
C00479,Dhriti Nagar,25,Female,Ahmedabad,Gujarat,2025-10-20,Regular
C00480,Mohini De,24,Male,Bengaluru,Karnataka,2025-11-30,Regular
C00481,Yutika Cherian,57,Female,Pune,Maharashtra,2024-01-14,Regular
C00482,Unnati Das,70,Female,Bengaluru,Karnataka,2023-10-26,Budget
C00483,Yug Dhaliwal,30,Male,Kolkata,West Bengal,2023-02-03,Regular
C00484,Bina Rajagopalan,47,Female,Jaipur,Rajasthan,2026-05-10,Budget
C00485,Yuvraj Dutta,19,Male,Ahmedabad,Gujarat,2026-02-20,Budget
C00486,Dhriti Gupta,47,Male,Jaipur,Rajasthan,2025-12-04,Regular
C00487,Wishi Varma,21,Male,Kolkata,West Bengal,2024-08-31,Regular
C00488,Darika Tank,59,Female,Lucknow,Uttar Pradesh,2022-10-12,Regular
C00489,Maya Tiwari,24,Female,Delhi,Delhi,2024-08-16,Premium
C00490,Tanveer Pandit,64,Female,Chennai,Tamil Nadu,2022-11-20,Budget
C00491,Baghyawati Talwar,20,Female,Kolkata,West Bengal,2025-03-22,Premium
C00492,Bhavika Yadav,30,Female,Jaipur,Rajasthan,2022-09-18,Regular
C00493,Raagini Desai,42,Female,Mumbai,Maharashtra,2026-06-07,Budget
C00494,Jasmit Rau,70,Male,Chennai,Tamil Nadu,2024-03-27,Premium
C00495,Nandini Behl,43,Female,Mumbai,Maharashtra,2025-02-07,Budget
C00496,Janani Mani,53,Female,Kolkata,West Bengal,2022-12-29,Budget
C00497,Yamini Seshadri,56,Female,Hyderabad,Telangana,2025-12-06,Regular
C00498,Jagat Dave,20,Male,Delhi,Delhi,2023-02-03,Regular
C00499,Kashvi Nori,51,Female,Ahmedabad,Gujarat,2025-01-19,Premium
C00500,Maanas Issac,26,Female,Jaipur,Rajasthan,2025-03-29,Budget
C00501,Xiti Baria,28,Female,Kolkata,West Bengal,2022-11-15,Budget
C00502,Laksh Nath,55,Female,Chennai,Tamil Nadu,2026-02-05,Regular
C00503,Zilmil Shan,52,Female,Jaipur,Rajasthan,2023-04-25,Regular
C00504,Falak Nagar,48,Male,Chennai,Tamil Nadu,2023-05-16,Regular
C00505,Chandani Nayar,44,Female,Mumbai,Maharashtra,2024-11-02,Budget
C00506,Chandani Soman,56,Female,Delhi,Delhi,2026-02-24,Regular
C00507,Jyoti Narula,54,Male,Lucknow,Uttar Pradesh,2025-07-18,Regular
C00508,Omaja Morar,48,Male,Lucknow,Uttar Pradesh,2026-01-25,Regular
C00509,Urvi Lanka,67,Female,Lucknow,Uttar Pradesh,2025-06-20,Premium
C00510,Charan Srinivasan,20,Male,Hyderabad,Telangana,2023-05-28,Premium
C00511,Manbir Kibe,38,Female,Ahmedabad,Gujarat,2022-10-25,Premium
C00512,Rayaan Bahl,44,Female,Hyderabad,Telangana,2024-07-22,Budget
C00513,Omya Doshi,63,Male,Delhi,Delhi,2024-06-08,Regular
C00514,Nirja Thaker,38,Female,Jaipur,Rajasthan,2025-12-22,Regular
C00515,David Devi,29,Female,Kolkata,West Bengal,2024-11-19,Budget
C00516,Ekta Sridhar,52,Female,Kolkata,West Bengal,2024-11-30,Regular
C00517,Dipta Ghose,57,Female,Chennai,Tamil Nadu,2024-08-20,Premium
C00518,Irya Lalla,35,Female,Hyderabad,Telangana,2025-04-10,Regular
C00519,Rehaan Koshy,67,Female,Chennai,Tamil Nadu,2023-11-13,Regular
C00520,Umang Mishra,38,Female,Ahmedabad,Gujarat,2025-12-16,Regular
C00521,Sarthak Suresh,36,Male,Chennai,Tamil Nadu,2024-01-11,Regular
C00522,Ikshita Mahal,42,Female,Jaipur,Rajasthan,2023-11-27,Budget
C00523,Ladli Rana,36,Male,Bengaluru,Karnataka,2026-02-28,Regular
C00524,Madhav Mannan,40,Female,Mumbai,Maharashtra,2022-11-10,Regular
C00525,Farhan Pal,31,Male,Ahmedabad,Gujarat,2026-08-11,Budget
C00526,Aahana Srinivas,53,Female,Chennai,Tamil Nadu,2023-08-04,Premium
C00527,Anika Magar,65,Male,Lucknow,Uttar Pradesh,2023-04-07,Regular
C00528,Wriddhish Kibe,32,Male,Jaipur,Rajasthan,2022-11-23,Premium
C00529,Viraj Ben,39,Female,Pune,Maharashtra,2023-02-08,Premium
C00530,Ganga Sodhi,18,Male,Bengaluru,Karnataka,2023-02-09,Regular
C00531,Abdul Dugar,48,Male,Ahmedabad,Gujarat,2024-05-30,Budget
C00532,Vansha Iyengar,38,Female,Chennai,Tamil Nadu,2025-11-23,Regular
C00533,Ekani Mangal,59,Male,Mumbai,Maharashtra,2025-06-05,Regular
C00534,Gaurav Kata,29,Female,Delhi,Delhi,2024-12-15,Budget
C00535,Parth Sahni,20,Female,Bengaluru,Karnataka,2026-06-07,Budget
C00536,Balhaar Ranganathan,65,Female,Bengaluru,Karnataka,2026-01-12,Budget
C00537,Quincy Mann,37,Male,Delhi,Delhi,2026-05-29,Budget
C00538,Aditya Misra,36,Female,Kolkata,West Bengal,2025-02-04,Budget
C00539,Gautami Mane,51,Female,Jaipur,Rajasthan,2024-08-11,Budget
C00540,Krish Thaman,50,Female,Bengaluru,Karnataka,2024-09-02,Regular
C00541,Reyansh Chowdhury,39,Male,Mumbai,Maharashtra,2024-02-01,Regular
C00542,Tara Kurian,63,Male,Chennai,Tamil Nadu,2025-09-26,Premium
C00543,Akshay Nazareth,68,Female,Kolkata,West Bengal,2026-01-16,Regular
C00544,Reyansh Gill,29,Female,Hyderabad,Telangana,2025-04-12,Budget
C00545,Prisha Varma,38,Male,Jaipur,Rajasthan,2024-01-28,Regular
C00546,Nandini Chandran,29,Male,Mumbai,Maharashtra,2023-06-20,Regular
C00547,Vansha Naik,18,Female,Hyderabad,Telangana,2026-08-29,Regular
C00548,Abeer Lal,66,Female,Ahmedabad,Gujarat,2024-04-23,Budget
C00549,Sanya Loke,55,Male,Chennai,Tamil Nadu,2024-01-31,Regular
C00550,Advay Lal,62,Male,Kolkata,West Bengal,2025-06-17,Premium
C00551,Warinder Bhatia,47,Female,Mumbai,Maharashtra,2025-07-09,Premium
C00552,Udyati Mohanty,63,Female,Jaipur,Rajasthan,2023-05-12,Regular
C00553,Yadavi Mukhopadhyay,41,Male,Chennai,Tamil Nadu,2025-08-13,Regular
C00554,Chakrika Pillai,48,Male,Bengaluru,Karnataka,2025-04-17,Regular
C00555,Theodore Deol,41,Female,Lucknow,Uttar Pradesh,2024-09-17,Regular
C00556,Suhani Prakash,66,Male,Ahmedabad,Gujarat,2024-06-12,Budget
C00557,Tejas Kota,68,Male,Lucknow,Uttar Pradesh,2025-07-28,Regular
C00558,Sanya Wable,63,Female,Jaipur,Rajasthan,2025-09-03,Premium
C00559,Faras Choudhury,25,Male,Lucknow,Uttar Pradesh,2022-12-10,Budget
C00560,Mason Gala,30,Male,Jaipur,Rajasthan,2024-01-28,Premium
C00561,Jackson Jha,46,Male,Jaipur,Rajasthan,2025-09-23,Regular
C00562,Gavin Uppal,49,Male,Lucknow,Uttar Pradesh,2024-07-29,Budget
C00563,Sudiksha Deo,69,Male,Ahmedabad,Gujarat,2024-11-11,Regular
C00564,Tanmayi Bhardwaj,44,Female,Jaipur,Rajasthan,2025-01-21,Regular
C00565,Darika Bains,47,Female,Jaipur,Rajasthan,2024-05-13,Regular
C00566,Aarush Kamdar,34,Male,Pune,Maharashtra,2025-02-20,Regular
C00567,Chakradev Sampath,22,Male,Lucknow,Uttar Pradesh,2024-02-23,Regular
C00568,Darpan Biswas,52,Male,Mumbai,Maharashtra,2026-08-26,Budget
C00569,Azad Mangat,48,Male,Mumbai,Maharashtra,2024-06-02,Regular
C00570,Krishna Salvi,67,Male,Bengaluru,Karnataka,2024-04-09,Budget
C00571,Saumya Purohit,41,Female,Pune,Maharashtra,2024-04-11,Regular
C00572,Kiaan Pall,42,Male,Pune,Maharashtra,2023-03-09,Regular
C00573,Maya Wadhwa,26,Female,Jaipur,Rajasthan,2023-03-22,Premium
C00574,Aarush Bajaj,43,Male,Jaipur,Rajasthan,2023-12-13,Regular
C00575,Panini Wali,18,Male,Hyderabad,Telangana,2024-04-17,Budget
C00576,Yug Sharma,61,Female,Ahmedabad,Gujarat,2024-02-25,Regular
C00577,Anya Gulati,33,Female,Hyderabad,Telangana,2026-09-01,Regular
C00578,Azad Saini,30,Male,Chennai,Tamil Nadu,2025-04-18,Premium
C00579,Wridesh Jhaveri,57,Male,Pune,Maharashtra,2022-12-19,Regular
C00580,Bahadurjit Sekhon,24,Male,Mumbai,Maharashtra,2025-03-22,Regular
C00581,Yash Basu,33,Male,Delhi,Delhi,2024-05-22,Regular
C00582,Vivaan Zacharia,52,Male,Hyderabad,Telangana,2023-08-09,Budget
C00583,Logan Thakur,26,Female,Delhi,Delhi,2023-11-29,Regular
C00584,Eiravati Nagi,38,Female,Lucknow,Uttar Pradesh,2023-09-09,Regular
C00585,Luke Verma,60,Male,Bengaluru,Karnataka,2023-08-15,Regular
C00586,Charita Maharaj,21,Male,Chennai,Tamil Nadu,2022-12-09,Regular
C00587,Prisha Tandon,53,Female,Pune,Maharashtra,2022-11-17,Premium
C00588,Lakshmi Vohra,59,Female,Kolkata,West Bengal,2024-01-14,Budget
C00589,Nilima Dixit,62,Female,Kolkata,West Bengal,2023-12-15,Regular
C00590,Qarin Yogi,42,Male,Chennai,Tamil Nadu,2024-09-10,Budget
C00591,Umang Mital,33,Male,Ahmedabad,Gujarat,2026-04-30,Regular
C00592,Ubika Bhardwaj,69,Female,Bengaluru,Karnataka,2025-01-26,Budget
C00593,Omaja Wagle,44,Female,Jaipur,Rajasthan,2023-04-02,Regular
C00594,Xavier Kumer,42,Male,Bengaluru,Karnataka,2023-07-18,Regular
C00595,Farhan Sengupta,59,Male,Kolkata,West Bengal,2026-04-13,Budget
C00596,George Wason,23,Male,Kolkata,West Bengal,2025-10-05,Premium
C00597,Charan Loyal,61,Male,Pune,Maharashtra,2024-04-13,Budget
C00598,Elijah Guha,69,Male,Hyderabad,Telangana,2026-02-06,Regular
C00599,Varenya Joshi,37,Male,Kolkata,West Bengal,2026-05-18,Regular
C00600,Chavvi Aurora,65,Male,Hyderabad,Telangana,2023-08-01,Regular
C00601,Jacob Srinivas,33,Male,Ahmedabad,Gujarat,2026-07-27,Regular
C00602,Samarth Ranganathan,53,Female,Hyderabad,Telangana,2026-07-28,Budget
C00603,Ekanta Mandal,47,Female,Pune,Maharashtra,2024-04-19,Regular
C00604,Jagrati Morar,50,Female,Kolkata,West Bengal,2023-10-17,Regular
C00605,Yochana Tank,66,Female,Ahmedabad,Gujarat,2024-08-29,Budget
C00606,Upasna Nagarajan,38,Female,Kolkata,West Bengal,2026-07-27,Premium
C00607,Kamala Munshi,65,Male,Hyderabad,Telangana,2024-06-10,Premium
C00608,Timothy Dhingra,55,Female,Jaipur,Rajasthan,2022-10-01,Regular
C00609,Omisha Merchant,39,Male,Hyderabad,Telangana,2023-04-30,Regular
C00610,Forum Karpe,49,Female,Hyderabad,Telangana,2024-04-18,Regular
C00611,Xalak Nazareth,64,Female,Ahmedabad,Gujarat,2023-10-10,Regular
C00612,Vritti Sharma,28,Male,Kolkata,West Bengal,2023-05-25,Regular
C00613,Omkaar Dey,29,Male,Ahmedabad,Gujarat,2025-09-28,Regular
C00614,Qarin Bhargava,70,Male,Mumbai,Maharashtra,2024-11-27,Budget
C00615,Falan Bava,26,Male,Pune,Maharashtra,2025-12-06,Premium
C00616,Nitara Devan,18,Male,Bengaluru,Karnataka,2026-04-06,Regular
C00617,Ekansh Dora,21,Female,Kolkata,West Bengal,2022-09-20,Regular
C00618,Yashasvi Shah,18,Female,Delhi,Delhi,2024-04-07,Premium
C00619,Vasudha Sura,64,Female,Jaipur,Rajasthan,2022-09-30,Regular
C00620,Nisha Arora,19,Female,Chennai,Tamil Nadu,2022-10-01,Budget
C00621,Bhavini Badal,24,Male,Bengaluru,Karnataka,2024-10-25,Regular
C00622,Praneel Chhabra,30,Female,Hyderabad,Telangana,2026-08-02,Budget
C00623,Manthan Khosla,68,Female,Chennai,Tamil Nadu,2023-07-01,Premium
C00624,Irya Loke,47,Male,Pune,Maharashtra,2026-01-22,Budget
C00625,Farhan Prakash,37,Male,Hyderabad,Telangana,2024-05-28,Regular
C00626,Yagnesh Kara,23,Female,Delhi,Delhi,2023-12-15,Regular
C00627,Azad Chander,48,Male,Jaipur,Rajasthan,2024-05-27,Regular
C00628,Krishna Soni,23,Female,Bengaluru,Karnataka,2022-12-02,Budget
C00629,Onveer Butala,54,Male,Kolkata,West Bengal,2024-10-21,Budget
C00630,Garima Chandran,32,Male,Delhi,Delhi,2026-06-27,Budget
C00631,Victor Kakar,48,Female,Lucknow,Uttar Pradesh,2026-07-07,Premium
C00632,Anika Batra,61,Female,Mumbai,Maharashtra,2026-08-11,Budget
C00633,Avni Bali,60,Male,Lucknow,Uttar Pradesh,2023-06-11,Premium
C00634,Amol Johal,19,Male,Kolkata,West Bengal,2025-03-05,Regular
C00635,Mitali Bose,22,Female,Pune,Maharashtra,2023-12-14,Premium
C00636,Wridesh Ramachandran,54,Female,Hyderabad,Telangana,2025-07-23,Regular
C00637,Leena Dey,39,Female,Jaipur,Rajasthan,2026-01-15,Budget
C00638,Xiti Pal,68,Male,Bengaluru,Karnataka,2022-11-28,Regular
C00639,Rajeshri Kata,21,Male,Kolkata,West Bengal,2026-03-31,Regular
C00640,Harini Ranganathan,39,Female,Mumbai,Maharashtra,2025-12-20,Budget
C00641,Ayushman Mahajan,19,Female,Kolkata,West Bengal,2026-01-05,Budget
C00642,Vritti Kari,49,Male,Ahmedabad,Gujarat,2024-03-11,Regular
C00643,Rachana Grewal,45,Male,Pune,Maharashtra,2025-07-27,Regular
C00644,Frederick Merchant,23,Female,Pune,Maharashtra,2026-01-27,Budget
C00645,Ethan Butala,23,Female,Mumbai,Maharashtra,2023-10-27,Premium
C00646,Lajita Dube,65,Female,Bengaluru,Karnataka,2025-10-29,Regular
C00647,Edhitha Patel,23,Male,Mumbai,Maharashtra,2023-02-18,Budget
C00648,Abdul Morar,41,Female,Ahmedabad,Gujarat,2024-07-27,Premium
C00649,Anamika Chaudry,29,Female,Mumbai,Maharashtra,2023-03-30,Regular
C00650,Rachit Sankar,50,Female,Jaipur,Rajasthan,2024-08-03,Premium
C00651,Harshil Bal,40,Male,Mumbai,Maharashtra,2023-01-23,Regular
C00652,Girik Nair,42,Male,Kolkata,West Bengal,2026-05-09,Regular
C00653,Advik Manne,67,Male,Pune,Maharashtra,2024-06-09,Regular
C00654,Frado Kibe,33,Male,Jaipur,Rajasthan,2025-02-10,Regular
C00655,Lajita Gara,26,Female,Bengaluru,Karnataka,2023-04-09,Regular
C00656,Charvi Loyal,27,Male,Ahmedabad,Gujarat,2024-10-11,Premium
C00657,Dev Ganesh,44,Female,Chennai,Tamil Nadu,2024-07-12,Regular
C00658,Oviya Mistry,41,Female,Mumbai,Maharashtra,2024-09-27,Budget
C00659,Jalsa Krishnamurthy,56,Male,Ahmedabad,Gujarat,2023-09-24,Regular
C00660,Rohan Shankar,37,Male,Bengaluru,Karnataka,2023-02-19,Budget
C00661,Daksha Ahuja,57,Female,Kolkata,West Bengal,2024-05-12,Budget
C00662,Lajita Narayan,46,Female,Kolkata,West Bengal,2024-07-20,Regular
C00663,Qushi Deshpande,26,Female,Lucknow,Uttar Pradesh,2023-12-16,Regular
C00664,Sai Srinivas,48,Female,Hyderabad,Telangana,2024-01-07,Premium
C00665,Mitali Nagar,38,Female,Pune,Maharashtra,2023-12-02,Regular
C00666,Xavier Nanda,54,Male,Ahmedabad,Gujarat,2024-04-12,Regular
C00667,Maya Patla,70,Female,Chennai,Tamil Nadu,2023-03-01,Regular
C00668,Pranit Bala,30,Male,Lucknow,Uttar Pradesh,2025-10-09,Regular
C00669,Shaurya Sarma,19,Female,Jaipur,Rajasthan,2026-01-27,Budget
C00670,Ekapad Rege,46,Female,Hyderabad,Telangana,2025-07-17,Budget
C00671,Liam Mitter,70,Female,Mumbai,Maharashtra,2023-09-16,Regular
C00672,Mitesh Sampath,58,Female,Bengaluru,Karnataka,2026-01-13,Regular
C00673,Ethan Sen,63,Female,Bengaluru,Karnataka,2025-03-22,Budget
C00674,Nandini Warrior,46,Female,Mumbai,Maharashtra,2024-10-31,Regular
C00675,Balhaar Parsa,50,Female,Jaipur,Rajasthan,2025-08-30,Regular
C00676,Ikbal Kothari,62,Male,Kolkata,West Bengal,2025-06-23,Premium
C00677,Ojas Basu,60,Female,Hyderabad,Telangana,2025-01-27,Premium
C00678,Garima Sani,20,Female,Lucknow,Uttar Pradesh,2023-02-17,Budget
C00679,Guneet Kuruvilla,68,Female,Kolkata,West Bengal,2023-08-16,Premium
C00680,Sanaya Prasad,34,Male,Mumbai,Maharashtra,2024-05-05,Regular
C00681,Xiti Dora,53,Male,Jaipur,Rajasthan,2024-02-23,Regular
C00682,Vasudha Cheema,47,Male,Pune,Maharashtra,2023-12-08,Regular
C00683,Frederick D’Alia,48,Male,Delhi,Delhi,2026-03-20,Regular
C00684,Ijaya Muni,25,Male,Mumbai,Maharashtra,2024-02-20,Regular
C00685,Samuel Verma,47,Male,Kolkata,West Bengal,2024-09-25,Regular
C00686,Vamakshi Chatterjee,48,Male,Kolkata,West Bengal,2024-07-17,Regular
C00687,Eiravati Bhavsar,38,Male,Ahmedabad,Gujarat,2023-12-16,Regular
C00688,Ishwar Bajaj,19,Female,Mumbai,Maharashtra,2026-04-17,Regular
C00689,Ikbal Gala,65,Male,Bengaluru,Karnataka,2026-08-20,Regular
C00690,Zaitra Ghosh,28,Female,Jaipur,Rajasthan,2025-01-10,Regular
C00691,Ganga Sandhu,32,Female,Ahmedabad,Gujarat,2024-08-23,Regular
C00692,Nidhi Gour,58,Female,Bengaluru,Karnataka,2023-06-22,Regular
C00693,Meghana Balakrishnan,30,Female,Lucknow,Uttar Pradesh,2025-10-25,Regular
C00694,Shivani Sanghvi,18,Male,Pune,Maharashtra,2024-05-02,Regular
C00695,Tanish Jha,54,Male,Mumbai,Maharashtra,2023-11-12,Budget
C00696,Harsh Yadav,29,Female,Jaipur,Rajasthan,2023-06-23,Regular
C00697,Eshana Hegde,25,Female,Ahmedabad,Gujarat,2024-08-16,Regular
C00698,Adweta Suri,51,Female,Ahmedabad,Gujarat,2024-12-03,Regular
C00699,Lipika Ramanathan,43,Male,Lucknow,Uttar Pradesh,2025-03-05,Regular
C00700,Ijaya Pandey,57,Male,Ahmedabad,Gujarat,2026-04-11,Budget
C00701,Orinder Mishra,57,Male,Chennai,Tamil Nadu,2026-08-03,Regular
C00702,Krish Munshi,25,Male,Kolkata,West Bengal,2023-03-08,Regular
C00703,Dalaja Dada,41,Male,Bengaluru,Karnataka,2023-06-17,Regular
C00704,Lohit Vaidya,56,Male,Pune,Maharashtra,2024-05-01,Regular
C00705,Lakshit Rajagopal,29,Female,Pune,Maharashtra,2024-06-24,Regular
C00706,Vidhi Yogi,53,Male,Bengaluru,Karnataka,2025-08-18,Regular
C00707,Ojas Suri,29,Female,Bengaluru,Karnataka,2023-11-28,Budget
C00708,Rachit Murty,21,Female,Lucknow,Uttar Pradesh,2026-04-05,Budget
C00709,Chatresh Parmer,26,Male,Ahmedabad,Gujarat,2022-09-20,Budget
C00710,Laban Hayer,50,Female,Jaipur,Rajasthan,2026-02-23,Regular
C00711,Yashasvi Talwar,44,Female,Ahmedabad,Gujarat,2024-06-02,Regular
C00712,Ojasvi Sawhney,54,Male,Mumbai,Maharashtra,2024-10-04,Budget
C00713,Fitan Balasubramanian,36,Male,Hyderabad,Telangana,2026-01-24,Regular
C00714,Brinda Bali,36,Male,Jaipur,Rajasthan,2023-11-06,Budget
C00715,Bhavya Ganguly,65,Female,Lucknow,Uttar Pradesh,2025-12-31,Regular
C00716,Warhi Vaidya,54,Male,Mumbai,Maharashtra,2023-02-28,Regular
C00717,Amrita Peri,70,Female,Jaipur,Rajasthan,2024-12-26,Regular
C00718,Ridhi Kamdar,66,Female,Delhi,Delhi,2024-06-27,Regular
C00719,Yug Mishra,24,Male,Pune,Maharashtra,2026-05-26,Regular
C00720,Shivani Lall,46,Female,Delhi,Delhi,2024-02-29,Regular
C00721,Reva Dalal,46,Male,Mumbai,Maharashtra,2025-12-23,Budget
C00722,Shaurya Panchal,31,Female,Hyderabad,Telangana,2026-05-05,Budget
C00723,Noah Dewan,58,Female,Lucknow,Uttar Pradesh,2026-01-07,Premium
C00724,Samuel Bhargava,68,Male,Bengaluru,Karnataka,2025-02-07,Budget
C00725,Avni Yohannan,54,Female,Delhi,Delhi,2023-05-25,Regular
C00726,Brinda Mann,52,Male,Lucknow,Uttar Pradesh,2025-02-11,Regular
C00727,Yoshita Chandran,36,Female,Chennai,Tamil Nadu,2023-04-04,Budget
C00728,Daniel Malhotra,61,Male,Jaipur,Rajasthan,2026-05-14,Premium
C00729,Kevin Krish,21,Female,Pune,Maharashtra,2023-04-21,Budget
C00730,Yug Ramaswamy,62,Male,Bengaluru,Karnataka,2024-10-05,Regular
C00731,Amruta Sachdeva,33,Female,Kolkata,West Bengal,2024-04-10,Regular
C00732,Faqid Chander,58,Female,Lucknow,Uttar Pradesh,2024-05-23,Regular
C00733,Jyoti Sha,46,Male,Pune,Maharashtra,2024-10-03,Regular
C00734,Aarnav Chander,43,Female,Mumbai,Maharashtra,2025-10-15,Regular
C00735,Ishita Bhatnagar,47,Female,Kolkata,West Bengal,2026-01-24,Regular
C00736,Tejas Sanghvi,67,Male,Delhi,Delhi,2026-03-10,Regular
C00737,Warda Loyal,58,Female,Ahmedabad,Gujarat,2024-01-20,Budget
C00738,Geetika De,43,Male,Jaipur,Rajasthan,2025-02-01,Budget
C00739,Hemal Bava,49,Female,Hyderabad,Telangana,2022-11-16,Regular
C00740,Tripti Babu,39,Male,Chennai,Tamil Nadu,2023-03-17,Regular
C00741,Ridhi Shan,68,Female,Ahmedabad,Gujarat,2022-09-07,Budget
C00742,Samaksh Deo,20,Male,Delhi,Delhi,2026-06-07,Regular
C00743,Nathan Mahal,19,Male,Ahmedabad,Gujarat,2023-01-28,Budget
C00744,Zashil Butala,46,Female,Bengaluru,Karnataka,2024-04-05,Premium
C00745,Charles Randhawa,30,Male,Pune,Maharashtra,2025-05-04,Budget
C00746,Vivaan Sanghvi,28,Female,Chennai,Tamil Nadu,2025-06-20,Premium
C00747,Girish Agarwal,34,Male,Kolkata,West Bengal,2023-08-03,Regular
C00748,Faras Deo,21,Female,Bengaluru,Karnataka,2025-03-16,Regular
C00749,Zilmil Saxena,45,Male,Hyderabad,Telangana,2022-09-20,Regular
C00750,Hemal Dara,31,Female,Delhi,Delhi,2026-05-04,Premium
C00751,Kevin Sridhar,32,Female,Lucknow,Uttar Pradesh,2022-12-25,Premium
C00752,Leela Chakraborty,70,Male,Kolkata,West Bengal,2025-10-15,Budget
C00753,Harshil Munshi,62,Male,Pune,Maharashtra,2024-03-29,Regular
C00754,Laksh Raja,42,Male,Hyderabad,Telangana,2025-12-20,Regular
C00755,Luke Biswas,24,Female,Mumbai,Maharashtra,2024-12-08,Regular
C00756,Nitesh Sarraf,26,Female,Chennai,Tamil Nadu,2024-03-04,Budget
C00757,Max Sabharwal,59,Male,Bengaluru,Karnataka,2025-04-20,Premium
C00758,Teerth Chadha,18,Male,Lucknow,Uttar Pradesh,2026-06-29,Regular
C00759,Logan Dasgupta,58,Male,Hyderabad,Telangana,2025-03-09,Budget
C00760,Indali Sanghvi,61,Female,Lucknow,Uttar Pradesh,2024-01-07,Budget
C00761,Yug Malhotra,24,Male,Mumbai,Maharashtra,2025-06-03,Budget
C00762,Yuvraj Mane,64,Female,Lucknow,Uttar Pradesh,2025-12-29,Regular
C00763,Charvi Jha,38,Male,Pune,Maharashtra,2024-11-18,Regular
C00764,Manya Merchant,33,Female,Mumbai,Maharashtra,2025-06-05,Budget
C00765,Wriddhish Talwar,60,Female,Delhi,Delhi,2024-04-27,Regular
C00766,Wridesh Tata,50,Male,Lucknow,Uttar Pradesh,2025-05-24,Regular
C00767,Advik Patel,59,Male,Chennai,Tamil Nadu,2026-08-26,Budget
C00768,Kevin Ram,49,Female,Hyderabad,Telangana,2026-05-05,Premium
C00769,Jasmit Gera,58,Male,Ahmedabad,Gujarat,2025-12-03,Regular
C00770,Elijah Badal,41,Female,Delhi,Delhi,2025-03-06,Premium
C00771,Akshay Lala,44,Female,Lucknow,Uttar Pradesh,2023-08-07,Regular
C00772,Darpan Rao,66,Female,Bengaluru,Karnataka,2024-10-31,Budget
C00773,Yachana Sagar,19,Male,Mumbai,Maharashtra,2024-06-25,Premium
C00774,Fitan Yadav,20,Male,Hyderabad,Telangana,2024-12-19,Budget
C00775,Arunima Chacko,50,Female,Pune,Maharashtra,2023-12-31,Regular
C00776,Yasti Jani,67,Female,Jaipur,Rajasthan,2026-02-12,Regular
C00777,Eta Raman,23,Male,Pune,Maharashtra,2025-03-04,Regular
C00778,Dayita Sarkar,23,Male,Chennai,Tamil Nadu,2025-10-13,Budget
C00779,Dalbir Konda,52,Female,Bengaluru,Karnataka,2023-01-17,Regular
C00780,Jack Setty,37,Female,Mumbai,Maharashtra,2025-04-14,Regular
C00781,Dayamai Gill,21,Male,Hyderabad,Telangana,2023-03-10,Premium
C00782,Laksh Apte,25,Female,Pune,Maharashtra,2023-05-18,Regular
C00783,Idika Virk,37,Male,Delhi,Delhi,2024-11-17,Premium
C00784,Ojas Prabhu,62,Male,Bengaluru,Karnataka,2023-03-22,Premium
C00785,Jacob Balan,51,Female,Kolkata,West Bengal,2024-02-08,Premium
C00786,Anita Viswanathan,65,Female,Bengaluru,Karnataka,2022-12-14,Regular
C00787,Faraj Taneja,67,Male,Mumbai,Maharashtra,2024-08-13,Regular
C00788,Christopher Tata,35,Male,Pune,Maharashtra,2026-05-02,Regular
C00789,Jhalak Dugar,58,Male,Lucknow,Uttar Pradesh,2023-10-07,Regular
C00790,Jack Kari,41,Male,Jaipur,Rajasthan,2025-10-30,Regular
C00791,Chaitanya Arora,28,Female,Lucknow,Uttar Pradesh,2023-09-20,Premium
C00792,Urmi Patla,54,Male,Mumbai,Maharashtra,2024-04-22,Regular
C00793,Praneel Banik,18,Male,Jaipur,Rajasthan,2025-01-11,Budget
C00794,Udarsh Nagy,33,Male,Delhi,Delhi,2023-09-26,Regular
C00795,Ekaja Madan,27,Male,Pune,Maharashtra,2026-03-12,Budget
C00796,Kashish Dar,53,Female,Delhi,Delhi,2024-10-24,Regular
C00797,Praneel Kapoor,44,Female,Hyderabad,Telangana,2026-02-06,Regular
C00798,Nandini Biswas,54,Female,Mumbai,Maharashtra,2026-05-30,Premium
C00799,Barkha Mukhopadhyay,29,Male,Delhi,Delhi,2024-01-27,Budget
C00800,Tanmayi Anand,43,Male,Delhi,Delhi,2024-04-01,Budget
C00801,Bishakha Modi,67,Female,Chennai,Tamil Nadu,2025-10-28,Regular
C00802,Ucchal Pillay,47,Male,Jaipur,Rajasthan,2025-03-13,Regular
C00803,Rohan Korpal,54,Female,Chennai,Tamil Nadu,2023-04-27,Regular
C00804,Nimrat Bajwa,47,Female,Hyderabad,Telangana,2023-09-02,Regular
C00805,Aditya Nayak,67,Male,Ahmedabad,Gujarat,2022-09-08,Regular
C00806,Damyanti Chawla,66,Male,Jaipur,Rajasthan,2023-07-21,Premium
C00807,Oni Swamy,19,Male,Pune,Maharashtra,2022-12-08,Regular
C00808,Ati Chander,39,Male,Delhi,Delhi,2022-11-13,Budget
C00809,Zinal Sachar,65,Female,Pune,Maharashtra,2025-08-29,Premium
C00810,Tara Chad,33,Female,Jaipur,Rajasthan,2025-02-24,Regular
C00811,Yashasvi Deol,27,Female,Delhi,Delhi,2025-05-22,Premium
C00812,Falan Bhatia,51,Female,Hyderabad,Telangana,2024-07-12,Regular
C00813,Warjas Manne,47,Male,Kolkata,West Bengal,2023-10-16,Regular
C00814,Maya Narain,26,Female,Jaipur,Rajasthan,2024-01-13,Premium
C00815,Anita Kaur,21,Female,Lucknow,Uttar Pradesh,2022-12-31,Regular
C00816,Laban Chopra,33,Female,Bengaluru,Karnataka,2023-05-05,Regular
C00817,Nitesh Sengupta,69,Female,Kolkata,West Bengal,2024-08-29,Regular
C00818,Niharika Dara,38,Female,Kolkata,West Bengal,2024-12-16,Regular
C00819,Sarthak Seth,30,Male,Mumbai,Maharashtra,2023-12-28,Budget
C00820,Alka Dar,24,Male,Lucknow,Uttar Pradesh,2023-01-24,Premium
C00821,Daksha Baria,47,Female,Ahmedabad,Gujarat,2023-08-06,Regular
C00822,Manbir Chand,40,Male,Jaipur,Rajasthan,2025-09-14,Regular
C00823,Ishani Randhawa,34,Male,Ahmedabad,Gujarat,2024-11-11,Premium
C00824,Chandani Lad,70,Male,Chennai,Tamil Nadu,2026-03-02,Regular
C00825,Azaan Ravel,27,Male,Kolkata,West Bengal,2026-04-25,Regular
C00826,Zaid Chandra,43,Male,Kolkata,West Bengal,2024-08-23,Regular
C00827,Logan Dara,70,Male,Chennai,Tamil Nadu,2022-09-24,Premium
C00828,Tristan De,46,Male,Pune,Maharashtra,2023-07-10,Premium
C00829,Kashish Chad,69,Male,Mumbai,Maharashtra,2025-02-26,Premium
C00830,Falan Bains,67,Male,Delhi,Delhi,2022-12-15,Premium
C00831,Sachi Dave,41,Male,Pune,Maharashtra,2023-01-26,Regular
C00832,Jason Basak,70,Male,Chennai,Tamil Nadu,2024-08-22,Premium
C00833,Om Sant,30,Female,Mumbai,Maharashtra,2026-03-05,Budget
C00834,Watika Balan,69,Female,Mumbai,Maharashtra,2024-04-22,Premium
C00835,Orinder Pandya,21,Male,Ahmedabad,Gujarat,2023-08-05,Budget
C00836,Anvi Mammen,70,Female,Pune,Maharashtra,2024-07-29,Regular
C00837,Bakhshi Korpal,61,Female,Pune,Maharashtra,2025-06-07,Premium
C00838,Wishi Sabharwal,29,Female,Hyderabad,Telangana,2026-06-08,Regular
C00839,Darsh Chahal,20,Male,Bengaluru,Karnataka,2023-11-14,Regular
C00840,Laksh Saini,44,Female,Ahmedabad,Gujarat,2023-07-12,Premium
C00841,Anirudh Raja,42,Male,Chennai,Tamil Nadu,2026-01-02,Regular
C00842,Varsha Sundaram,33,Male,Jaipur,Rajasthan,2024-02-22,Budget
C00843,Lipika Madan,48,Female,Kolkata,West Bengal,2023-06-12,Regular
C00844,Eiravati Kanda,50,Female,Lucknow,Uttar Pradesh,2022-10-21,Regular
C00845,Dalbir Sodhi,19,Female,Bengaluru,Karnataka,2024-12-06,Regular
C00846,Viraj Dutta,69,Female,Delhi,Delhi,2023-02-08,Premium
C00847,Wridesh Lata,51,Female,Ahmedabad,Gujarat,2024-12-13,Budget
C00848,Theodore Rama,28,Male,Hyderabad,Telangana,2024-03-10,Regular
C00849,Patrick Khalsa,35,Male,Hyderabad,Telangana,2025-03-14,Budget
C00850,Jagrati Bala,54,Female,Hyderabad,Telangana,2025-09-02,Regular
C00851,Lucky Guha,29,Male,Bengaluru,Karnataka,2026-03-28,Regular
C00852,Dayamai Gill,55,Male,Kolkata,West Bengal,2024-10-06,Regular
C00853,Gautam Bhalla,54,Male,Kolkata,West Bengal,2023-09-02,Regular
C00854,Anmol Vyas,69,Female,Hyderabad,Telangana,2024-09-17,Regular
C00855,Garima Jaggi,49,Male,Bengaluru,Karnataka,2026-02-09,Premium
C00856,Harini Goel,56,Male,Hyderabad,Telangana,2026-08-03,Premium
C00857,Daniel Bains,18,Female,Ahmedabad,Gujarat,2023-04-23,Budget
C00858,Indrajit Vora,69,Male,Hyderabad,Telangana,2026-05-05,Regular
C00859,Elijah Prakash,69,Female,Bengaluru,Karnataka,2025-09-04,Premium
C00860,Harrison Nayar,55,Male,Bengaluru,Karnataka,2023-12-18,Budget
C00861,Laban Dugar,41,Male,Jaipur,Rajasthan,2025-10-17,Regular
C00862,Vidhi Nadig,55,Male,Pune,Maharashtra,2023-06-03,Regular
C00863,Udant Gill,26,Male,Kolkata,West Bengal,2024-04-15,Regular
C00864,Chaitaly Datta,68,Female,Pune,Maharashtra,2023-06-09,Regular
C00865,Mahika Bali,63,Female,Bengaluru,Karnataka,2023-06-15,Regular
C00866,Timothy Chawla,70,Male,Lucknow,Uttar Pradesh,2026-08-31,Regular
C00867,Lohit Narula,26,Male,Chennai,Tamil Nadu,2025-11-06,Regular
C00868,Wazir Palan,43,Male,Lucknow,Uttar Pradesh,2024-01-15,Premium
C00869,Gaurang Nayak,69,Male,Kolkata,West Bengal,2024-07-30,Regular
C00870,Alka Kadakia,49,Male,Mumbai,Maharashtra,2023-09-28,Regular
C00871,Inaya Kunda,33,Female,Mumbai,Maharashtra,2026-01-10,Budget
C00872,Aarav Bava,58,Male,Bengaluru,Karnataka,2024-04-27,Budget
C00873,Oni Ganesan,46,Male,Kolkata,West Bengal,2026-06-11,Regular
C00874,Waida Radhakrishnan,62,Male,Hyderabad,Telangana,2024-03-04,Regular
C00875,Harrison Srinivas,64,Male,Mumbai,Maharashtra,2026-01-13,Premium
C00876,Nicholas Seth,64,Female,Ahmedabad,Gujarat,2022-12-29,Budget
C00877,Chaitaly Bahri,49,Female,Pune,Maharashtra,2024-01-14,Regular
C00878,Henry Borah,24,Female,Pune,Maharashtra,2024-02-18,Budget
C00879,Keya Dyal,59,Male,Lucknow,Uttar Pradesh,2025-10-17,Premium
C00880,Girik Nigam,69,Male,Mumbai,Maharashtra,2025-03-16,Regular
C00881,Azaan Sankar,34,Male,Kolkata,West Bengal,2025-06-17,Premium
C00882,Radha Dugar,42,Male,Bengaluru,Karnataka,2022-11-28,Regular
C00883,Garima Jha,23,Female,Jaipur,Rajasthan,2023-06-28,Regular
C00884,Alka Manda,48,Male,Lucknow,Uttar Pradesh,2023-12-11,Regular
C00885,Gopal Bawa,56,Female,Bengaluru,Karnataka,2024-05-08,Premium
C00886,Mitesh Bhagat,39,Male,Mumbai,Maharashtra,2024-03-19,Budget
C00887,Prisha Chahal,62,Female,Pune,Maharashtra,2023-12-07,Regular
C00888,Ryan Chatterjee,33,Male,Chennai,Tamil Nadu,2022-10-15,Premium
C00889,Onkar Manne,53,Female,Lucknow,Uttar Pradesh,2023-01-11,Premium
C00890,Jack Morar,18,Female,Kolkata,West Bengal,2026-01-07,Premium
C00891,Urishilla Suresh,48,Male,Lucknow,Uttar Pradesh,2026-06-27,Premium
C00892,Gavin Ram,28,Female,Hyderabad,Telangana,2023-06-20,Budget
C00893,Lakshmi Pingle,25,Female,Ahmedabad,Gujarat,2023-06-22,Budget
C00894,Chaitanya Lall,49,Female,Ahmedabad,Gujarat,2024-07-20,Premium
C00895,Adya Kara,42,Male,Jaipur,Rajasthan,2026-03-29,Regular
C00896,David Dora,41,Male,Pune,Maharashtra,2025-11-17,Regular
C00897,Frederick Padmanabhan,46,Female,Chennai,Tamil Nadu,2026-02-12,Regular
C00898,Utkarsh Bhat,54,Male,Chennai,Tamil Nadu,2026-04-04,Premium
C00899,Omya Wason,23,Female,Mumbai,Maharashtra,2025-08-08,Budget
C00900,Warinder Soni,66,Male,Pune,Maharashtra,2023-12-14,Regular
C00901,Megha Banerjee,70,Female,Pune,Maharashtra,2024-10-24,Budget
C00902,Jai Sen,54,Male,Ahmedabad,Gujarat,2023-06-01,Regular
C00903,Siddharth Hans,43,Male,Mumbai,Maharashtra,2023-03-21,Regular
C00904,Pallavi Brar,69,Male,Jaipur,Rajasthan,2025-08-02,Premium
C00905,Saksham Divan,29,Male,Ahmedabad,Gujarat,2026-03-24,Budget
C00906,Ekaja Bhavsar,26,Male,Hyderabad,Telangana,2023-01-19,Regular
C00907,Mekhala Nanda,30,Male,Pune,Maharashtra,2026-04-28,Budget
C00908,Zinal Shanker,38,Male,Chennai,Tamil Nadu,2026-07-31,Premium
C00909,Oni Chowdhury,43,Female,Jaipur,Rajasthan,2024-06-10,Budget
C00910,Manbir Chaudhry,47,Male,Jaipur,Rajasthan,2026-08-12,Budget
C00911,Harrison Mangal,55,Female,Lucknow,Uttar Pradesh,2026-05-15,Premium
C00912,Nirja Lalla,27,Male,Bengaluru,Karnataka,2024-04-23,Budget
C00913,Urvashi Barad,67,Male,Lucknow,Uttar Pradesh,2023-05-31,Budget
C00914,Neha Dhawan,40,Female,Jaipur,Rajasthan,2025-04-23,Regular
C00915,Balvan Randhawa,54,Female,Ahmedabad,Gujarat,2026-06-18,Premium
C00916,Wazir Bawa,43,Male,Chennai,Tamil Nadu,2025-11-07,Regular
C00917,Amruta Pradhan,20,Female,Pune,Maharashtra,2022-10-07,Budget
C00918,Chavvi Mukhopadhyay,62,Male,Kolkata,West Bengal,2023-11-15,Premium
C00919,Guneet Kari,35,Female,Ahmedabad,Gujarat,2023-04-02,Premium
C00920,Saanvi Nagi,37,Female,Chennai,Tamil Nadu,2023-10-29,Budget
C00921,Gaurav Guha,32,Male,Mumbai,Maharashtra,2024-07-23,Regular
C00922,Niharika Sundaram,67,Female,Ahmedabad,Gujarat,2025-11-28,Regular
C00923,Daksh Varma,56,Male,Pune,Maharashtra,2026-01-17,Premium
C00924,Dominic Mukhopadhyay,70,Female,Hyderabad,Telangana,2025-09-12,Regular
C00925,Krishna Viswanathan,41,Male,Jaipur,Rajasthan,2026-06-02,Regular
C00926,Oscar Hans,22,Female,Bengaluru,Karnataka,2026-05-27,Regular
C00927,Dalbir Krish,26,Male,Pune,Maharashtra,2022-10-27,Premium
C00928,Chandresh Patel,21,Male,Hyderabad,Telangana,2025-09-04,Premium
C00929,Anusha Pillay,41,Male,Delhi,Delhi,2026-03-08,Regular
C00930,Yashasvi Ranganathan,50,Female,Ahmedabad,Gujarat,2025-05-20,Regular
C00931,Azaan Khurana,61,Male,Mumbai,Maharashtra,2024-04-06,Regular
C00932,Sanaya Goel,56,Female,Ahmedabad,Gujarat,2026-05-20,Premium
C00933,Inaya Padmanabhan,55,Female,Ahmedabad,Gujarat,2023-05-18,Regular
C00934,Gautam Mane,65,Male,Chennai,Tamil Nadu,2022-10-18,Regular
C00935,Chandran Gaba,21,Male,Pune,Maharashtra,2026-04-24,Budget
C00936,Timothy Kar,32,Male,Hyderabad,Telangana,2025-07-24,Regular
C00937,Amruta Rout,59,Female,Chennai,Tamil Nadu,2024-11-11,Regular
C00938,Aditya Som,48,Male,Delhi,Delhi,2026-07-22,Regular
C00939,Oscar Anand,69,Male,Lucknow,Uttar Pradesh,2023-08-19,Regular
C00940,Dalaja Maharaj,69,Female,Lucknow,Uttar Pradesh,2024-06-25,Regular
C00941,Ikshita Sharaf,45,Female,Chennai,Tamil Nadu,2023-10-02,Budget
C00942,Unnati Mittal,34,Male,Ahmedabad,Gujarat,2025-07-23,Regular
C00943,Harsh Amble,70,Female,Jaipur,Rajasthan,2024-11-08,Regular
C00944,Barkha Misra,50,Female,Delhi,Delhi,2025-08-04,Regular
C00945,Vasatika Bhatt,56,Female,Lucknow,Uttar Pradesh,2024-02-10,Regular
C00946,Ekta Malhotra,48,Male,Mumbai,Maharashtra,2023-10-16,Regular
C00947,Raghav Doctor,58,Female,Chennai,Tamil Nadu,2024-11-17,Budget
C00948,Dakshesh Raval,59,Female,Chennai,Tamil Nadu,2025-06-28,Premium
C00949,Logan Bal,66,Male,Jaipur,Rajasthan,2025-06-20,Budget
C00950,Chakrika Lad,43,Female,Lucknow,Uttar Pradesh,2026-07-15,Regular
C00951,Nidhi Rama,59,Female,Delhi,Delhi,2025-10-24,Budget
C00952,Ranveer Oza,44,Female,Chennai,Tamil Nadu,2025-10-08,Regular
C00953,Vamakshi Parmer,55,Male,Delhi,Delhi,2024-11-02,Regular
C00954,Onkar Golla,61,Female,Hyderabad,Telangana,2023-12-06,Budget
C00955,Urishilla Dave,50,Female,Kolkata,West Bengal,2025-10-30,Budget
C00956,Qadim Nayak,29,Female,Jaipur,Rajasthan,2025-06-18,Premium
C00957,Tristan Pant,65,Female,Bengaluru,Karnataka,2023-08-18,Regular
C00958,Osha Narula,66,Male,Jaipur,Rajasthan,2024-04-05,Budget
C00959,Chaitaly Sheth,59,Male,Kolkata,West Bengal,2026-04-20,Regular
C00960,Upma Bera,65,Female,Hyderabad,Telangana,2026-05-13,Regular
C00961,Urmi Hayer,41,Female,Kolkata,West Bengal,2024-10-22,Regular
C00962,Lakshmi Wagle,25,Female,Ahmedabad,Gujarat,2023-12-13,Premium
C00963,Chatura Dora,55,Male,Lucknow,Uttar Pradesh,2023-04-07,Regular
C00964,Hema Rout,50,Male,Hyderabad,Telangana,2025-02-06,Budget
C00965,Luke Mutti,51,Female,Pune,Maharashtra,2026-05-07,Regular
C00966,Faris Sura,26,Male,Bengaluru,Karnataka,2024-02-04,Regular
C00967,Dhriti Bhardwaj,47,Male,Lucknow,Uttar Pradesh,2022-09-13,Regular
C00968,Anusha Kadakia,67,Male,Bengaluru,Karnataka,2025-12-01,Regular
C00969,Nathan Suri,38,Male,Bengaluru,Karnataka,2026-01-07,Premium
C00970,Kai Saraf,31,Male,Chennai,Tamil Nadu,2025-05-17,Regular
C00971,Netra Sanghvi,49,Male,Bengaluru,Karnataka,2024-09-16,Premium
C00972,Aayush Barad,58,Female,Pune,Maharashtra,2024-12-13,Regular
C00973,Kashvi Atwal,42,Male,Ahmedabad,Gujarat,2026-06-22,Premium
C00974,Rayaan Badami,64,Female,Hyderabad,Telangana,2025-07-23,Budget
C00975,Yuvraj Kara,66,Male,Kolkata,West Bengal,2025-08-18,Premium
C00976,Devika Dayal,58,Male,Delhi,Delhi,2023-02-12,Regular
C00977,Yahvi Mohan,37,Male,Kolkata,West Bengal,2023-05-23,Premium
C00978,Chakradev Misra,55,Female,Jaipur,Rajasthan,2023-12-01,Premium
C00979,Zinal Viswanathan,37,Female,Delhi,Delhi,2024-02-12,Regular
C00980,Krish Oommen,56,Female,Jaipur,Rajasthan,2026-07-07,Regular
C00981,Jagrati Guha,39,Female,Bengaluru,Karnataka,2023-05-20,Regular
C00982,Anirudh Kari,28,Female,Hyderabad,Telangana,2023-08-20,Premium
C00983,Siddharth Bains,64,Male,Hyderabad,Telangana,2025-03-10,Regular
C00984,Jatin Peri,55,Male,Delhi,Delhi,2025-09-14,Premium
C00985,Keya Kumer,42,Female,Delhi,Delhi,2025-12-17,Budget
C00986,Chanakya Chokshi,21,Male,Lucknow,Uttar Pradesh,2025-06-17,Regular
C00987,Chanakya D’Alia,21,Male,Delhi,Delhi,2024-06-14,Regular
C00988,Lajita Dasgupta,25,Female,Pune,Maharashtra,2025-01-03,Regular
C00989,Urvi Dua,31,Male,Bengaluru,Karnataka,2023-07-22,Regular
C00990,Charvi Salvi,60,Female,Mumbai,Maharashtra,2025-06-29,Regular
C00991,Zinal Madan,44,Male,Bengaluru,Karnataka,2025-04-30,Regular
C00992,Omya Cheema,25,Female,Lucknow,Uttar Pradesh,2024-11-08,Premium
C00993,Barkha Comar,49,Male,Mumbai,Maharashtra,2026-01-07,Regular
C00994,Widisha Issac,51,Male,Chennai,Tamil Nadu,2025-04-09,Regular
C00995,Adya Virk,36,Male,Pune,Maharashtra,2023-07-16,Premium
C00996,Nimrat Merchant,31,Female,Ahmedabad,Gujarat,2023-05-13,Regular
C00997,Watika Johal,18,Male,Delhi,Delhi,2025-08-10,Budget
C00998,Ganga Keer,60,Female,Lucknow,Uttar Pradesh,2022-09-10,Premium
C00999,Gaurav Choudhry,67,Male,Mumbai,Maharashtra,2026-03-26,Regular
C01000,Manthan Chana,34,Male,Mumbai,Maharashtra,2025-12-29,Regular
C01001,Harrison Kunda,34,Female,Chennai,Tamil Nadu,2025-06-02,Premium
C01002,Tanmayi Minhas,20,Female,Bengaluru,Karnataka,2023-10-21,Regular
C01003,Chandresh Chaudhry,45,Male,Kolkata,West Bengal,2026-02-20,Premium
C01004,Balveer Mannan,18,Male,Delhi,Delhi,2024-03-18,Regular
C01005,Pooja D’Alia,39,Female,Bengaluru,Karnataka,2023-01-31,Budget
C01006,Aditya Devi,35,Male,Lucknow,Uttar Pradesh,2025-07-02,Regular
C01007,Falguni Parmar,29,Male,Kolkata,West Bengal,2026-06-26,Regular
C01008,Amrita Chander,35,Female,Ahmedabad,Gujarat,2024-04-06,Regular
C01009,Qadim Comar,69,Female,Ahmedabad,Gujarat,2024-05-20,Regular
C01010,Tanmayi Magar,25,Male,Bengaluru,Karnataka,2026-03-27,Regular
C01011,Vanya Sama,28,Male,Delhi,Delhi,2025-06-09,Regular
C01012,Isaiah Deo,48,Female,Lucknow,Uttar Pradesh,2025-08-22,Premium
C01013,Nathaniel Chawla,67,Female,Pune,Maharashtra,2024-06-13,Regular
C01014,Raksha Golla,48,Female,Bengaluru,Karnataka,2025-04-12,Premium
C01015,Jagrati Balakrishnan,46,Male,Pune,Maharashtra,2026-05-07,Premium
C01016,Vasudha Sura,18,Male,Kolkata,West Bengal,2023-02-28,Budget
C01017,Ridhi Batra,51,Male,Kolkata,West Bengal,2022-12-13,Regular
C01018,Dipta Arora,48,Female,Hyderabad,Telangana,2025-09-04,Regular
C01019,Hamsini Venkataraman,27,Male,Pune,Maharashtra,2024-11-26,Premium
C01020,Rachita Kothari,50,Female,Bengaluru,Karnataka,2024-09-23,Budget
C01021,Lekha Dixit,22,Female,Bengaluru,Karnataka,2026-04-01,Regular
C01022,Advay Dugar,35,Male,Kolkata,West Bengal,2024-10-30,Regular
C01023,Warhi Gandhi,59,Female,Jaipur,Rajasthan,2022-12-31,Regular
C01024,Ekani Khosla,23,Female,Hyderabad,Telangana,2024-02-02,Regular
C01025,Chandresh Tripathi,46,Male,Lucknow,Uttar Pradesh,2023-08-17,Budget
C01026,Neha Keer,38,Male,Ahmedabad,Gujarat,2023-01-06,Budget
C01027,Sachi Sem,24,Female,Delhi,Delhi,2023-01-20,Regular
C01028,Sanya Mutti,53,Male,Jaipur,Rajasthan,2023-03-09,Budget
C01029,Andrew Chauhan,57,Female,Lucknow,Uttar Pradesh,2024-05-24,Budget
C01030,Balendra Acharya,31,Female,Jaipur,Rajasthan,2026-03-12,Budget
C01031,Daksha Trivedi,70,Male,Kolkata,West Bengal,2025-01-26,Budget
C01032,Tanmayi Om,39,Female,Ahmedabad,Gujarat,2024-03-23,Regular
C01033,Udant Sha,63,Female,Kolkata,West Bengal,2024-02-03,Premium
C01034,Januja Sethi,18,Female,Hyderabad,Telangana,2023-03-02,Regular
C01035,Tristan Agate,53,Female,Chennai,Tamil Nadu,2024-02-18,Regular
C01036,Bishakha Vig,28,Female,Delhi,Delhi,2024-04-08,Premium
C01037,Chakradev Gala,24,Female,Pune,Maharashtra,2024-10-09,Regular
C01038,Nimrat Chhabra,25,Female,Hyderabad,Telangana,2023-10-06,Regular
C01039,Raghav Dara,63,Female,Hyderabad,Telangana,2026-08-21,Premium
C01040,Tanveer Shankar,20,Male,Pune,Maharashtra,2026-03-09,Budget
C01041,Hamsini Chokshi,47,Male,Ahmedabad,Gujarat,2025-11-25,Budget
C01042,Chakradhar Dasgupta,51,Male,Delhi,Delhi,2025-12-18,Regular
C01043,Tanvi Thaman,55,Female,Pune,Maharashtra,2023-04-03,Budget
C01044,Aayush Wali,62,Male,Bengaluru,Karnataka,2025-10-23,Regular
C01045,Rachita Subramanian,24,Female,Bengaluru,Karnataka,2026-08-11,Regular
C01046,Oscar Dave,38,Female,Lucknow,Uttar Pradesh,2023-02-13,Regular
C01047,Ekanta Thaman,62,Male,Lucknow,Uttar Pradesh,2026-06-06,Regular
C01048,Omya Kothari,36,Female,Kolkata,West Bengal,2023-11-05,Budget
C01049,Hemal Menon,44,Female,Bengaluru,Karnataka,2024-08-09,Budget
C01050,Lakshit Sachar,38,Male,Jaipur,Rajasthan,2025-03-29,Regular
C01051,Dipta Kalla,63,Female,Lucknow,Uttar Pradesh,2023-07-15,Regular
C01052,Bina Pai,63,Male,Bengaluru,Karnataka,2026-08-07,Regular
C01053,Pranav Thakur,63,Male,Kolkata,West Bengal,2024-12-26,Budget
C01054,Jack Pandey,48,Female,Jaipur,Rajasthan,2025-01-26,Regular
C01055,Omisha Walla,36,Female,Jaipur,Rajasthan,2023-11-24,Budget
C01056,Agastya Virk,24,Male,Jaipur,Rajasthan,2023-02-18,Regular
C01057,Lakshmi Dhillon,60,Male,Delhi,Delhi,2022-11-27,Premium
C01058,Ryan Loke,36,Female,Bengaluru,Karnataka,2025-11-14,Premium
C01059,Bhavini Krishna,62,Female,Delhi,Delhi,2023-04-21,Regular
C01060,Chakrika Jani,20,Female,Jaipur,Rajasthan,2025-11-19,Budget
C01061,Jagrati Sethi,57,Male,Mumbai,Maharashtra,2023-02-12,Regular
C01062,Lopa Khanna,42,Male,Jaipur,Rajasthan,2024-11-07,Regular
C01063,Champak Raj,62,Male,Chennai,Tamil Nadu,2024-04-30,Budget
C01064,Dhriti Bhagat,44,Female,Pune,Maharashtra,2022-09-26,Budget
C01065,Samaksh Savant,18,Female,Delhi,Delhi,2026-03-18,Regular
C01066,Jhalak Hegde,32,Female,Ahmedabad,Gujarat,2025-12-24,Budget
C01067,Chaitaly Sen,65,Male,Jaipur,Rajasthan,2023-06-08,Budget
C01068,Rachit Ghose,36,Female,Hyderabad,Telangana,2025-10-21,Premium
C01069,Krishna Baria,29,Male,Mumbai,Maharashtra,2024-07-02,Regular
C01070,Aishani De,42,Male,Mumbai,Maharashtra,2023-05-13,Regular
C01071,Abdul Narayanan,34,Male,Jaipur,Rajasthan,2024-08-30,Premium
C01072,Balveer Dube,18,Female,Chennai,Tamil Nadu,2026-08-18,Regular
C01073,Charan Mitra,20,Male,Bengaluru,Karnataka,2024-10-07,Budget
C01074,Elijah Nadkarni,21,Female,Lucknow,Uttar Pradesh,2024-11-30,Regular
C01075,Qarin Verma,53,Female,Lucknow,Uttar Pradesh,2022-12-20,Premium
C01076,Ojasvi Yadav,51,Male,Kolkata,West Bengal,2024-05-24,Budget
C01077,Ikshita Kant,22,Male,Jaipur,Rajasthan,2026-06-09,Regular
C01078,Garima Narula,43,Male,Jaipur,Rajasthan,2024-03-19,Regular
C01079,Tejas Wali,60,Female,Hyderabad,Telangana,2024-09-12,Regular
C01080,Ishwar Pal,31,Female,Chennai,Tamil Nadu,2024-07-29,Budget
C01081,Yagnesh Baral,25,Female,Delhi,Delhi,2025-08-01,Regular
C01082,Lakshmi Comar,57,Male,Lucknow,Uttar Pradesh,2024-04-27,Budget
C01083,Barkha Bakshi,42,Male,Kolkata,West Bengal,2026-07-22,Regular
C01084,Yoshita Trivedi,64,Female,Jaipur,Rajasthan,2024-07-29,Premium
C01085,Caleb Minhas,70,Female,Jaipur,Rajasthan,2026-07-02,Regular
C01086,Ekani Varkey,46,Female,Jaipur,Rajasthan,2023-01-11,Premium
C01087,Oliver Yogi,38,Male,Hyderabad,Telangana,2024-12-12,Budget
C01088,Dominic Kade,67,Male,Bengaluru,Karnataka,2025-07-13,Regular
C01089,Panini Chawla,60,Male,Hyderabad,Telangana,2023-07-22,Budget
C01090,Ekbal Dube,24,Male,Pune,Maharashtra,2022-10-12,Regular
C01091,Garima Barad,59,Male,Pune,Maharashtra,2023-01-19,Regular
C01092,Chatura Gokhale,19,Female,Bengaluru,Karnataka,2026-01-21,Regular
C01093,Ekavir Kari,23,Male,Delhi,Delhi,2026-07-22,Premium
C01094,Nikita Rama,53,Male,Chennai,Tamil Nadu,2024-08-06,Regular
C01095,Rachita Mutti,34,Female,Hyderabad,Telangana,2022-10-02,Regular
C01096,Jagat Warrior,45,Female,Pune,Maharashtra,2022-09-15,Premium
C01097,Chakradev Bora,52,Male,Mumbai,Maharashtra,2024-03-14,Regular
C01098,Bimala Mitra,22,Male,Lucknow,Uttar Pradesh,2025-04-05,Regular
C01099,Baghyawati Sarma,40,Male,Mumbai,Maharashtra,2024-04-20,Regular
C01100,Azaan Som,56,Male,Chennai,Tamil Nadu,2023-05-06,Regular
C01101,Laban Raman,42,Female,Ahmedabad,Gujarat,2026-01-25,Budget
C01102,Maanas Misra,48,Male,Delhi,Delhi,2025-07-24,Regular
C01103,Advay Dhaliwal,65,Female,Bengaluru,Karnataka,2023-03-16,Budget
C01104,Abdul Ramesh,36,Male,Jaipur,Rajasthan,2024-12-18,Regular
C01105,Dalaja Kade,18,Male,Kolkata,West Bengal,2025-11-11,Premium
C01106,Siddharth Sachar,54,Female,Delhi,Delhi,2026-07-13,Regular
C01107,Naveen Gour,37,Male,Mumbai,Maharashtra,2023-08-14,Regular
C01108,Rishi Contractor,31,Female,Kolkata,West Bengal,2023-06-14,Budget
C01109,Triya Bora,27,Male,Jaipur,Rajasthan,2023-12-01,Premium
C01110,Zashil Chaudhari,34,Male,Lucknow,Uttar Pradesh,2023-07-09,Premium
C01111,Ganga Parikh,21,Female,Lucknow,Uttar Pradesh,2023-03-24,Regular
C01112,Harish Mane,36,Male,Mumbai,Maharashtra,2025-04-25,Regular
C01113,Rishi Nadkarni,64,Female,Hyderabad,Telangana,2024-09-29,Budget
C01114,Falguni Mohan,26,Male,Kolkata,West Bengal,2025-08-18,Premium
C01115,Janya Mutti,22,Male,Lucknow,Uttar Pradesh,2024-07-02,Regular
C01116,Aayush Munshi,39,Female,Ahmedabad,Gujarat,2023-09-23,Regular
C01117,Rajata Malhotra,54,Female,Bengaluru,Karnataka,2026-04-03,Budget
C01118,Krish Narula,28,Male,Pune,Maharashtra,2026-05-31,Regular
C01119,Turvi Sehgal,63,Female,Hyderabad,Telangana,2024-03-16,Regular
C01120,Vidhi Chopra,26,Female,Kolkata,West Bengal,2023-06-06,Budget
C01121,Avni Dey,46,Female,Ahmedabad,Gujarat,2026-06-21,Budget
C01122,Adya Bose,53,Male,Ahmedabad,Gujarat,2025-10-10,Premium
C01123,Anirudh Tripathi,23,Female,Lucknow,Uttar Pradesh,2025-05-14,Budget
C01124,Nidhi Kala,52,Male,Bengaluru,Karnataka,2026-07-14,Regular
C01125,Abha Zacharia,64,Male,Mumbai,Maharashtra,2024-09-08,Budget
C01126,Jasmit Ramanathan,58,Male,Jaipur,Rajasthan,2023-08-18,Budget
C01127,Krish Shetty,43,Male,Lucknow,Uttar Pradesh,2024-10-23,Budget
C01128,Mekhala Patla,34,Female,Jaipur,Rajasthan,2024-10-25,Regular
C01129,William Gandhi,41,Female,Bengaluru,Karnataka,2025-11-25,Regular
C01130,Sanaya Dutta,64,Female,Lucknow,Uttar Pradesh,2023-06-11,Premium
C01131,Veda Parmer,50,Male,Jaipur,Rajasthan,2022-11-07,Regular
C01132,Vinaya Kata,18,Male,Jaipur,Rajasthan,2022-12-12,Budget
C01133,Kala Kaur,61,Male,Lucknow,Uttar Pradesh,2022-11-11,Budget
C01134,Zarna Patel,46,Male,Bengaluru,Karnataka,2024-04-30,Premium
C01135,Suhani Batra,60,Male,Lucknow,Uttar Pradesh,2022-11-06,Regular
C01136,Harshil Verma,40,Male,Ahmedabad,Gujarat,2025-05-17,Regular
C01137,Adya Ghosh,32,Male,Ahmedabad,Gujarat,2024-04-13,Regular
C01138,Jasmit Brahmbhatt,20,Male,Hyderabad,Telangana,2024-11-16,Regular
C01139,Krisha Kapoor,42,Female,Kolkata,West Bengal,2024-11-16,Budget
C01140,Ira Pai,20,Female,Delhi,Delhi,2024-10-01,Premium
C01141,Abeer Thaker,58,Female,Jaipur,Rajasthan,2026-06-07,Budget
C01142,Ria Gandhi,55,Male,Chennai,Tamil Nadu,2023-08-29,Regular
C01143,Yoshita Mand,41,Male,Pune,Maharashtra,2023-07-31,Regular
C01144,Rachit Dugar,32,Female,Pune,Maharashtra,2024-03-21,Regular
C01145,Victor Sachdeva,49,Female,Kolkata,West Bengal,2026-02-17,Budget
C01146,Ishaan Subramaniam,50,Male,Delhi,Delhi,2025-07-20,Regular
C01147,Varenya Kade,22,Female,Hyderabad,Telangana,2025-03-11,Regular
C01148,Nirja Bains,28,Female,Bengaluru,Karnataka,2023-09-19,Regular
C01149,Joshua Dyal,60,Male,Mumbai,Maharashtra,2023-04-03,Regular
C01150,Manan Bhalla,64,Male,Kolkata,West Bengal,2023-05-22,Regular
C01151,Pranit Varughese,48,Male,Ahmedabad,Gujarat,2024-05-27,Regular
C01152,Bhanumati Chada,19,Male,Pune,Maharashtra,2023-08-08,Premium
C01153,Urishilla Subramaniam,55,Male,Lucknow,Uttar Pradesh,2023-05-28,Premium
C01154,Nirja Dhar,20,Male,Jaipur,Rajasthan,2026-01-22,Premium
C01155,Yasti Lalla,29,Female,Chennai,Tamil Nadu,2023-05-24,Regular
C01156,Sudiksha Biswas,58,Male,Lucknow,Uttar Pradesh,2023-08-29,Budget
C01157,Lekha Deo,23,Male,Chennai,Tamil Nadu,2023-02-21,Regular
C01158,Samaksh Virk,48,Male,Ahmedabad,Gujarat,2026-05-03,Regular
C01159,Mason Char,56,Male,Pune,Maharashtra,2023-06-08,Budget
C01160,Balvan Wali,57,Female,Bengaluru,Karnataka,2024-10-26,Premium
C01161,Girik Subramaniam,47,Male,Kolkata,West Bengal,2025-06-26,Regular
C01162,Aarav Sankar,26,Male,Pune,Maharashtra,2024-11-24,Premium
C01163,Kamala Bassi,50,Female,Jaipur,Rajasthan,2025-08-24,Budget
C01164,Veer Subramaniam,24,Male,Lucknow,Uttar Pradesh,2026-01-14,Regular
C01165,Inaya Chaudhari,56,Male,Lucknow,Uttar Pradesh,2024-06-27,Budget
C01166,Aachal Sood,50,Male,Jaipur,Rajasthan,2025-12-08,Premium
C01167,Fiyaz Mander,56,Male,Bengaluru,Karnataka,2025-03-23,Budget
C01168,Aarini Gulati,51,Female,Pune,Maharashtra,2022-09-14,Regular
C01169,Jacob Venkatesh,62,Female,Delhi,Delhi,2022-09-17,Regular
C01170,Samesh Mutti,68,Female,Ahmedabad,Gujarat,2024-06-02,Regular
C01171,Hredhaan Dubey,24,Female,Lucknow,Uttar Pradesh,2024-06-28,Premium
C01172,Advika Wason,67,Male,Ahmedabad,Gujarat,2024-06-24,Budget
C01173,Anya Ranganathan,36,Female,Mumbai,Maharashtra,2025-11-21,Regular
C01174,Odika Subramanian,63,Male,Delhi,Delhi,2023-06-10,Regular
C01175,Veda Kulkarni,51,Male,Mumbai,Maharashtra,2023-12-26,Regular
C01176,Mitali Devi,62,Female,Hyderabad,Telangana,2026-04-26,Regular
C01177,Victor Sekhon,27,Female,Mumbai,Maharashtra,2026-01-04,Regular
C01178,Harish Kala,34,Female,Chennai,Tamil Nadu,2024-11-03,Regular
C01179,Hamsini Ben,35,Female,Lucknow,Uttar Pradesh,2023-05-13,Budget
C01180,Abdul Chand,53,Female,Pune,Maharashtra,2026-03-07,Premium
C01181,Urishilla Saran,53,Female,Jaipur,Rajasthan,2023-01-20,Regular
C01182,Adya Kapadia,54,Female,Chennai,Tamil Nadu,2024-04-04,Budget
C01183,Baljiwan Rajagopalan,65,Male,Pune,Maharashtra,2026-08-21,Budget
C01184,Bhavini Bhandari,65,Male,Mumbai,Maharashtra,2025-12-20,Regular
C01185,Warda Sarna,24,Male,Bengaluru,Karnataka,2022-09-22,Regular
C01186,Zarna Mangal,69,Male,Kolkata,West Bengal,2023-07-05,Premium
C01187,Yashvi Varty,69,Male,Delhi,Delhi,2025-08-26,Budget
C01188,Omkaar Banik,56,Female,Ahmedabad,Gujarat,2024-03-17,Premium
C01189,Aadi Dugar,32,Female,Chennai,Tamil Nadu,2023-01-18,Premium
C01190,Mugdha Pandit,64,Female,Delhi,Delhi,2025-07-12,Budget
C01191,Nidra Iyer,57,Female,Pune,Maharashtra,2024-11-18,Regular
C01192,Ekapad Chana,21,Male,Lucknow,Uttar Pradesh,2025-01-06,Regular
C01193,Ijaya Palan,18,Male,Ahmedabad,Gujarat,2026-02-23,Budget
C01194,Upkaar Hayer,36,Male,Jaipur,Rajasthan,2024-08-12,Premium
C01195,Aayush Lal,50,Male,Lucknow,Uttar Pradesh,2023-06-04,Regular
C01196,Yashawini Chhabra,41,Male,Delhi,Delhi,2025-01-20,Regular
C01197,Yahvi Menon,23,Female,Bengaluru,Karnataka,2024-02-16,Budget
C01198,Yochana Kurian,60,Female,Kolkata,West Bengal,2026-05-28,Regular
C01199,Saanvi Purohit,51,Male,Hyderabad,Telangana,2025-01-27,Regular
C01200,Yagnesh Nori,23,Female,Mumbai,Maharashtra,2025-12-23,Regular
C01201,Triveni Bala,55,Female,Jaipur,Rajasthan,2024-09-23,Regular
C01202,Aarna Bir,32,Male,Chennai,Tamil Nadu,2024-04-22,Regular
C01203,Victor Mutti,54,Male,Pune,Maharashtra,2024-06-07,Regular
C01204,Zaitra Wason,50,Male,Pune,Maharashtra,2022-09-21,Regular
C01205,Yuvraj Mani,36,Female,Jaipur,Rajasthan,2023-01-28,Budget
C01206,Hema Borra,34,Female,Jaipur,Rajasthan,2025-01-14,Regular
C01207,Vamakshi Murthy,54,Female,Pune,Maharashtra,2024-03-08,Budget
C01208,Amruta Goswami,67,Female,Kolkata,West Bengal,2025-11-08,Regular
C01209,Wishi Iyengar,19,Female,Lucknow,Uttar Pradesh,2023-09-05,Premium
C01210,Alka Jhaveri,42,Male,Mumbai,Maharashtra,2023-08-28,Regular
C01211,Zaid Parekh,69,Female,Hyderabad,Telangana,2023-05-06,Regular
C01212,Jagdish Brar,51,Male,Kolkata,West Bengal,2025-07-21,Regular
C01213,Abeer Basak,33,Female,Chennai,Tamil Nadu,2026-04-15,Premium
C01214,Kamya Murty,22,Male,Kolkata,West Bengal,2024-10-09,Regular
C01215,Vritti Goswami,31,Female,Kolkata,West Bengal,2025-12-06,Premium
C01216,Mitali Kapadia,49,Male,Hyderabad,Telangana,2025-11-14,Regular
C01217,Chatura Vora,34,Male,Hyderabad,Telangana,2026-01-29,Regular
C01218,Vanya Zachariah,57,Female,Hyderabad,Telangana,2022-10-26,Premium
C01219,Meera Ghosh,25,Male,Mumbai,Maharashtra,2024-08-16,Regular
C01220,Zarna Sharma,57,Male,Ahmedabad,Gujarat,2024-01-09,Budget
C01221,Advik Kade,20,Female,Jaipur,Rajasthan,2024-04-17,Regular
C01222,Eshana Pathak,49,Female,Kolkata,West Bengal,2025-04-14,Regular
C01223,Rachit Lall,35,Female,Jaipur,Rajasthan,2023-09-09,Regular
C01224,Urishilla Oza,26,Male,Lucknow,Uttar Pradesh,2024-03-27,Regular
C01225,Wishi Samra,48,Male,Pune,Maharashtra,2023-07-30,Regular
C01226,Kashish Patla,61,Male,Pune,Maharashtra,2026-04-25,Regular
C01227,Ati Seshadri,62,Female,Mumbai,Maharashtra,2023-06-12,Regular
C01228,Veer Chaudhry,18,Male,Delhi,Delhi,2025-09-29,Regular
C01229,Warinder Sankaran,38,Female,Mumbai,Maharashtra,2026-04-28,Regular
C01230,Rohan Dhingra,29,Female,Chennai,Tamil Nadu,2026-01-30,Regular
C01231,Urvashi Andra,57,Female,Ahmedabad,Gujarat,2023-06-07,Regular
C01232,Xalak Desai,45,Male,Ahmedabad,Gujarat,2026-06-24,Regular
C01233,Vidhi Mital,41,Female,Kolkata,West Bengal,2023-09-30,Regular
C01234,Mitali Chaudhary,54,Male,Bengaluru,Karnataka,2025-08-13,Budget
C01235,Darpan Kale,70,Male,Hyderabad,Telangana,2026-02-21,Regular
C01236,Vamakshi Char,53,Female,Hyderabad,Telangana,2024-08-04,Budget
C01237,Abha Patel,27,Male,Hyderabad,Telangana,2024-03-18,Regular
C01238,Hemangini Bahri,29,Female,Delhi,Delhi,2024-06-06,Regular
C01239,Indali Issac,52,Female,Jaipur,Rajasthan,2025-02-18,Budget
C01240,Bhavani Pant,34,Male,Chennai,Tamil Nadu,2024-01-24,Regular
C01241,Sanya Brar,21,Male,Bengaluru,Karnataka,2024-04-19,Budget
C01242,Ubika Dhillon,58,Male,Ahmedabad,Gujarat,2026-05-16,Regular
C01243,Geetika Sama,34,Female,Kolkata,West Bengal,2025-05-13,Regular
C01244,Ekbal Buch,69,Female,Jaipur,Rajasthan,2023-05-15,Regular
C01245,Vedant Murthy,25,Female,Pune,Maharashtra,2024-01-11,Budget
C01246,Amara Rana,30,Male,Lucknow,Uttar Pradesh,2023-11-01,Budget
C01247,Janani Verma,40,Female,Chennai,Tamil Nadu,2024-08-05,Regular
C01248,Oliver Gour,67,Female,Ahmedabad,Gujarat,2026-04-24,Budget
C01249,Jeremiah Keer,57,Female,Pune,Maharashtra,2025-06-30,Regular
C01250,Fariq Kade,28,Female,Bengaluru,Karnataka,2023-05-23,Regular
C01251,Harshil Chandran,54,Female,Lucknow,Uttar Pradesh,2022-12-14,Budget
C01252,Chatura Bal,23,Male,Mumbai,Maharashtra,2025-12-16,Regular
C01253,Fiyaz Chawla,38,Female,Kolkata,West Bengal,2023-10-18,Regular
C01254,Frado Ramakrishnan,59,Female,Lucknow,Uttar Pradesh,2023-12-30,Regular
C01255,Yug Mander,67,Female,Ahmedabad,Gujarat,2024-07-25,Regular
C01256,Karan Vyas,46,Female,Jaipur,Rajasthan,2026-03-31,Premium
C01257,Ayush Banerjee,26,Male,Delhi,Delhi,2025-07-02,Regular
C01258,Eshana Soni,31,Male,Mumbai,Maharashtra,2024-08-31,Regular
C01259,Sai Deshmukh,22,Female,Mumbai,Maharashtra,2025-08-24,Regular
C01260,Tanmayi Saran,67,Female,Delhi,Delhi,2024-11-27,Regular
C01261,Idika Subramaniam,24,Female,Mumbai,Maharashtra,2024-12-22,Regular
C01262,Gaurav Sathe,59,Female,Mumbai,Maharashtra,2023-12-28,Regular
C01263,Nitara Lad,65,Female,Hyderabad,Telangana,2023-05-05,Regular
C01264,Advaith Acharya,26,Male,Bengaluru,Karnataka,2024-11-26,Premium
C01265,Hemangini Mangat,38,Female,Kolkata,West Bengal,2024-09-03,Regular
C01266,Vyanjana Sood,35,Female,Jaipur,Rajasthan,2023-12-15,Premium
C01267,Qushi Master,29,Female,Jaipur,Rajasthan,2025-03-21,Regular
C01268,Abhimanyu Prakash,45,Female,Lucknow,Uttar Pradesh,2023-06-25,Budget
C01269,Rajeshri Rana,52,Male,Ahmedabad,Gujarat,2023-09-29,Budget
C01270,Madhavi Radhakrishnan,37,Female,Ahmedabad,Gujarat,2023-08-14,Regular
C01271,Fariq Sami,37,Male,Bengaluru,Karnataka,2025-05-04,Premium
C01272,Zansi Magar,40,Female,Bengaluru,Karnataka,2023-11-22,Regular
C01273,Nitara Guha,62,Female,Delhi,Delhi,2026-04-23,Budget
C01274,Qabil Deshpande,37,Male,Ahmedabad,Gujarat,2023-11-29,Budget
C01275,Tamanna Sethi,56,Male,Chennai,Tamil Nadu,2023-11-02,Budget
C01276,Raghav Nagi,41,Male,Jaipur,Rajasthan,2022-10-06,Regular
C01277,Chandran Warrior,45,Female,Jaipur,Rajasthan,2022-10-10,Regular
C01278,Harsh Manda,42,Male,Pune,Maharashtra,2023-10-29,Regular
C01279,Raksha Anand,58,Male,Pune,Maharashtra,2023-09-02,Regular
C01280,Matthew Aurora,69,Female,Lucknow,Uttar Pradesh,2024-10-11,Regular
C01281,Hema Salvi,69,Female,Jaipur,Rajasthan,2024-01-03,Regular
C01282,Kamya Sheth,29,Male,Mumbai,Maharashtra,2025-08-23,Regular
C01283,Ganga Buch,57,Female,Ahmedabad,Gujarat,2026-04-08,Regular
C01284,Daksh Lata,49,Male,Lucknow,Uttar Pradesh,2025-12-23,Regular
C01285,Ekbal Singhal,21,Male,Bengaluru,Karnataka,2023-06-15,Premium
C01286,Zashil Raj,36,Female,Mumbai,Maharashtra,2026-03-15,Premium
C01287,Jairaj Kothari,64,Male,Ahmedabad,Gujarat,2024-04-25,Regular
C01288,Yug Bandi,18,Female,Bengaluru,Karnataka,2023-07-12,Regular
C01289,Girindra Verma,37,Female,Pune,Maharashtra,2025-07-06,Budget
C01290,Urvashi Ramachandran,62,Male,Ahmedabad,Gujarat,2025-07-30,Regular
C01291,Ekantika Dutt,21,Female,Bengaluru,Karnataka,2025-05-10,Budget
C01292,Jason Kulkarni,52,Female,Mumbai,Maharashtra,2024-09-22,Premium
C01293,Rushil Patel,70,Female,Chennai,Tamil Nadu,2026-06-15,Budget
C01294,Tejas Chowdhury,67,Male,Mumbai,Maharashtra,2023-09-07,Regular
C01295,Ekta Aurora,33,Male,Ahmedabad,Gujarat,2023-05-23,Premium
C01296,Jagdish Randhawa,51,Male,Mumbai,Maharashtra,2026-01-13,Regular
C01297,Aditya Basak,38,Male,Chennai,Tamil Nadu,2025-02-24,Regular
C01298,Mohammed Prabhu,65,Male,Delhi,Delhi,2025-12-16,Regular
C01299,Yuvraj Dugar,30,Female,Chennai,Tamil Nadu,2024-10-21,Budget
C01300,Hamsini Bhasin,25,Male,Hyderabad,Telangana,2022-12-07,Regular
C01301,Mitesh Yadav,18,Male,Kolkata,West Bengal,2026-01-17,Budget
C01302,Jeremiah Sura,25,Female,Lucknow,Uttar Pradesh,2023-09-02,Budget
C01303,Idika Sarna,20,Female,Delhi,Delhi,2025-10-18,Regular
C01304,Ansh Purohit,41,Male,Bengaluru,Karnataka,2024-03-15,Regular
C01305,Zashil Baral,23,Female,Ahmedabad,Gujarat,2024-09-28,Budget
C01306,Chaitaly Suri,21,Female,Delhi,Delhi,2023-06-27,Regular
C01307,Ijaya Naik,68,Male,Jaipur,Rajasthan,2025-10-17,Premium
C01308,Anvi Dyal,38,Female,Hyderabad,Telangana,2022-12-21,Budget
C01309,Shivani Merchant,64,Male,Ahmedabad,Gujarat,2026-03-01,Premium
C01310,Jeevika Setty,40,Male,Pune,Maharashtra,2022-09-07,Regular
C01311,Qasim Bahl,49,Female,Delhi,Delhi,2025-04-25,Regular
C01312,William Nagi,62,Female,Jaipur,Rajasthan,2025-09-30,Premium
C01313,Lila Gupta,52,Female,Bengaluru,Karnataka,2024-11-28,Regular
C01314,Mitesh Mandal,35,Male,Ahmedabad,Gujarat,2024-01-20,Premium
C01315,Ekanta Choudhry,46,Female,Bengaluru,Karnataka,2023-02-02,Budget
C01316,Caleb Dayal,41,Female,Jaipur,Rajasthan,2023-06-10,Premium
C01317,Saksham Chhabra,42,Male,Jaipur,Rajasthan,2024-09-28,Budget
C01318,Hardik Balay,41,Male,Lucknow,Uttar Pradesh,2025-02-09,Regular
C01319,Vrishti Vora,60,Female,Mumbai,Maharashtra,2025-05-02,Premium
C01320,Chandran Peri,67,Male,Ahmedabad,Gujarat,2023-08-14,Regular
C01321,Agastya Joshi,44,Female,Kolkata,West Bengal,2025-06-20,Premium
C01322,Fariq Sidhu,60,Male,Jaipur,Rajasthan,2026-02-01,Premium
C01323,Jalsa Sagar,29,Male,Bengaluru,Karnataka,2026-03-05,Regular
C01324,Dalbir Lata,30,Male,Ahmedabad,Gujarat,2024-12-05,Premium
C01325,Ekavir Modi,60,Female,Pune,Maharashtra,2023-01-05,Regular
C01326,Zilmil Chatterjee,34,Male,Lucknow,Uttar Pradesh,2023-02-10,Regular
C01327,Lekha Gupta,63,Male,Lucknow,Uttar Pradesh,2023-07-03,Premium
C01328,Praneel Sagar,59,Female,Hyderabad,Telangana,2025-11-08,Budget
C01329,Ishita Shanker,47,Male,Mumbai,Maharashtra,2025-09-01,Regular
C01330,Hemang Ganesan,70,Female,Pune,Maharashtra,2026-01-19,Budget
C01331,Neelima Thaman,70,Female,Delhi,Delhi,2024-02-12,Regular
C01332,Saanvi Pandey,37,Male,Mumbai,Maharashtra,2026-07-08,Budget
C01333,Ekta Prabhu,24,Male,Jaipur,Rajasthan,2024-06-07,Regular
C01334,Ekiya Khosla,42,Male,Jaipur,Rajasthan,2025-01-27,Premium
C01335,Keya Kumar,54,Male,Hyderabad,Telangana,2024-03-18,Regular
C01336,Sara Ranganathan,44,Male,Jaipur,Rajasthan,2022-09-06,Budget
C01337,Bhavani Babu,40,Female,Lucknow,Uttar Pradesh,2024-11-18,Regular
C01338,Chasmum Ahuja,24,Male,Pune,Maharashtra,2023-12-16,Budget
C01339,Tanish Murty,43,Female,Jaipur,Rajasthan,2022-10-09,Regular
C01340,Yasti Dubey,56,Female,Jaipur,Rajasthan,2023-01-30,Budget
C01341,Triveni Parekh,53,Female,Kolkata,West Bengal,2023-05-06,Budget
C01342,Alka Peri,66,Female,Pune,Maharashtra,2026-06-18,Budget
C01343,Viraj Kunda,56,Male,Kolkata,West Bengal,2026-02-16,Regular
C01344,George Ratta,42,Female,Hyderabad,Telangana,2025-02-06,Regular
C01345,Faras Nair,46,Female,Ahmedabad,Gujarat,2026-01-19,Premium
C01346,Oscar Sura,36,Male,Delhi,Delhi,2026-03-11,Regular
C01347,Charita Barad,18,Female,Chennai,Tamil Nadu,2025-10-15,Budget
C01348,Farhan Bhalla,38,Male,Hyderabad,Telangana,2026-08-08,Budget
C01349,Ijaya Saraf,53,Male,Chennai,Tamil Nadu,2024-06-14,Premium
C01350,Utkarsh Apte,40,Male,Ahmedabad,Gujarat,2025-05-17,Premium
C01351,Chatura Mody,55,Male,Kolkata,West Bengal,2024-11-28,Regular
C01352,Eiravati Zacharia,23,Female,Chennai,Tamil Nadu,2025-01-30,Regular
C01353,Eta Thakkar,64,Male,Hyderabad,Telangana,2025-08-24,Regular
C01354,Michael Bedi,29,Female,Ahmedabad,Gujarat,2025-07-18,Budget
C01355,Sanaya Thaman,70,Male,Lucknow,Uttar Pradesh,2023-01-23,Regular
C01356,Rachana Mann,20,Female,Chennai,Tamil Nadu,2026-01-09,Premium
C01357,Manbir Deo,67,Female,Delhi,Delhi,2024-02-10,Regular
C01358,Vamakshi Bawa,44,Male,Pune,Maharashtra,2025-01-04,Budget
C01359,Adweta Chada,65,Male,Hyderabad,Telangana,2024-05-17,Regular
C01360,Kalpit Deshmukh,21,Female,Pune,Maharashtra,2024-09-22,Regular
C01361,Vinaya Rana,52,Male,Kolkata,West Bengal,2025-06-15,Regular
C01362,Yatin Kibe,27,Male,Hyderabad,Telangana,2022-12-26,Regular
C01363,Qushi Naik,46,Male,Pune,Maharashtra,2025-08-04,Regular
C01364,Isaiah Sachdev,68,Female,Chennai,Tamil Nadu,2024-06-24,Premium
C01365,Ijaya Halder,23,Female,Kolkata,West Bengal,2024-01-17,Regular
C01366,Arjun Mody,53,Female,Delhi,Delhi,2023-05-26,Regular
C01367,Riya Dhingra,50,Female,Pune,Maharashtra,2024-07-21,Budget
C01368,Vivaan Iyengar,66,Male,Bengaluru,Karnataka,2025-08-05,Regular
C01369,Nachiket Chada,49,Female,Hyderabad,Telangana,2023-02-27,Regular
C01370,Xavier Divan,53,Male,Hyderabad,Telangana,2026-05-17,Regular
C01371,Akshay Oza,67,Female,Chennai,Tamil Nadu,2025-08-18,Regular
C01372,Dalaja Sengupta,23,Male,Lucknow,Uttar Pradesh,2024-09-06,Regular
C01373,Garima Kadakia,41,Female,Pune,Maharashtra,2025-10-29,Premium
C01374,Samar Virk,56,Male,Kolkata,West Bengal,2025-11-14,Budget
C01375,Vasudha Dhaliwal,40,Female,Bengaluru,Karnataka,2025-08-20,Regular
C01376,Krisha Vyas,20,Male,Ahmedabad,Gujarat,2022-11-12,Premium
C01377,Onkar Bhasin,27,Male,Kolkata,West Bengal,2023-11-21,Premium
C01378,Anika Bera,33,Male,Delhi,Delhi,2024-08-28,Budget
C01379,Ekalinga Rama,18,Female,Chennai,Tamil Nadu,2025-06-27,Regular
C01380,Jagvi Chokshi,37,Female,Mumbai,Maharashtra,2022-10-05,Regular
C01381,Libni Kashyap,31,Male,Kolkata,West Bengal,2024-04-19,Regular
C01382,Diya Sundaram,66,Female,Jaipur,Rajasthan,2026-05-14,Regular
C01383,Quincy Issac,64,Male,Lucknow,Uttar Pradesh,2024-10-22,Regular
C01384,Anthony Baral,42,Male,Delhi,Delhi,2023-09-25,Regular
C01385,Gauri Suri,36,Male,Delhi,Delhi,2024-05-09,Budget
C01386,Andrew Palan,35,Male,Lucknow,Uttar Pradesh,2025-08-04,Regular
C01387,Isha Mittal,22,Female,Delhi,Delhi,2023-09-07,Regular
C01388,David Kurian,24,Male,Kolkata,West Bengal,2026-06-01,Regular
C01389,Ayushman Mammen,32,Female,Pune,Maharashtra,2023-08-22,Regular
C01390,Harita Ramaswamy,38,Female,Mumbai,Maharashtra,2025-06-22,Budget
C01391,Gagan Raja,23,Male,Jaipur,Rajasthan,2024-11-22,Premium
C01392,Omisha Khosla,53,Male,Ahmedabad,Gujarat,2025-02-11,Premium
C01393,Pooja Muni,37,Female,Jaipur,Rajasthan,2026-07-20,Regular
C01394,Saumya Deep,19,Female,Bengaluru,Karnataka,2023-07-24,Regular
C01395,Samaksh Devi,58,Female,Kolkata,West Bengal,2023-12-30,Regular
C01396,Qushi Dhillon,35,Male,Jaipur,Rajasthan,2025-06-21,Regular
C01397,Eesha Bir,70,Male,Pune,Maharashtra,2025-01-18,Budget
C01398,Qarin Nadkarni,32,Male,Chennai,Tamil Nadu,2026-04-02,Regular
C01399,Ayushman Nagar,60,Male,Pune,Maharashtra,2026-06-04,Premium
C01400,Nisha Mitter,51,Male,Pune,Maharashtra,2024-07-25,Regular
C01401,Max Guha,27,Female,Lucknow,Uttar Pradesh,2023-02-18,Budget
C01402,Qasim Bal,39,Female,Lucknow,Uttar Pradesh,2025-12-03,Regular
C01403,Vihaan Kata,59,Male,Hyderabad,Telangana,2023-08-30,Regular
C01404,Jagrati Buch,26,Female,Hyderabad,Telangana,2025-08-09,Regular
C01405,Krish Thakkar,26,Female,Jaipur,Rajasthan,2026-04-12,Budget
C01406,Kashvi Gour,59,Male,Bengaluru,Karnataka,2026-04-21,Regular
C01407,Vyanjana Som,52,Male,Jaipur,Rajasthan,2023-04-07,Premium
C01408,Reyansh Kara,64,Male,Bengaluru,Karnataka,2022-10-26,Budget
C01409,Alexander Madan,44,Female,Pune,Maharashtra,2024-06-08,Regular
C01410,Samaksh Jayaraman,27,Male,Chennai,Tamil Nadu,2022-12-17,Premium
C01411,Reva Suri,19,Female,Bengaluru,Karnataka,2025-08-09,Regular
C01412,Tanvi Koshy,32,Male,Lucknow,Uttar Pradesh,2024-07-01,Regular
C01413,Benjamin Rai,40,Male,Delhi,Delhi,2025-09-28,Regular
C01414,Meera Yadav,26,Female,Ahmedabad,Gujarat,2024-11-29,Regular
C01415,Ikbal Seth,29,Female,Kolkata,West Bengal,2024-08-15,Regular
C01416,Yatan Venkataraman,28,Male,Bengaluru,Karnataka,2024-12-19,Regular
C01417,Balveer Ram,66,Male,Pune,Maharashtra,2024-11-15,Budget
C01418,Ranveer Manne,32,Male,Pune,Maharashtra,2024-07-19,Budget
C01419,Daksha Mangal,29,Female,Mumbai,Maharashtra,2024-08-22,Budget
C01420,Pahal Menon,62,Female,Ahmedabad,Gujarat,2025-04-15,Budget
C01421,Zansi Dhar,45,Female,Hyderabad,Telangana,2024-08-26,Budget
C01422,Gautam Tella,65,Female,Lucknow,Uttar Pradesh,2023-02-28,Regular
C01423,Krishna Ramaswamy,57,Male,Pune,Maharashtra,2024-06-09,Regular
C01424,Shravya Bakshi,47,Male,Ahmedabad,Gujarat,2023-06-10,Budget
C01425,Saksham Sha,51,Female,Hyderabad,Telangana,2023-01-24,Budget
C01426,Ekiya Gade,53,Female,Delhi,Delhi,2025-09-25,Regular
C01427,Gavin Comar,30,Female,Delhi,Delhi,2025-09-07,Regular
C01428,Janani Chada,67,Female,Chennai,Tamil Nadu,2024-11-27,Regular
C01429,Yasti Dutta,36,Male,Pune,Maharashtra,2024-04-16,Regular
C01430,Caleb Garde,47,Female,Bengaluru,Karnataka,2026-07-24,Premium
C01431,Mason Gaba,25,Male,Jaipur,Rajasthan,2026-05-17,Budget
C01432,Praneel Behl,26,Female,Jaipur,Rajasthan,2024-06-18,Regular
C01433,Dayamai Sehgal,19,Male,Ahmedabad,Gujarat,2023-11-28,Regular
C01434,Jacob Deep,47,Male,Hyderabad,Telangana,2023-07-18,Regular
C01435,Zehaan Arora,63,Male,Bengaluru,Karnataka,2024-08-18,Premium
C01436,Wishi Ahluwalia,58,Female,Ahmedabad,Gujarat,2025-04-07,Premium
C01437,Wazir Kalla,64,Male,Pune,Maharashtra,2025-03-08,Regular
C01438,Sudiksha Rout,20,Male,Pune,Maharashtra,2024-07-23,Budget
C01439,Abeer Konda,60,Male,Lucknow,Uttar Pradesh,2026-06-07,Premium
C01440,Sarthak Bawa,29,Male,Bengaluru,Karnataka,2023-06-20,Regular
C01441,Christopher Palla,64,Female,Chennai,Tamil Nadu,2022-11-02,Regular
C01442,Bachittar Misra,25,Male,Bengaluru,Karnataka,2024-02-02,Budget
C01443,Chandran Chopra,57,Female,Delhi,Delhi,2024-06-14,Premium
C01444,Neel Mane,49,Male,Ahmedabad,Gujarat,2025-04-12,Regular
C01445,Tamanna Parsa,33,Male,Ahmedabad,Gujarat,2026-08-23,Regular
C01446,Girik Mistry,47,Female,Ahmedabad,Gujarat,2024-01-20,Regular
C01447,Ladli Bir,56,Male,Lucknow,Uttar Pradesh,2025-11-27,Regular
C01448,Dhruv Master,35,Male,Jaipur,Rajasthan,2024-09-06,Premium
C01449,Jairaj Maharaj,21,Female,Bengaluru,Karnataka,2024-01-30,Premium
C01450,Shaurya Kadakia,60,Female,Delhi,Delhi,2025-04-13,Regular
C01451,Ikbal Wadhwa,21,Male,Mumbai,Maharashtra,2023-01-20,Regular
C01452,Bhavna Sane,28,Female,Bengaluru,Karnataka,2025-04-08,Regular
C01453,Aashi Vora,54,Male,Lucknow,Uttar Pradesh,2025-02-15,Budget
C01454,Kai Taneja,41,Male,Lucknow,Uttar Pradesh,2024-11-21,Premium
C01455,Waida Gole,38,Female,Chennai,Tamil Nadu,2026-06-09,Budget
C01456,Bina Hari,66,Female,Mumbai,Maharashtra,2022-09-08,Budget
C01457,Arjun Shroff,36,Female,Mumbai,Maharashtra,2025-05-04,Premium
C01458,Sarthak Sachdeva,39,Female,Chennai,Tamil Nadu,2024-06-10,Regular
C01459,Gauri Palla,57,Male,Hyderabad,Telangana,2025-01-23,Premium
C01460,Advay Jaggi,23,Female,Jaipur,Rajasthan,2025-08-12,Regular
C01461,Aachal Bir,68,Female,Lucknow,Uttar Pradesh,2023-12-28,Regular
C01462,Yashawini Naik,34,Female,Kolkata,West Bengal,2025-12-10,Budget
C01463,Ishaan Nath,54,Female,Lucknow,Uttar Pradesh,2024-02-18,Regular
C01464,Ayush Gill,49,Male,Ahmedabad,Gujarat,2023-07-04,Budget
C01465,Hamsini Srinivas,63,Female,Hyderabad,Telangana,2026-07-30,Budget
C01466,Balendra Deshpande,25,Male,Delhi,Delhi,2024-09-22,Regular
C01467,Triveni Yadav,65,Male,Mumbai,Maharashtra,2026-06-28,Budget
C01468,Turvi Sachdev,44,Male,Pune,Maharashtra,2026-08-17,Regular
C01469,Chandani Mutti,69,Male,Jaipur,Rajasthan,2025-01-15,Premium
C01470,Sathvik Narula,62,Female,Hyderabad,Telangana,2026-01-30,Regular
C01471,Dominic Dixit,37,Female,Mumbai,Maharashtra,2023-11-15,Regular
C01472,Harinakshi Prashad,67,Male,Kolkata,West Bengal,2025-05-06,Premium
C01473,Lopa Grover,39,Female,Kolkata,West Bengal,2025-03-18,Regular
C01474,Darika Murty,19,Male,Lucknow,Uttar Pradesh,2025-09-12,Premium
C01475,Anita Sachdev,61,Female,Kolkata,West Bengal,2023-01-18,Budget
C01476,Wazir Prabhu,59,Male,Delhi,Delhi,2024-08-08,Regular
C01477,Tarak Vohra,52,Female,Ahmedabad,Gujarat,2023-12-19,Regular
C01478,Isaac Prasad,65,Male,Pune,Maharashtra,2026-01-07,Budget
C01479,Saksham Chanda,54,Female,Chennai,Tamil Nadu,2024-07-26,Regular
C01480,Vasudha Tella,31,Female,Delhi,Delhi,2023-05-03,Budget
C01481,Harini Sule,22,Male,Kolkata,West Bengal,2025-10-17,Regular
C01482,Falak Dhar,39,Female,Delhi,Delhi,2025-12-14,Regular
C01483,Zaitra Deo,54,Female,Bengaluru,Karnataka,2023-07-21,Premium
C01484,Tripti Ram,68,Female,Mumbai,Maharashtra,2025-09-18,Regular
C01485,Aayush Mukhopadhyay,63,Male,Kolkata,West Bengal,2026-08-24,Regular
C01486,Gagan Nath,49,Male,Mumbai,Maharashtra,2024-08-31,Regular
C01487,Harshil Verma,31,Female,Chennai,Tamil Nadu,2025-12-09,Premium
C01488,Arin Muni,68,Male,Kolkata,West Bengal,2025-05-25,Budget
C01489,Ekani Iyer,46,Male,Mumbai,Maharashtra,2023-07-02,Budget
C01490,Aradhana Walia,27,Male,Jaipur,Rajasthan,2024-01-14,Regular
C01491,Jacob Mahajan,64,Female,Ahmedabad,Gujarat,2023-04-25,Budget
C01492,Anusha Contractor,67,Male,Bengaluru,Karnataka,2022-09-29,Budget
C01493,Samuel Palla,61,Male,Jaipur,Rajasthan,2025-01-06,Regular
C01494,Anika Dhaliwal,47,Female,Delhi,Delhi,2025-09-04,Regular
C01495,Yash Garg,25,Male,Jaipur,Rajasthan,2022-12-25,Regular
C01496,Hamsini Zachariah,61,Male,Delhi,Delhi,2024-07-26,Regular
C01497,Kalpit Balakrishnan,24,Female,Delhi,Delhi,2024-09-06,Premium
C01498,Hitesh Rajagopal,58,Male,Chennai,Tamil Nadu,2022-11-28,Regular
C01499,Pooja Ramanathan,36,Female,Hyderabad,Telangana,2023-06-11,Regular
C01500,Ishani Muni,60,Male,Ahmedabad,Gujarat,2024-02-04,Regular
C01501,Farhan Shroff,35,Male,Bengaluru,Karnataka,2025-02-04,Premium
C01502,Girik Sidhu,53,Male,Lucknow,Uttar Pradesh,2023-02-04,Regular
C01503,Dayita Shroff,53,Female,Kolkata,West Bengal,2024-09-05,Regular
C01504,Udarsh Dhawan,54,Male,Chennai,Tamil Nadu,2026-05-05,Premium
C01505,Januja Ramanathan,57,Female,Chennai,Tamil Nadu,2023-06-17,Regular
C01506,Ekta Setty,26,Male,Delhi,Delhi,2024-10-02,Regular
C01507,Dhruv Soman,24,Female,Delhi,Delhi,2023-02-28,Premium
C01508,Varenya Shenoy,43,Male,Pune,Maharashtra,2026-04-11,Regular
C01509,Barkha Pall,58,Female,Lucknow,Uttar Pradesh,2025-04-01,Regular
C01510,Yashoda Chauhan,39,Male,Chennai,Tamil Nadu,2024-05-28,Regular
C01511,Eshana Bobal,23,Female,Jaipur,Rajasthan,2026-01-18,Regular
C01512,Triya Rattan,70,Female,Mumbai,Maharashtra,2025-03-11,Premium
C01513,William Kohli,61,Female,Chennai,Tamil Nadu,2025-01-04,Regular
C01514,Vasatika Rajagopalan,27,Female,Hyderabad,Telangana,2022-12-17,Budget
C01515,Sathvik Sankar,29,Female,Pune,Maharashtra,2026-01-06,Budget
C01516,Hema Keer,47,Female,Kolkata,West Bengal,2023-06-01,Premium
C01517,Vidhi Contractor,25,Female,Ahmedabad,Gujarat,2025-03-13,Regular
C01518,Eshana Chatterjee,36,Female,Bengaluru,Karnataka,2026-03-05,Regular
C01519,Patrick Morar,50,Male,Bengaluru,Karnataka,2024-05-28,Regular
C01520,Ikbal Raghavan,38,Male,Mumbai,Maharashtra,2024-01-27,Budget
C01521,Darsh Chana,47,Female,Jaipur,Rajasthan,2023-08-10,Regular
C01522,Aadi Din,57,Male,Hyderabad,Telangana,2025-06-28,Regular
C01523,Sneha Wali,42,Male,Ahmedabad,Gujarat,2023-12-02,Regular
C01524,Sanya Hayre,45,Female,Lucknow,Uttar Pradesh,2023-07-22,Regular
C01525,Chandani Modi,52,Male,Kolkata,West Bengal,2026-08-02,Premium
C01526,Hemangini Chakraborty,65,Female,Mumbai,Maharashtra,2025-02-27,Premium
C01527,Yashvi Raval,47,Female,Lucknow,Uttar Pradesh,2026-04-14,Regular
C01528,Chaitaly Bhatia,29,Female,Ahmedabad,Gujarat,2024-04-01,Budget
C01529,Aadi Parmer,56,Male,Mumbai,Maharashtra,2023-02-23,Regular
C01530,Azaan Keer,67,Female,Lucknow,Uttar Pradesh,2024-07-07,Regular
C01531,Eesha Raja,23,Male,Delhi,Delhi,2024-05-28,Budget
C01532,Radhika Kakar,66,Male,Lucknow,Uttar Pradesh,2025-07-01,Budget
C01533,Vaishnavi Dewan,46,Female,Bengaluru,Karnataka,2023-06-25,Regular
C01534,Jagvi Sahni,46,Male,Lucknow,Uttar Pradesh,2023-05-03,Regular
C01535,Jeremiah Desai,37,Female,Kolkata,West Bengal,2022-09-24,Budget
C01536,Amol Dhawan,63,Female,Pune,Maharashtra,2025-09-30,Budget
C01537,Rajeshri Deshpande,18,Female,Lucknow,Uttar Pradesh,2023-01-15,Budget
C01538,Ojasvi Shah,21,Female,Chennai,Tamil Nadu,2026-06-25,Budget
C01539,Pranit Sha,18,Female,Delhi,Delhi,2024-11-05,Premium
C01540,Shivani Rajagopalan,19,Male,Chennai,Tamil Nadu,2024-03-10,Regular
C01541,Quincy Samra,43,Female,Lucknow,Uttar Pradesh,2025-04-02,Regular
C01542,Wishi Khalsa,42,Female,Pune,Maharashtra,2025-09-16,Regular
C01543,Nirja Peri,48,Male,Bengaluru,Karnataka,2022-10-27,Premium
C01544,Vasudha Pillay,41,Female,Pune,Maharashtra,2023-02-28,Premium
C01545,Fariq Dhar,26,Male,Bengaluru,Karnataka,2025-10-14,Premium
C01546,Udyati Varughese,27,Female,Delhi,Delhi,2023-01-05,Regular
C01547,Yatan Sodhi,23,Male,Bengaluru,Karnataka,2025-05-12,Regular
C01548,Devika Bera,47,Female,Pune,Maharashtra,2026-07-10,Regular
C01549,Advay Singh,50,Female,Ahmedabad,Gujarat,2024-08-11,Regular
C01550,Garima Sama,42,Female,Ahmedabad,Gujarat,2024-03-07,Regular
C01551,Bimala Ganesh,56,Male,Pune,Maharashtra,2022-10-30,Regular
C01552,Abha Bhat,63,Female,Hyderabad,Telangana,2025-05-10,Regular
C01553,Omkaar Behl,54,Female,Jaipur,Rajasthan,2025-06-21,Premium
C01554,Avi Mangat,54,Female,Delhi,Delhi,2024-09-28,Regular
C01555,Jonathan Tiwari,55,Female,Mumbai,Maharashtra,2023-01-03,Budget
C01556,Zayyan Deo,27,Female,Mumbai,Maharashtra,2025-04-19,Regular
C01557,Anvi Kurian,51,Male,Mumbai,Maharashtra,2022-09-28,Regular
C01558,Owen Dora,61,Female,Mumbai,Maharashtra,2025-06-25,Regular
C01559,Kala Gill,52,Male,Kolkata,West Bengal,2023-10-16,Regular
C01560,Vedhika Golla,48,Female,Jaipur,Rajasthan,2026-01-29,Regular
C01561,Hemal Chad,36,Male,Chennai,Tamil Nadu,2023-04-19,Premium
C01562,Warhi Sachar,65,Female,Lucknow,Uttar Pradesh,2025-12-15,Regular
C01563,Wazir Sarraf,34,Male,Lucknow,Uttar Pradesh,2025-10-07,Regular
C01564,Shivansh Pai,28,Male,Lucknow,Uttar Pradesh,2022-11-29,Regular
C01565,Jack Ben,69,Male,Chennai,Tamil Nadu,2023-05-24,Regular
C01566,Mohini Soni,26,Male,Mumbai,Maharashtra,2023-12-18,Budget
C01567,Vivaan Raghavan,34,Male,Chennai,Tamil Nadu,2025-08-02,Regular
C01568,Urvi Lala,34,Male,Chennai,Tamil Nadu,2023-04-19,Regular
C01569,Advik Mani,29,Male,Lucknow,Uttar Pradesh,2026-08-16,Regular
C01570,Lavanya Mutti,69,Male,Kolkata,West Bengal,2024-12-07,Regular
C01571,Gunbir Wali,49,Male,Hyderabad,Telangana,2025-05-23,Budget
C01572,Rachana Mahajan,39,Male,Delhi,Delhi,2024-02-08,Budget
C01573,Amara Chaudhari,70,Male,Lucknow,Uttar Pradesh,2023-10-07,Budget
C01574,Triya Khurana,67,Female,Pune,Maharashtra,2025-10-20,Regular
C01575,Zinal Nazareth,64,Male,Ahmedabad,Gujarat,2025-07-24,Regular
C01576,Dhriti Anne,21,Female,Kolkata,West Bengal,2025-07-17,Budget
C01577,Ekansh Arora,21,Male,Mumbai,Maharashtra,2024-06-05,Regular
C01578,Hemang Sehgal,37,Female,Ahmedabad,Gujarat,2024-03-05,Regular
C01579,Bhanumati Krishnamurthy,32,Female,Jaipur,Rajasthan,2023-07-02,Regular
C01580,Arjun Chanda,48,Female,Pune,Maharashtra,2022-12-03,Premium
C01581,Jairaj Dar,18,Female,Pune,Maharashtra,2023-01-18,Budget
C01582,Keya Goyal,42,Female,Ahmedabad,Gujarat,2026-06-28,Budget
C01583,Qarin Kulkarni,24,Female,Delhi,Delhi,2023-12-07,Budget
C01584,Faqid Setty,57,Female,Pune,Maharashtra,2026-08-09,Regular
C01585,Prisha Naik,69,Male,Chennai,Tamil Nadu,2023-10-10,Regular
C01586,Ethan Malhotra,43,Female,Lucknow,Uttar Pradesh,2025-12-26,Budget
C01587,Lavanya Rama,64,Male,Hyderabad,Telangana,2024-02-04,Regular
C01588,Aarna Lanka,38,Male,Bengaluru,Karnataka,2023-06-09,Regular
C01589,Ekaraj Swamy,18,Female,Mumbai,Maharashtra,2026-08-18,Premium
C01590,Maya Gokhale,61,Female,Mumbai,Maharashtra,2025-06-04,Regular
C01591,Ikbal Dhawan,34,Male,Chennai,Tamil Nadu,2024-12-23,Premium
C01592,Tejas Cherian,23,Male,Lucknow,Uttar Pradesh,2026-07-24,Budget
C01593,Aashi Chauhan,56,Male,Hyderabad,Telangana,2022-10-30,Regular
C01594,Ekavir Krishna,23,Male,Mumbai,Maharashtra,2025-12-26,Regular
C01595,Anirudh Tank,69,Male,Lucknow,Uttar Pradesh,2023-04-25,Budget
C01596,Baljiwan Ramakrishnan,34,Female,Bengaluru,Karnataka,2023-10-24,Regular
C01597,Forum Raman,58,Female,Mumbai,Maharashtra,2025-02-14,Budget
C01598,Yutika Swaminathan,67,Female,Chennai,Tamil Nadu,2024-09-17,Regular
C01599,Netra Boase,34,Male,Kolkata,West Bengal,2024-12-23,Budget
C01600,Aarush Rajagopalan,67,Male,Chennai,Tamil Nadu,2025-08-11,Regular
C01601,Jairaj Wason,21,Female,Kolkata,West Bengal,2026-08-28,Budget
C01602,Gauri Mitter,29,Female,Chennai,Tamil Nadu,2024-05-20,Premium
C01603,Gautam Pau,57,Female,Hyderabad,Telangana,2024-12-14,Premium
C01604,Faris Sharaf,24,Male,Ahmedabad,Gujarat,2025-11-30,Regular
C01605,Samaksh Goda,31,Male,Pune,Maharashtra,2025-01-14,Budget
C01606,Leena Halder,24,Male,Chennai,Tamil Nadu,2023-12-14,Premium
C01607,Hredhaan Parmer,64,Female,Lucknow,Uttar Pradesh,2024-09-30,Budget
C01608,Raksha Gupta,49,Male,Delhi,Delhi,2023-04-11,Regular
C01609,Reyansh Bakshi,20,Female,Delhi,Delhi,2025-09-28,Regular
C01610,Vrinda Ramachandran,43,Male,Kolkata,West Bengal,2022-12-12,Regular
C01611,Xalak Walla,48,Female,Ahmedabad,Gujarat,2026-03-24,Regular
C01612,Amol Bansal,52,Male,Mumbai,Maharashtra,2024-02-15,Premium
C01613,Geetika Basak,25,Female,Ahmedabad,Gujarat,2024-05-27,Regular
C01614,Siddharth Virk,43,Male,Chennai,Tamil Nadu,2024-08-18,Regular
C01615,Viraj Bora,41,Female,Mumbai,Maharashtra,2022-11-02,Premium
C01616,Vrinda Bahl,66,Female,Ahmedabad,Gujarat,2024-09-07,Regular
C01617,Xavier De,53,Male,Bengaluru,Karnataka,2022-09-28,Budget
C01618,Chandresh Mohanty,37,Female,Hyderabad,Telangana,2026-03-03,Budget
C01619,Tanmayi Garde,49,Male,Kolkata,West Bengal,2026-03-26,Budget
C01620,Hitesh Comar,65,Male,Ahmedabad,Gujarat,2024-10-17,Premium
C01621,Dev Jain,19,Male,Hyderabad,Telangana,2024-06-29,Regular
C01622,Neelima Nair,68,Female,Mumbai,Maharashtra,2023-03-12,Regular
C01623,Ekanta Kala,19,Male,Ahmedabad,Gujarat,2025-12-06,Regular
C01624,Oscar Nayak,68,Male,Kolkata,West Bengal,2022-12-13,Regular
C01625,Anusha Dhaliwal,69,Female,Hyderabad,Telangana,2025-11-25,Budget
C01626,Om Pingle,27,Male,Jaipur,Rajasthan,2025-01-12,Budget
C01627,Reva Kohli,65,Male,Delhi,Delhi,2026-08-13,Regular
C01628,Kiaan Chaudhry,48,Male,Delhi,Delhi,2026-01-16,Regular
C01629,Nakul Babu,18,Male,Bengaluru,Karnataka,2026-06-03,Regular
C01630,Faris Ahuja,70,Male,Chennai,Tamil Nadu,2022-09-17,Regular
C01631,Gaurav Mander,55,Male,Bengaluru,Karnataka,2024-06-13,Budget
C01632,Jonathan Jhaveri,25,Female,Mumbai,Maharashtra,2023-04-16,Regular
C01633,Shravya Sabharwal,32,Male,Lucknow,Uttar Pradesh,2023-09-12,Budget
C01634,Baljiwan Gole,39,Female,Pune,Maharashtra,2025-09-24,Regular
C01635,Gaurang Mitra,52,Male,Lucknow,Uttar Pradesh,2024-02-28,Regular
C01636,Aayush Keer,66,Male,Hyderabad,Telangana,2023-07-01,Regular
C01637,Girish Pathak,22,Male,Kolkata,West Bengal,2026-05-08,Regular
C01638,Ucchal Joshi,28,Female,Pune,Maharashtra,2023-11-09,Regular
C01639,Rishi Chowdhury,33,Male,Ahmedabad,Gujarat,2026-01-25,Premium
C01640,Urvi Tank,42,Male,Lucknow,Uttar Pradesh,2023-06-06,Premium
C01641,Caleb Bhagat,23,Male,Ahmedabad,Gujarat,2025-06-03,Premium
C01642,Bhavani Kadakia,63,Female,Mumbai,Maharashtra,2024-07-12,Regular
C01643,Gaurika Setty,62,Male,Ahmedabad,Gujarat,2022-11-12,Regular
C01644,Charles Yogi,51,Female,Chennai,Tamil Nadu,2023-06-06,Regular
C01645,Ayush Sundaram,57,Male,Bengaluru,Karnataka,2024-11-13,Regular
C01646,Ekavir Keer,57,Male,Ahmedabad,Gujarat,2025-09-30,Regular
C01647,Eshana Saini,40,Female,Chennai,Tamil Nadu,2023-07-11,Premium
C01648,Victor Choudhary,30,Male,Hyderabad,Telangana,2024-01-25,Budget
C01649,Guneet Khalsa,57,Female,Mumbai,Maharashtra,2025-10-26,Budget
C01650,Ryan Prashad,50,Male,Jaipur,Rajasthan,2026-06-21,Regular
C01651,Ethan Sinha,35,Male,Hyderabad,Telangana,2025-03-02,Premium
C01652,Chatura Sarin,61,Female,Bengaluru,Karnataka,2023-04-19,Regular
C01653,Suhani Gokhale,60,Male,Bengaluru,Karnataka,2024-04-29,Premium
C01654,Laban Shankar,36,Male,Kolkata,West Bengal,2025-09-28,Regular
C01655,Jagrati Madan,57,Female,Kolkata,West Bengal,2023-07-17,Premium
C01656,Joshua Balay,52,Male,Delhi,Delhi,2025-08-16,Premium
C01657,Avni Deshpande,49,Male,Delhi,Delhi,2023-02-25,Premium
C01658,Tara Sahota,64,Female,Hyderabad,Telangana,2023-05-29,Regular
C01659,Thomas Merchant,44,Male,Kolkata,West Bengal,2025-03-31,Regular
C01660,Onkar Karpe,32,Male,Kolkata,West Bengal,2023-01-18,Regular
C01661,Vrinda Kalita,33,Female,Mumbai,Maharashtra,2025-03-12,Budget
C01662,Turvi Mallick,32,Male,Pune,Maharashtra,2022-09-28,Regular
C01663,Yatin Kota,21,Female,Ahmedabad,Gujarat,2024-01-27,Premium
C01664,Tristan Dixit,47,Male,Lucknow,Uttar Pradesh,2026-07-26,Regular
C01665,Omisha Basu,47,Male,Bengaluru,Karnataka,2022-11-07,Regular
C01666,Yamini Bandi,30,Female,Chennai,Tamil Nadu,2024-06-28,Premium
C01667,Varenya Chaudhari,21,Female,Lucknow,Uttar Pradesh,2024-08-08,Premium
C01668,Wridesh Chacko,47,Female,Ahmedabad,Gujarat,2025-01-20,Premium
C01669,Niharika Kamdar,32,Female,Kolkata,West Bengal,2023-03-31,Regular
C01670,Chakrika Khare,28,Male,Lucknow,Uttar Pradesh,2025-06-08,Premium
C01671,Amol Srinivasan,49,Male,Jaipur,Rajasthan,2025-07-11,Regular
C01672,Neel Sharaf,35,Male,Ahmedabad,Gujarat,2026-04-30,Regular
C01673,Suhani Sheth,33,Female,Hyderabad,Telangana,2025-12-18,Regular
C01674,Nidra Goyal,55,Male,Hyderabad,Telangana,2026-01-15,Budget
C01675,Ucchal Agarwal,44,Male,Delhi,Delhi,2026-05-04,Premium
C01676,Lekha Natarajan,64,Male,Ahmedabad,Gujarat,2024-12-08,Regular
C01677,Chaman Sandhu,48,Male,Pune,Maharashtra,2025-11-18,Regular
C01678,Sarthak Buch,23,Male,Hyderabad,Telangana,2025-04-26,Regular
C01679,Christopher Varma,31,Male,Pune,Maharashtra,2026-07-20,Regular
C01680,Charan Choudhry,59,Male,Hyderabad,Telangana,2024-04-22,Premium
C01681,Udyati Baria,28,Female,Chennai,Tamil Nadu,2024-03-26,Budget
C01682,Parth Bhavsar,19,Female,Lucknow,Uttar Pradesh,2025-01-24,Regular
C01683,Lakshit Natt,63,Female,Bengaluru,Karnataka,2023-09-11,Premium
C01684,Vanya Kadakia,58,Female,Kolkata,West Bengal,2025-11-19,Regular
C01685,Ekani Pandit,58,Male,Delhi,Delhi,2026-07-01,Regular
C01686,Yahvi Sampath,51,Male,Kolkata,West Bengal,2023-11-10,Regular
C01687,Dev Pradhan,62,Male,Chennai,Tamil Nadu,2024-02-24,Budget
C01688,Vedika Thaker,57,Female,Mumbai,Maharashtra,2024-12-02,Regular
C01689,Upma Wali,50,Female,Delhi,Delhi,2025-07-25,Budget
C01690,Siya Pillai,42,Female,Mumbai,Maharashtra,2026-01-30,Regular
C01691,Raghav Shankar,41,Female,Delhi,Delhi,2023-01-19,Premium
C01692,Mahika Gola,63,Male,Jaipur,Rajasthan,2023-11-27,Regular
C01693,Ikbal Gala,26,Female,Hyderabad,Telangana,2023-11-08,Regular
C01694,Manbir Taneja,59,Female,Mumbai,Maharashtra,2023-04-27,Regular
C01695,Arin Memon,62,Male,Lucknow,Uttar Pradesh,2024-06-14,Budget
C01696,Urvi Palan,38,Female,Hyderabad,Telangana,2024-06-19,Budget
C01697,Ansh Manne,61,Female,Jaipur,Rajasthan,2023-06-26,Regular
C01698,Anthony Kata,41,Female,Mumbai,Maharashtra,2026-03-26,Regular
C01699,Nisha Oza,51,Male,Jaipur,Rajasthan,2025-06-20,Regular
C01700,Vedika Wagle,61,Female,Jaipur,Rajasthan,2026-04-05,Regular
C01701,Tanvi Modi,69,Male,Kolkata,West Bengal,2025-02-03,Premium
C01702,Damini Garg,23,Male,Ahmedabad,Gujarat,2026-01-14,Regular
C01703,Utkarsh Sule,36,Male,Bengaluru,Karnataka,2024-04-05,Premium
C01704,Champak Divan,25,Male,Chennai,Tamil Nadu,2024-03-07,Regular
C01705,Tamanna Ganesan,51,Male,Hyderabad,Telangana,2025-04-24,Regular
C01706,Bhavika Gopal,26,Female,Jaipur,Rajasthan,2023-06-05,Regular
C01707,Neel Khanna,65,Male,Ahmedabad,Gujarat,2023-03-06,Regular
C01708,Edhitha Date,19,Male,Mumbai,Maharashtra,2024-07-21,Budget
C01709,Kala Gour,59,Female,Jaipur,Rajasthan,2023-07-21,Regular
C01710,Edhitha Padmanabhan,59,Female,Kolkata,West Bengal,2023-04-23,Regular
C01711,Saumya Zacharia,53,Female,Jaipur,Rajasthan,2023-05-16,Regular
C01712,Jairaj Bakshi,26,Female,Lucknow,Uttar Pradesh,2024-05-26,Premium
C01713,Maanav Shanker,32,Female,Chennai,Tamil Nadu,2026-08-17,Regular
C01714,Nachiket Agrawal,67,Male,Chennai,Tamil Nadu,2025-10-27,Premium
C01715,Chakrika Som,47,Male,Chennai,Tamil Nadu,2026-06-28,Regular
C01716,Manan Sathe,63,Female,Bengaluru,Karnataka,2024-02-14,Premium
C01717,Varenya Baria,63,Male,Bengaluru,Karnataka,2023-04-10,Premium
C01718,Darika Bakshi,20,Female,Mumbai,Maharashtra,2024-05-21,Regular
C01719,Sanaya Parikh,34,Female,Ahmedabad,Gujarat,2023-01-27,Premium
C01720,Christopher Hayer,63,Male,Jaipur,Rajasthan,2025-02-28,Regular
C01721,Arunima Hayre,27,Female,Kolkata,West Bengal,2022-10-11,Regular
C01722,Sanaya Chahal,52,Female,Bengaluru,Karnataka,2024-11-09,Premium
C01723,Robert Swaminathan,43,Female,Delhi,Delhi,2024-01-12,Budget
C01724,Jalsa Rao,38,Male,Ahmedabad,Gujarat,2023-04-23,Premium
C01725,Kala Raju,50,Female,Jaipur,Rajasthan,2024-04-07,Regular
C01726,Bhavani Pai,48,Female,Chennai,Tamil Nadu,2024-03-04,Budget
C01727,Sanaya Chahal,60,Male,Lucknow,Uttar Pradesh,2023-08-07,Budget
C01728,Ojasvi Savant,39,Male,Ahmedabad,Gujarat,2023-11-28,Regular
C01729,Panini Sachdeva,26,Male,Delhi,Delhi,2023-04-10,Regular
C01730,Maanas Johal,57,Male,Pune,Maharashtra,2023-12-21,Regular
C01731,Gautami Bhatti,38,Male,Mumbai,Maharashtra,2026-08-25,Regular
C01732,Gaurang Ahuja,55,Male,Hyderabad,Telangana,2024-06-03,Budget
C01733,Oeshi Gill,30,Male,Chennai,Tamil Nadu,2025-01-16,Premium
C01734,Laksh Iyengar,61,Male,Ahmedabad,Gujarat,2023-06-21,Budget
C01735,Bimala Swaminathan,30,Female,Pune,Maharashtra,2022-11-10,Regular
C01736,Daksha Tak,50,Male,Lucknow,Uttar Pradesh,2025-01-21,Budget
C01737,Udarsh Bala,43,Male,Kolkata,West Bengal,2026-01-17,Regular
C01738,Mitesh Lala,41,Female,Pune,Maharashtra,2023-12-16,Regular
C01739,Jeet Mani,40,Female,Chennai,Tamil Nadu,2024-06-15,Regular
C01740,Vyanjana Konda,53,Male,Ahmedabad,Gujarat,2022-10-20,Regular
C01741,Aradhana Tailor,65,Female,Ahmedabad,Gujarat,2022-12-18,Budget
C01742,Vasana Sarin,28,Female,Chennai,Tamil Nadu,2026-05-16,Regular
C01743,Vamakshi Dar,26,Male,Pune,Maharashtra,2024-04-07,Premium
C01744,Aashi Gaba,48,Female,Chennai,Tamil Nadu,2025-02-25,Premium
C01745,Madhav Nagarajan,66,Female,Lucknow,Uttar Pradesh,2024-08-22,Premium
C01746,Ishanvi Gade,58,Female,Pune,Maharashtra,2022-11-27,Regular
C01747,Jalsa Saini,47,Male,Jaipur,Rajasthan,2025-05-21,Premium
C01748,Chanakya Mann,36,Female,Pune,Maharashtra,2023-12-03,Premium
C01749,Yoshita Hari,55,Female,Chennai,Tamil Nadu,2025-12-09,Regular
C01750,Girindra Ganesh,32,Male,Ahmedabad,Gujarat,2024-12-28,Budget
C01751,Diya Mitra,34,Female,Bengaluru,Karnataka,2023-11-01,Budget
C01752,Gopal Warrior,25,Female,Ahmedabad,Gujarat,2025-02-23,Regular
C01753,Maanas Arya,62,Male,Ahmedabad,Gujarat,2023-04-06,Premium
C01754,Kashish Sundaram,49,Male,Chennai,Tamil Nadu,2024-06-07,Regular
C01755,Nicholas Chaudry,55,Female,Kolkata,West Bengal,2023-08-10,Regular
C01756,Yahvi Kant,58,Female,Chennai,Tamil Nadu,2026-03-20,Budget
C01757,Ishaan Sahni,41,Male,Mumbai,Maharashtra,2024-08-21,Budget
C01758,Jackson Deep,55,Male,Bengaluru,Karnataka,2026-08-10,Premium
C01759,Varsha Pall,62,Male,Ahmedabad,Gujarat,2024-01-03,Regular
C01760,Liam Sathe,35,Female,Delhi,Delhi,2026-06-19,Regular
C01761,Orinder Modi,21,Female,Kolkata,West Bengal,2022-10-20,Regular
C01762,Tristan Dave,50,Male,Mumbai,Maharashtra,2026-04-29,Budget
C01763,Utkarsh Mohanty,66,Male,Bengaluru,Karnataka,2023-03-19,Regular
C01764,Kalpit Brar,52,Female,Bengaluru,Karnataka,2024-06-26,Budget
C01765,Faras Bahl,35,Female,Chennai,Tamil Nadu,2025-12-22,Premium
C01766,Raagini Basak,40,Male,Lucknow,Uttar Pradesh,2023-07-08,Premium
C01767,Bachittar Varghese,36,Female,Jaipur,Rajasthan,2025-03-15,Budget
C01768,Upasna Dani,39,Male,Pune,Maharashtra,2026-07-18,Premium
C01769,Caleb Bhatti,50,Male,Bengaluru,Karnataka,2023-12-18,Budget
C01770,Gopal Dasgupta,57,Male,Jaipur,Rajasthan,2026-08-05,Regular
C01771,Ryan Goyal,25,Male,Mumbai,Maharashtra,2025-07-13,Budget
C01772,Ayush Chana,40,Female,Ahmedabad,Gujarat,2023-04-20,Regular
C01773,Ijaya Pandey,70,Female,Bengaluru,Karnataka,2023-05-13,Budget
C01774,Yashasvi Bir,51,Female,Lucknow,Uttar Pradesh,2023-02-06,Premium
C01775,Teerth Handa,19,Male,Chennai,Tamil Nadu,2023-11-17,Regular
C01776,Aayush Chaudhary,62,Male,Bengaluru,Karnataka,2026-08-11,Regular
C01777,Yamini Soman,26,Male,Hyderabad,Telangana,2024-03-28,Regular
C01778,Ria Chhabra,22,Male,Mumbai,Maharashtra,2023-06-13,Budget
C01779,Ladli Samra,20,Male,Pune,Maharashtra,2023-08-04,Premium
C01780,Nikita Chowdhury,55,Male,Jaipur,Rajasthan,2025-12-01,Regular
C01781,Jatin Shukla,20,Male,Chennai,Tamil Nadu,2023-02-24,Regular
C01782,Warhi Patel,66,Male,Delhi,Delhi,2025-09-04,Budget
C01783,Banjeet Butala,31,Male,Lucknow,Uttar Pradesh,2024-01-28,Premium
C01784,Jack Rajan,19,Male,Kolkata,West Bengal,2023-11-20,Premium
C01785,Devika Sawhney,55,Female,Chennai,Tamil Nadu,2023-08-22,Regular
C01786,Bina Sangha,67,Male,Jaipur,Rajasthan,2023-06-26,Regular
C01787,Vamakshi Pillai,24,Male,Mumbai,Maharashtra,2023-06-11,Regular
C01788,Vyanjana Cheema,36,Male,Hyderabad,Telangana,2024-05-13,Budget
C01789,Frederick Dar,18,Male,Jaipur,Rajasthan,2023-04-16,Budget
C01790,Nandini Chaudry,63,Female,Jaipur,Rajasthan,2025-10-31,Regular
C01791,Dhruv Patla,29,Female,Lucknow,Uttar Pradesh,2023-07-12,Regular
C01792,Sai Raval,29,Female,Mumbai,Maharashtra,2023-03-15,Budget
C01793,Panini Tata,31,Male,Pune,Maharashtra,2023-11-12,Regular
C01794,Mugdha Parekh,25,Female,Kolkata,West Bengal,2024-09-14,Premium
C01795,Vedhika Vaidya,49,Female,Bengaluru,Karnataka,2023-11-13,Regular
C01796,Suhani Chokshi,64,Male,Jaipur,Rajasthan,2023-03-14,Premium
C01797,Vrishti Tank,25,Female,Ahmedabad,Gujarat,2023-08-30,Regular
C01798,Ayushman Chaudhary,65,Female,Lucknow,Uttar Pradesh,2025-10-26,Regular
C01799,Ekansh Tara,32,Female,Ahmedabad,Gujarat,2025-07-25,Regular
C01800,Praneel Raja,30,Male,Pune,Maharashtra,2025-04-02,Budget
C01801,Michael Mitter,61,Female,Ahmedabad,Gujarat,2025-04-29,Premium
C01802,Faraj Venkatesh,61,Male,Ahmedabad,Gujarat,2025-12-11,Regular
C01803,Unnati Jaggi,60,Male,Jaipur,Rajasthan,2023-12-06,Premium
C01804,Vritti Thaman,43,Male,Pune,Maharashtra,2023-10-17,Regular
C01805,Andrew Balay,22,Female,Bengaluru,Karnataka,2024-07-05,Budget
C01806,Leela Sengupta,30,Female,Kolkata,West Bengal,2024-01-07,Premium
C01807,Saanvi Sharaf,64,Female,Pune,Maharashtra,2022-10-31,Regular
C01808,Peter Mitter,55,Female,Lucknow,Uttar Pradesh,2026-06-11,Budget
C01809,Vyanjana Sankar,40,Female,Pune,Maharashtra,2023-04-02,Regular
C01810,Lopa Sura,49,Female,Pune,Maharashtra,2025-12-05,Premium
C01811,Vritti Zacharia,24,Male,Ahmedabad,Gujarat,2025-02-10,Regular
C01812,Vamakshi Dugar,32,Male,Ahmedabad,Gujarat,2024-11-01,Premium
C01813,Mahika Lall,22,Female,Delhi,Delhi,2024-10-13,Regular
C01814,Ira Mane,42,Female,Bengaluru,Karnataka,2024-01-16,Premium
C01815,Ayaan Bath,57,Male,Lucknow,Uttar Pradesh,2023-03-24,Budget
C01816,Ikshita Bala,67,Female,Jaipur,Rajasthan,2025-12-07,Budget
C01817,Lajita Chatterjee,36,Female,Hyderabad,Telangana,2024-07-02,Regular
C01818,Ishanvi Sabharwal,52,Female,Chennai,Tamil Nadu,2024-03-04,Budget
C01819,Yash Kota,52,Male,Jaipur,Rajasthan,2023-09-05,Budget
C01820,Frado Bhatti,45,Male,Delhi,Delhi,2026-05-17,Regular
C01821,Ishwar Nazareth,42,Female,Kolkata,West Bengal,2023-05-27,Regular
C01822,Eshana Barad,29,Female,Delhi,Delhi,2024-08-21,Budget
C01823,Yutika Sama,49,Female,Bengaluru,Karnataka,2023-10-25,Premium
C01824,Upasna Bains,49,Male,Pune,Maharashtra,2024-01-10,Regular
C01825,Madhavi Naidu,60,Female,Ahmedabad,Gujarat,2025-02-11,Regular
C01826,Vrinda Chaudhry,50,Male,Bengaluru,Karnataka,2025-08-14,Regular
C01827,Gayathri Taneja,55,Female,Ahmedabad,Gujarat,2024-10-26,Regular
C01828,Ojas Mistry,67,Female,Kolkata,West Bengal,2024-03-23,Regular
C01829,Saksham Taneja,55,Male,Delhi,Delhi,2025-05-20,Premium
C01830,Tanish Mani,40,Male,Kolkata,West Bengal,2023-10-22,Budget
C01831,Chameli Ratti,42,Male,Kolkata,West Bengal,2026-02-06,Regular
C01832,George Chandran,44,Female,Kolkata,West Bengal,2025-03-13,Premium
C01833,Anjali Bhavsar,33,Male,Hyderabad,Telangana,2025-02-01,Regular
C01834,Prisha Kadakia,23,Male,Lucknow,Uttar Pradesh,2024-02-27,Budget
C01835,Chasmum Thaman,39,Male,Mumbai,Maharashtra,2026-02-06,Premium
C01836,Rachita Zacharia,20,Female,Kolkata,West Bengal,2024-01-05,Regular
C01837,Oeshi Ratti,54,Female,Pune,Maharashtra,2023-10-01,Regular
C01838,Pranit Bahl,55,Male,Ahmedabad,Gujarat,2025-05-08,Budget
C01839,Xalak Kala,54,Female,Pune,Maharashtra,2025-06-28,Regular
C01840,Amrita Walia,69,Female,Mumbai,Maharashtra,2026-02-13,Premium
C01841,Darpan Vig,39,Female,Hyderabad,Telangana,2023-07-14,Regular
C01842,Turvi Divan,28,Female,Kolkata,West Bengal,2023-09-14,Regular
C01843,Charita Saran,30,Female,Pune,Maharashtra,2024-06-04,Regular
C01844,Devansh Jani,52,Male,Mumbai,Maharashtra,2026-04-12,Regular
C01845,Amara Mangat,37,Female,Delhi,Delhi,2025-06-05,Budget
C01846,Aahana Keer,65,Male,Lucknow,Uttar Pradesh,2024-05-28,Regular
C01847,Ishaan Doctor,24,Female,Lucknow,Uttar Pradesh,2023-07-01,Regular
C01848,Yatan Mukherjee,69,Female,Lucknow,Uttar Pradesh,2024-08-27,Regular
C01849,Rajata Sami,68,Male,Kolkata,West Bengal,2025-06-06,Regular
C01850,Saksham Dutta,50,Female,Chennai,Tamil Nadu,2023-11-03,Regular
C01851,Ayush Kuruvilla,38,Male,Jaipur,Rajasthan,2026-01-14,Regular
C01852,Patrick Basak,57,Female,Chennai,Tamil Nadu,2025-10-02,Regular
C01853,Anmol Bhakta,29,Male,Jaipur,Rajasthan,2026-05-03,Regular
C01854,Dipta Misra,29,Female,Jaipur,Rajasthan,2026-05-15,Regular
C01855,Niharika Patla,35,Female,Ahmedabad,Gujarat,2025-07-15,Budget
C01856,Mekhala Dey,51,Male,Delhi,Delhi,2023-09-07,Regular
C01857,Xiti Dara,33,Male,Bengaluru,Karnataka,2024-11-24,Regular
C01858,Watika Chana,45,Female,Chennai,Tamil Nadu,2023-09-10,Regular
C01859,Dhriti Narayan,58,Male,Mumbai,Maharashtra,2026-03-21,Budget
C01860,Warinder Sampath,70,Female,Chennai,Tamil Nadu,2023-08-10,Regular
C01861,Hredhaan Gill,61,Male,Chennai,Tamil Nadu,2023-08-04,Regular
C01862,Ria Rege,27,Male,Mumbai,Maharashtra,2023-10-06,Premium
C01863,Vritti Walla,47,Female,Chennai,Tamil Nadu,2024-04-10,Regular
C01864,Edhitha Sampath,45,Male,Pune,Maharashtra,2024-09-12,Regular
C01865,Arunima Dhillon,26,Male,Chennai,Tamil Nadu,2024-03-22,Regular
C01866,Jhalak Morar,60,Male,Chennai,Tamil Nadu,2022-10-08,Regular
C01867,Chatura Khatri,64,Female,Delhi,Delhi,2023-10-03,Budget
C01868,Dayamai Patil,23,Female,Delhi,Delhi,2026-07-10,Regular
C01869,Warjas Savant,44,Female,Mumbai,Maharashtra,2024-05-01,Regular
C01870,Maya Kumer,43,Male,Mumbai,Maharashtra,2023-12-17,Regular
C01871,Warinder Mishra,65,Male,Lucknow,Uttar Pradesh,2023-07-29,Regular
C01872,Reva Nadig,67,Female,Lucknow,Uttar Pradesh,2026-06-03,Regular
C01873,Bahadurjit Mahal,33,Male,Mumbai,Maharashtra,2026-05-13,Budget
C01874,Vyanjana Sinha,39,Female,Kolkata,West Bengal,2025-10-24,Budget
C01875,Gaurangi Sami,45,Male,Hyderabad,Telangana,2026-05-30,Premium
C01876,Naveen Lal,31,Female,Bengaluru,Karnataka,2024-10-31,Regular
C01877,Indira Salvi,55,Male,Chennai,Tamil Nadu,2025-03-29,Regular
C01878,Sudiksha Bala,62,Male,Kolkata,West Bengal,2025-12-02,Regular
C01879,Qarin Sawhney,48,Male,Pune,Maharashtra,2026-01-16,Budget
C01880,Aarush Rattan,41,Female,Bengaluru,Karnataka,2023-07-13,Regular
C01881,Dipta Butala,19,Male,Chennai,Tamil Nadu,2023-02-25,Budget
C01882,Zaid Varty,62,Male,Delhi,Delhi,2025-09-18,Regular
C01883,Nirja Nagarajan,37,Female,Pune,Maharashtra,2024-08-07,Budget
C01884,Kiaan Lad,52,Male,Mumbai,Maharashtra,2023-06-02,Budget
C01885,Baghyawati Issac,18,Female,Pune,Maharashtra,2023-01-15,Budget
C01886,Jhalak Gopal,37,Male,Chennai,Tamil Nadu,2024-05-09,Budget
C01887,Udarsh Bail,37,Male,Hyderabad,Telangana,2022-10-11,Budget
C01888,Gaurav Shere,46,Female,Bengaluru,Karnataka,2023-07-10,Budget
C01889,Om Bawa,68,Male,Pune,Maharashtra,2024-05-20,Regular
C01890,Abha Dixit,70,Female,Mumbai,Maharashtra,2023-01-22,Regular
C01891,Onkar Dalal,39,Female,Pune,Maharashtra,2022-09-27,Budget
C01892,Sudiksha Talwar,70,Male,Mumbai,Maharashtra,2023-03-09,Regular
C01893,Samar Halder,22,Female,Jaipur,Rajasthan,2026-05-06,Regular
C01894,Bhavna Talwar,65,Female,Jaipur,Rajasthan,2024-04-21,Regular
C01895,Raagini Jhaveri,66,Male,Delhi,Delhi,2025-03-26,Regular
C01896,Barkha Gulati,58,Female,Bengaluru,Karnataka,2024-06-16,Budget
C01897,Nilima Dhingra,18,Female,Bengaluru,Karnataka,2022-10-20,Regular
C01898,Adweta Keer,38,Male,Chennai,Tamil Nadu,2025-04-22,Premium
C01899,Yuvraj Pingle,51,Male,Hyderabad,Telangana,2025-02-27,Budget
C01900,Frederick Anne,68,Female,Pune,Maharashtra,2024-09-03,Regular
C01901,Ekiya Rao,34,Male,Bengaluru,Karnataka,2025-08-07,Regular
C01902,Leela Sampath,69,Female,Kolkata,West Bengal,2025-10-23,Premium
C01903,Elijah Chandran,41,Male,Pune,Maharashtra,2025-01-18,Regular
C01904,Charles Natarajan,54,Male,Pune,Maharashtra,2026-08-22,Premium
C01905,Urishilla Pandya,53,Male,Delhi,Delhi,2025-04-04,Budget
C01906,Abdul Kulkarni,30,Female,Ahmedabad,Gujarat,2024-10-28,Regular
C01907,Chasmum Rana,21,Female,Bengaluru,Karnataka,2025-07-14,Regular
C01908,Kevin Barman,34,Male,Lucknow,Uttar Pradesh,2025-02-23,Premium
C01909,Abha Gara,28,Male,Kolkata,West Bengal,2024-10-27,Premium
C01910,Harinakshi Sidhu,45,Female,Jaipur,Rajasthan,2023-03-29,Budget
C01911,Edhitha Wali,25,Male,Ahmedabad,Gujarat,2024-07-09,Regular
C01912,Abha Dada,70,Female,Hyderabad,Telangana,2024-01-05,Regular
C01913,Joshua Tata,42,Male,Ahmedabad,Gujarat,2026-05-22,Regular
C01914,Jalsa Sani,56,Male,Hyderabad,Telangana,2023-11-19,Budget
C01915,Aishani Varughese,64,Male,Chennai,Tamil Nadu,2024-01-05,Regular
C01916,Nitesh Mutti,68,Male,Pune,Maharashtra,2025-10-24,Premium
C01917,Matthew Sarraf,33,Female,Chennai,Tamil Nadu,2022-11-27,Budget
C01918,Manthan Bhagat,55,Female,Kolkata,West Bengal,2023-08-29,Premium
C01919,Balendra Singhal,26,Female,Ahmedabad,Gujarat,2023-10-15,Budget
C01920,Unni Sarin,61,Male,Pune,Maharashtra,2023-03-05,Regular
C01921,Banjeet Sathe,65,Female,Pune,Maharashtra,2024-03-12,Premium
C01922,Tanvi Tailor,21,Male,Jaipur,Rajasthan,2023-02-27,Regular
C01923,Jatin Palla,48,Female,Hyderabad,Telangana,2023-01-29,Budget
C01924,Bhanumati Gole,63,Male,Lucknow,Uttar Pradesh,2026-03-26,Premium
C01925,Yashoda Mahajan,57,Female,Jaipur,Rajasthan,2025-01-27,Regular
C01926,Aayush Vora,60,Female,Pune,Maharashtra,2025-12-10,Premium
C01927,Omaja Bose,20,Male,Jaipur,Rajasthan,2023-09-23,Regular
C01928,Girindra Narasimhan,49,Female,Jaipur,Rajasthan,2022-10-16,Budget
C01929,Jairaj Ramesh,23,Female,Bengaluru,Karnataka,2024-04-08,Regular
C01930,Ekiya Dube,27,Female,Pune,Maharashtra,2022-10-20,Premium
C01931,Triveni Srinivasan,26,Female,Delhi,Delhi,2024-08-11,Budget
C01932,Abdul Narayan,65,Female,Chennai,Tamil Nadu,2022-11-13,Budget
C01933,Ekta Dayal,34,Female,Chennai,Tamil Nadu,2023-07-31,Regular
C01934,Barkha Naidu,28,Female,Pune,Maharashtra,2026-01-27,Regular
C01935,Ekavir Raj,66,Male,Ahmedabad,Gujarat,2023-01-27,Regular
C01936,Aadhya Gokhale,21,Male,Ahmedabad,Gujarat,2023-09-13,Premium
C01937,Gaurav Bail,29,Male,Hyderabad,Telangana,2026-04-22,Regular
C01938,Nicholas Rama,63,Female,Bengaluru,Karnataka,2025-12-29,Regular
C01939,Bhavani Dube,20,Female,Ahmedabad,Gujarat,2023-03-12,Regular
C01940,Vritti Sankaran,49,Female,Jaipur,Rajasthan,2025-10-23,Regular
C01941,Karan Parmer,25,Female,Bengaluru,Karnataka,2025-07-05,Premium
C01942,Jhalak Vala,29,Male,Chennai,Tamil Nadu,2023-07-13,Regular
C01943,Sanaya Rama,54,Male,Chennai,Tamil Nadu,2024-09-15,Regular
C01944,Pallavi Chana,51,Male,Delhi,Delhi,2025-11-24,Regular
C01945,Jyoti Grewal,33,Female,Mumbai,Maharashtra,2024-07-11,Regular
C01946,Girik Baria,19,Female,Kolkata,West Bengal,2024-11-11,Regular
C01947,Ubika Kapur,43,Female,Mumbai,Maharashtra,2025-06-08,Regular
C01948,Warhi Vyas,38,Male,Mumbai,Maharashtra,2025-05-10,Premium
C01949,Bina Sidhu,63,Female,Ahmedabad,Gujarat,2024-07-16,Regular
C01950,Vanya Mital,56,Male,Chennai,Tamil Nadu,2023-04-24,Regular
C01951,Charita Kothari,59,Female,Delhi,Delhi,2024-11-26,Regular
C01952,Chakrika Batta,26,Male,Lucknow,Uttar Pradesh,2025-01-08,Budget
C01953,Chakradev Varghese,38,Male,Chennai,Tamil Nadu,2023-02-20,Regular
C01954,Nitara Chandra,56,Female,Jaipur,Rajasthan,2024-08-27,Premium
C01955,Isha Kumar,29,Male,Chennai,Tamil Nadu,2025-03-03,Budget
C01956,Yahvi Babu,23,Male,Pune,Maharashtra,2023-03-01,Budget
C01957,Praneel Gopal,42,Female,Bengaluru,Karnataka,2026-04-07,Regular
C01958,Chakradev Chacko,25,Female,Bengaluru,Karnataka,2024-06-13,Regular
C01959,Dipta Sha,65,Female,Pune,Maharashtra,2025-11-25,Budget
C01960,Alka Om,26,Female,Lucknow,Uttar Pradesh,2026-08-02,Regular
C01961,Siddharth Goyal,50,Male,Kolkata,West Bengal,2023-01-05,Regular
C01962,Hitesh Saraf,48,Female,Pune,Maharashtra,2024-12-14,Regular
C01963,Abdul Rana,23,Female,Pune,Maharashtra,2023-03-06,Budget
C01964,Onveer Sood,29,Female,Lucknow,Uttar Pradesh,2024-08-20,Regular
C01965,Vidhi Mitter,20,Female,Mumbai,Maharashtra,2025-04-23,Budget
C01966,Megha Mittal,59,Male,Hyderabad,Telangana,2023-01-20,Budget
C01967,Krishna Atwal,58,Male,Jaipur,Rajasthan,2023-06-29,Regular
C01968,Amol Guha,23,Female,Pune,Maharashtra,2026-05-02,Regular
C01969,Shaurya Srivastava,61,Female,Bengaluru,Karnataka,2025-06-09,Budget
C01970,Wyatt Sarin,45,Female,Jaipur,Rajasthan,2026-04-06,Regular
C01971,Gabriel Mitra,22,Male,Jaipur,Rajasthan,2025-12-14,Regular
C01972,Manbir Som,45,Female,Jaipur,Rajasthan,2024-06-22,Premium
C01973,Jackson Ganesan,70,Female,Lucknow,Uttar Pradesh,2026-07-08,Regular
C01974,Sai Sundaram,23,Male,Lucknow,Uttar Pradesh,2024-09-07,Premium
C01975,Shivani Kibe,29,Male,Ahmedabad,Gujarat,2023-07-15,Budget
C01976,Manya Behl,23,Female,Delhi,Delhi,2024-02-06,Budget
C01977,Harshil Sankaran,38,Female,Chennai,Tamil Nadu,2024-06-12,Budget
C01978,Bina Bansal,57,Female,Ahmedabad,Gujarat,2024-10-02,Regular
C01979,Vedika Varghese,31,Male,Bengaluru,Karnataka,2025-03-12,Premium
C01980,Vincent Bhat,34,Male,Lucknow,Uttar Pradesh,2024-12-04,Regular
C01981,Pahal Mutti,18,Female,Delhi,Delhi,2025-01-12,Premium
C01982,Amrita Sahni,59,Female,Bengaluru,Karnataka,2026-06-18,Regular
C01983,Jackson Talwar,60,Female,Pune,Maharashtra,2025-04-30,Regular
C01984,Saumya Sarin,41,Female,Lucknow,Uttar Pradesh,2022-10-08,Budget
C01985,Bhavna Handa,26,Male,Mumbai,Maharashtra,2024-09-03,Premium
C01986,Raksha Kata,70,Male,Mumbai,Maharashtra,2024-11-02,Regular
C01987,Harinakshi Sidhu,19,Male,Hyderabad,Telangana,2023-03-28,Regular
C01988,Madhavi Saha,59,Male,Bengaluru,Karnataka,2026-03-23,Regular
C01989,Urmi Edwin,30,Male,Jaipur,Rajasthan,2025-04-28,Regular
C01990,Barkha Chadha,27,Female,Ahmedabad,Gujarat,2025-07-08,Regular
C01991,Kai Ghose,28,Male,Mumbai,Maharashtra,2023-07-12,Regular
C01992,Vyanjana Chaudhuri,49,Female,Ahmedabad,Gujarat,2026-01-20,Premium
C01993,Wakeeta Mitter,55,Male,Ahmedabad,Gujarat,2023-09-05,Regular
C01994,Champak Badami,43,Male,Lucknow,Uttar Pradesh,2024-03-16,Regular
C01995,Ishanvi Dutt,58,Female,Mumbai,Maharashtra,2023-06-04,Budget
C01996,Devansh Nazareth,65,Female,Ahmedabad,Gujarat,2024-07-05,Premium
C01997,Utkarsh Dara,49,Female,Pune,Maharashtra,2025-01-26,Regular
C01998,Vidhi Kuruvilla,51,Male,Delhi,Delhi,2024-02-16,Regular
C01999,Chakradhar Loke,53,Male,Kolkata,West Bengal,2026-06-29,Regular
C02000,Yutika Chawla,48,Male,Pune,Maharashtra,2025-09-07,Regular
