order_id,customer_id,order_date,payment_method,order_status
O000001,C01741,2024-02-09,Cash on Delivery,Delivered
O000002,C00938,2025-12-20,Credit Card,Cancelled
O000003,C00282,2024-12-06,Net Banking,Delivered
O000004,C00597,2025-09-12,Cash on Delivery,Delivered
O000005,C00447,2024-12-21,Net Banking,Delivered
O000006,C01506,2025-10-15,UPI,Delivered
O000007,C01487,2025-08-10,Net Banking,Delivered
O000008,C01390,2024-03-27,Cash on Delivery,Delivered
O000009,C00772,2024-03-23,Cash on Delivery,Delivered
O000010,C01392,2025-08-30,Net Banking,Delivered
O000011,C00197,2025-04-19,Debit Card,Delivered
O000012,C00368,2025-04-18,Cash on Delivery,Delivered
O000013,C01056,2025-08-30,Debit Card,Cancelled
O000014,C00889,2025-10-28,Cash on Delivery,Delivered
O000015,C00502,2024-03-20,UPI,Delivered
O000016,C00494,2025-10-01,Credit Card,Delivered
O000017,C01409,2025-03-12,Cash on Delivery,Delivered
O000018,C01337,2024-02-02,Net Banking,Delivered
O000019,C01593,2025-01-29,Net Banking,Delivered
O000020,C00564,2024-03-22,Net Banking,Delivered
O000021,C00024,2024-05-09,UPI,Delivered
O000022,C00250,2025-05-04,Net Banking,Cancelled
O000023,C00461,2024-04-01,UPI,Cancelled
O000024,C01173,2025-11-07,Net Banking,Delivered
O000025,C01421,2024-06-08,Cash on Delivery,Cancelled
O000026,C00371,2025-12-08,Net Banking,Delivered
O000027,C01321,2024-10-07,Debit Card,Delivered
O000028,C01171,2024-05-01,UPI,Delivered
O000029,C00131,2025-07-19,Cash on Delivery,Delivered
O000030,C00831,2024-08-14,UPI,Delivered
O000031,C01139,2025-07-04,Cash on Delivery,Cancelled
O000032,C01001,2024-12-08,UPI,Cancelled
O000033,C01104,2025-08-14,UPI,Delivered
O000034,C01978,2025-01-27,UPI,Delivered
O000035,C01766,2025-01-22,Credit Card,Delivered
O000036,C00011,2025-07-22,Cash on Delivery,Delivered
O000037,C01640,2025-11-07,Credit Card,Delivered
O000038,C00264,2024-03-18,Cash on Delivery,Delivered
O000039,C01337,2024-04-29,Credit Card,Delivered
O000040,C01152,2025-05-17,Credit Card,Delivered
O000041,C00174,2024-10-09,UPI,Cancelled
O000042,C00612,2024-09-16,Debit Card,Cancelled
O000043,C00352,2025-09-28,Net Banking,Delivered
O000044,C00509,2024-04-17,Credit Card,Cancelled
O000045,C01853,2024-04-05,Debit Card,Cancelled
O000046,C00912,2025-10-21,UPI,Delivered
O000047,C01424,2024-06-05,UPI,Delivered
O000048,C01242,2024-12-07,Cash on Delivery,Cancelled
O000049,C00430,2024-11-18,UPI,Delivered
O000050,C00486,2025-08-20,UPI,Delivered
O000051,C00291,2025-08-20,Credit Card,Delivered
O000052,C01961,2024-01-06,Credit Card,Cancelled
O000053,C01131,2024-07-09,Credit Card,Cancelled
O000054,C00736,2025-10-10,Debit Card,Delivered
O000055,C01494,2025-09-20,Cash on Delivery,Delivered
O000056,C00153,2025-01-02,Cash on Delivery,Delivered
O000057,C00534,2024-09-22,Credit Card,Delivered
O000058,C00820,2024-08-10,Credit Card,Delivered
O000059,C01386,2025-01-27,Net Banking,Delivered
O000060,C01098,2024-05-13,Credit Card,Delivered
O000061,C01290,2024-03-07,Debit Card,Delivered
O000062,C01464,2024-07-25,Credit Card,Cancelled
O000063,C01239,2024-10-16,UPI,Delivered
O000064,C00648,2025-07-09,Cash on Delivery,Delivered
O000065,C00777,2025-08-09,UPI,Cancelled
O000066,C00507,2024-11-18,UPI,Delivered
O000067,C00256,2024-10-07,Cash on Delivery,Delivered
O000068,C01401,2025-05-03,Debit Card,Delivered
O000069,C00675,2025-05-31,UPI,Delivered
O000070,C01863,2024-07-09,Debit Card,Delivered
O000071,C00300,2024-04-27,Net Banking,Delivered
O000072,C00561,2025-08-08,UPI,Delivered
O000073,C00773,2025-08-08,Cash on Delivery,Delivered
O000074,C00776,2025-02-15,UPI,Delivered
O000075,C00360,2024-11-23,Credit Card,Delivered
O000076,C01206,2025-09-03,Net Banking,Delivered
O000077,C01084,2024-06-26,Credit Card,Cancelled
O000078,C01773,2024-04-17,UPI,Delivered
O000079,C01245,2025-09-14,UPI,Delivered
O000080,C00350,2024-11-29,UPI,Delivered
O000081,C00371,2024-11-17,Debit Card,Cancelled
O000082,C01130,2025-12-14,Credit Card,Delivered
O000083,C00977,2024-11-13,Credit Card,Delivered
O000084,C00020,2025-11-28,Net Banking,Delivered
O000085,C01347,2024-12-22,UPI,Delivered
O000086,C01163,2025-10-24,Cash on Delivery,Delivered
O000087,C01881,2025-02-04,Cash on Delivery,Delivered
O000088,C01449,2025-09-09,Debit Card,Cancelled
O000089,C00857,2025-06-13,Cash on Delivery,Delivered
O000090,C00899,2024-10-07,Cash on Delivery,Delivered
O000091,C01029,2024-01-24,UPI,Delivered
O000092,C01067,2024-12-09,Cash on Delivery,Delivered
O000093,C00626,2024-04-23,UPI,Delivered
O000094,C00833,2025-08-21,Cash on Delivery,Delivered
O000095,C01300,2024-01-08,UPI,Delivered
O000096,C01495,2025-07-11,Credit Card,Delivered
O000097,C00339,2025-09-18,Cash on Delivery,Delivered
O000098,C00174,2025-02-05,Debit Card,Cancelled
O000099,C01904,2024-02-24,Credit Card,Delivered
O000100,C01971,2024-03-06,Net Banking,Cancelled
O000101,C01910,2024-09-19,Cash on Delivery,Delivered
O000102,C01020,2024-09-01,Debit Card,Cancelled
O000103,C01430,2024-11-07,UPI,Delivered
O000104,C01263,2025-08-22,Credit Card,Delivered
O000105,C01463,2024-05-07,Net Banking,Cancelled
O000106,C01536,2024-12-03,UPI,Cancelled
O000107,C01401,2024-02-17,Net Banking,Cancelled
O000108,C00919,2024-11-01,Cash on Delivery,Cancelled
O000109,C01851,2025-08-12,Credit Card,Delivered
O000110,C00154,2024-01-29,Debit Card,Delivered
O000111,C01053,2025-05-27,Credit Card,Delivered
O000112,C00866,2025-12-17,Net Banking,Delivered
O000113,C00350,2025-05-13,Credit Card,Delivered
O000114,C00693,2024-04-27,Credit Card,Cancelled
O000115,C01743,2025-12-02,Debit Card,Delivered
O000116,C00595,2025-03-22,UPI,Delivered
O000117,C00543,2024-02-14,Credit Card,Delivered
O000118,C01512,2025-05-05,Debit Card,Delivered
O000119,C00446,2025-07-08,Debit Card,Cancelled
O000120,C01692,2025-09-12,UPI,Delivered
O000121,C01828,2025-05-27,Cash on Delivery,Delivered
O000122,C00118,2025-11-11,Credit Card,Cancelled
O000123,C00943,2025-02-07,Debit Card,Delivered
O000124,C00725,2024-08-17,UPI,Delivered
O000125,C00717,2024-11-21,Credit Card,Delivered
O000126,C00727,2024-11-08,UPI,Delivered
O000127,C01008,2025-11-19,Credit Card,Delivered
O000128,C01084,2025-06-12,Credit Card,Delivered
O000129,C00842,2025-06-28,UPI,Delivered
O000130,C00015,2025-03-06,Credit Card,Delivered
O000131,C00464,2025-11-09,Net Banking,Delivered
O000132,C00767,2024-08-24,UPI,Delivered
O000133,C01828,2025-07-14,Credit Card,Cancelled
O000134,C01663,2025-07-30,Credit Card,Delivered
O000135,C01345,2024-08-31,Net Banking,Delivered
O000136,C00287,2025-12-07,Credit Card,Delivered
O000137,C00012,2024-09-24,Credit Card,Delivered
O000138,C00227,2024-01-07,Credit Card,Delivered
O000139,C00083,2025-10-04,Credit Card,Delivered
O000140,C00863,2024-08-05,Debit Card,Delivered
O000141,C00329,2025-11-30,Credit Card,Delivered
O000142,C01966,2025-02-13,Net Banking,Delivered
O000143,C00244,2025-04-19,Credit Card,Cancelled
O000144,C01015,2025-12-15,Debit Card,Delivered
O000145,C00666,2024-04-24,Net Banking,Cancelled
O000146,C01487,2025-06-27,Net Banking,Delivered
O000147,C00270,2024-11-09,UPI,Delivered
O000148,C01624,2024-12-12,UPI,Delivered
O000149,C00319,2025-05-15,Credit Card,Delivered
O000150,C01572,2024-06-08,Net Banking,Delivered
O000151,C01390,2025-11-20,Cash on Delivery,Delivered
O000152,C02000,2025-02-26,Cash on Delivery,Delivered
O000153,C00890,2025-04-29,Credit Card,Delivered
O000154,C00996,2025-09-04,UPI,Delivered
O000155,C00508,2025-04-25,Cash on Delivery,Delivered
O000156,C01494,2025-05-21,Cash on Delivery,Delivered
O000157,C00511,2024-12-09,Credit Card,Delivered
O000158,C01770,2025-06-25,Debit Card,Delivered
O000159,C01365,2024-09-25,Net Banking,Delivered
O000160,C00971,2025-11-20,Debit Card,Delivered
O000161,C01436,2025-09-22,Debit Card,Cancelled
O000162,C00372,2025-08-30,UPI,Cancelled
O000163,C01289,2025-05-18,Net Banking,Delivered
O000164,C00247,2024-11-10,Credit Card,Delivered
O000165,C00079,2025-08-25,Debit Card,Delivered
O000166,C01903,2024-06-02,Credit Card,Delivered
O000167,C00037,2025-11-15,Cash on Delivery,Delivered
O000168,C00187,2024-08-22,UPI,Delivered
O000169,C00835,2024-03-06,Debit Card,Delivered
O000170,C00455,2024-01-29,Credit Card,Delivered
O000171,C00126,2025-02-21,Debit Card,Delivered
O000172,C00624,2024-09-16,UPI,Delivered
O000173,C00575,2024-10-29,Cash on Delivery,Delivered
O000174,C00506,2025-07-17,Debit Card,Delivered
O000175,C00373,2025-07-12,UPI,Delivered
O000176,C01353,2025-07-28,Debit Card,Delivered
O000177,C00585,2025-11-14,Net Banking,Delivered
O000178,C01861,2024-04-07,Cash on Delivery,Delivered
O000179,C00883,2025-02-08,Credit Card,Delivered
O000180,C01943,2025-02-24,Net Banking,Delivered
O000181,C00685,2024-08-08,Debit Card,Delivered
O000182,C00199,2024-06-15,UPI,Cancelled
O000183,C01578,2024-03-13,Credit Card,Delivered
O000184,C00739,2025-02-01,Debit Card,Cancelled
O000185,C01084,2025-03-04,Debit Card,Delivered
O000186,C01332,2024-08-30,UPI,Cancelled
O000187,C00787,2025-02-08,UPI,Delivered
O000188,C00268,2024-09-21,Net Banking,Cancelled
O000189,C00247,2025-08-11,UPI,Cancelled
O000190,C01984,2025-05-08,Cash on Delivery,Delivered
O000191,C00396,2024-05-04,Cash on Delivery,Delivered
O000192,C00154,2024-01-19,Cash on Delivery,Cancelled
O000193,C00703,2024-01-22,Debit Card,Delivered
O000194,C01559,2025-11-22,Credit Card,Cancelled
O000195,C01477,2025-09-10,Credit Card,Delivered
O000196,C00262,2025-02-23,Credit Card,Delivered
O000197,C01128,2025-04-05,Debit Card,Cancelled
O000198,C01998,2024-07-19,Debit Card,Delivered
O000199,C00919,2024-07-06,Debit Card,Delivered
O000200,C01866,2025-10-08,Net Banking,Delivered
O000201,C00989,2025-08-24,Net Banking,Cancelled
O000202,C01908,2024-08-24,Cash on Delivery,Delivered
O000203,C00342,2025-07-18,Debit Card,Delivered
O000204,C00594,2024-11-24,UPI,Cancelled
O000205,C00125,2025-01-27,Credit Card,Delivered
O000206,C01014,2024-03-26,Debit Card,Cancelled
O000207,C01990,2025-07-22,UPI,Delivered
O000208,C00897,2024-02-16,Cash on Delivery,Delivered
O000209,C01152,2025-10-15,Debit Card,Delivered
O000210,C01244,2024-10-16,Debit Card,Delivered
O000211,C00377,2024-07-20,UPI,Delivered
O000212,C01172,2025-05-01,UPI,Delivered
O000213,C01801,2025-01-29,Net Banking,Cancelled
O000214,C00933,2024-10-02,Cash on Delivery,Cancelled
O000215,C00531,2024-04-06,UPI,Delivered
O000216,C00607,2024-02-07,Debit Card,Cancelled
O000217,C00244,2025-08-10,UPI,Delivered
O000218,C01093,2025-05-20,Credit Card,Delivered
O000219,C01310,2024-04-06,Credit Card,Delivered
O000220,C01900,2024-12-14,Credit Card,Delivered
O000221,C01789,2024-08-19,Cash on Delivery,Delivered
O000222,C01687,2025-03-20,UPI,Delivered
O000223,C00003,2025-07-26,Debit Card,Cancelled
O000224,C01992,2024-01-05,Credit Card,Delivered
O000225,C01939,2024-12-17,Cash on Delivery,Delivered
O000226,C01479,2024-09-20,Credit Card,Delivered
O000227,C01840,2024-07-02,Debit Card,Delivered
O000228,C00118,2025-09-17,Net Banking,Delivered
O000229,C01688,2025-08-02,Debit Card,Delivered
O000230,C01497,2025-03-27,Cash on Delivery,Delivered
O000231,C00525,2025-03-15,Cash on Delivery,Cancelled
O000232,C01347,2025-07-09,Cash on Delivery,Cancelled
O000233,C00218,2025-11-25,Net Banking,Delivered
O000234,C01782,2025-12-29,Net Banking,Cancelled
O000235,C01129,2025-05-02,Credit Card,Delivered
O000236,C00452,2025-05-31,UPI,Delivered
O000237,C01192,2025-02-18,Net Banking,Delivered
O000238,C00914,2025-10-17,Credit Card,Delivered
O000239,C00755,2025-04-07,Credit Card,Delivered
O000240,C00192,2024-06-30,Credit Card,Delivered
O000241,C00379,2024-09-29,Credit Card,Delivered
O000242,C01167,2024-08-20,Debit Card,Delivered
O000243,C01327,2024-08-09,Credit Card,Delivered
O000244,C00334,2025-06-02,Cash on Delivery,Delivered
O000245,C01408,2025-09-01,Net Banking,Delivered
O000246,C00294,2025-09-25,UPI,Delivered
O000247,C00932,2025-07-09,Net Banking,Delivered
O000248,C00206,2025-03-20,Cash on Delivery,Delivered
O000249,C01489,2025-06-06,Cash on Delivery,Delivered
O000250,C01236,2024-04-18,UPI,Delivered
O000251,C00043,2025-07-08,UPI,Delivered
O000252,C01564,2024-10-20,UPI,Delivered
O000253,C00509,2025-02-07,Debit Card,Delivered
O000254,C00293,2025-07-26,Cash on Delivery,Delivered
O000255,C01623,2024-07-11,UPI,Delivered
O000256,C01111,2024-03-22,Debit Card,Delivered
O000257,C00415,2024-09-11,Credit Card,Delivered
O000258,C01556,2025-02-05,Cash on Delivery,Delivered
O000259,C01671,2025-03-28,Credit Card,Delivered
O000260,C00680,2024-05-29,Net Banking,Delivered
O000261,C00500,2025-10-01,UPI,Delivered
O000262,C01286,2025-08-27,Credit Card,Delivered
O000263,C01690,2024-10-07,UPI,Delivered
O000264,C01116,2024-12-18,Debit Card,Delivered
O000265,C01048,2024-03-17,Cash on Delivery,Delivered
O000266,C00291,2024-04-23,UPI,Delivered
O000267,C00050,2025-07-06,Credit Card,Delivered
O000268,C00790,2024-11-26,Credit Card,Delivered
O000269,C01343,2025-10-05,Debit Card,Delivered
O000270,C01888,2024-11-16,Cash on Delivery,Delivered
O000271,C01407,2024-03-04,Net Banking,Delivered
O000272,C01008,2024-03-12,Credit Card,Delivered
O000273,C00460,2024-02-18,UPI,Delivered
O000274,C00732,2024-11-26,UPI,Cancelled
O000275,C00684,2025-11-21,UPI,Delivered
O000276,C01891,2024-04-11,Cash on Delivery,Delivered
O000277,C01835,2025-01-04,UPI,Delivered
O000278,C00365,2024-06-15,Net Banking,Cancelled
O000279,C00686,2024-12-12,Cash on Delivery,Delivered
O000280,C01392,2024-03-01,Credit Card,Delivered
O000281,C01280,2024-10-13,Debit Card,Delivered
O000282,C01793,2025-06-09,UPI,Delivered
O000283,C01877,2025-02-12,Net Banking,Delivered
O000284,C01911,2024-11-08,Debit Card,Delivered
O000285,C01616,2025-04-01,UPI,Delivered
O000286,C01593,2025-03-10,Credit Card,Delivered
O000287,C00303,2025-02-07,Net Banking,Delivered
O000288,C01478,2025-08-27,Cash on Delivery,Delivered
O000289,C01669,2024-11-02,UPI,Delivered
O000290,C01184,2025-11-08,Net Banking,Delivered
O000291,C00297,2024-07-23,UPI,Delivered
O000292,C00373,2025-03-29,Debit Card,Delivered
O000293,C00654,2025-01-22,Net Banking,Delivered
O000294,C00986,2025-05-09,Net Banking,Cancelled
O000295,C01626,2024-11-24,Net Banking,Delivered
O000296,C01643,2024-12-07,Credit Card,Delivered
O000297,C00858,2025-06-19,Cash on Delivery,Delivered
O000298,C01104,2025-12-24,Cash on Delivery,Delivered
O000299,C01091,2025-01-15,Cash on Delivery,Delivered
O000300,C00788,2025-07-22,UPI,Cancelled
O000301,C01465,2024-11-19,Credit Card,Cancelled
O000302,C01591,2025-10-01,Debit Card,Delivered
O000303,C01440,2024-05-06,UPI,Delivered
O000304,C00741,2024-04-22,UPI,Delivered
O000305,C00743,2025-01-27,Debit Card,Delivered
O000306,C01887,2024-04-08,UPI,Delivered
O000307,C00740,2025-01-11,Credit Card,Delivered
O000308,C00943,2025-07-06,Credit Card,Cancelled
O000309,C01991,2024-12-21,Net Banking,Delivered
O000310,C00432,2024-04-10,Credit Card,Delivered
O000311,C01530,2025-07-01,Credit Card,Delivered
O000312,C01971,2025-02-02,Credit Card,Delivered
O000313,C01502,2025-11-01,UPI,Delivered
O000314,C00762,2025-02-14,UPI,Delivered
O000315,C01358,2024-04-01,Debit Card,Delivered
O000316,C01716,2025-06-23,Credit Card,Delivered
O000317,C00062,2024-06-14,UPI,Delivered
O000318,C00162,2024-12-19,UPI,Delivered
O000319,C01166,2025-01-02,Net Banking,Delivered
O000320,C00307,2024-01-26,Cash on Delivery,Delivered
O000321,C01523,2025-08-02,Credit Card,Cancelled
O000322,C01431,2024-05-01,Cash on Delivery,Delivered
O000323,C00843,2025-03-10,Debit Card,Delivered
O000324,C01601,2024-10-13,Net Banking,Delivered
O000325,C00588,2025-12-16,UPI,Delivered
O000326,C01805,2024-04-02,Net Banking,Cancelled
O000327,C01539,2025-04-12,UPI,Delivered
O000328,C00023,2025-10-24,Net Banking,Delivered
O000329,C01393,2024-11-13,Net Banking,Cancelled
O000330,C01457,2024-03-26,Net Banking,Cancelled
O000331,C01028,2024-04-03,UPI,Delivered
O000332,C00868,2024-10-14,Net Banking,Delivered
O000333,C01993,2025-03-20,UPI,Cancelled
O000334,C00774,2024-08-12,Cash on Delivery,Delivered
O000335,C01522,2024-02-01,Credit Card,Delivered
O000336,C01268,2025-02-10,UPI,Delivered
O000337,C00377,2024-04-29,Cash on Delivery,Cancelled
O000338,C01724,2024-04-01,UPI,Delivered
O000339,C00978,2024-10-15,Credit Card,Delivered
O000340,C01695,2024-08-24,Credit Card,Delivered
O000341,C01646,2024-10-17,Debit Card,Delivered
O000342,C00399,2024-08-23,UPI,Delivered
O000343,C00160,2024-08-16,Debit Card,Cancelled
O000344,C01595,2025-01-12,Cash on Delivery,Delivered
O000345,C00491,2024-01-22,Credit Card,Cancelled
O000346,C00219,2025-09-06,UPI,Cancelled
O000347,C00023,2024-04-20,Debit Card,Delivered
O000348,C01130,2024-04-20,Credit Card,Delivered
O000349,C00493,2025-08-31,UPI,Cancelled
O000350,C01157,2025-04-02,UPI,Cancelled
O000351,C01619,2024-11-23,Debit Card,Delivered
O000352,C00645,2024-02-07,UPI,Delivered
O000353,C00018,2025-12-28,Debit Card,Delivered
O000354,C01964,2025-11-25,Net Banking,Cancelled
O000355,C00400,2024-08-25,Debit Card,Delivered
O000356,C01487,2025-11-21,Credit Card,Delivered
O000357,C01440,2024-08-08,UPI,Delivered
O000358,C00835,2024-06-16,Cash on Delivery,Cancelled
O000359,C00207,2024-05-22,Cash on Delivery,Delivered
O000360,C00049,2025-09-28,Cash on Delivery,Delivered
O000361,C00977,2025-07-28,Credit Card,Delivered
O000362,C00595,2025-01-14,UPI,Delivered
O000363,C00162,2024-01-02,Cash on Delivery,Delivered
O000364,C01952,2024-04-05,Cash on Delivery,Delivered
O000365,C01654,2025-03-01,Credit Card,Delivered
O000366,C01974,2024-09-27,Credit Card,Cancelled
O000367,C01335,2024-02-22,Cash on Delivery,Delivered
O000368,C00917,2025-11-07,Cash on Delivery,Delivered
O000369,C00596,2024-02-04,Credit Card,Delivered
O000370,C00082,2024-11-20,Net Banking,Delivered
O000371,C00428,2025-01-08,Cash on Delivery,Cancelled
O000372,C00154,2025-03-21,Credit Card,Cancelled
O000373,C01286,2024-08-28,Cash on Delivery,Delivered
O000374,C01649,2025-03-15,UPI,Delivered
O000375,C01121,2024-12-17,Cash on Delivery,Delivered
O000376,C01022,2025-11-30,UPI,Delivered
O000377,C00643,2024-09-19,Credit Card,Delivered
O000378,C00331,2025-08-29,UPI,Cancelled
O000379,C00745,2024-10-20,Credit Card,Delivered
O000380,C00367,2025-01-04,Net Banking,Delivered
O000381,C00970,2025-10-10,Debit Card,Delivered
O000382,C01332,2025-07-13,Cash on Delivery,Delivered
O000383,C01991,2025-10-09,Cash on Delivery,Delivered
O000384,C00082,2025-04-15,Debit Card,Delivered
O000385,C00822,2024-04-13,Net Banking,Cancelled
O000386,C01879,2025-08-14,Net Banking,Delivered
O000387,C00752,2024-04-17,Debit Card,Cancelled
O000388,C01950,2025-01-27,Debit Card,Delivered
O000389,C00171,2025-05-09,Net Banking,Cancelled
O000390,C00922,2024-12-24,Debit Card,Delivered
O000391,C01272,2025-08-14,UPI,Delivered
O000392,C01434,2024-12-15,Cash on Delivery,Delivered
O000393,C00317,2025-06-02,UPI,Delivered
O000394,C00770,2024-12-14,UPI,Delivered
O000395,C01749,2024-04-25,UPI,Delivered
O000396,C00796,2025-11-03,Net Banking,Delivered
O000397,C00715,2025-07-19,Net Banking,Delivered
O000398,C01316,2024-09-09,Credit Card,Delivered
O000399,C00224,2024-03-10,UPI,Delivered
O000400,C01879,2025-09-13,Cash on Delivery,Delivered
O000401,C01574,2025-04-30,Net Banking,Delivered
O000402,C00823,2025-05-31,Credit Card,Delivered
O000403,C00702,2025-04-29,Cash on Delivery,Delivered
O000404,C00436,2024-11-14,Net Banking,Delivered
O000405,C00571,2024-10-27,Net Banking,Delivered
O000406,C01117,2024-06-29,UPI,Delivered
O000407,C00299,2025-11-30,Net Banking,Delivered
O000408,C01164,2024-11-03,UPI,Cancelled
O000409,C01586,2024-09-20,Credit Card,Delivered
O000410,C01618,2025-02-24,Credit Card,Delivered
O000411,C00438,2024-02-05,UPI,Delivered
O000412,C01952,2025-06-04,Cash on Delivery,Delivered
O000413,C00553,2025-11-22,Debit Card,Delivered
O000414,C00172,2024-12-10,Credit Card,Delivered
O000415,C00561,2025-07-25,Net Banking,Delivered
O000416,C00611,2024-08-03,Net Banking,Delivered
O000417,C01075,2025-05-16,Credit Card,Delivered
O000418,C00377,2024-03-09,UPI,Delivered
O000419,C01833,2025-11-03,Net Banking,Delivered
O000420,C01973,2024-05-08,Debit Card,Delivered
O000421,C00407,2025-07-03,Credit Card,Delivered
O000422,C00987,2024-01-20,Net Banking,Cancelled
O000423,C01411,2025-03-20,Credit Card,Delivered
O000424,C00727,2025-05-04,Cash on Delivery,Cancelled
O000425,C00797,2025-09-10,UPI,Cancelled
O000426,C01604,2025-08-22,Cash on Delivery,Delivered
O000427,C00160,2025-07-03,Cash on Delivery,Cancelled
O000428,C00297,2024-08-27,UPI,Delivered
O000429,C00030,2025-03-11,UPI,Delivered
O000430,C01913,2025-05-16,Credit Card,Delivered
O000431,C01771,2024-04-06,UPI,Delivered
O000432,C00539,2025-05-15,Debit Card,Delivered
O000433,C00923,2025-03-10,Net Banking,Delivered
O000434,C01300,2024-03-07,Net Banking,Cancelled
O000435,C00200,2024-05-29,UPI,Delivered
O000436,C00861,2025-04-25,Cash on Delivery,Delivered
O000437,C01231,2025-02-24,Net Banking,Delivered
O000438,C00713,2025-03-24,Credit Card,Delivered
O000439,C01991,2025-08-11,Cash on Delivery,Delivered
O000440,C00759,2024-02-11,Cash on Delivery,Delivered
O000441,C00619,2025-03-18,Debit Card,Cancelled
O000442,C01678,2025-02-09,UPI,Delivered
O000443,C01329,2024-05-27,Net Banking,Delivered
O000444,C00841,2025-08-05,Debit Card,Delivered
O000445,C01697,2025-01-04,Cash on Delivery,Delivered
O000446,C01072,2025-01-25,Debit Card,Delivered
O000447,C01898,2025-11-27,UPI,Delivered
O000448,C00765,2024-01-15,Credit Card,Cancelled
O000449,C01219,2024-04-03,Credit Card,Cancelled
O000450,C00893,2025-05-26,Credit Card,Delivered
O000451,C01299,2025-12-28,UPI,Cancelled
O000452,C01921,2025-02-17,Net Banking,Delivered
O000453,C00180,2024-05-19,UPI,Delivered
O000454,C01331,2024-01-15,UPI,Cancelled
O000455,C01910,2024-08-01,Credit Card,Delivered
O000456,C01536,2025-09-03,Cash on Delivery,Cancelled
O000457,C00205,2024-06-08,Debit Card,Cancelled
O000458,C01191,2024-07-09,UPI,Delivered
O000459,C01745,2025-10-06,Credit Card,Delivered
O000460,C01592,2025-07-02,Debit Card,Delivered
O000461,C00235,2025-10-13,UPI,Delivered
O000462,C01947,2025-11-20,UPI,Delivered
O000463,C01982,2025-03-26,Net Banking,Delivered
O000464,C01860,2024-12-11,Net Banking,Delivered
O000465,C01925,2024-03-06,Debit Card,Delivered
O000466,C01040,2025-09-18,UPI,Delivered
O000467,C00630,2025-02-18,Cash on Delivery,Delivered
O000468,C01379,2025-04-16,Credit Card,Delivered
O000469,C01844,2024-09-05,Net Banking,Delivered
O000470,C00032,2024-11-08,UPI,Delivered
O000471,C01722,2025-04-02,Net Banking,Cancelled
O000472,C00651,2024-02-04,Debit Card,Delivered
O000473,C01965,2025-01-16,Debit Card,Delivered
O000474,C00496,2025-10-31,Debit Card,Delivered
O000475,C00395,2025-12-26,Net Banking,Delivered
O000476,C01697,2024-01-19,UPI,Cancelled
O000477,C00879,2024-09-21,UPI,Delivered
O000478,C01492,2024-12-05,UPI,Delivered
O000479,C01060,2024-05-20,UPI,Delivered
O000480,C00204,2024-11-18,Cash on Delivery,Delivered
O000481,C01033,2024-01-19,UPI,Cancelled
O000482,C01607,2025-10-29,Credit Card,Delivered
O000483,C01715,2025-02-14,Cash on Delivery,Delivered
O000484,C01943,2024-09-03,Debit Card,Delivered
O000485,C00191,2024-10-23,UPI,Delivered
O000486,C00024,2024-07-18,Debit Card,Cancelled
O000487,C00314,2024-03-11,UPI,Cancelled
O000488,C01450,2024-03-30,Cash on Delivery,Delivered
O000489,C01172,2024-03-18,Credit Card,Delivered
O000490,C00930,2025-02-24,Debit Card,Delivered
O000491,C00491,2024-05-10,Debit Card,Delivered
O000492,C00609,2024-08-09,Credit Card,Cancelled
O000493,C01722,2024-04-21,Credit Card,Delivered
O000494,C01578,2024-05-21,Debit Card,Delivered
O000495,C00564,2024-07-17,UPI,Delivered
O000496,C01285,2025-08-19,UPI,Cancelled
O000497,C01776,2024-03-10,UPI,Delivered
O000498,C00941,2024-04-29,Cash on Delivery,Delivered
O000499,C00220,2024-08-26,Credit Card,Delivered
O000500,C00537,2024-11-12,Cash on Delivery,Delivered
O000501,C00159,2025-06-11,Debit Card,Delivered
O000502,C01870,2024-05-11,Credit Card,Delivered
O000503,C00207,2024-02-15,Net Banking,Delivered
O000504,C00848,2025-04-22,UPI,Delivered
O000505,C01965,2024-09-09,Net Banking,Delivered
O000506,C01408,2024-05-20,Credit Card,Delivered
O000507,C01298,2024-01-22,Net Banking,Delivered
O000508,C00369,2025-07-08,UPI,Delivered
O000509,C01351,2024-02-15,Cash on Delivery,Cancelled
O000510,C01751,2024-08-19,UPI,Delivered
O000511,C00711,2024-10-29,Net Banking,Cancelled
O000512,C01229,2024-03-17,Cash on Delivery,Delivered
O000513,C00325,2024-09-05,Cash on Delivery,Delivered
O000514,C01898,2024-04-20,UPI,Cancelled
O000515,C00061,2024-11-16,Cash on Delivery,Delivered
O000516,C01061,2025-11-24,Cash on Delivery,Delivered
O000517,C00443,2024-09-08,Net Banking,Delivered
O000518,C01841,2024-07-19,Credit Card,Delivered
O000519,C00671,2024-10-18,Credit Card,Delivered
O000520,C00171,2025-10-04,Credit Card,Delivered
O000521,C00561,2025-11-29,Net Banking,Delivered
O000522,C01953,2024-04-03,UPI,Delivered
O000523,C01451,2024-02-10,Cash on Delivery,Delivered
O000524,C00957,2024-06-06,Net Banking,Delivered
O000525,C01050,2024-07-05,Net Banking,Delivered
O000526,C00513,2025-08-07,Credit Card,Delivered
O000527,C01408,2025-04-08,Cash on Delivery,Delivered
O000528,C01970,2025-03-31,Net Banking,Delivered
O000529,C01196,2024-07-02,Cash on Delivery,Delivered
O000530,C00340,2025-01-17,Credit Card,Delivered
O000531,C00888,2025-01-30,Net Banking,Delivered
O000532,C01222,2025-08-07,Debit Card,Delivered
O000533,C01276,2025-01-26,UPI,Cancelled
O000534,C00785,2024-10-26,Credit Card,Cancelled
O000535,C00723,2024-03-30,Credit Card,Delivered
O000536,C00921,2024-07-28,Credit Card,Delivered
O000537,C01963,2024-02-17,Debit Card,Cancelled
O000538,C00840,2024-09-04,Credit Card,Cancelled
O000539,C00722,2024-12-27,Credit Card,Delivered
O000540,C00369,2025-03-05,Cash on Delivery,Delivered
O000541,C01620,2024-11-12,UPI,Delivered
O000542,C00149,2024-02-20,Credit Card,Delivered
O000543,C00762,2025-01-11,Credit Card,Delivered
O000544,C00251,2024-01-23,UPI,Delivered
O000545,C01469,2024-11-12,Credit Card,Delivered
O000546,C01163,2025-05-07,Cash on Delivery,Delivered
O000547,C01151,2024-06-30,UPI,Delivered
O000548,C00581,2025-12-10,Cash on Delivery,Delivered
O000549,C01080,2025-11-19,UPI,Cancelled
O000550,C00570,2024-01-15,Cash on Delivery,Delivered
O000551,C01176,2024-07-28,Net Banking,Delivered
O000552,C00651,2025-03-06,Debit Card,Delivered
O000553,C00404,2025-03-31,UPI,Delivered
O000554,C01022,2025-06-08,UPI,Delivered
O000555,C00863,2024-03-19,UPI,Delivered
O000556,C00928,2024-07-10,UPI,Delivered
O000557,C01211,2025-08-15,Net Banking,Delivered
O000558,C01181,2025-03-06,UPI,Delivered
O000559,C00037,2025-05-21,Cash on Delivery,Delivered
O000560,C01868,2025-09-01,Net Banking,Delivered
O000561,C00269,2024-04-07,Net Banking,Delivered
O000562,C00076,2024-08-24,Cash on Delivery,Cancelled
O000563,C00081,2025-03-17,Credit Card,Delivered
O000564,C00143,2024-11-11,Net Banking,Delivered
O000565,C01700,2024-12-12,Net Banking,Delivered
O000566,C00563,2024-03-06,Debit Card,Delivered
O000567,C00820,2025-10-19,UPI,Delivered
O000568,C01012,2025-05-08,Debit Card,Delivered
O000569,C00612,2025-01-23,Net Banking,Delivered
O000570,C01739,2024-06-07,UPI,Delivered
O000571,C01921,2025-08-31,Debit Card,Delivered
O000572,C00459,2024-04-20,UPI,Delivered
O000573,C00285,2024-10-16,UPI,Delivered
O000574,C01765,2025-02-23,Debit Card,Delivered
O000575,C00464,2024-05-10,Credit Card,Delivered
O000576,C00392,2025-08-30,Cash on Delivery,Delivered
O000577,C01672,2024-07-09,Cash on Delivery,Delivered
O000578,C01914,2025-02-21,Net Banking,Delivered
O000579,C00532,2024-11-25,UPI,Delivered
O000580,C00099,2025-12-08,Debit Card,Delivered
O000581,C00541,2025-03-07,Debit Card,Cancelled
O000582,C01622,2024-12-16,Net Banking,Delivered
O000583,C01431,2024-02-02,UPI,Delivered
O000584,C01195,2024-01-01,Net Banking,Delivered
O000585,C00259,2025-09-23,Debit Card,Delivered
O000586,C01543,2024-12-26,Credit Card,Delivered
O000587,C01305,2025-10-06,Credit Card,Delivered
O000588,C01069,2025-04-27,Cash on Delivery,Delivered
O000589,C01184,2024-08-12,Net Banking,Delivered
O000590,C02000,2025-05-22,Debit Card,Delivered
O000591,C01583,2024-05-10,Cash on Delivery,Delivered
O000592,C00189,2024-01-01,UPI,Delivered
O000593,C01457,2024-02-16,UPI,Cancelled
O000594,C01712,2025-12-26,Net Banking,Delivered
O000595,C01424,2025-12-16,UPI,Delivered
O000596,C00124,2025-01-09,Credit Card,Delivered
O000597,C01374,2024-07-31,UPI,Delivered
O000598,C00385,2025-04-09,Net Banking,Delivered
O000599,C00698,2024-07-13,Credit Card,Cancelled
O000600,C01560,2025-10-14,Cash on Delivery,Cancelled
O000601,C01759,2025-06-12,Debit Card,Delivered
O000602,C01452,2024-10-22,Net Banking,Delivered
O000603,C01737,2024-09-29,Cash on Delivery,Delivered
O000604,C01873,2025-10-16,UPI,Delivered
O000605,C00790,2025-05-06,Net Banking,Cancelled
O000606,C01052,2024-06-14,Credit Card,Delivered
O000607,C00385,2025-03-30,UPI,Delivered
O000608,C00867,2025-10-14,Credit Card,Delivered
O000609,C01949,2025-01-31,Cash on Delivery,Delivered
O000610,C00302,2024-08-06,Credit Card,Delivered
O000611,C01526,2024-02-05,UPI,Delivered
O000612,C01832,2024-05-05,Credit Card,Delivered
O000613,C00059,2025-07-28,Net Banking,Cancelled
O000614,C00928,2025-02-18,Credit Card,Delivered
O000615,C01899,2025-03-13,Debit Card,Delivered
O000616,C00884,2024-02-24,Credit Card,Delivered
O000617,C00813,2024-08-21,Cash on Delivery,Delivered
O000618,C01041,2024-03-10,UPI,Delivered
O000619,C00559,2024-11-03,Credit Card,Delivered
O000620,C01329,2025-06-26,Net Banking,Delivered
O000621,C00398,2024-04-05,Debit Card,Delivered
O000622,C00825,2025-10-07,Credit Card,Cancelled
O000623,C00566,2024-04-18,Cash on Delivery,Cancelled
O000624,C01011,2025-07-17,Cash on Delivery,Delivered
O000625,C00224,2025-03-08,Debit Card,Delivered
O000626,C01964,2024-08-05,UPI,Delivered
O000627,C00236,2025-11-13,UPI,Delivered
O000628,C01179,2024-12-01,UPI,Delivered
O000629,C01090,2024-06-12,UPI,Delivered
O000630,C00464,2025-04-19,Cash on Delivery,Delivered
O000631,C00803,2025-01-27,Net Banking,Delivered
O000632,C00451,2025-09-14,Cash on Delivery,Delivered
O000633,C01015,2024-09-04,Credit Card,Delivered
O000634,C00712,2025-11-17,Net Banking,Cancelled
O000635,C00590,2025-06-13,Cash on Delivery,Delivered
O000636,C00380,2024-09-23,Credit Card,Cancelled
O000637,C00977,2025-05-08,Debit Card,Delivered
O000638,C00349,2024-07-22,UPI,Delivered
O000639,C00342,2025-08-07,UPI,Delivered
O000640,C00291,2025-07-03,Cash on Delivery,Delivered
O000641,C00877,2024-12-17,Debit Card,Delivered
O000642,C00364,2024-07-31,Debit Card,Delivered
O000643,C00350,2024-07-10,Net Banking,Delivered
O000644,C01217,2025-05-29,Debit Card,Delivered
O000645,C01195,2024-09-06,UPI,Delivered
O000646,C01789,2024-09-22,UPI,Delivered
O000647,C00093,2024-06-12,Cash on Delivery,Cancelled
O000648,C01393,2024-12-23,Debit Card,Delivered
O000649,C01076,2025-04-10,Debit Card,Delivered
O000650,C01588,2024-09-12,UPI,Delivered
O000651,C00624,2024-01-13,Cash on Delivery,Delivered
O000652,C00927,2025-12-10,Credit Card,Delivered
O000653,C01118,2025-06-21,Debit Card,Delivered
O000654,C00520,2024-04-13,Debit Card,Delivered
O000655,C00028,2025-05-17,Debit Card,Delivered
O000656,C01455,2025-12-17,UPI,Cancelled
O000657,C01587,2024-01-02,Cash on Delivery,Delivered
O000658,C00231,2025-04-17,UPI,Cancelled
O000659,C01492,2025-01-05,Net Banking,Delivered
O000660,C00841,2024-01-04,Credit Card,Delivered
O000661,C00732,2025-12-01,Net Banking,Delivered
O000662,C00501,2024-01-08,Debit Card,Delivered
O000663,C00737,2025-06-06,UPI,Delivered
O000664,C00397,2024-05-14,Cash on Delivery,Delivered
O000665,C01309,2024-11-16,UPI,Delivered
O000666,C01797,2025-03-07,Cash on Delivery,Delivered
O000667,C01963,2025-11-26,Cash on Delivery,Delivered
O000668,C00544,2025-06-24,Cash on Delivery,Delivered
O000669,C01819,2025-06-30,UPI,Cancelled
O000670,C00855,2025-01-14,Net Banking,Delivered
O000671,C00634,2025-08-15,Credit Card,Delivered
O000672,C01187,2024-11-01,Debit Card,Delivered
O000673,C01709,2025-02-21,Cash on Delivery,Delivered
O000674,C00888,2024-03-04,Debit Card,Cancelled
O000675,C01983,2025-09-03,Debit Card,Delivered
O000676,C00226,2025-11-11,UPI,Delivered
O000677,C01899,2025-05-19,Net Banking,Delivered
O000678,C01395,2025-05-20,Credit Card,Cancelled
O000679,C01980,2024-03-01,Debit Card,Cancelled
O000680,C01144,2025-02-22,Credit Card,Delivered
O000681,C00998,2024-01-25,Credit Card,Delivered
O000682,C00032,2025-11-24,Debit Card,Delivered
O000683,C00580,2025-10-08,Cash on Delivery,Delivered
O000684,C00109,2025-09-25,Net Banking,Delivered
O000685,C00011,2025-06-05,Net Banking,Delivered
O000686,C01353,2024-12-11,UPI,Delivered
O000687,C00515,2025-06-06,UPI,Delivered
O000688,C01609,2024-04-05,Cash on Delivery,Cancelled
O000689,C00318,2024-10-01,Cash on Delivery,Delivered
O000690,C00293,2025-09-23,Credit Card,Delivered
O000691,C01199,2024-10-19,UPI,Delivered
O000692,C00449,2025-10-04,UPI,Delivered
O000693,C01911,2025-04-12,Debit Card,Delivered
O000694,C01663,2024-10-05,Debit Card,Delivered
O000695,C00866,2024-10-27,Net Banking,Delivered
O000696,C01829,2024-05-17,Credit Card,Delivered
O000697,C01223,2025-10-13,Debit Card,Delivered
O000698,C01155,2025-08-19,Net Banking,Delivered
O000699,C01648,2025-09-22,Debit Card,Delivered
O000700,C00513,2025-06-25,Credit Card,Delivered
O000701,C01136,2024-01-07,Credit Card,Delivered
O000702,C00625,2024-04-06,UPI,Delivered
O000703,C01161,2024-12-25,Net Banking,Cancelled
O000704,C00376,2024-10-14,Credit Card,Delivered
O000705,C00197,2025-12-28,Credit Card,Cancelled
O000706,C00906,2024-05-29,Debit Card,Cancelled
O000707,C01915,2024-12-11,Debit Card,Delivered
O000708,C00726,2024-01-08,Net Banking,Delivered
O000709,C00862,2024-06-21,Net Banking,Delivered
O000710,C00057,2025-07-31,Net Banking,Delivered
O000711,C01961,2024-01-16,Net Banking,Delivered
O000712,C01548,2025-08-12,Credit Card,Cancelled
O000713,C01858,2024-08-06,Debit Card,Delivered
O000714,C01189,2025-06-12,Credit Card,Delivered
O000715,C01272,2025-12-16,Cash on Delivery,Cancelled
O000716,C01798,2025-07-04,Debit Card,Delivered
O000717,C01547,2024-10-04,Net Banking,Delivered
O000718,C00826,2024-05-28,UPI,Delivered
O000719,C01654,2024-03-10,Cash on Delivery,Delivered
O000720,C01719,2025-09-26,UPI,Delivered
O000721,C00554,2025-04-21,UPI,Delivered
O000722,C01218,2025-04-30,UPI,Delivered
O000723,C01159,2024-08-23,Debit Card,Delivered
O000724,C01771,2025-09-19,UPI,Cancelled
O000725,C01382,2025-07-11,Cash on Delivery,Delivered
O000726,C01437,2024-06-20,Credit Card,Cancelled
O000727,C00296,2024-06-30,Debit Card,Delivered
O000728,C00280,2025-01-18,Credit Card,Delivered
O000729,C00617,2024-10-08,Debit Card,Delivered
O000730,C01650,2024-01-29,Net Banking,Cancelled
O000731,C01409,2024-08-06,Credit Card,Delivered
O000732,C00138,2025-01-17,UPI,Cancelled
O000733,C01803,2025-12-03,UPI,Delivered
O000734,C00507,2025-06-30,Credit Card,Delivered
O000735,C00971,2025-07-03,UPI,Cancelled
O000736,C00909,2025-04-15,Credit Card,Delivered
O000737,C00615,2024-06-11,Credit Card,Delivered
O000738,C01680,2024-01-06,Credit Card,Cancelled
O000739,C00534,2024-06-01,Cash on Delivery,Delivered
O000740,C01760,2025-09-29,Cash on Delivery,Delivered
O000741,C00886,2025-05-10,UPI,Delivered
O000742,C00379,2024-11-03,Credit Card,Delivered
O000743,C00350,2024-03-27,Debit Card,Cancelled
O000744,C00411,2025-11-06,Net Banking,Delivered
O000745,C00594,2024-08-03,Debit Card,Delivered
O000746,C01965,2025-03-18,Debit Card,Delivered
O000747,C01368,2025-01-23,Debit Card,Delivered
O000748,C00791,2025-01-18,Debit Card,Delivered
O000749,C00951,2024-05-12,Credit Card,Delivered
O000750,C00304,2025-03-04,UPI,Delivered
O000751,C00937,2024-05-30,UPI,Cancelled
O000752,C00798,2025-05-27,UPI,Delivered
O000753,C00070,2025-07-27,Cash on Delivery,Delivered
O000754,C00088,2025-03-15,Net Banking,Delivered
O000755,C01972,2025-06-06,UPI,Delivered
O000756,C00568,2025-06-14,UPI,Delivered
O000757,C00733,2025-04-13,Cash on Delivery,Cancelled
O000758,C00432,2025-03-14,Debit Card,Cancelled
O000759,C00800,2024-05-16,Debit Card,Delivered
O000760,C01344,2024-02-20,Credit Card,Delivered
O000761,C01344,2025-04-01,Cash on Delivery,Delivered
O000762,C00942,2024-04-09,Credit Card,Delivered
O000763,C01608,2025-08-02,Debit Card,Delivered
O000764,C00140,2024-02-20,Cash on Delivery,Delivered
O000765,C00772,2024-04-08,Cash on Delivery,Cancelled
O000766,C01350,2024-07-20,UPI,Cancelled
O000767,C01589,2025-12-26,Debit Card,Delivered
O000768,C00266,2025-03-18,Debit Card,Cancelled
O000769,C01957,2025-10-26,Cash on Delivery,Delivered
O000770,C01198,2024-06-26,Cash on Delivery,Delivered
O000771,C00139,2025-11-15,UPI,Delivered
O000772,C00475,2025-02-10,UPI,Delivered
O000773,C01023,2025-07-20,Net Banking,Delivered
O000774,C01557,2025-08-30,Credit Card,Delivered
O000775,C00216,2024-08-01,Cash on Delivery,Delivered
O000776,C01492,2024-05-29,Cash on Delivery,Delivered
O000777,C01890,2025-10-20,UPI,Delivered
O000778,C01254,2025-06-10,Debit Card,Delivered
O000779,C00077,2024-01-18,Cash on Delivery,Delivered
O000780,C00905,2025-06-22,Cash on Delivery,Cancelled
O000781,C01293,2025-06-10,Cash on Delivery,Delivered
O000782,C00658,2025-02-17,UPI,Delivered
O000783,C00774,2025-04-22,UPI,Cancelled
O000784,C01140,2024-07-15,UPI,Delivered
O000785,C01006,2025-06-12,Net Banking,Delivered
O000786,C00462,2025-03-11,Credit Card,Delivered
O000787,C00889,2025-11-16,Net Banking,Delivered
O000788,C00177,2024-12-18,Cash on Delivery,Delivered
O000789,C01289,2024-01-02,Cash on Delivery,Delivered
O000790,C00417,2025-12-29,UPI,Delivered
O000791,C01830,2024-11-27,UPI,Delivered
O000792,C01164,2025-05-12,Cash on Delivery,Delivered
O000793,C00698,2025-06-06,Credit Card,Cancelled
O000794,C01017,2025-05-19,Credit Card,Delivered
O000795,C01169,2024-02-10,Net Banking,Cancelled
O000796,C00722,2025-10-25,Credit Card,Cancelled
O000797,C01748,2025-12-30,UPI,Delivered
O000798,C00899,2024-09-07,Credit Card,Delivered
O000799,C01790,2024-12-01,UPI,Cancelled
O000800,C00161,2025-10-17,UPI,Cancelled
O000801,C00611,2024-11-12,UPI,Delivered
O000802,C01022,2024-07-31,Credit Card,Delivered
O000803,C01232,2024-04-04,Cash on Delivery,Delivered
O000804,C00047,2025-06-12,Credit Card,Delivered
O000805,C01889,2025-02-06,Debit Card,Delivered
O000806,C01441,2024-12-28,Debit Card,Delivered
O000807,C01787,2025-01-19,Credit Card,Delivered
O000808,C00154,2024-10-07,Cash on Delivery,Cancelled
O000809,C00495,2025-02-05,Cash on Delivery,Cancelled
O000810,C01025,2025-08-12,UPI,Cancelled
O000811,C00117,2024-02-03,Cash on Delivery,Delivered
O000812,C01194,2025-11-17,Credit Card,Delivered
O000813,C01338,2025-07-14,UPI,Delivered
O000814,C00864,2024-06-23,Debit Card,Delivered
O000815,C00686,2024-02-06,UPI,Delivered
O000816,C00419,2024-08-03,Debit Card,Delivered
O000817,C01893,2025-12-14,UPI,Delivered
O000818,C01011,2024-11-22,UPI,Cancelled
O000819,C01853,2025-02-17,Cash on Delivery,Delivered
O000820,C00709,2024-12-14,Cash on Delivery,Delivered
O000821,C01226,2024-09-02,Cash on Delivery,Delivered
O000822,C01818,2024-01-05,Debit Card,Delivered
O000823,C00555,2024-10-31,UPI,Delivered
O000824,C00073,2024-05-31,Net Banking,Cancelled
O000825,C00462,2024-09-16,Debit Card,Delivered
O000826,C00979,2024-03-04,Debit Card,Delivered
O000827,C00044,2025-11-14,UPI,Delivered
O000828,C01585,2025-03-20,Credit Card,Cancelled
O000829,C01246,2025-09-19,Cash on Delivery,Delivered
O000830,C01132,2024-01-20,Debit Card,Delivered
O000831,C01569,2025-07-26,Net Banking,Delivered
O000832,C00881,2024-06-24,Debit Card,Cancelled
O000833,C00283,2025-06-19,UPI,Delivered
O000834,C00242,2024-11-25,Cash on Delivery,Delivered
O000835,C00721,2024-02-27,UPI,Delivered
O000836,C01881,2025-12-13,UPI,Delivered
O000837,C00189,2024-07-13,Debit Card,Delivered
O000838,C00846,2024-06-01,Debit Card,Cancelled
O000839,C01164,2024-05-07,UPI,Delivered
O000840,C01789,2024-09-12,Cash on Delivery,Delivered
O000841,C00157,2024-08-29,UPI,Delivered
O000842,C00899,2024-02-18,UPI,Delivered
O000843,C00644,2025-05-01,UPI,Delivered
O000844,C00599,2025-04-30,Credit Card,Cancelled
O000845,C00815,2024-03-16,Net Banking,Delivered
O000846,C01345,2024-01-22,UPI,Delivered
O000847,C01922,2025-01-07,Cash on Delivery,Delivered
O000848,C01014,2024-12-01,Debit Card,Delivered
O000849,C01839,2025-09-19,Credit Card,Delivered
O000850,C01461,2024-01-19,Debit Card,Delivered
O000851,C01598,2025-04-05,Cash on Delivery,Delivered
O000852,C01780,2025-09-11,Credit Card,Cancelled
O000853,C01829,2025-05-01,Credit Card,Cancelled
O000854,C01032,2025-12-27,UPI,Delivered
O000855,C00710,2024-09-16,Net Banking,Cancelled
O000856,C00996,2025-10-14,Debit Card,Delivered
O000857,C00417,2024-07-13,Net Banking,Cancelled
O000858,C00473,2024-07-10,Credit Card,Cancelled
O000859,C00432,2024-03-24,UPI,Delivered
O000860,C01485,2025-01-02,Credit Card,Delivered
O000861,C00482,2024-07-04,Net Banking,Delivered
O000862,C01952,2024-09-21,UPI,Delivered
O000863,C01713,2025-10-08,UPI,Delivered
O000864,C00570,2024-02-12,Debit Card,Delivered
O000865,C01695,2025-09-30,Cash on Delivery,Delivered
O000866,C00572,2024-09-16,Cash on Delivery,Delivered
O000867,C01015,2025-02-07,UPI,Delivered
O000868,C00788,2025-09-08,Net Banking,Delivered
O000869,C00460,2024-07-02,UPI,Delivered
O000870,C01352,2024-02-26,Net Banking,Cancelled
O000871,C00108,2025-08-25,Debit Card,Delivered
O000872,C01110,2025-04-11,Debit Card,Delivered
O000873,C01864,2025-04-26,Cash on Delivery,Delivered
O000874,C01890,2024-12-06,Debit Card,Cancelled
O000875,C00444,2025-08-16,Cash on Delivery,Delivered
O000876,C01487,2024-03-15,Net Banking,Delivered
O000877,C01774,2025-04-30,Credit Card,Delivered
O000878,C01654,2024-12-12,UPI,Cancelled
O000879,C00795,2025-03-25,Cash on Delivery,Delivered
O000880,C01759,2024-04-06,Cash on Delivery,Delivered
O000881,C00869,2024-03-07,Cash on Delivery,Cancelled
O000882,C01575,2024-02-17,Cash on Delivery,Delivered
O000883,C00333,2025-12-13,Net Banking,Delivered
O000884,C01528,2024-01-26,Cash on Delivery,Delivered
O000885,C00271,2024-10-20,Net Banking,Delivered
O000886,C01638,2024-08-31,Debit Card,Delivered
O000887,C00512,2025-11-22,Cash on Delivery,Delivered
O000888,C00692,2025-10-20,Cash on Delivery,Delivered
O000889,C00080,2025-06-22,Net Banking,Delivered
O000890,C00551,2024-02-20,Debit Card,Cancelled
O000891,C00026,2025-08-30,UPI,Delivered
O000892,C01165,2024-04-09,Net Banking,Delivered
O000893,C01736,2024-02-18,UPI,Delivered
O000894,C00036,2025-12-14,Credit Card,Delivered
O000895,C00076,2025-09-15,Debit Card,Delivered
O000896,C01307,2024-12-09,Net Banking,Delivered
O000897,C00837,2024-02-12,UPI,Delivered
O000898,C00567,2024-08-22,Cash on Delivery,Cancelled
O000899,C00644,2025-04-19,Cash on Delivery,Delivered
O000900,C00369,2025-05-01,UPI,Delivered
O000901,C00532,2024-12-01,Net Banking,Delivered
O000902,C00466,2024-02-21,Credit Card,Delivered
O000903,C01785,2024-03-20,Cash on Delivery,Delivered
O000904,C00477,2025-06-10,UPI,Delivered
O000905,C00378,2024-02-13,Net Banking,Delivered
O000906,C01188,2025-03-10,Credit Card,Cancelled
O000907,C01470,2024-02-10,Credit Card,Delivered
O000908,C01950,2024-08-17,Debit Card,Delivered
O000909,C00034,2025-10-22,Net Banking,Delivered
O000910,C01107,2024-10-23,UPI,Cancelled
O000911,C00481,2024-11-07,Debit Card,Delivered
O000912,C00159,2024-03-15,Debit Card,Delivered
O000913,C01047,2025-04-24,UPI,Delivered
O000914,C00418,2025-08-07,UPI,Delivered
O000915,C01699,2024-11-15,Net Banking,Delivered
O000916,C01315,2024-06-30,Credit Card,Delivered
O000917,C00294,2025-11-02,UPI,Cancelled
O000918,C01615,2025-04-10,Credit Card,Delivered
O000919,C01838,2025-09-03,Net Banking,Delivered
O000920,C01931,2025-05-27,Cash on Delivery,Cancelled
O000921,C00064,2025-04-29,Credit Card,Delivered
O000922,C00092,2024-01-09,Debit Card,Delivered
O000923,C01868,2024-12-18,Cash on Delivery,Delivered
O000924,C00218,2024-10-25,Cash on Delivery,Delivered
O000925,C01655,2024-12-26,Credit Card,Cancelled
O000926,C01605,2025-09-09,Debit Card,Delivered
O000927,C01925,2024-11-28,Credit Card,Delivered
O000928,C01702,2025-11-14,Cash on Delivery,Delivered
O000929,C01346,2025-04-26,Credit Card,Delivered
O000930,C01562,2025-04-25,UPI,Delivered
O000931,C01964,2024-03-19,Credit Card,Cancelled
O000932,C01032,2024-09-20,Cash on Delivery,Cancelled
O000933,C01504,2025-05-20,Credit Card,Delivered
O000934,C01736,2025-12-29,Cash on Delivery,Delivered
O000935,C01244,2025-06-08,Net Banking,Cancelled
O000936,C01066,2025-08-31,Credit Card,Delivered
O000937,C00400,2024-01-21,Cash on Delivery,Delivered
O000938,C01866,2024-12-18,Credit Card,Delivered
O000939,C00498,2025-02-05,Debit Card,Delivered
O000940,C00934,2024-09-11,Debit Card,Delivered
O000941,C01420,2025-04-01,UPI,Delivered
O000942,C00742,2024-05-29,UPI,Delivered
O000943,C01148,2024-03-24,Cash on Delivery,Delivered
O000944,C01874,2024-03-20,Credit Card,Delivered
O000945,C01240,2024-01-10,Credit Card,Delivered
O000946,C01611,2025-04-07,Net Banking,Delivered
O000947,C01167,2025-07-08,Cash on Delivery,Delivered
O000948,C01896,2024-02-22,Debit Card,Delivered
O000949,C01381,2025-04-05,Cash on Delivery,Delivered
O000950,C01241,2025-09-05,UPI,Delivered
O000951,C00700,2025-10-15,UPI,Delivered
O000952,C00837,2024-05-30,Credit Card,Delivered
O000953,C01180,2025-12-03,Credit Card,Delivered
O000954,C01843,2025-03-21,Credit Card,Delivered
O000955,C00032,2024-04-07,UPI,Delivered
O000956,C00540,2025-05-10,Cash on Delivery,Delivered
O000957,C01522,2025-01-30,UPI,Delivered
O000958,C01781,2024-07-18,UPI,Delivered
O000959,C00050,2024-10-03,Credit Card,Delivered
O000960,C00272,2024-11-23,Cash on Delivery,Cancelled
O000961,C01882,2025-01-08,Net Banking,Delivered
O000962,C00726,2025-07-16,Credit Card,Delivered
O000963,C01428,2025-04-27,Cash on Delivery,Delivered
O000964,C01459,2024-12-11,Credit Card,Delivered
O000965,C01838,2024-05-24,Cash on Delivery,Delivered
O000966,C01212,2024-07-07,Cash on Delivery,Cancelled
O000967,C00221,2024-04-16,Cash on Delivery,Delivered
O000968,C00152,2025-09-11,Debit Card,Delivered
O000969,C01866,2024-02-04,Net Banking,Delivered
O000970,C01517,2024-02-16,Net Banking,Delivered
O000971,C01552,2024-04-09,Net Banking,Delivered
O000972,C01503,2024-08-30,Credit Card,Cancelled
O000973,C01877,2025-03-30,Cash on Delivery,Delivered
O000974,C00312,2024-12-04,UPI,Cancelled
O000975,C01215,2025-02-02,Credit Card,Delivered
O000976,C00777,2025-05-21,Debit Card,Delivered
O000977,C00362,2025-08-08,Cash on Delivery,Cancelled
O000978,C00573,2024-10-04,Net Banking,Delivered
O000979,C00476,2024-08-29,Debit Card,Delivered
O000980,C00699,2025-03-29,UPI,Cancelled
O000981,C01061,2025-11-18,Cash on Delivery,Cancelled
O000982,C01041,2025-02-24,Cash on Delivery,Delivered
O000983,C00585,2025-08-25,Debit Card,Delivered
O000984,C00653,2024-04-23,Credit Card,Delivered
O000985,C00086,2024-04-24,Cash on Delivery,Delivered
O000986,C00882,2024-12-30,Cash on Delivery,Delivered
O000987,C01178,2024-08-27,Cash on Delivery,Delivered
O000988,C00204,2025-04-13,UPI,Delivered
O000989,C00243,2024-09-23,Credit Card,Delivered
O000990,C00899,2024-08-14,UPI,Delivered
O000991,C00591,2024-10-13,Debit Card,Cancelled
O000992,C01544,2024-01-07,UPI,Delivered
O000993,C01365,2025-02-06,Debit Card,Delivered
O000994,C00197,2025-03-31,Credit Card,Cancelled
O000995,C01718,2025-05-25,Cash on Delivery,Delivered
O000996,C00057,2025-06-10,Credit Card,Delivered
O000997,C01966,2024-04-22,Cash on Delivery,Cancelled
O000998,C01637,2024-02-14,Credit Card,Delivered
O000999,C01001,2024-07-03,Net Banking,Delivered
O001000,C00757,2025-01-28,Credit Card,Cancelled
O001001,C00874,2025-09-28,Net Banking,Cancelled
O001002,C00259,2025-10-10,Net Banking,Delivered
O001003,C01881,2025-03-10,UPI,Delivered
O001004,C00911,2025-10-28,Net Banking,Delivered
O001005,C00539,2024-02-12,UPI,Delivered
O001006,C00571,2024-11-23,UPI,Delivered
O001007,C01646,2024-09-24,UPI,Delivered
O001008,C01490,2024-05-31,UPI,Delivered
O001009,C00321,2024-06-04,Cash on Delivery,Delivered
O001010,C00566,2025-05-12,Net Banking,Cancelled
O001011,C01377,2025-12-06,Debit Card,Delivered
O001012,C01828,2024-06-05,UPI,Delivered
O001013,C00206,2025-09-01,Cash on Delivery,Delivered
O001014,C00390,2024-02-23,Cash on Delivery,Delivered
O001015,C01944,2024-09-22,UPI,Delivered
O001016,C00281,2024-05-27,Debit Card,Delivered
O001017,C01380,2025-06-02,Credit Card,Delivered
O001018,C00963,2025-01-04,Credit Card,Delivered
O001019,C01667,2025-06-23,UPI,Delivered
O001020,C00579,2025-06-21,Credit Card,Delivered
O001021,C01301,2024-12-29,Cash on Delivery,Cancelled
O001022,C01756,2025-04-10,Cash on Delivery,Delivered
O001023,C00007,2025-06-21,Credit Card,Delivered
O001024,C01143,2024-09-14,Cash on Delivery,Delivered
O001025,C01455,2025-10-23,UPI,Delivered
O001026,C01409,2025-03-25,Debit Card,Cancelled
O001027,C00779,2025-03-15,Cash on Delivery,Delivered
O001028,C01307,2024-09-17,Credit Card,Cancelled
O001029,C01346,2025-04-23,Credit Card,Delivered
O001030,C01722,2024-08-20,Credit Card,Delivered
O001031,C01369,2024-11-21,Net Banking,Delivered
O001032,C01632,2024-09-12,Net Banking,Cancelled
O001033,C00732,2024-05-06,Cash on Delivery,Delivered
O001034,C00606,2024-03-22,UPI,Delivered
O001035,C01973,2024-12-18,Debit Card,Delivered
O001036,C01986,2025-11-11,Net Banking,Delivered
O001037,C00507,2025-09-04,Net Banking,Delivered
O001038,C00361,2025-12-08,Debit Card,Delivered
O001039,C01353,2024-02-02,UPI,Delivered
O001040,C01428,2025-01-20,Net Banking,Delivered
O001041,C01585,2024-06-19,Net Banking,Delivered
O001042,C01231,2025-12-15,Net Banking,Delivered
O001043,C00060,2024-01-03,UPI,Cancelled
O001044,C00441,2025-05-11,Cash on Delivery,Delivered
O001045,C00125,2024-06-22,Cash on Delivery,Delivered
O001046,C00536,2025-06-22,Net Banking,Delivered
O001047,C00802,2024-06-27,Net Banking,Delivered
O001048,C00817,2024-12-28,Debit Card,Delivered
O001049,C00550,2025-04-29,Credit Card,Delivered
O001050,C00696,2024-06-14,UPI,Delivered
O001051,C00917,2024-07-04,Credit Card,Cancelled
O001052,C01794,2025-01-08,UPI,Delivered
O001053,C01597,2025-07-24,Net Banking,Cancelled
O001054,C01251,2025-08-19,UPI,Cancelled
O001055,C01106,2025-09-24,UPI,Delivered
O001056,C01644,2024-09-14,Net Banking,Delivered
O001057,C01599,2025-09-19,Cash on Delivery,Delivered
O001058,C01571,2025-07-28,Cash on Delivery,Delivered
O001059,C01342,2024-10-18,UPI,Delivered
O001060,C00742,2024-06-08,Cash on Delivery,Delivered
O001061,C00322,2024-11-06,Cash on Delivery,Delivered
O001062,C01761,2024-05-23,Credit Card,Delivered
O001063,C01642,2025-10-03,Credit Card,Delivered
O001064,C00679,2024-01-06,Credit Card,Cancelled
O001065,C01502,2024-10-08,Credit Card,Delivered
O001066,C00074,2024-01-08,UPI,Cancelled
O001067,C00210,2024-02-27,Credit Card,Delivered
O001068,C00087,2024-10-04,Credit Card,Delivered
O001069,C00618,2024-01-24,UPI,Delivered
O001070,C00070,2025-03-06,Debit Card,Delivered
O001071,C01666,2024-03-30,Debit Card,Delivered
O001072,C00269,2024-04-20,Net Banking,Delivered
O001073,C01766,2024-08-13,UPI,Delivered
O001074,C01034,2024-12-08,Net Banking,Delivered
O001075,C00031,2024-05-30,Cash on Delivery,Cancelled
O001076,C01883,2025-05-05,UPI,Cancelled
O001077,C01624,2025-03-30,Net Banking,Delivered
O001078,C01703,2025-12-09,Debit Card,Delivered
O001079,C01608,2025-08-17,Debit Card,Delivered
O001080,C01050,2024-10-06,UPI,Delivered
O001081,C00562,2024-02-04,Debit Card,Delivered
O001082,C00542,2024-01-24,Cash on Delivery,Cancelled
O001083,C00966,2024-06-03,Net Banking,Delivered
O001084,C00880,2024-06-02,UPI,Delivered
O001085,C01981,2024-08-08,Credit Card,Delivered
O001086,C00990,2024-05-15,Debit Card,Cancelled
O001087,C01038,2024-06-19,Credit Card,Delivered
O001088,C00036,2025-11-18,Cash on Delivery,Delivered
O001089,C01949,2024-07-22,Debit Card,Cancelled
O001090,C01464,2025-07-12,UPI,Delivered
O001091,C01184,2024-05-15,UPI,Delivered
O001092,C01580,2024-09-20,Credit Card,Delivered
O001093,C00977,2025-10-20,Credit Card,Delivered
O001094,C00681,2025-03-06,Credit Card,Delivered
O001095,C00196,2024-07-10,Debit Card,Delivered
O001096,C01772,2024-05-18,Net Banking,Cancelled
O001097,C00512,2024-06-01,UPI,Delivered
O001098,C01263,2024-01-17,Net Banking,Cancelled
O001099,C01481,2024-05-16,Cash on Delivery,Delivered
O001100,C00121,2025-10-16,Net Banking,Delivered
O001101,C00844,2024-07-22,Debit Card,Delivered
O001102,C01709,2025-12-08,Credit Card,Delivered
O001103,C00659,2024-03-19,Cash on Delivery,Cancelled
O001104,C00833,2024-01-17,Cash on Delivery,Delivered
O001105,C01414,2025-10-07,Credit Card,Cancelled
O001106,C01628,2025-06-10,Net Banking,Cancelled
O001107,C01024,2024-04-16,Debit Card,Delivered
O001108,C00660,2024-10-21,Debit Card,Delivered
O001109,C01054,2025-05-23,Cash on Delivery,Delivered
O001110,C01887,2025-09-03,UPI,Delivered
O001111,C00770,2025-11-18,UPI,Delivered
O001112,C00332,2024-03-27,Cash on Delivery,Delivered
O001113,C00341,2024-09-19,Credit Card,Delivered
O001114,C01782,2025-12-28,Cash on Delivery,Delivered
O001115,C01814,2024-06-12,Credit Card,Delivered
O001116,C01283,2024-08-24,Cash on Delivery,Delivered
O001117,C00287,2024-12-20,Cash on Delivery,Cancelled
O001118,C00857,2024-07-05,Credit Card,Delivered
O001119,C00241,2024-10-14,Credit Card,Delivered
O001120,C01475,2025-09-20,Cash on Delivery,Delivered
O001121,C01071,2024-10-16,Credit Card,Delivered
O001122,C01155,2025-05-28,Credit Card,Delivered
O001123,C00595,2024-05-13,Debit Card,Delivered
O001124,C01645,2025-02-13,Cash on Delivery,Delivered
O001125,C01064,2025-09-12,Net Banking,Delivered
O001126,C00948,2025-04-29,Credit Card,Delivered
O001127,C01899,2025-11-15,Cash on Delivery,Delivered
O001128,C00337,2024-12-02,Cash on Delivery,Delivered
O001129,C00021,2025-11-13,UPI,Delivered
O001130,C00308,2025-07-06,Net Banking,Delivered
O001131,C00012,2024-02-20,Credit Card,Delivered
O001132,C00409,2024-04-02,UPI,Cancelled
O001133,C00940,2024-04-22,Debit Card,Delivered
O001134,C00126,2025-11-16,Net Banking,Cancelled
O001135,C00321,2025-12-18,UPI,Delivered
O001136,C01304,2024-04-11,Cash on Delivery,Delivered
O001137,C00707,2025-09-09,Net Banking,Delivered
O001138,C00563,2024-05-27,Debit Card,Delivered
O001139,C01197,2024-05-28,Cash on Delivery,Delivered
O001140,C01279,2025-02-17,Net Banking,Delivered
O001141,C01150,2024-10-20,Cash on Delivery,Delivered
O001142,C00159,2025-06-23,Debit Card,Delivered
O001143,C01497,2024-10-17,Credit Card,Delivered
O001144,C00539,2024-09-03,Debit Card,Delivered
O001145,C01633,2025-04-10,Debit Card,Delivered
O001146,C00677,2024-11-29,Credit Card,Cancelled
O001147,C01239,2025-05-09,UPI,Cancelled
O001148,C01370,2024-07-08,Net Banking,Delivered
O001149,C00345,2025-12-16,UPI,Delivered
O001150,C00444,2024-02-05,UPI,Cancelled
O001151,C00301,2025-08-15,Credit Card,Delivered
O001152,C00974,2025-04-23,Cash on Delivery,Delivered
O001153,C00160,2025-04-01,UPI,Delivered
O001154,C01048,2024-05-26,Cash on Delivery,Delivered
O001155,C01362,2025-10-25,Net Banking,Delivered
O001156,C00620,2025-02-19,Debit Card,Delivered
O001157,C00494,2024-08-16,Credit Card,Delivered
O001158,C01585,2025-09-05,Net Banking,Delivered
O001159,C00728,2024-04-25,Credit Card,Cancelled
O001160,C00650,2024-09-11,Credit Card,Cancelled
O001161,C01725,2024-07-10,Credit Card,Delivered
O001162,C01937,2024-02-11,Debit Card,Delivered
O001163,C01721,2025-05-03,Net Banking,Cancelled
O001164,C00905,2025-09-09,Debit Card,Delivered
O001165,C01404,2024-08-05,UPI,Cancelled
O001166,C01843,2025-11-08,Net Banking,Delivered
O001167,C00365,2024-04-08,UPI,Delivered
O001168,C01752,2025-10-23,Net Banking,Delivered
O001169,C01492,2025-01-29,Credit Card,Cancelled
O001170,C01147,2025-03-29,Credit Card,Delivered
O001171,C00767,2025-11-19,UPI,Delivered
O001172,C00402,2025-01-14,Credit Card,Cancelled
O001173,C00400,2024-06-11,UPI,Cancelled
O001174,C00636,2025-07-18,Debit Card,Delivered
O001175,C01866,2024-03-04,Debit Card,Delivered
O001176,C01030,2025-09-01,Cash on Delivery,Cancelled
O001177,C00560,2024-12-31,UPI,Delivered
O001178,C01315,2025-09-06,Debit Card,Delivered
O001179,C01425,2025-05-30,Cash on Delivery,Delivered
O001180,C01281,2025-04-22,UPI,Cancelled
O001181,C01687,2024-02-20,UPI,Delivered
O001182,C01245,2024-05-10,Net Banking,Delivered
O001183,C00356,2025-01-30,Debit Card,Cancelled
O001184,C01654,2024-10-28,UPI,Delivered
O001185,C00757,2025-08-06,UPI,Delivered
O001186,C01446,2025-11-16,Credit Card,Delivered
O001187,C00170,2025-05-16,Net Banking,Delivered
O001188,C00115,2025-08-06,Net Banking,Delivered
O001189,C00644,2025-01-30,UPI,Cancelled
O001190,C00569,2024-10-17,Credit Card,Cancelled
O001191,C01511,2025-01-22,UPI,Delivered
O001192,C01715,2025-02-07,Debit Card,Delivered
O001193,C01855,2024-12-26,Cash on Delivery,Delivered
O001194,C01058,2024-05-19,UPI,Delivered
O001195,C00853,2024-09-06,UPI,Delivered
O001196,C00396,2025-07-07,Cash on Delivery,Cancelled
O001197,C00303,2024-10-17,Debit Card,Delivered
O001198,C00354,2025-02-12,Net Banking,Delivered
O001199,C00565,2025-06-23,Cash on Delivery,Delivered
O001200,C01411,2025-01-10,Cash on Delivery,Delivered
O001201,C00355,2025-07-09,Debit Card,Delivered
O001202,C00638,2025-01-19,Debit Card,Cancelled
O001203,C00719,2025-01-02,UPI,Delivered
O001204,C00955,2024-07-27,Debit Card,Delivered
O001205,C01160,2025-03-27,Net Banking,Delivered
O001206,C00239,2024-11-07,Net Banking,Delivered
O001207,C01495,2025-05-10,UPI,Delivered
O001208,C00651,2025-12-16,Cash on Delivery,Delivered
O001209,C01571,2025-09-06,UPI,Delivered
O001210,C00446,2025-03-29,Debit Card,Delivered
O001211,C00167,2025-05-19,Cash on Delivery,Delivered
O001212,C00631,2024-01-29,Net Banking,Delivered
O001213,C01531,2024-06-09,Cash on Delivery,Delivered
O001214,C00636,2024-06-19,UPI,Delivered
O001215,C01446,2025-11-26,Debit Card,Delivered
O001216,C00572,2024-06-06,Credit Card,Cancelled
O001217,C00647,2024-12-17,Credit Card,Delivered
O001218,C00559,2025-11-01,Cash on Delivery,Delivered
O001219,C00605,2024-07-01,UPI,Delivered
O001220,C00542,2024-11-03,UPI,Delivered
O001221,C01186,2024-06-18,Credit Card,Cancelled
O001222,C00921,2024-08-25,Credit Card,Delivered
O001223,C01945,2024-11-26,Cash on Delivery,Delivered
O001224,C00319,2025-11-21,Credit Card,Delivered
O001225,C01439,2024-10-19,Credit Card,Delivered
O001226,C00425,2025-03-19,UPI,Cancelled
O001227,C01130,2024-05-02,Net Banking,Delivered
O001228,C00186,2025-12-27,Credit Card,Delivered
O001229,C00529,2025-10-16,Credit Card,Delivered
O001230,C00065,2024-10-17,Net Banking,Cancelled
O001231,C01349,2024-07-16,Debit Card,Delivered
O001232,C00287,2025-03-03,Debit Card,Delivered
O001233,C00763,2024-03-06,Cash on Delivery,Delivered
O001234,C01349,2024-04-14,Credit Card,Delivered
O001235,C00661,2025-08-06,Cash on Delivery,Delivered
O001236,C01781,2024-03-06,UPI,Delivered
O001237,C00864,2024-08-17,Net Banking,Delivered
O001238,C00690,2024-12-11,UPI,Delivered
O001239,C01871,2025-02-06,Debit Card,Delivered
O001240,C00334,2024-09-30,Debit Card,Delivered
O001241,C01541,2024-06-27,UPI,Delivered
O001242,C01658,2025-03-29,Cash on Delivery,Delivered
O001243,C01216,2024-02-01,Cash on Delivery,Delivered
O001244,C01497,2024-12-27,Credit Card,Delivered
O001245,C00518,2025-02-01,Debit Card,Cancelled
O001246,C00692,2025-04-27,Net Banking,Delivered
O001247,C00615,2024-09-18,UPI,Delivered
O001248,C01563,2024-11-26,Cash on Delivery,Delivered
O001249,C00863,2024-12-16,Net Banking,Delivered
O001250,C01954,2024-12-29,Credit Card,Cancelled
O001251,C00059,2024-12-01,Credit Card,Cancelled
O001252,C00341,2024-11-13,Debit Card,Cancelled
O001253,C01977,2024-10-12,Net Banking,Cancelled
O001254,C00407,2025-09-16,Cash on Delivery,Cancelled
O001255,C01540,2025-01-21,Credit Card,Delivered
O001256,C01359,2024-09-03,Debit Card,Delivered
O001257,C01988,2024-07-31,UPI,Delivered
O001258,C01624,2024-10-23,Credit Card,Delivered
O001259,C00940,2024-01-20,Net Banking,Delivered
O001260,C00944,2024-05-19,UPI,Delivered
O001261,C00411,2024-12-09,Credit Card,Delivered
O001262,C00630,2024-06-30,UPI,Delivered
O001263,C01757,2024-07-25,UPI,Delivered
O001264,C01484,2025-05-16,Credit Card,Delivered
O001265,C01403,2024-02-28,Cash on Delivery,Delivered
O001266,C00011,2024-10-05,Net Banking,Delivered
O001267,C00706,2025-12-01,UPI,Delivered
O001268,C01127,2024-03-05,Net Banking,Delivered
O001269,C01870,2024-08-16,Net Banking,Delivered
O001270,C01703,2025-10-16,Credit Card,Delivered
O001271,C01563,2025-01-24,UPI,Delivered
O001272,C00264,2025-02-02,Debit Card,Delivered
O001273,C00819,2025-02-28,Cash on Delivery,Delivered
O001274,C01679,2025-05-14,Net Banking,Cancelled
O001275,C00807,2024-03-01,Cash on Delivery,Delivered
O001276,C00711,2025-09-02,Net Banking,Cancelled
O001277,C00056,2024-08-02,Credit Card,Cancelled
O001278,C00365,2025-12-20,Credit Card,Delivered
O001279,C00742,2024-06-25,Debit Card,Cancelled
O001280,C01686,2024-03-17,UPI,Cancelled
O001281,C01228,2024-04-02,Net Banking,Delivered
O001282,C01323,2024-02-25,Credit Card,Delivered
O001283,C01024,2024-10-06,Credit Card,Delivered
O001284,C00433,2024-01-30,Credit Card,Delivered
O001285,C00696,2025-02-28,Net Banking,Delivered
O001286,C00872,2024-06-04,UPI,Delivered
O001287,C00793,2024-09-16,Net Banking,Delivered
O001288,C00072,2024-06-01,UPI,Delivered
O001289,C00368,2025-06-08,UPI,Cancelled
O001290,C01709,2024-09-12,UPI,Delivered
O001291,C01652,2024-07-13,UPI,Delivered
O001292,C01406,2024-08-23,UPI,Delivered
O001293,C01646,2025-08-01,UPI,Delivered
O001294,C00654,2025-09-25,Credit Card,Cancelled
O001295,C01039,2025-08-19,Credit Card,Delivered
O001296,C00024,2025-06-14,Credit Card,Delivered
O001297,C00866,2025-10-18,UPI,Delivered
O001298,C00871,2024-08-01,UPI,Delivered
O001299,C01237,2024-05-28,Net Banking,Cancelled
O001300,C00764,2025-07-02,Cash on Delivery,Delivered
O001301,C01729,2025-04-14,Cash on Delivery,Delivered
O001302,C00229,2024-04-17,Credit Card,Delivered
O001303,C01089,2025-10-26,Cash on Delivery,Delivered
O001304,C00308,2025-08-07,UPI,Delivered
O001305,C01942,2025-07-10,Cash on Delivery,Delivered
O001306,C00405,2025-07-28,Debit Card,Cancelled
O001307,C01491,2025-02-25,Cash on Delivery,Delivered
O001308,C00100,2025-12-09,Net Banking,Delivered
O001309,C00082,2024-07-21,UPI,Delivered
O001310,C00943,2024-01-07,Debit Card,Delivered
O001311,C01822,2025-08-21,Debit Card,Delivered
O001312,C00517,2024-08-20,Credit Card,Delivered
O001313,C01571,2024-08-06,Cash on Delivery,Cancelled
O001314,C00548,2025-09-30,UPI,Delivered
O001315,C00855,2024-09-26,UPI,Delivered
O001316,C00610,2025-08-31,UPI,Cancelled
O001317,C00229,2024-11-09,Debit Card,Delivered
O001318,C01089,2024-11-11,Cash on Delivery,Delivered
O001319,C00359,2025-09-30,UPI,Delivered
O001320,C00259,2025-03-26,Credit Card,Delivered
O001321,C00883,2025-08-11,Debit Card,Delivered
O001322,C01991,2025-05-23,Net Banking,Cancelled
O001323,C00500,2024-01-10,Cash on Delivery,Cancelled
O001324,C01166,2025-01-01,Credit Card,Delivered
O001325,C00669,2025-05-23,Credit Card,Delivered
O001326,C01248,2025-02-02,Cash on Delivery,Delivered
O001327,C00783,2025-08-14,Credit Card,Delivered
O001328,C00692,2024-04-25,Debit Card,Delivered
O001329,C00821,2025-11-03,UPI,Delivered
O001330,C01947,2024-11-04,Debit Card,Delivered
O001331,C01714,2024-06-25,Net Banking,Delivered
O001332,C01626,2024-06-25,UPI,Delivered
O001333,C00621,2025-07-15,Cash on Delivery,Cancelled
O001334,C01105,2025-08-04,Net Banking,Delivered
O001335,C01422,2024-06-12,UPI,Delivered
O001336,C01175,2025-01-03,Net Banking,Delivered
O001337,C01558,2024-06-30,Net Banking,Delivered
O001338,C01530,2025-02-04,Credit Card,Delivered
O001339,C01028,2025-03-31,Net Banking,Cancelled
O001340,C00817,2025-09-02,Credit Card,Delivered
O001341,C00559,2025-03-05,UPI,Delivered
O001342,C00039,2025-08-11,Net Banking,Delivered
O001343,C00563,2024-12-30,Debit Card,Delivered
O001344,C01227,2025-07-15,Debit Card,Delivered
O001345,C00454,2025-09-24,Credit Card,Delivered
O001346,C01453,2024-12-24,UPI,Delivered
O001347,C01253,2024-09-21,Debit Card,Cancelled
O001348,C01694,2025-09-07,Net Banking,Cancelled
O001349,C00862,2024-03-07,Cash on Delivery,Delivered
O001350,C01109,2024-08-31,Credit Card,Cancelled
O001351,C00026,2025-10-18,Debit Card,Delivered
O001352,C00655,2024-05-25,Debit Card,Delivered
O001353,C00311,2024-11-29,Net Banking,Delivered
O001354,C00432,2025-08-21,Cash on Delivery,Delivered
O001355,C01379,2025-06-26,Net Banking,Delivered
O001356,C00826,2024-11-20,UPI,Cancelled
O001357,C01982,2024-06-11,UPI,Delivered
O001358,C01150,2024-12-06,Debit Card,Delivered
O001359,C00426,2024-12-15,Cash on Delivery,Delivered
O001360,C00623,2025-10-24,Credit Card,Delivered
O001361,C00925,2025-03-09,Net Banking,Delivered
O001362,C00320,2024-01-24,Cash on Delivery,Cancelled
O001363,C00342,2024-10-18,Net Banking,Cancelled
O001364,C00884,2024-04-17,Net Banking,Delivered
O001365,C01539,2025-03-24,Cash on Delivery,Cancelled
O001366,C01524,2025-11-09,Net Banking,Delivered
O001367,C00769,2024-04-09,Cash on Delivery,Delivered
O001368,C00776,2024-08-25,Cash on Delivery,Delivered
O001369,C00199,2025-07-27,Net Banking,Delivered
O001370,C00433,2024-01-08,Cash on Delivery,Cancelled
O001371,C00593,2025-01-23,Credit Card,Delivered
O001372,C01571,2025-09-21,Cash on Delivery,Delivered
O001373,C01127,2025-05-26,Credit Card,Delivered
O001374,C00857,2025-10-10,Cash on Delivery,Delivered
O001375,C00655,2024-10-02,Debit Card,Delivered
O001376,C01361,2024-09-20,Debit Card,Cancelled
O001377,C01097,2024-06-24,Cash on Delivery,Delivered
O001378,C00462,2024-11-21,Net Banking,Delivered
O001379,C01550,2024-11-26,Net Banking,Delivered
O001380,C01692,2025-06-16,Net Banking,Delivered
O001381,C01893,2025-08-07,Credit Card,Delivered
O001382,C00591,2024-11-09,UPI,Cancelled
O001383,C01700,2025-08-15,Debit Card,Delivered
O001384,C01344,2025-08-27,Credit Card,Delivered
O001385,C00786,2025-06-20,Cash on Delivery,Delivered
O001386,C01996,2025-02-21,Credit Card,Delivered
O001387,C01304,2024-08-20,UPI,Cancelled
O001388,C00460,2024-09-10,UPI,Cancelled
O001389,C01031,2025-03-31,Cash on Delivery,Cancelled
O001390,C01169,2024-01-19,Net Banking,Delivered
O001391,C00666,2025-03-16,Cash on Delivery,Delivered
O001392,C00341,2025-09-02,Cash on Delivery,Delivered
O001393,C01402,2024-01-26,UPI,Delivered
O001394,C00047,2025-12-17,Debit Card,Delivered
O001395,C01131,2024-04-18,Cash on Delivery,Delivered
O001396,C01742,2024-04-29,Credit Card,Delivered
O001397,C00756,2024-09-13,Cash on Delivery,Delivered
O001398,C00359,2025-03-17,Debit Card,Delivered
O001399,C00661,2025-05-04,UPI,Delivered
O001400,C01832,2025-09-12,UPI,Cancelled
O001401,C00945,2025-04-13,Net Banking,Delivered
O001402,C01401,2025-12-10,Net Banking,Delivered
O001403,C01632,2025-04-17,Credit Card,Delivered
O001404,C01025,2025-03-21,Net Banking,Cancelled
O001405,C01716,2025-11-04,Credit Card,Delivered
O001406,C00502,2024-10-30,Net Banking,Delivered
O001407,C00015,2024-10-23,UPI,Delivered
O001408,C01776,2024-06-07,Cash on Delivery,Delivered
O001409,C01766,2024-10-30,Credit Card,Delivered
O001410,C01962,2024-02-19,Debit Card,Cancelled
O001411,C00248,2025-02-19,Cash on Delivery,Cancelled
O001412,C01326,2024-10-27,Cash on Delivery,Delivered
O001413,C00899,2024-05-26,Debit Card,Delivered
O001414,C00600,2025-01-03,Net Banking,Delivered
O001415,C00745,2024-03-25,Credit Card,Cancelled
O001416,C01289,2024-09-12,Net Banking,Delivered
O001417,C01613,2025-03-18,UPI,Delivered
O001418,C00299,2024-12-16,Cash on Delivery,Cancelled
O001419,C01544,2025-05-11,Debit Card,Delivered
O001420,C00751,2025-11-25,Credit Card,Delivered
O001421,C00291,2024-08-24,Net Banking,Delivered
O001422,C00431,2024-03-13,Debit Card,Delivered
O001423,C00676,2024-05-13,Debit Card,Delivered
O001424,C00939,2024-03-22,Net Banking,Delivered
O001425,C01551,2025-06-08,Debit Card,Delivered
O001426,C00605,2025-03-05,Net Banking,Delivered
O001427,C01613,2024-05-17,Net Banking,Delivered
O001428,C01164,2024-01-25,Debit Card,Cancelled
O001429,C00074,2025-10-03,Credit Card,Delivered
O001430,C01069,2025-06-19,Debit Card,Delivered
O001431,C00453,2025-04-13,Net Banking,Cancelled
O001432,C00743,2025-01-14,Cash on Delivery,Delivered
O001433,C01935,2024-01-21,Credit Card,Cancelled
O001434,C01299,2024-05-25,UPI,Delivered
O001435,C01379,2024-06-03,Debit Card,Delivered
O001436,C01524,2024-02-23,Credit Card,Delivered
O001437,C01245,2025-12-08,UPI,Delivered
O001438,C00527,2024-10-26,Credit Card,Delivered
O001439,C01743,2024-08-08,Credit Card,Delivered
O001440,C00304,2024-06-08,Cash on Delivery,Delivered
O001441,C00532,2024-06-30,Debit Card,Cancelled
O001442,C01527,2024-08-14,Cash on Delivery,Delivered
O001443,C00977,2025-05-27,Debit Card,Delivered
O001444,C01992,2025-02-11,Credit Card,Delivered
O001445,C01203,2024-02-24,Cash on Delivery,Delivered
O001446,C01072,2024-12-19,Debit Card,Delivered
O001447,C01773,2024-02-14,Cash on Delivery,Delivered
O001448,C01784,2024-10-13,Credit Card,Delivered
O001449,C00992,2025-02-06,Net Banking,Delivered
O001450,C01370,2024-01-09,UPI,Delivered
O001451,C00461,2024-05-13,UPI,Delivered
O001452,C00308,2024-09-10,Debit Card,Cancelled
O001453,C01594,2025-10-29,UPI,Delivered
O001454,C00731,2025-12-07,Net Banking,Delivered
O001455,C01167,2024-11-15,Cash on Delivery,Delivered
O001456,C01721,2024-10-30,Cash on Delivery,Delivered
O001457,C01519,2024-05-01,Credit Card,Delivered
O001458,C01361,2024-03-27,UPI,Delivered
O001459,C01283,2024-04-10,UPI,Delivered
O001460,C01040,2025-02-20,UPI,Cancelled
O001461,C01970,2024-11-20,Cash on Delivery,Cancelled
O001462,C01788,2025-01-06,UPI,Delivered
O001463,C00915,2025-07-31,Credit Card,Delivered
O001464,C00502,2024-02-23,Debit Card,Delivered
O001465,C01413,2024-10-29,Credit Card,Delivered
O001466,C01413,2025-12-02,Net Banking,Delivered
O001467,C00083,2025-11-03,Cash on Delivery,Delivered
O001468,C01131,2024-06-09,Debit Card,Delivered
O001469,C01522,2024-04-10,Credit Card,Delivered
O001470,C01856,2025-11-07,Credit Card,Cancelled
O001471,C00621,2024-06-08,UPI,Delivered
O001472,C00467,2024-08-28,Credit Card,Cancelled
O001473,C00978,2024-12-01,Credit Card,Cancelled
O001474,C01806,2025-09-27,Debit Card,Delivered
O001475,C01618,2025-07-05,Net Banking,Delivered
O001476,C00980,2025-05-31,UPI,Delivered
O001477,C00171,2025-01-03,Net Banking,Delivered
O001478,C00205,2024-05-03,Credit Card,Delivered
O001479,C01226,2025-04-13,Net Banking,Delivered
O001480,C01166,2025-03-22,UPI,Delivered
O001481,C01764,2025-12-30,Cash on Delivery,Delivered
O001482,C01593,2024-08-29,Credit Card,Cancelled
O001483,C01651,2025-04-01,Debit Card,Delivered
O001484,C00002,2024-06-06,Debit Card,Delivered
O001485,C01232,2025-01-25,Debit Card,Delivered
O001486,C01293,2025-07-10,UPI,Cancelled
O001487,C00990,2025-06-15,Cash on Delivery,Delivered
O001488,C01949,2024-12-22,Debit Card,Delivered
O001489,C01777,2024-08-01,Cash on Delivery,Delivered
O001490,C00699,2024-06-05,Debit Card,Cancelled
O001491,C01031,2024-01-06,UPI,Delivered
O001492,C00229,2024-04-20,Credit Card,Delivered
O001493,C00014,2024-12-12,UPI,Cancelled
O001494,C00964,2024-02-19,Debit Card,Delivered
O001495,C00135,2025-10-02,Net Banking,Delivered
O001496,C00194,2024-11-06,Net Banking,Delivered
O001497,C01307,2025-04-14,Debit Card,Delivered
O001498,C00397,2025-09-19,Cash on Delivery,Delivered
O001499,C00437,2024-07-10,UPI,Delivered
O001500,C00656,2025-02-12,Debit Card,Delivered
O001501,C00211,2024-09-12,Net Banking,Cancelled
O001502,C00431,2025-12-08,Cash on Delivery,Delivered
O001503,C00664,2025-03-18,UPI,Delivered
O001504,C01610,2025-11-13,Credit Card,Delivered
O001505,C01250,2025-01-16,Credit Card,Delivered
O001506,C01960,2024-12-23,Cash on Delivery,Delivered
O001507,C01339,2024-12-25,Cash on Delivery,Delivered
O001508,C01597,2025-03-23,Cash on Delivery,Delivered
O001509,C01911,2024-01-31,Debit Card,Delivered
O001510,C01914,2025-07-26,Cash on Delivery,Delivered
O001511,C00760,2024-03-11,UPI,Delivered
O001512,C01489,2024-08-11,Credit Card,Delivered
O001513,C00922,2025-05-16,Debit Card,Delivered
O001514,C01154,2025-11-15,Credit Card,Delivered
O001515,C00012,2025-12-14,Debit Card,Delivered
O001516,C00114,2024-12-20,Net Banking,Delivered
O001517,C01323,2024-09-26,Credit Card,Delivered
O001518,C01571,2025-06-27,UPI,Delivered
O001519,C00428,2025-10-16,Debit Card,Delivered
O001520,C01706,2025-07-06,Debit Card,Delivered
O001521,C00660,2025-09-07,Credit Card,Delivered
O001522,C00668,2024-08-19,Cash on Delivery,Cancelled
O001523,C01514,2024-10-30,UPI,Delivered
O001524,C01265,2025-04-21,Cash on Delivery,Delivered
O001525,C01754,2025-10-01,Debit Card,Delivered
O001526,C00153,2025-09-21,Credit Card,Delivered
O001527,C00667,2025-10-22,Net Banking,Cancelled
O001528,C00963,2024-05-16,UPI,Delivered
O001529,C01409,2024-11-18,Net Banking,Delivered
O001530,C00574,2024-07-12,Cash on Delivery,Cancelled
O001531,C00769,2024-05-19,UPI,Delivered
O001532,C00115,2025-11-30,Debit Card,Delivered
O001533,C01102,2025-04-24,Debit Card,Delivered
O001534,C01892,2025-07-23,Debit Card,Delivered
O001535,C00967,2024-12-01,Credit Card,Delivered
O001536,C00665,2024-12-21,Net Banking,Delivered
O001537,C01790,2024-10-25,Credit Card,Cancelled
O001538,C00613,2025-12-08,Cash on Delivery,Delivered
O001539,C01151,2025-05-26,UPI,Delivered
O001540,C00503,2024-05-22,Debit Card,Cancelled
O001541,C01120,2025-06-26,Cash on Delivery,Delivered
O001542,C01141,2025-03-17,Debit Card,Delivered
O001543,C01413,2024-03-15,UPI,Delivered
O001544,C01582,2024-11-01,Cash on Delivery,Delivered
O001545,C01961,2025-06-26,Debit Card,Delivered
O001546,C01531,2024-02-03,Cash on Delivery,Delivered
O001547,C00658,2024-07-05,Debit Card,Delivered
O001548,C00742,2025-11-18,Debit Card,Delivered
O001549,C01388,2025-11-07,Debit Card,Delivered
O001550,C01237,2024-05-02,UPI,Delivered
O001551,C00245,2024-07-31,Net Banking,Delivered
O001552,C00812,2025-11-16,Net Banking,Delivered
O001553,C01704,2025-05-02,Cash on Delivery,Delivered
O001554,C01870,2025-02-21,Cash on Delivery,Delivered
O001555,C00034,2024-08-14,Debit Card,Delivered
O001556,C01966,2025-06-01,Debit Card,Delivered
O001557,C01619,2025-12-12,Debit Card,Delivered
O001558,C01178,2024-02-21,Debit Card,Delivered
O001559,C01505,2025-06-26,UPI,Cancelled
O001560,C00189,2025-07-18,Cash on Delivery,Delivered
O001561,C01090,2025-07-15,Credit Card,Cancelled
O001562,C01734,2025-12-01,Cash on Delivery,Cancelled
O001563,C01890,2024-06-17,Net Banking,Cancelled
O001564,C01332,2025-12-06,Cash on Delivery,Delivered
O001565,C01572,2025-01-18,Net Banking,Delivered
O001566,C00954,2024-11-15,Debit Card,Delivered
O001567,C01333,2025-08-14,Debit Card,Delivered
O001568,C00373,2025-03-05,Debit Card,Delivered
O001569,C00930,2024-04-04,Cash on Delivery,Delivered
O001570,C01822,2024-10-13,UPI,Cancelled
O001571,C00602,2024-02-29,UPI,Delivered
O001572,C00039,2025-08-09,UPI,Delivered
O001573,C00661,2024-03-22,Credit Card,Delivered
O001574,C01753,2025-01-26,Credit Card,Delivered
O001575,C01091,2025-08-18,Net Banking,Delivered
O001576,C01577,2025-08-28,Cash on Delivery,Delivered
O001577,C01830,2024-09-10,Cash on Delivery,Cancelled
O001578,C00313,2024-11-14,UPI,Delivered
O001579,C00423,2024-12-16,UPI,Delivered
O001580,C00054,2024-05-08,Cash on Delivery,Cancelled
O001581,C01935,2024-07-15,UPI,Delivered
O001582,C01107,2024-06-10,Debit Card,Delivered
O001583,C00671,2025-01-28,Debit Card,Delivered
O001584,C01348,2024-02-04,UPI,Delivered
O001585,C00335,2024-12-24,Net Banking,Delivered
O001586,C00478,2024-01-21,Credit Card,Delivered
O001587,C00056,2024-02-26,UPI,Delivered
O001588,C00253,2025-05-11,Net Banking,Delivered
O001589,C00910,2025-06-23,Cash on Delivery,Delivered
O001590,C00780,2025-06-08,UPI,Delivered
O001591,C00899,2025-08-05,Credit Card,Delivered
O001592,C01579,2024-12-24,Net Banking,Cancelled
O001593,C01669,2024-10-23,UPI,Delivered
O001594,C01986,2024-09-23,Credit Card,Cancelled
O001595,C01871,2025-08-02,Cash on Delivery,Cancelled
O001596,C00250,2024-11-06,Credit Card,Delivered
O001597,C00247,2025-10-26,Net Banking,Cancelled
O001598,C00734,2024-05-30,Debit Card,Delivered
O001599,C00392,2024-11-04,UPI,Delivered
O001600,C01638,2024-01-30,Cash on Delivery,Delivered
O001601,C00979,2024-01-09,Debit Card,Cancelled
O001602,C00230,2024-07-13,Net Banking,Delivered
O001603,C00015,2024-03-30,Net Banking,Delivered
O001604,C00820,2025-07-04,Cash on Delivery,Delivered
O001605,C00727,2025-12-13,Credit Card,Delivered
O001606,C01714,2024-04-16,UPI,Delivered
O001607,C00470,2024-09-11,Cash on Delivery,Delivered
O001608,C01333,2025-06-04,Net Banking,Delivered
O001609,C00033,2025-08-04,Debit Card,Delivered
O001610,C00093,2024-12-26,UPI,Delivered
O001611,C00364,2025-01-11,Cash on Delivery,Delivered
O001612,C00263,2024-12-24,Credit Card,Delivered
O001613,C01424,2024-02-23,Debit Card,Delivered
O001614,C00126,2024-03-05,Debit Card,Delivered
O001615,C01775,2025-03-01,Debit Card,Delivered
O001616,C01265,2025-05-25,Net Banking,Delivered
O001617,C00859,2024-07-07,UPI,Cancelled
O001618,C01977,2025-07-08,UPI,Delivered
O001619,C00748,2024-12-05,UPI,Delivered
O001620,C00062,2024-04-18,Credit Card,Delivered
O001621,C00827,2024-12-31,Debit Card,Delivered
O001622,C01274,2025-09-29,UPI,Delivered
O001623,C00680,2024-08-04,UPI,Delivered
O001624,C00071,2025-10-15,Credit Card,Delivered
O001625,C00096,2024-05-05,Debit Card,Cancelled
O001626,C01480,2024-05-12,Debit Card,Delivered
O001627,C00206,2025-10-13,UPI,Delivered
O001628,C01838,2024-01-15,UPI,Delivered
O001629,C00136,2025-04-16,UPI,Delivered
O001630,C00952,2024-03-19,Net Banking,Cancelled
O001631,C00902,2024-05-17,Credit Card,Cancelled
O001632,C01658,2024-08-16,UPI,Delivered
O001633,C00976,2024-04-06,Net Banking,Delivered
O001634,C00263,2025-02-19,Credit Card,Cancelled
O001635,C00749,2025-07-29,Cash on Delivery,Delivered
O001636,C00979,2024-10-30,Net Banking,Cancelled
O001637,C00402,2024-05-10,UPI,Cancelled
O001638,C00266,2024-03-01,Credit Card,Delivered
O001639,C01351,2025-06-05,UPI,Delivered
O001640,C01469,2025-08-16,Credit Card,Cancelled
O001641,C00216,2024-01-09,UPI,Delivered
O001642,C00379,2025-06-10,Debit Card,Delivered
O001643,C01456,2024-07-31,Cash on Delivery,Cancelled
O001644,C01065,2024-04-29,Cash on Delivery,Cancelled
O001645,C01810,2024-12-08,Credit Card,Delivered
O001646,C00672,2024-10-05,Net Banking,Delivered
O001647,C01355,2024-05-18,Credit Card,Cancelled
O001648,C01509,2024-06-17,UPI,Delivered
O001649,C01295,2025-07-08,UPI,Delivered
O001650,C00374,2024-01-27,UPI,Delivered
O001651,C01300,2025-11-24,UPI,Delivered
O001652,C00332,2025-06-08,Net Banking,Delivered
O001653,C00024,2025-02-17,Credit Card,Delivered
O001654,C01757,2024-06-16,UPI,Cancelled
O001655,C00831,2024-12-09,Net Banking,Delivered
O001656,C00929,2025-06-25,Cash on Delivery,Delivered
O001657,C01118,2024-02-07,Net Banking,Delivered
O001658,C01526,2025-10-11,Credit Card,Cancelled
O001659,C01893,2025-05-08,Debit Card,Delivered
O001660,C01828,2025-09-22,Credit Card,Delivered
O001661,C00699,2025-02-10,Net Banking,Cancelled
O001662,C00935,2025-05-12,Net Banking,Delivered
O001663,C01564,2025-05-29,Cash on Delivery,Delivered
O001664,C00130,2025-07-10,Cash on Delivery,Delivered
O001665,C01316,2025-05-27,UPI,Cancelled
O001666,C00259,2025-11-27,UPI,Delivered
O001667,C01997,2024-03-20,Net Banking,Delivered
O001668,C00247,2024-10-30,Cash on Delivery,Delivered
O001669,C00259,2025-06-20,Debit Card,Delivered
O001670,C00927,2024-08-27,Credit Card,Delivered
O001671,C01979,2024-12-10,Net Banking,Cancelled
O001672,C00374,2024-02-10,Net Banking,Cancelled
O001673,C00400,2025-04-09,Credit Card,Delivered
O001674,C01590,2024-01-04,UPI,Delivered
O001675,C01503,2024-02-07,Debit Card,Cancelled
O001676,C01231,2025-08-22,Credit Card,Cancelled
O001677,C01762,2024-10-20,Debit Card,Delivered
O001678,C01639,2025-08-18,Credit Card,Cancelled
O001679,C00472,2024-06-05,Cash on Delivery,Delivered
O001680,C00767,2025-12-22,UPI,Delivered
O001681,C01301,2024-07-12,Net Banking,Cancelled
O001682,C00464,2024-10-17,Credit Card,Cancelled
O001683,C01930,2025-12-06,Cash on Delivery,Delivered
O001684,C01758,2024-07-04,Credit Card,Delivered
O001685,C01965,2024-06-04,Cash on Delivery,Delivered
O001686,C00608,2024-03-11,Net Banking,Cancelled
O001687,C01991,2024-01-13,Net Banking,Delivered
O001688,C00959,2024-11-23,Debit Card,Delivered
O001689,C01478,2024-01-22,Cash on Delivery,Delivered
O001690,C00154,2024-01-12,Debit Card,Cancelled
O001691,C01369,2024-09-18,Debit Card,Delivered
O001692,C01891,2025-09-29,Cash on Delivery,Cancelled
O001693,C01965,2024-05-29,UPI,Delivered
O001694,C00288,2025-06-12,UPI,Delivered
O001695,C01566,2025-06-03,Cash on Delivery,Delivered
O001696,C00802,2024-02-19,Credit Card,Delivered
O001697,C00801,2024-06-20,Cash on Delivery,Delivered
O001698,C00510,2025-11-16,Net Banking,Delivered
O001699,C00464,2024-03-16,Debit Card,Delivered
O001700,C01829,2025-09-10,Credit Card,Cancelled
O001701,C01935,2025-10-10,Credit Card,Delivered
O001702,C00909,2025-10-07,UPI,Delivered
O001703,C01558,2025-05-30,Debit Card,Delivered
O001704,C01305,2024-05-10,UPI,Delivered
O001705,C01074,2025-07-16,UPI,Cancelled
O001706,C00965,2024-05-09,Credit Card,Delivered
O001707,C00612,2024-02-04,UPI,Cancelled
O001708,C01522,2024-11-18,Cash on Delivery,Delivered
O001709,C00315,2025-02-02,UPI,Delivered
O001710,C01793,2024-03-24,Debit Card,Delivered
O001711,C00782,2025-09-25,Debit Card,Delivered
O001712,C01284,2024-09-11,Net Banking,Delivered
O001713,C01199,2024-09-07,Credit Card,Delivered
O001714,C01554,2025-03-12,Debit Card,Delivered
O001715,C01071,2025-05-01,UPI,Cancelled
O001716,C01966,2024-05-27,Debit Card,Delivered
O001717,C00495,2025-04-30,Cash on Delivery,Delivered
O001718,C01714,2024-06-09,Debit Card,Delivered
O001719,C00864,2025-12-26,UPI,Delivered
O001720,C01772,2025-02-24,Debit Card,Delivered
O001721,C01853,2024-11-02,Debit Card,Cancelled
O001722,C00674,2025-12-30,Net Banking,Delivered
O001723,C00731,2024-11-28,UPI,Delivered
O001724,C00208,2024-04-03,Net Banking,Delivered
O001725,C01200,2024-06-29,Net Banking,Delivered
O001726,C01211,2024-06-15,Net Banking,Delivered
O001727,C00213,2024-03-23,Cash on Delivery,Delivered
O001728,C01149,2024-10-03,Cash on Delivery,Cancelled
O001729,C00770,2024-09-08,Debit Card,Delivered
O001730,C00087,2024-05-14,Cash on Delivery,Delivered
O001731,C01210,2024-01-12,UPI,Cancelled
O001732,C00195,2024-11-08,UPI,Delivered
O001733,C00739,2025-05-22,Cash on Delivery,Cancelled
O001734,C00864,2024-09-02,Net Banking,Delivered
O001735,C00712,2024-01-10,Net Banking,Delivered
O001736,C01746,2024-10-29,Net Banking,Cancelled
O001737,C01769,2024-06-14,Debit Card,Delivered
O001738,C01666,2024-12-22,Net Banking,Delivered
O001739,C01371,2024-06-19,UPI,Delivered
O001740,C01162,2024-02-21,UPI,Delivered
O001741,C00203,2025-05-26,Debit Card,Delivered
O001742,C01643,2025-09-25,UPI,Delivered
O001743,C01740,2024-08-04,Debit Card,Delivered
O001744,C01677,2025-05-19,Debit Card,Delivered
O001745,C01994,2025-04-29,Credit Card,Delivered
O001746,C00914,2024-10-13,UPI,Delivered
O001747,C00939,2024-02-04,Debit Card,Delivered
O001748,C00429,2024-02-22,Debit Card,Cancelled
O001749,C01328,2025-11-18,UPI,Delivered
O001750,C01543,2024-06-18,Credit Card,Delivered
O001751,C01730,2024-11-15,Net Banking,Delivered
O001752,C00684,2024-08-22,Debit Card,Cancelled
O001753,C01103,2025-08-19,Cash on Delivery,Delivered
O001754,C00649,2025-04-10,Debit Card,Delivered
O001755,C01873,2025-01-23,Cash on Delivery,Delivered
O001756,C00641,2024-03-20,Net Banking,Delivered
O001757,C01550,2025-07-07,Net Banking,Delivered
O001758,C00543,2025-02-20,Net Banking,Delivered
O001759,C00691,2025-09-06,Net Banking,Delivered
O001760,C01546,2025-12-17,Credit Card,Delivered
O001761,C00662,2025-10-22,UPI,Delivered
O001762,C00389,2025-03-18,Cash on Delivery,Delivered
O001763,C01862,2024-05-13,Credit Card,Cancelled
O001764,C00607,2024-07-14,Debit Card,Cancelled
O001765,C00365,2024-03-14,Net Banking,Cancelled
O001766,C01425,2025-04-10,UPI,Delivered
O001767,C00186,2024-09-08,Debit Card,Delivered
O001768,C01746,2025-05-05,Debit Card,Delivered
O001769,C01467,2025-06-24,UPI,Delivered
O001770,C00813,2024-10-28,Credit Card,Delivered
O001771,C00213,2025-06-10,Cash on Delivery,Delivered
O001772,C01257,2025-12-19,Cash on Delivery,Delivered
O001773,C00664,2025-08-22,Cash on Delivery,Delivered
O001774,C01692,2025-06-22,UPI,Delivered
O001775,C01123,2024-04-13,UPI,Delivered
O001776,C00054,2024-09-14,Net Banking,Delivered
O001777,C01707,2024-05-16,Credit Card,Delivered
O001778,C01793,2025-05-08,Credit Card,Delivered
O001779,C01327,2025-08-14,Net Banking,Delivered
O001780,C00026,2025-11-17,Debit Card,Delivered
O001781,C01976,2025-06-18,UPI,Cancelled
O001782,C00990,2024-09-03,Net Banking,Delivered
O001783,C01140,2025-10-23,Credit Card,Cancelled
O001784,C00394,2025-06-01,Net Banking,Delivered
O001785,C01737,2025-01-09,Cash on Delivery,Cancelled
O001786,C00819,2024-02-22,Net Banking,Delivered
O001787,C01530,2024-09-17,Debit Card,Delivered
O001788,C01646,2024-01-14,Debit Card,Delivered
O001789,C00759,2025-04-17,Credit Card,Delivered
O001790,C00656,2025-12-09,Credit Card,Delivered
O001791,C01963,2025-03-30,Net Banking,Delivered
O001792,C01762,2024-12-14,Cash on Delivery,Delivered
O001793,C01630,2024-10-23,Cash on Delivery,Cancelled
O001794,C00264,2025-01-31,UPI,Cancelled
O001795,C01451,2025-05-12,Net Banking,Cancelled
O001796,C00643,2025-07-30,UPI,Cancelled
O001797,C00467,2024-06-29,Debit Card,Cancelled
O001798,C01682,2025-01-26,Credit Card,Delivered
O001799,C00552,2025-04-01,Cash on Delivery,Delivered
O001800,C00943,2025-07-01,Cash on Delivery,Delivered
O001801,C01019,2024-01-11,Credit Card,Delivered
O001802,C01953,2024-06-29,Credit Card,Delivered
O001803,C01147,2024-01-17,Net Banking,Cancelled
O001804,C01332,2025-04-23,UPI,Delivered
O001805,C00977,2025-08-12,Net Banking,Delivered
O001806,C00131,2025-11-27,Debit Card,Delivered
O001807,C01956,2024-04-06,Cash on Delivery,Cancelled
O001808,C00517,2024-08-27,Net Banking,Delivered
O001809,C01462,2024-07-02,Debit Card,Delivered
O001810,C01443,2025-07-27,Debit Card,Delivered
O001811,C00812,2024-11-28,Credit Card,Delivered
O001812,C00635,2025-08-11,Credit Card,Delivered
O001813,C00677,2024-07-08,Credit Card,Cancelled
O001814,C01938,2025-04-26,Net Banking,Delivered
O001815,C01570,2024-03-02,Cash on Delivery,Cancelled
O001816,C00645,2024-02-16,Net Banking,Cancelled
O001817,C00109,2024-04-16,Debit Card,Cancelled
O001818,C00246,2024-10-17,Cash on Delivery,Delivered
O001819,C01258,2025-01-22,UPI,Cancelled
O001820,C00848,2024-08-18,Credit Card,Delivered
O001821,C00510,2024-06-05,Cash on Delivery,Delivered
O001822,C01712,2024-04-27,UPI,Delivered
O001823,C01493,2024-10-18,UPI,Delivered
O001824,C00183,2024-06-07,UPI,Delivered
O001825,C01176,2025-05-13,Net Banking,Delivered
O001826,C00781,2024-01-30,Debit Card,Delivered
O001827,C01736,2024-07-03,UPI,Delivered
O001828,C00638,2025-12-18,Debit Card,Delivered
O001829,C01449,2025-07-17,Credit Card,Delivered
O001830,C01024,2025-04-09,UPI,Delivered
O001831,C00534,2024-12-10,Credit Card,Delivered
O001832,C00720,2025-07-28,UPI,Delivered
O001833,C00926,2025-11-12,UPI,Cancelled
O001834,C00528,2024-09-12,UPI,Cancelled
O001835,C00125,2024-04-14,Cash on Delivery,Delivered
O001836,C01399,2024-08-04,Credit Card,Delivered
O001837,C00004,2024-09-03,Cash on Delivery,Delivered
O001838,C00010,2025-05-14,UPI,Delivered
O001839,C00057,2025-09-03,Net Banking,Cancelled
O001840,C01154,2025-08-13,Credit Card,Delivered
O001841,C01958,2024-01-31,Credit Card,Delivered
O001842,C01304,2025-02-08,Cash on Delivery,Delivered
O001843,C00373,2025-09-06,Credit Card,Delivered
O001844,C00199,2024-11-18,Credit Card,Cancelled
O001845,C00767,2025-05-18,Debit Card,Delivered
O001846,C01447,2025-09-23,Credit Card,Cancelled
O001847,C00305,2024-08-12,Cash on Delivery,Delivered
O001848,C00063,2025-08-05,Net Banking,Cancelled
O001849,C01820,2024-01-19,UPI,Delivered
O001850,C01915,2024-06-26,Debit Card,Delivered
O001851,C00715,2025-10-19,Credit Card,Cancelled
O001852,C01062,2025-07-23,Credit Card,Delivered
O001853,C01020,2024-09-14,UPI,Delivered
O001854,C01256,2024-09-23,Net Banking,Delivered
O001855,C01902,2024-07-07,Debit Card,Delivered
O001856,C01606,2024-06-08,Credit Card,Delivered
O001857,C01370,2025-02-22,Cash on Delivery,Delivered
O001858,C00693,2024-02-12,Credit Card,Delivered
O001859,C00290,2025-12-05,Credit Card,Delivered
O001860,C00386,2025-12-13,Net Banking,Delivered
O001861,C00734,2025-05-31,UPI,Delivered
O001862,C01661,2024-07-11,Cash on Delivery,Cancelled
O001863,C00203,2025-09-14,Cash on Delivery,Delivered
O001864,C01359,2025-06-17,Debit Card,Cancelled
O001865,C01154,2025-06-24,Credit Card,Cancelled
O001866,C01069,2025-07-12,Net Banking,Cancelled
O001867,C01318,2024-06-21,Credit Card,Delivered
O001868,C00657,2025-04-17,Credit Card,Delivered
O001869,C01564,2025-11-08,Credit Card,Delivered
O001870,C01934,2024-10-23,Net Banking,Delivered
O001871,C00892,2025-02-09,Credit Card,Delivered
O001872,C00049,2024-09-06,Net Banking,Delivered
O001873,C00659,2024-05-22,Cash on Delivery,Delivered
O001874,C01249,2024-12-09,Net Banking,Delivered
O001875,C01020,2025-05-04,Cash on Delivery,Delivered
O001876,C01579,2024-01-05,UPI,Cancelled
O001877,C01703,2024-02-20,UPI,Delivered
O001878,C00629,2025-11-06,Cash on Delivery,Cancelled
O001879,C01112,2025-01-16,Credit Card,Delivered
O001880,C01514,2024-02-24,UPI,Delivered
O001881,C00097,2024-05-29,Cash on Delivery,Delivered
O001882,C00386,2024-02-10,Debit Card,Cancelled
O001883,C00108,2025-05-07,Net Banking,Cancelled
O001884,C01074,2024-04-19,Credit Card,Cancelled
O001885,C00760,2025-12-29,Net Banking,Delivered
O001886,C01866,2024-06-07,Credit Card,Delivered
O001887,C00937,2024-04-07,Credit Card,Delivered
O001888,C01460,2024-03-12,Debit Card,Delivered
O001889,C01463,2024-05-14,Credit Card,Delivered
O001890,C00424,2025-04-05,Credit Card,Cancelled
O001891,C00032,2025-03-02,UPI,Delivered
O001892,C00422,2025-10-07,Cash on Delivery,Delivered
O001893,C01893,2025-09-09,Debit Card,Delivered
O001894,C01853,2025-12-24,Credit Card,Delivered
O001895,C00363,2024-06-07,Cash on Delivery,Delivered
O001896,C00762,2024-07-02,Net Banking,Delivered
O001897,C00320,2025-01-29,Credit Card,Cancelled
O001898,C00505,2024-03-01,Net Banking,Delivered
O001899,C01807,2024-11-27,Net Banking,Cancelled
O001900,C01455,2025-07-17,Cash on Delivery,Delivered
O001901,C00420,2024-12-28,Cash on Delivery,Delivered
O001902,C00839,2024-08-29,UPI,Delivered
O001903,C01687,2024-05-07,Credit Card,Delivered
O001904,C01726,2025-07-14,Cash on Delivery,Delivered
O001905,C00520,2024-06-02,Cash on Delivery,Delivered
O001906,C01284,2024-07-09,Net Banking,Delivered
O001907,C01426,2024-11-25,Net Banking,Delivered
O001908,C01358,2024-05-17,Net Banking,Delivered
O001909,C01306,2025-04-15,UPI,Delivered
O001910,C00326,2024-07-12,Cash on Delivery,Delivered
O001911,C00137,2024-08-23,Credit Card,Cancelled
O001912,C00671,2024-08-09,Credit Card,Delivered
O001913,C01957,2025-03-23,Net Banking,Delivered
O001914,C01099,2024-12-14,Debit Card,Delivered
O001915,C01753,2025-05-08,Credit Card,Delivered
O001916,C01559,2024-06-05,UPI,Delivered
O001917,C01686,2024-07-30,Credit Card,Delivered
O001918,C01137,2025-10-31,Net Banking,Delivered
O001919,C00261,2025-08-29,Debit Card,Delivered
O001920,C00961,2025-01-08,Net Banking,Delivered
O001921,C00229,2024-03-03,Credit Card,Delivered
O001922,C01707,2024-10-06,Net Banking,Delivered
O001923,C00172,2024-11-05,UPI,Delivered
O001924,C00893,2024-10-20,Net Banking,Delivered
O001925,C01513,2024-05-10,Credit Card,Delivered
O001926,C01223,2024-12-31,UPI,Cancelled
O001927,C01571,2024-12-08,Cash on Delivery,Delivered
O001928,C01485,2024-11-24,Debit Card,Delivered
O001929,C01165,2025-01-27,UPI,Delivered
O001930,C00700,2025-04-18,Cash on Delivery,Delivered
O001931,C01888,2025-07-24,UPI,Delivered
O001932,C00411,2024-12-02,UPI,Delivered
O001933,C00779,2025-08-13,Credit Card,Delivered
O001934,C01036,2024-05-01,UPI,Delivered
O001935,C01285,2025-09-28,UPI,Delivered
O001936,C00052,2025-09-08,Net Banking,Delivered
O001937,C01728,2025-01-09,Credit Card,Cancelled
O001938,C01083,2024-01-16,Debit Card,Cancelled
O001939,C00330,2025-08-14,UPI,Delivered
O001940,C00117,2024-10-23,UPI,Delivered
O001941,C00840,2024-11-27,Credit Card,Delivered
O001942,C01267,2025-10-25,Credit Card,Delivered
O001943,C00759,2024-03-05,UPI,Delivered
O001944,C01402,2025-08-12,Credit Card,Delivered
O001945,C00781,2025-12-05,UPI,Delivered
O001946,C01667,2025-12-16,Credit Card,Cancelled
O001947,C00246,2024-08-21,Cash on Delivery,Delivered
O001948,C01155,2025-04-07,Cash on Delivery,Delivered
O001949,C00041,2025-02-21,Debit Card,Delivered
O001950,C01920,2024-04-28,Cash on Delivery,Delivered
O001951,C00579,2025-03-05,Cash on Delivery,Delivered
O001952,C00921,2025-07-18,Credit Card,Delivered
O001953,C01255,2024-05-16,Debit Card,Delivered
O001954,C01304,2024-07-18,Net Banking,Delivered
O001955,C01883,2024-10-22,Cash on Delivery,Delivered
O001956,C01099,2024-12-26,Debit Card,Delivered
O001957,C00296,2024-08-25,UPI,Delivered
O001958,C01973,2024-12-18,Net Banking,Delivered
O001959,C01807,2024-08-07,Credit Card,Delivered
O001960,C01516,2024-10-18,UPI,Delivered
O001961,C00295,2025-03-12,UPI,Delivered
O001962,C01456,2025-04-15,Cash on Delivery,Delivered
O001963,C00824,2025-01-08,Credit Card,Delivered
O001964,C00427,2024-02-25,Net Banking,Delivered
O001965,C01810,2024-09-15,Credit Card,Delivered
O001966,C00910,2024-04-16,Cash on Delivery,Delivered
O001967,C00745,2025-07-09,UPI,Delivered
O001968,C00273,2024-12-30,Cash on Delivery,Delivered
O001969,C00504,2024-06-01,Credit Card,Delivered
O001970,C01165,2024-04-30,UPI,Cancelled
O001971,C00745,2025-12-12,Cash on Delivery,Cancelled
O001972,C01767,2024-05-27,Cash on Delivery,Delivered
O001973,C00768,2024-01-04,Debit Card,Delivered
O001974,C00805,2024-01-10,Credit Card,Delivered
O001975,C00223,2025-10-31,Cash on Delivery,Delivered
O001976,C00616,2025-01-23,Cash on Delivery,Delivered
O001977,C00105,2025-07-21,Credit Card,Delivered
O001978,C00692,2025-07-17,Cash on Delivery,Delivered
O001979,C01351,2024-10-17,Net Banking,Cancelled
O001980,C00885,2025-01-16,UPI,Delivered
O001981,C00049,2024-11-10,Credit Card,Delivered
O001982,C01163,2025-12-20,Net Banking,Delivered
O001983,C01528,2024-11-18,Net Banking,Delivered
O001984,C01314,2024-11-02,Credit Card,Delivered
O001985,C00309,2025-07-30,Net Banking,Delivered
O001986,C00960,2024-10-16,Credit Card,Delivered
O001987,C01562,2024-10-25,Net Banking,Delivered
O001988,C01251,2025-01-15,Cash on Delivery,Cancelled
O001989,C01087,2024-08-27,Cash on Delivery,Delivered
O001990,C01385,2025-05-12,UPI,Delivered
O001991,C00176,2025-04-01,UPI,Delivered
O001992,C01885,2024-02-25,Cash on Delivery,Delivered
O001993,C00679,2024-11-13,Net Banking,Delivered
O001994,C01908,2025-11-18,Net Banking,Delivered
O001995,C01523,2024-01-31,Credit Card,Delivered
O001996,C00630,2025-12-16,Cash on Delivery,Delivered
O001997,C01277,2024-04-06,Debit Card,Cancelled
O001998,C01853,2024-10-25,Net Banking,Delivered
O001999,C00694,2025-12-25,Credit Card,Delivered
O002000,C00622,2025-03-15,UPI,Cancelled
O002001,C00328,2024-05-06,Credit Card,Delivered
O002002,C00851,2024-05-30,UPI,Cancelled
O002003,C01865,2025-08-15,Cash on Delivery,Delivered
O002004,C00325,2024-12-04,Cash on Delivery,Cancelled
O002005,C01288,2024-07-17,Net Banking,Delivered
O002006,C01414,2025-08-22,Credit Card,Delivered
O002007,C01360,2025-12-10,Credit Card,Delivered
O002008,C00199,2025-08-06,UPI,Delivered
O002009,C01803,2025-07-14,Credit Card,Delivered
O002010,C00977,2024-09-27,UPI,Delivered
O002011,C01201,2025-01-30,Debit Card,Delivered
O002012,C01198,2025-07-04,Cash on Delivery,Delivered
O002013,C00917,2025-01-14,Cash on Delivery,Delivered
O002014,C01939,2025-05-08,Cash on Delivery,Delivered
O002015,C01814,2025-06-18,Credit Card,Delivered
O002016,C01816,2024-10-12,Credit Card,Delivered
O002017,C00277,2025-06-24,Debit Card,Delivered
O002018,C01878,2024-02-14,Credit Card,Delivered
O002019,C01915,2025-05-20,Credit Card,Delivered
O002020,C00599,2024-10-26,UPI,Delivered
O002021,C01235,2025-12-20,Net Banking,Delivered
O002022,C01274,2024-11-25,Cash on Delivery,Delivered
O002023,C00347,2025-07-25,Debit Card,Delivered
O002024,C00394,2024-07-10,Cash on Delivery,Delivered
O002025,C01066,2024-07-07,Cash on Delivery,Delivered
O002026,C01003,2025-01-06,Credit Card,Delivered
O002027,C00107,2024-01-27,Debit Card,Delivered
O002028,C00539,2025-12-16,Credit Card,Delivered
O002029,C00692,2025-09-23,UPI,Delivered
O002030,C01536,2024-10-07,Cash on Delivery,Delivered
O002031,C01351,2025-05-05,UPI,Delivered
O002032,C01130,2025-07-02,UPI,Cancelled
O002033,C00022,2025-06-09,Cash on Delivery,Delivered
O002034,C00620,2024-01-22,Credit Card,Delivered
O002035,C00779,2025-06-25,Net Banking,Delivered
O002036,C01424,2025-06-01,Net Banking,Delivered
O002037,C00688,2025-05-16,Debit Card,Cancelled
O002038,C01749,2024-04-24,Net Banking,Delivered
O002039,C01449,2024-07-21,Credit Card,Delivered
O002040,C01473,2025-04-15,Debit Card,Cancelled
O002041,C00396,2024-12-19,Debit Card,Delivered
O002042,C00171,2025-06-12,Net Banking,Delivered
O002043,C01650,2024-04-24,Debit Card,Cancelled
O002044,C01835,2024-07-16,UPI,Delivered
O002045,C01652,2024-07-11,UPI,Delivered
O002046,C00153,2025-04-12,Credit Card,Delivered
O002047,C00134,2025-03-25,UPI,Delivered
O002048,C01596,2025-05-29,UPI,Delivered
O002049,C00020,2025-10-15,Cash on Delivery,Delivered
O002050,C01783,2024-05-05,Net Banking,Delivered
O002051,C00320,2024-01-10,Cash on Delivery,Delivered
O002052,C01293,2024-03-31,Cash on Delivery,Delivered
O002053,C01255,2025-08-21,UPI,Delivered
O002054,C01443,2024-03-12,UPI,Delivered
O002055,C00381,2025-05-15,UPI,Delivered
O002056,C00008,2025-07-06,Net Banking,Delivered
O002057,C00431,2025-12-13,UPI,Delivered
O002058,C00793,2024-10-25,UPI,Cancelled
O002059,C00395,2024-11-04,Debit Card,Delivered
O002060,C01451,2025-07-02,Net Banking,Cancelled
O002061,C01447,2025-03-31,Credit Card,Delivered
O002062,C00590,2025-11-30,Cash on Delivery,Cancelled
O002063,C01772,2024-03-03,UPI,Delivered
O002064,C00379,2025-02-06,Cash on Delivery,Delivered
O002065,C00163,2025-12-07,Credit Card,Delivered
O002066,C00540,2024-05-26,Credit Card,Cancelled
O002067,C01179,2025-11-11,Cash on Delivery,Delivered
O002068,C01440,2024-11-24,UPI,Delivered
O002069,C00384,2024-05-08,Net Banking,Delivered
O002070,C00333,2025-10-06,Net Banking,Cancelled
O002071,C00608,2024-11-27,Cash on Delivery,Delivered
O002072,C01038,2024-07-15,Debit Card,Delivered
O002073,C00874,2025-06-21,Debit Card,Delivered
O002074,C01507,2024-08-22,Credit Card,Delivered
O002075,C01342,2025-01-23,Cash on Delivery,Delivered
O002076,C00577,2025-02-18,Credit Card,Delivered
O002077,C00127,2025-05-26,UPI,Delivered
O002078,C01849,2025-11-19,UPI,Cancelled
O002079,C01548,2024-10-24,Net Banking,Delivered
O002080,C01381,2025-03-31,Net Banking,Delivered
O002081,C01525,2024-08-27,Debit Card,Delivered
O002082,C01205,2025-07-24,Cash on Delivery,Delivered
O002083,C01430,2024-11-15,Debit Card,Delivered
O002084,C01166,2025-08-07,Credit Card,Delivered
O002085,C00924,2025-11-11,Debit Card,Delivered
O002086,C00759,2025-12-18,Debit Card,Delivered
O002087,C00642,2025-07-19,Cash on Delivery,Delivered
O002088,C00468,2025-11-06,Debit Card,Delivered
O002089,C01415,2024-03-10,Debit Card,Delivered
O002090,C00953,2024-03-25,Net Banking,Delivered
O002091,C01892,2025-05-09,Net Banking,Delivered
O002092,C01780,2025-03-20,Net Banking,Delivered
O002093,C00313,2025-08-26,UPI,Delivered
O002094,C00860,2025-09-11,Cash on Delivery,Delivered
O002095,C01615,2024-09-24,Credit Card,Delivered
O002096,C00819,2025-09-24,Credit Card,Delivered
O002097,C01621,2024-04-20,Credit Card,Delivered
O002098,C01215,2024-07-27,Net Banking,Delivered
O002099,C00195,2025-08-04,UPI,Delivered
O002100,C00968,2024-06-11,Credit Card,Delivered
O002101,C00691,2025-12-23,Credit Card,Delivered
O002102,C01019,2025-08-04,Credit Card,Delivered
O002103,C01700,2024-11-05,Cash on Delivery,Delivered
O002104,C00467,2025-06-26,UPI,Cancelled
O002105,C01483,2024-08-27,Credit Card,Delivered
O002106,C01941,2024-01-05,Net Banking,Delivered
O002107,C01985,2024-05-10,Debit Card,Delivered
O002108,C01970,2025-09-26,UPI,Delivered
O002109,C01952,2025-01-16,UPI,Delivered
O002110,C01245,2024-01-02,UPI,Delivered
O002111,C01063,2024-03-16,Cash on Delivery,Delivered
O002112,C00853,2024-02-24,Net Banking,Delivered
O002113,C01960,2025-08-23,Debit Card,Delivered
O002114,C00694,2025-06-24,Debit Card,Cancelled
O002115,C00879,2024-11-20,Debit Card,Cancelled
O002116,C00266,2025-02-11,Cash on Delivery,Delivered
O002117,C00699,2024-11-19,Debit Card,Delivered
O002118,C00757,2025-05-23,Credit Card,Delivered
O002119,C00130,2024-08-11,UPI,Delivered
O002120,C00855,2025-07-23,Credit Card,Delivered
O002121,C01410,2024-11-30,Credit Card,Delivered
O002122,C01299,2024-05-12,Cash on Delivery,Delivered
O002123,C01612,2024-05-17,Credit Card,Delivered
O002124,C01183,2024-10-18,Cash on Delivery,Delivered
O002125,C01848,2024-05-24,Credit Card,Delivered
O002126,C01601,2025-06-30,Net Banking,Delivered
O002127,C01451,2024-04-14,Cash on Delivery,Cancelled
O002128,C00486,2024-06-02,Credit Card,Delivered
O002129,C01154,2025-01-12,Credit Card,Delivered
O002130,C00642,2024-05-21,Cash on Delivery,Delivered
O002131,C00787,2025-01-25,Credit Card,Cancelled
O002132,C00659,2024-03-26,UPI,Cancelled
O002133,C01006,2024-12-16,Net Banking,Cancelled
O002134,C01845,2025-03-16,Cash on Delivery,Delivered
O002135,C00138,2025-09-24,Credit Card,Delivered
O002136,C01621,2024-06-14,Debit Card,Delivered
O002137,C00746,2024-05-24,Net Banking,Delivered
O002138,C00971,2024-06-05,Credit Card,Delivered
O002139,C00671,2024-02-15,Debit Card,Cancelled
O002140,C00989,2025-08-05,Cash on Delivery,Delivered
O002141,C01605,2024-05-21,UPI,Delivered
O002142,C00993,2025-09-20,Debit Card,Cancelled
O002143,C01809,2025-08-12,Cash on Delivery,Delivered
O002144,C01688,2024-05-29,Credit Card,Cancelled
O002145,C01240,2024-07-20,UPI,Delivered
O002146,C01503,2025-12-01,UPI,Delivered
O002147,C01073,2025-11-08,Cash on Delivery,Delivered
O002148,C00509,2024-11-13,Debit Card,Delivered
O002149,C01435,2024-12-08,Net Banking,Delivered
O002150,C00611,2025-05-01,Debit Card,Delivered
O002151,C00296,2025-12-10,UPI,Delivered
O002152,C01335,2025-04-30,Net Banking,Delivered
O002153,C00755,2024-03-25,Net Banking,Delivered
O002154,C00915,2025-11-05,Debit Card,Cancelled
O002155,C00322,2025-05-09,Debit Card,Delivered
O002156,C00221,2024-05-09,Net Banking,Delivered
O002157,C00566,2024-03-02,Credit Card,Cancelled
O002158,C00929,2024-08-15,Debit Card,Delivered
O002159,C01202,2024-03-07,Credit Card,Delivered
O002160,C01959,2024-10-20,UPI,Delivered
O002161,C01778,2024-04-06,UPI,Delivered
O002162,C00756,2024-08-02,UPI,Delivered
O002163,C01127,2024-02-19,UPI,Delivered
O002164,C01324,2024-09-22,Credit Card,Delivered
O002165,C00669,2024-01-24,Net Banking,Delivered
O002166,C01319,2025-03-30,Credit Card,Cancelled
O002167,C01550,2024-07-01,Cash on Delivery,Delivered
O002168,C01809,2025-01-06,Cash on Delivery,Delivered
O002169,C01481,2025-01-11,Credit Card,Delivered
O002170,C00131,2025-06-06,UPI,Delivered
O002171,C00311,2025-08-13,UPI,Cancelled
O002172,C00335,2024-03-19,Credit Card,Delivered
O002173,C01546,2024-01-08,Debit Card,Delivered
O002174,C00693,2024-02-17,UPI,Delivered
O002175,C00704,2024-07-25,UPI,Delivered
O002176,C00821,2025-08-06,Cash on Delivery,Delivered
O002177,C01075,2024-01-06,Credit Card,Delivered
O002178,C01423,2025-05-31,Credit Card,Cancelled
O002179,C01686,2025-03-28,UPI,Delivered
O002180,C00919,2025-09-04,UPI,Delivered
O002181,C00466,2024-02-02,Credit Card,Delivered
O002182,C01321,2024-03-16,Debit Card,Delivered
O002183,C00108,2024-06-12,Credit Card,Delivered
O002184,C00087,2025-02-09,UPI,Delivered
O002185,C01554,2025-09-06,Credit Card,Delivered
O002186,C01955,2024-01-06,Cash on Delivery,Cancelled
O002187,C00655,2024-10-18,Debit Card,Delivered
O002188,C01549,2025-04-13,Net Banking,Delivered
O002189,C01045,2025-02-07,Debit Card,Delivered
O002190,C00049,2025-08-14,Net Banking,Cancelled
O002191,C00140,2024-07-25,UPI,Cancelled
O002192,C00074,2025-12-25,Credit Card,Delivered
O002193,C01194,2025-01-12,Credit Card,Delivered
O002194,C01438,2025-01-02,UPI,Delivered
O002195,C01043,2025-08-10,Cash on Delivery,Delivered
O002196,C00814,2024-09-18,Credit Card,Cancelled
O002197,C00016,2025-04-14,Net Banking,Cancelled
O002198,C00577,2024-11-29,Debit Card,Cancelled
O002199,C00767,2024-09-18,Debit Card,Delivered
O002200,C01710,2024-10-14,Credit Card,Cancelled
O002201,C00525,2025-06-13,UPI,Delivered
O002202,C01839,2025-11-22,Debit Card,Delivered
O002203,C00245,2024-09-23,Debit Card,Delivered
O002204,C00060,2024-09-01,Credit Card,Cancelled
O002205,C01577,2025-09-26,Net Banking,Delivered
O002206,C00379,2024-07-05,UPI,Delivered
O002207,C00794,2024-10-07,UPI,Delivered
O002208,C00410,2025-05-31,Cash on Delivery,Delivered
O002209,C01706,2024-11-05,Credit Card,Cancelled
O002210,C01675,2024-10-20,Credit Card,Delivered
O002211,C00112,2025-04-19,Credit Card,Cancelled
O002212,C01824,2024-02-14,Debit Card,Delivered
O002213,C01047,2024-10-03,UPI,Delivered
O002214,C00026,2025-11-09,Credit Card,Delivered
O002215,C01763,2024-09-13,Debit Card,Delivered
O002216,C01024,2025-09-18,Net Banking,Delivered
O002217,C00938,2024-03-18,Net Banking,Cancelled
O002218,C01544,2024-01-03,UPI,Delivered
O002219,C00984,2024-12-20,Credit Card,Delivered
O002220,C01629,2025-11-07,Credit Card,Delivered
O002221,C01263,2025-06-26,UPI,Delivered
O002222,C01747,2024-11-08,UPI,Delivered
O002223,C01756,2025-07-17,UPI,Delivered
O002224,C01905,2025-10-10,UPI,Delivered
O002225,C00782,2025-11-20,Cash on Delivery,Delivered
O002226,C00200,2025-12-19,UPI,Delivered
O002227,C01323,2024-04-17,Credit Card,Delivered
O002228,C01520,2024-01-20,Cash on Delivery,Delivered
O002229,C00574,2025-04-12,Net Banking,Delivered
O002230,C00610,2024-04-05,UPI,Delivered
O002231,C00619,2025-11-05,Credit Card,Delivered
O002232,C00936,2025-02-16,Credit Card,Delivered
O002233,C01883,2024-08-05,Net Banking,Delivered
O002234,C01803,2025-06-27,Net Banking,Delivered
O002235,C00358,2025-08-06,UPI,Delivered
O002236,C00177,2025-09-25,Credit Card,Delivered
O002237,C01782,2024-07-12,Cash on Delivery,Cancelled
O002238,C00560,2024-10-13,Credit Card,Cancelled
O002239,C00983,2024-12-17,UPI,Delivered
O002240,C00442,2025-04-25,UPI,Delivered
O002241,C01389,2025-06-16,Net Banking,Delivered
O002242,C00077,2025-05-26,Debit Card,Delivered
O002243,C00845,2025-11-06,Credit Card,Delivered
O002244,C01182,2025-01-04,Cash on Delivery,Delivered
O002245,C01965,2025-02-03,Cash on Delivery,Delivered
O002246,C01454,2024-11-16,Credit Card,Delivered
O002247,C00416,2025-05-27,Debit Card,Delivered
O002248,C01375,2024-05-25,Debit Card,Delivered
O002249,C00481,2024-01-03,Net Banking,Delivered
O002250,C01332,2025-05-10,UPI,Cancelled
O002251,C01711,2025-09-23,Net Banking,Cancelled
O002252,C01950,2024-09-07,Net Banking,Delivered
O002253,C01466,2024-01-13,UPI,Delivered
O002254,C00746,2025-05-07,UPI,Delivered
O002255,C00935,2024-10-06,Cash on Delivery,Cancelled
O002256,C00336,2025-11-09,Debit Card,Delivered
O002257,C01488,2024-02-05,Debit Card,Delivered
O002258,C00657,2025-09-19,Debit Card,Delivered
O002259,C00357,2025-07-25,Cash on Delivery,Delivered
O002260,C00763,2024-09-09,Net Banking,Delivered
O002261,C01572,2025-06-10,UPI,Delivered
O002262,C01384,2024-12-11,Cash on Delivery,Delivered
O002263,C00738,2024-06-30,Cash on Delivery,Delivered
O002264,C01234,2025-04-16,UPI,Delivered
O002265,C00682,2025-01-11,Debit Card,Delivered
O002266,C00924,2024-11-06,Cash on Delivery,Delivered
O002267,C01823,2025-07-28,UPI,Cancelled
O002268,C01881,2025-04-20,Cash on Delivery,Delivered
O002269,C01227,2025-09-08,Debit Card,Cancelled
O002270,C01296,2024-03-04,Credit Card,Cancelled
O002271,C00286,2024-09-27,Credit Card,Delivered
O002272,C00168,2024-11-28,Net Banking,Delivered
O002273,C01027,2025-12-30,Cash on Delivery,Delivered
O002274,C01065,2025-12-24,UPI,Cancelled
O002275,C00009,2025-12-24,Credit Card,Cancelled
O002276,C01362,2025-01-04,Credit Card,Delivered
O002277,C01401,2025-05-26,Cash on Delivery,Delivered
O002278,C01002,2025-10-27,UPI,Delivered
O002279,C01499,2025-06-27,Debit Card,Cancelled
O002280,C01919,2025-12-04,Credit Card,Delivered
O002281,C00449,2024-03-19,Cash on Delivery,Delivered
O002282,C01536,2025-07-24,Credit Card,Delivered
O002283,C00463,2024-10-25,Net Banking,Delivered
O002284,C01709,2024-08-16,Credit Card,Delivered
O002285,C01830,2025-04-16,Cash on Delivery,Cancelled
O002286,C01639,2024-05-31,UPI,Delivered
O002287,C01876,2025-07-06,UPI,Delivered
O002288,C00496,2024-04-21,Cash on Delivery,Delivered
O002289,C01691,2025-11-06,Credit Card,Delivered
O002290,C01949,2025-02-07,Credit Card,Delivered
O002291,C00034,2025-11-11,UPI,Delivered
O002292,C00425,2025-03-20,UPI,Delivered
O002293,C00138,2025-09-01,UPI,Delivered
O002294,C00865,2025-10-27,Debit Card,Delivered
O002295,C00022,2025-07-10,Cash on Delivery,Delivered
O002296,C00703,2025-01-26,Net Banking,Delivered
O002297,C00427,2024-01-25,Debit Card,Delivered
O002298,C01269,2024-04-09,Debit Card,Delivered
O002299,C01301,2025-01-21,Net Banking,Delivered
O002300,C01391,2025-09-10,Credit Card,Delivered
O002301,C01024,2024-03-08,Debit Card,Delivered
O002302,C00064,2024-08-22,Debit Card,Delivered
O002303,C01764,2025-10-08,Cash on Delivery,Cancelled
O002304,C01577,2025-06-06,UPI,Delivered
O002305,C01411,2025-03-02,Cash on Delivery,Cancelled
O002306,C01804,2025-11-10,Debit Card,Delivered
O002307,C00056,2024-12-28,Credit Card,Delivered
O002308,C01555,2024-05-10,Cash on Delivery,Delivered
O002309,C00517,2025-11-27,Credit Card,Delivered
O002310,C00503,2024-12-12,UPI,Delivered
O002311,C00778,2024-03-30,Cash on Delivery,Delivered
O002312,C01237,2025-01-09,Net Banking,Delivered
O002313,C00662,2025-05-29,Debit Card,Cancelled
O002314,C01592,2025-02-23,Cash on Delivery,Delivered
O002315,C00444,2024-07-06,Net Banking,Delivered
O002316,C00022,2024-07-08,Credit Card,Cancelled
O002317,C01767,2024-06-13,Net Banking,Delivered
O002318,C01916,2024-05-12,Credit Card,Delivered
O002319,C01029,2025-08-08,UPI,Delivered
O002320,C01428,2025-05-27,Cash on Delivery,Delivered
O002321,C01642,2025-06-27,Cash on Delivery,Delivered
O002322,C00519,2024-03-10,Cash on Delivery,Delivered
O002323,C01430,2024-03-22,Credit Card,Delivered
O002324,C01848,2024-12-03,Net Banking,Delivered
O002325,C01749,2025-07-09,Credit Card,Delivered
O002326,C00595,2024-01-23,Net Banking,Delivered
O002327,C00225,2024-05-04,Credit Card,Delivered
O002328,C00408,2025-12-22,Credit Card,Delivered
O002329,C00012,2025-12-22,Credit Card,Delivered
O002330,C01583,2024-09-10,Credit Card,Delivered
O002331,C00375,2025-12-02,Credit Card,Cancelled
O002332,C01732,2024-10-24,Debit Card,Delivered
O002333,C01656,2025-08-18,Debit Card,Delivered
O002334,C00208,2024-08-05,Credit Card,Delivered
O002335,C00271,2024-06-20,Debit Card,Cancelled
O002336,C01153,2025-07-12,UPI,Delivered
O002337,C00751,2024-07-19,Debit Card,Delivered
O002338,C00043,2025-06-01,Cash on Delivery,Delivered
O002339,C01301,2025-01-04,Debit Card,Delivered
O002340,C00971,2025-11-28,UPI,Delivered
O002341,C01142,2025-06-04,Net Banking,Delivered
O002342,C00134,2024-04-05,UPI,Delivered
O002343,C00973,2025-05-31,Credit Card,Delivered
O002344,C01857,2024-04-15,Credit Card,Delivered
O002345,C00050,2025-12-17,Credit Card,Delivered
O002346,C01169,2025-02-19,Credit Card,Delivered
O002347,C00914,2025-05-07,Cash on Delivery,Delivered
O002348,C01142,2025-07-17,Debit Card,Delivered
O002349,C00137,2025-01-17,Credit Card,Cancelled
O002350,C00847,2024-03-11,UPI,Delivered
O002351,C00476,2025-09-09,Credit Card,Delivered
O002352,C00616,2025-06-21,Credit Card,Delivered
O002353,C00023,2024-09-15,Debit Card,Delivered
O002354,C01045,2025-11-08,UPI,Delivered
O002355,C01075,2024-06-22,Debit Card,Cancelled
O002356,C01087,2025-12-24,UPI,Delivered
O002357,C00655,2025-03-23,Credit Card,Delivered
O002358,C01641,2025-08-18,Credit Card,Delivered
O002359,C00980,2025-12-18,Net Banking,Delivered
O002360,C00203,2025-04-11,Credit Card,Delivered
O002361,C01133,2024-02-20,Net Banking,Cancelled
O002362,C01759,2025-05-15,UPI,Delivered
O002363,C01367,2024-09-23,UPI,Cancelled
O002364,C00298,2024-10-19,Cash on Delivery,Delivered
O002365,C00979,2025-12-07,Cash on Delivery,Delivered
O002366,C01160,2025-07-11,UPI,Delivered
O002367,C01720,2025-07-31,Debit Card,Delivered
O002368,C01696,2025-07-25,UPI,Delivered
O002369,C01541,2025-07-17,Net Banking,Delivered
O002370,C01784,2024-10-23,Credit Card,Delivered
O002371,C00057,2025-05-22,UPI,Delivered
O002372,C00801,2025-05-13,Net Banking,Cancelled
O002373,C01713,2025-09-01,Credit Card,Delivered
O002374,C00982,2025-03-12,Debit Card,Cancelled
O002375,C01821,2025-10-26,Net Banking,Delivered
O002376,C00495,2024-12-05,Debit Card,Delivered
O002377,C01019,2025-09-19,Debit Card,Delivered
O002378,C01229,2024-06-30,UPI,Delivered
O002379,C00136,2024-06-22,Cash on Delivery,Delivered
O002380,C01443,2024-07-20,Net Banking,Delivered
O002381,C01583,2024-03-30,Net Banking,Delivered
O002382,C00569,2024-08-14,Net Banking,Delivered
O002383,C00952,2024-03-09,Debit Card,Delivered
O002384,C01713,2024-03-27,Cash on Delivery,Cancelled
O002385,C00670,2024-03-10,Cash on Delivery,Delivered
O002386,C01048,2024-09-21,Debit Card,Cancelled
O002387,C01424,2025-07-29,Debit Card,Cancelled
O002388,C01228,2025-04-04,Cash on Delivery,Delivered
O002389,C00962,2025-12-28,Credit Card,Delivered
O002390,C01998,2024-05-26,Debit Card,Cancelled
O002391,C01059,2025-08-01,Cash on Delivery,Delivered
O002392,C00516,2024-03-31,Debit Card,Delivered
O002393,C01792,2025-03-20,UPI,Cancelled
O002394,C00467,2024-10-12,Credit Card,Delivered
O002395,C01858,2024-04-08,Credit Card,Cancelled
O002396,C00392,2025-10-24,UPI,Delivered
O002397,C00393,2024-08-31,Cash on Delivery,Cancelled
O002398,C01385,2024-10-22,Credit Card,Delivered
O002399,C01225,2025-03-24,Net Banking,Delivered
O002400,C01574,2025-07-26,Cash on Delivery,Delivered
O002401,C01643,2024-01-02,Debit Card,Delivered
O002402,C01408,2024-08-29,Net Banking,Cancelled
O002403,C01133,2024-02-18,UPI,Delivered
O002404,C01192,2025-04-03,Cash on Delivery,Delivered
O002405,C00241,2025-02-20,Debit Card,Delivered
O002406,C01308,2024-05-27,UPI,Cancelled
O002407,C01618,2025-10-19,Net Banking,Delivered
O002408,C00375,2024-10-28,Net Banking,Delivered
O002409,C00768,2024-11-25,Credit Card,Delivered
O002410,C01469,2024-09-05,Credit Card,Cancelled
O002411,C00941,2025-08-22,Debit Card,Delivered
O002412,C00522,2024-10-10,Net Banking,Delivered
O002413,C00255,2025-09-11,Net Banking,Cancelled
O002414,C00806,2025-06-11,UPI,Delivered
O002415,C01663,2025-12-26,Net Banking,Delivered
O002416,C00932,2025-09-10,Net Banking,Cancelled
O002417,C01196,2024-04-08,Debit Card,Cancelled
O002418,C01163,2025-02-07,Credit Card,Delivered
O002419,C00105,2025-05-30,Net Banking,Delivered
O002420,C01220,2025-04-12,UPI,Delivered
O002421,C00793,2025-04-03,UPI,Delivered
O002422,C00371,2024-06-21,UPI,Delivered
O002423,C01557,2024-03-23,UPI,Delivered
O002424,C01736,2024-11-03,UPI,Delivered
O002425,C01124,2024-01-08,Cash on Delivery,Delivered
O002426,C00261,2025-02-22,Cash on Delivery,Delivered
O002427,C00420,2025-10-24,UPI,Cancelled
O002428,C00123,2024-12-23,UPI,Delivered
O002429,C01279,2024-09-02,Debit Card,Delivered
O002430,C00881,2024-04-22,Credit Card,Delivered
O002431,C01267,2025-09-25,Cash on Delivery,Cancelled
O002432,C01540,2024-08-18,Debit Card,Cancelled
O002433,C00725,2025-10-12,Credit Card,Delivered
O002434,C00048,2024-06-19,Debit Card,Delivered
O002435,C01562,2025-01-23,Credit Card,Delivered
O002436,C01651,2025-06-12,Cash on Delivery,Delivered
O002437,C00417,2024-12-20,Credit Card,Delivered
O002438,C01955,2024-04-24,UPI,Cancelled
O002439,C01517,2025-04-12,Cash on Delivery,Delivered
O002440,C01658,2024-08-08,Net Banking,Delivered
O002441,C00196,2024-04-23,UPI,Delivered
O002442,C00453,2025-08-03,Credit Card,Cancelled
O002443,C00340,2025-05-31,Credit Card,Delivered
O002444,C00573,2025-10-21,UPI,Delivered
O002445,C01375,2025-09-14,Debit Card,Delivered
O002446,C01188,2025-10-04,Net Banking,Delivered
O002447,C00914,2025-06-30,Credit Card,Delivered
O002448,C00206,2024-01-27,UPI,Delivered
O002449,C01460,2025-04-10,Net Banking,Delivered
O002450,C00308,2024-09-05,Net Banking,Cancelled
O002451,C01538,2024-08-27,Credit Card,Cancelled
O002452,C01567,2025-01-25,Debit Card,Delivered
O002453,C01806,2025-06-18,Debit Card,Delivered
O002454,C01618,2024-04-05,Cash on Delivery,Delivered
O002455,C00660,2024-07-31,UPI,Cancelled
O002456,C01261,2025-10-20,Net Banking,Delivered
O002457,C01243,2025-07-02,Credit Card,Delivered
O002458,C00296,2025-03-21,Cash on Delivery,Cancelled
O002459,C01715,2025-01-06,Net Banking,Delivered
O002460,C01614,2025-05-05,Net Banking,Delivered
O002461,C00447,2025-10-05,Credit Card,Delivered
O002462,C00562,2024-06-16,UPI,Delivered
O002463,C01841,2025-01-19,Credit Card,Delivered
O002464,C01230,2024-08-14,Net Banking,Delivered
O002465,C01406,2025-06-30,Cash on Delivery,Delivered
O002466,C01322,2024-10-19,Debit Card,Delivered
O002467,C01461,2024-02-15,UPI,Delivered
O002468,C01171,2025-09-21,Credit Card,Delivered
O002469,C00042,2024-09-15,Net Banking,Delivered
O002470,C01484,2024-04-28,Net Banking,Delivered
O002471,C00184,2025-10-05,Net Banking,Delivered
O002472,C00714,2025-07-10,UPI,Delivered
O002473,C01867,2024-06-12,Cash on Delivery,Delivered
O002474,C00324,2025-10-20,UPI,Cancelled
O002475,C01321,2025-07-23,Credit Card,Cancelled
O002476,C01660,2025-12-26,Credit Card,Delivered
O002477,C00782,2025-09-21,Debit Card,Delivered
O002478,C01558,2024-06-23,Credit Card,Delivered
O002479,C01449,2025-06-28,Net Banking,Delivered
O002480,C01261,2025-07-25,Cash on Delivery,Delivered
O002481,C00513,2024-02-10,UPI,Cancelled
O002482,C01909,2025-12-18,Credit Card,Delivered
O002483,C00601,2025-11-03,Credit Card,Delivered
O002484,C00571,2025-08-25,Credit Card,Delivered
O002485,C00839,2024-05-19,Debit Card,Delivered
O002486,C01067,2025-10-27,UPI,Delivered
O002487,C01272,2025-01-13,UPI,Cancelled
O002488,C01341,2025-07-18,Cash on Delivery,Delivered
O002489,C00591,2024-10-31,Cash on Delivery,Delivered
O002490,C01930,2024-08-20,Credit Card,Delivered
O002491,C00484,2025-09-25,UPI,Delivered
O002492,C01235,2025-05-27,UPI,Delivered
O002493,C01583,2025-12-09,UPI,Delivered
O002494,C01094,2025-10-21,UPI,Delivered
O002495,C01134,2024-05-03,Debit Card,Delivered
O002496,C00313,2024-01-17,Debit Card,Delivered
O002497,C00504,2025-03-01,UPI,Delivered
O002498,C01752,2024-10-31,Credit Card,Delivered
O002499,C01052,2024-09-19,UPI,Cancelled
O002500,C01034,2024-11-24,UPI,Delivered
O002501,C00277,2025-06-10,UPI,Delivered
O002502,C00320,2025-01-02,Credit Card,Delivered
O002503,C01765,2024-09-27,Debit Card,Delivered
O002504,C01176,2025-08-11,Debit Card,Delivered
O002505,C00504,2024-10-30,Net Banking,Delivered
O002506,C01455,2024-10-30,UPI,Delivered
O002507,C00332,2024-02-25,Cash on Delivery,Delivered
O002508,C00138,2025-02-13,Cash on Delivery,Delivered
O002509,C00002,2025-07-18,Debit Card,Delivered
O002510,C01084,2024-08-07,Debit Card,Delivered
O002511,C01128,2024-08-07,Cash on Delivery,Delivered
O002512,C01821,2025-06-24,Cash on Delivery,Delivered
O002513,C01971,2025-12-17,Cash on Delivery,Delivered
O002514,C01611,2024-05-31,Cash on Delivery,Cancelled
O002515,C01472,2025-06-28,Net Banking,Delivered
O002516,C01540,2025-10-27,Debit Card,Cancelled
O002517,C01919,2025-03-01,Credit Card,Cancelled
O002518,C01758,2024-11-01,Credit Card,Delivered
O002519,C00424,2024-03-16,UPI,Delivered
O002520,C01725,2024-04-11,Debit Card,Delivered
O002521,C01238,2024-09-08,Net Banking,Delivered
O002522,C00770,2025-08-07,Credit Card,Delivered
O002523,C00645,2025-09-06,Credit Card,Delivered
O002524,C00442,2025-03-26,Net Banking,Delivered
O002525,C00922,2025-11-03,Cash on Delivery,Delivered
O002526,C01330,2025-09-17,Cash on Delivery,Delivered
O002527,C00501,2024-02-12,UPI,Delivered
O002528,C01851,2025-10-22,Net Banking,Delivered
O002529,C00997,2025-12-26,Credit Card,Delivered
O002530,C00761,2025-07-05,Cash on Delivery,Delivered
O002531,C00268,2024-08-24,Credit Card,Delivered
O002532,C00503,2024-12-21,Credit Card,Delivered
O002533,C00606,2025-05-23,Credit Card,Delivered
O002534,C00953,2024-05-07,Net Banking,Delivered
O002535,C00160,2025-03-24,Cash on Delivery,Delivered
O002536,C00727,2024-04-16,Cash on Delivery,Cancelled
O002537,C00978,2024-12-09,UPI,Delivered
O002538,C00139,2025-06-24,Credit Card,Delivered
O002539,C00636,2025-01-09,Cash on Delivery,Delivered
O002540,C00023,2024-08-14,UPI,Delivered
O002541,C01525,2025-11-27,Debit Card,Delivered
O002542,C00123,2024-04-22,UPI,Delivered
O002543,C01292,2024-06-11,Credit Card,Delivered
O002544,C00919,2024-06-18,Credit Card,Cancelled
O002545,C00943,2025-09-16,Debit Card,Cancelled
O002546,C00669,2025-08-04,UPI,Delivered
O002547,C01641,2024-05-31,Credit Card,Delivered
O002548,C01810,2025-07-25,Credit Card,Delivered
O002549,C00888,2025-05-20,Debit Card,Delivered
O002550,C01365,2024-01-08,Cash on Delivery,Cancelled
O002551,C01037,2024-10-08,UPI,Delivered
O002552,C01911,2025-07-17,Net Banking,Delivered
O002553,C01353,2025-10-26,Net Banking,Delivered
O002554,C00295,2025-03-23,UPI,Delivered
O002555,C00191,2024-03-20,Net Banking,Delivered
O002556,C00808,2025-06-10,UPI,Delivered
O002557,C00621,2025-09-02,UPI,Delivered
O002558,C00399,2025-10-28,Credit Card,Delivered
O002559,C00856,2024-04-24,Debit Card,Delivered
O002560,C00875,2024-10-19,Credit Card,Delivered
O002561,C01877,2024-11-27,Credit Card,Delivered
O002562,C00136,2025-06-11,Credit Card,Delivered
O002563,C00544,2025-10-15,Cash on Delivery,Delivered
O002564,C00449,2024-05-10,Net Banking,Delivered
O002565,C01895,2025-12-20,Net Banking,Delivered
O002566,C00164,2024-02-13,Net Banking,Delivered
O002567,C01264,2024-03-15,Debit Card,Delivered
O002568,C01743,2024-10-03,Credit Card,Delivered
O002569,C01182,2025-01-03,Debit Card,Delivered
O002570,C01294,2024-05-19,Debit Card,Cancelled
O002571,C00319,2024-02-10,Debit Card,Cancelled
O002572,C01066,2024-04-01,Net Banking,Cancelled
O002573,C01594,2025-02-04,Credit Card,Delivered
O002574,C01669,2025-05-19,UPI,Delivered
O002575,C00990,2024-09-19,Debit Card,Delivered
O002576,C01925,2025-04-05,Cash on Delivery,Delivered
O002577,C01022,2024-12-02,Net Banking,Delivered
O002578,C01950,2024-04-25,Cash on Delivery,Delivered
O002579,C01642,2025-05-01,Debit Card,Delivered
O002580,C01688,2025-07-15,Credit Card,Cancelled
O002581,C00458,2024-11-09,Credit Card,Delivered
O002582,C00951,2024-07-09,Cash on Delivery,Delivered
O002583,C01429,2024-01-27,Cash on Delivery,Cancelled
O002584,C00744,2024-04-02,Credit Card,Delivered
O002585,C00859,2024-07-06,Credit Card,Delivered
O002586,C00167,2024-11-04,UPI,Cancelled
O002587,C00986,2025-01-14,UPI,Delivered
O002588,C01897,2024-08-23,UPI,Delivered
O002589,C00832,2025-06-18,Net Banking,Delivered
O002590,C00849,2025-04-08,Debit Card,Delivered
O002591,C00684,2024-05-13,Debit Card,Delivered
O002592,C00631,2025-05-22,Credit Card,Delivered
O002593,C01901,2025-08-01,Net Banking,Cancelled
O002594,C00439,2024-10-18,Credit Card,Delivered
O002595,C00587,2025-08-25,Credit Card,Delivered
O002596,C00689,2025-06-21,Credit Card,Cancelled
O002597,C00670,2025-09-09,Debit Card,Delivered
O002598,C00207,2025-06-04,UPI,Delivered
O002599,C01631,2025-05-26,Cash on Delivery,Delivered
O002600,C01107,2024-03-10,Net Banking,Delivered
O002601,C01837,2025-08-27,UPI,Delivered
O002602,C00106,2024-12-26,UPI,Delivered
O002603,C00364,2025-11-02,UPI,Delivered
O002604,C00597,2025-09-27,Cash on Delivery,Delivered
O002605,C01391,2025-05-20,Debit Card,Delivered
O002606,C01365,2024-10-23,Cash on Delivery,Delivered
O002607,C00083,2024-08-01,Credit Card,Delivered
O002608,C00677,2025-05-06,UPI,Cancelled
O002609,C00169,2025-05-22,UPI,Cancelled
O002610,C00001,2024-12-11,Credit Card,Delivered
O002611,C01838,2024-10-12,Credit Card,Delivered
O002612,C00221,2024-01-10,Credit Card,Delivered
O002613,C01261,2024-04-03,Cash on Delivery,Delivered
O002614,C01704,2024-03-31,Cash on Delivery,Delivered
O002615,C00284,2024-03-05,UPI,Cancelled
O002616,C01746,2024-04-04,Debit Card,Delivered
O002617,C01318,2025-01-14,Cash on Delivery,Delivered
O002618,C01017,2025-05-13,Cash on Delivery,Delivered
O002619,C01412,2025-06-03,Debit Card,Delivered
O002620,C00806,2025-12-06,Net Banking,Delivered
O002621,C01424,2025-01-30,Debit Card,Delivered
O002622,C00735,2024-06-23,Cash on Delivery,Delivered
O002623,C00602,2024-01-18,Net Banking,Delivered
O002624,C00857,2025-03-31,Cash on Delivery,Delivered
O002625,C01627,2025-03-21,Debit Card,Delivered
O002626,C00432,2025-03-20,Credit Card,Delivered
O002627,C00305,2025-01-07,Cash on Delivery,Delivered
O002628,C00163,2024-07-31,UPI,Cancelled
O002629,C01793,2025-06-22,UPI,Delivered
O002630,C00221,2025-08-01,Cash on Delivery,Delivered
O002631,C00306,2024-03-14,UPI,Delivered
O002632,C01578,2025-09-08,Debit Card,Delivered
O002633,C01187,2025-04-05,UPI,Delivered
O002634,C00892,2024-05-20,Credit Card,Cancelled
O002635,C01494,2024-10-25,Cash on Delivery,Delivered
O002636,C01920,2025-01-11,Credit Card,Delivered
O002637,C01344,2025-05-15,UPI,Delivered
O002638,C00321,2025-06-29,Net Banking,Delivered
O002639,C00707,2024-12-02,UPI,Delivered
O002640,C01723,2024-08-19,Cash on Delivery,Delivered
O002641,C00798,2025-03-19,UPI,Delivered
O002642,C00950,2024-04-07,Net Banking,Delivered
O002643,C00921,2024-03-18,Credit Card,Delivered
O002644,C01527,2024-09-09,Net Banking,Delivered
O002645,C01963,2024-02-19,Cash on Delivery,Cancelled
O002646,C01778,2025-07-08,Net Banking,Delivered
O002647,C01781,2025-12-06,Credit Card,Delivered
O002648,C00852,2025-10-31,UPI,Delivered
O002649,C01794,2025-09-09,Cash on Delivery,Delivered
O002650,C00087,2025-02-21,Credit Card,Delivered
O002651,C01051,2024-05-23,Cash on Delivery,Delivered
O002652,C01961,2024-11-10,Debit Card,Delivered
O002653,C01477,2025-09-23,Credit Card,Delivered
O002654,C00079,2025-06-28,UPI,Delivered
O002655,C01457,2024-01-16,Credit Card,Cancelled
O002656,C00764,2024-11-01,UPI,Delivered
O002657,C00989,2025-03-07,Cash on Delivery,Delivered
O002658,C00433,2025-09-26,UPI,Cancelled
O002659,C00561,2025-02-20,Cash on Delivery,Delivered
O002660,C01822,2025-08-31,Debit Card,Cancelled
O002661,C01255,2025-09-22,Cash on Delivery,Delivered
O002662,C00891,2025-02-15,Debit Card,Delivered
O002663,C00932,2025-01-14,Cash on Delivery,Cancelled
O002664,C01121,2024-02-19,UPI,Delivered
O002665,C00092,2025-02-07,Debit Card,Delivered
O002666,C00037,2025-10-12,Net Banking,Cancelled
O002667,C01285,2025-03-30,Cash on Delivery,Delivered
O002668,C00972,2025-02-22,Net Banking,Delivered
O002669,C01873,2025-07-08,Cash on Delivery,Cancelled
O002670,C00473,2025-09-28,Net Banking,Cancelled
O002671,C00457,2025-09-05,Credit Card,Delivered
O002672,C01826,2025-05-21,UPI,Delivered
O002673,C01369,2024-04-06,Cash on Delivery,Delivered
O002674,C00809,2025-08-08,Credit Card,Cancelled
O002675,C00470,2025-08-07,UPI,Delivered
O002676,C00490,2024-06-10,Credit Card,Delivered
O002677,C00098,2025-05-26,Cash on Delivery,Delivered
O002678,C01097,2025-11-28,Cash on Delivery,Delivered
O002679,C00034,2024-04-01,Debit Card,Delivered
O002680,C01575,2024-05-20,Cash on Delivery,Delivered
O002681,C01018,2025-10-31,Cash on Delivery,Delivered
O002682,C01094,2025-04-10,Cash on Delivery,Delivered
O002683,C01597,2025-06-23,UPI,Delivered
O002684,C01896,2024-05-19,Cash on Delivery,Cancelled
O002685,C01487,2024-01-05,Credit Card,Cancelled
O002686,C01344,2025-03-06,Credit Card,Delivered
O002687,C01404,2024-12-13,Net Banking,Delivered
O002688,C00674,2025-09-13,Credit Card,Delivered
O002689,C00043,2024-09-01,UPI,Delivered
O002690,C00347,2024-04-05,Debit Card,Delivered
O002691,C00852,2024-01-31,Credit Card,Delivered
O002692,C00418,2024-04-10,Cash on Delivery,Delivered
O002693,C00200,2025-03-22,Debit Card,Delivered
O002694,C00634,2024-06-09,Cash on Delivery,Cancelled
O002695,C01309,2025-05-21,UPI,Delivered
O002696,C01789,2024-05-05,UPI,Delivered
O002697,C01953,2024-03-09,Credit Card,Delivered
O002698,C01595,2025-03-12,Cash on Delivery,Delivered
O002699,C01977,2024-07-18,UPI,Delivered
O002700,C00692,2025-10-23,UPI,Cancelled
O002701,C01569,2025-08-07,Cash on Delivery,Delivered
O002702,C01047,2024-01-28,UPI,Delivered
O002703,C01369,2024-03-06,Cash on Delivery,Delivered
O002704,C01609,2024-04-06,UPI,Delivered
O002705,C01616,2025-01-28,UPI,Delivered
O002706,C00362,2024-08-19,Net Banking,Delivered
O002707,C01117,2024-10-09,Cash on Delivery,Delivered
O002708,C01866,2025-02-26,Cash on Delivery,Delivered
O002709,C00130,2024-05-13,UPI,Delivered
O002710,C00329,2024-11-24,Cash on Delivery,Cancelled
O002711,C00398,2025-05-26,Net Banking,Delivered
O002712,C00062,2024-01-01,Credit Card,Delivered
O002713,C01624,2024-07-11,Net Banking,Delivered
O002714,C01654,2024-08-21,Cash on Delivery,Delivered
O002715,C00435,2024-02-05,Credit Card,Delivered
O002716,C01272,2025-02-07,Net Banking,Cancelled
O002717,C01532,2025-12-03,Net Banking,Delivered
O002718,C01710,2025-08-31,Net Banking,Cancelled
O002719,C01579,2024-08-15,Net Banking,Delivered
O002720,C00660,2025-05-26,Net Banking,Delivered
O002721,C01844,2025-02-18,UPI,Delivered
O002722,C00928,2024-12-11,UPI,Cancelled
O002723,C00728,2024-04-18,UPI,Delivered
O002724,C01329,2025-03-24,Debit Card,Delivered
O002725,C01536,2025-01-15,Cash on Delivery,Delivered
O002726,C01766,2025-06-23,Credit Card,Delivered
O002727,C01727,2024-08-31,UPI,Cancelled
O002728,C01150,2025-02-09,UPI,Cancelled
O002729,C00279,2025-12-08,Net Banking,Delivered
O002730,C01134,2024-09-30,Cash on Delivery,Delivered
O002731,C00246,2025-04-15,Net Banking,Delivered
O002732,C01611,2025-02-22,Debit Card,Delivered
O002733,C00640,2025-01-31,Debit Card,Delivered
O002734,C00601,2024-06-11,UPI,Delivered
O002735,C00113,2025-06-18,Debit Card,Delivered
O002736,C01426,2024-03-17,Debit Card,Delivered
O002737,C00314,2025-05-29,Debit Card,Delivered
O002738,C01741,2025-09-28,Credit Card,Delivered
O002739,C01998,2024-02-04,Cash on Delivery,Delivered
O002740,C00154,2024-07-03,Net Banking,Delivered
O002741,C01513,2024-01-29,Debit Card,Delivered
O002742,C00047,2024-05-26,UPI,Delivered
O002743,C00672,2024-04-20,Credit Card,Delivered
O002744,C01781,2024-08-20,Credit Card,Cancelled
O002745,C01235,2025-10-26,Cash on Delivery,Delivered
O002746,C00743,2025-10-08,UPI,Delivered
O002747,C01573,2024-06-16,UPI,Delivered
O002748,C00375,2024-04-14,Credit Card,Cancelled
O002749,C01640,2025-04-12,UPI,Delivered
O002750,C00567,2025-03-04,Debit Card,Cancelled
O002751,C01546,2024-06-16,Cash on Delivery,Delivered
O002752,C01663,2025-04-04,Debit Card,Cancelled
O002753,C01783,2024-10-05,Debit Card,Delivered
O002754,C01857,2024-08-03,Cash on Delivery,Delivered
O002755,C00206,2024-04-09,Net Banking,Delivered
O002756,C00639,2025-07-20,Net Banking,Delivered
O002757,C01348,2025-04-28,UPI,Delivered
O002758,C00281,2024-11-23,UPI,Cancelled
O002759,C00009,2024-02-27,UPI,Delivered
O002760,C00088,2025-03-03,Credit Card,Delivered
O002761,C00832,2024-07-17,Credit Card,Delivered
O002762,C00326,2024-07-21,Debit Card,Cancelled
O002763,C01834,2024-10-23,Cash on Delivery,Delivered
O002764,C00685,2025-05-19,Credit Card,Delivered
O002765,C01329,2025-12-02,Cash on Delivery,Delivered
O002766,C01292,2024-05-06,Net Banking,Delivered
O002767,C00448,2024-11-06,Cash on Delivery,Delivered
O002768,C00347,2024-12-20,Cash on Delivery,Delivered
O002769,C00836,2024-03-05,UPI,Cancelled
O002770,C01793,2024-07-16,Debit Card,Cancelled
O002771,C01628,2025-06-09,Credit Card,Delivered
O002772,C01122,2024-11-26,Credit Card,Delivered
O002773,C00433,2025-06-23,Debit Card,Delivered
O002774,C00395,2024-04-21,Cash on Delivery,Delivered
O002775,C00706,2025-02-20,Credit Card,Delivered
O002776,C01995,2024-06-07,Debit Card,Cancelled
O002777,C00590,2024-02-24,UPI,Cancelled
O002778,C01754,2025-05-04,UPI,Delivered
O002779,C00523,2025-07-23,Cash on Delivery,Delivered
O002780,C00003,2024-07-28,Cash on Delivery,Delivered
O002781,C01210,2025-05-06,Credit Card,Delivered
O002782,C01416,2025-06-25,Credit Card,Cancelled
O002783,C00378,2025-05-16,Cash on Delivery,Cancelled
O002784,C00246,2024-05-29,Cash on Delivery,Delivered
O002785,C00272,2025-07-08,UPI,Delivered
O002786,C00512,2024-10-16,Cash on Delivery,Delivered
O002787,C01401,2025-03-13,Credit Card,Delivered
O002788,C00567,2025-05-25,UPI,Cancelled
O002789,C00006,2025-05-18,Credit Card,Delivered
O002790,C01700,2025-09-29,UPI,Delivered
O002791,C00220,2025-02-01,Debit Card,Delivered
O002792,C00916,2025-04-14,Credit Card,Delivered
O002793,C01484,2024-05-07,UPI,Delivered
O002794,C00666,2024-11-21,Net Banking,Delivered
O002795,C01351,2025-09-30,Cash on Delivery,Delivered
O002796,C00909,2024-04-29,Net Banking,Delivered
O002797,C00424,2024-09-02,Credit Card,Delivered
O002798,C01782,2025-09-03,Net Banking,Delivered
O002799,C01004,2024-12-02,Net Banking,Delivered
O002800,C00896,2024-10-21,UPI,Delivered
O002801,C00007,2024-01-21,Credit Card,Delivered
O002802,C00126,2025-04-13,Cash on Delivery,Delivered
O002803,C01533,2024-07-11,Net Banking,Cancelled
O002804,C00593,2024-03-01,Credit Card,Delivered
O002805,C00227,2024-07-28,Debit Card,Delivered
O002806,C00581,2024-04-06,Debit Card,Delivered
O002807,C00873,2025-02-16,UPI,Delivered
O002808,C01610,2024-03-26,Cash on Delivery,Delivered
O002809,C01202,2025-06-15,Net Banking,Delivered
O002810,C00621,2025-03-01,Credit Card,Delivered
O002811,C00412,2024-11-11,Debit Card,Delivered
O002812,C01974,2024-02-21,Credit Card,Delivered
O002813,C00984,2024-09-12,Credit Card,Delivered
O002814,C00036,2025-05-12,Debit Card,Delivered
O002815,C00788,2024-03-10,Credit Card,Cancelled
O002816,C01044,2024-10-08,Credit Card,Delivered
O002817,C00549,2025-12-07,Debit Card,Cancelled
O002818,C00522,2024-09-16,Net Banking,Delivered
O002819,C01766,2025-08-27,Debit Card,Delivered
O002820,C01529,2024-07-31,Net Banking,Delivered
O002821,C00129,2024-04-23,Cash on Delivery,Delivered
O002822,C00495,2025-11-05,Cash on Delivery,Delivered
O002823,C01659,2025-09-11,Credit Card,Cancelled
O002824,C01753,2024-06-24,Debit Card,Cancelled
O002825,C01888,2024-07-31,UPI,Delivered
O002826,C01083,2024-01-08,UPI,Delivered
O002827,C01964,2024-03-17,UPI,Delivered
O002828,C01574,2024-10-19,Cash on Delivery,Delivered
O002829,C01164,2024-06-21,Debit Card,Delivered
O002830,C00986,2024-10-21,Credit Card,Delivered
O002831,C00223,2024-03-22,Debit Card,Delivered
O002832,C00515,2025-08-30,Net Banking,Delivered
O002833,C01201,2025-12-19,Credit Card,Delivered
O002834,C01372,2024-04-05,Cash on Delivery,Cancelled
O002835,C01156,2024-05-16,Credit Card,Delivered
O002836,C00967,2025-02-12,Cash on Delivery,Delivered
O002837,C01824,2025-07-19,Credit Card,Delivered
O002838,C00094,2025-11-11,Cash on Delivery,Delivered
O002839,C00966,2024-08-26,Credit Card,Cancelled
O002840,C00683,2025-04-02,Net Banking,Delivered
O002841,C00883,2025-09-29,Cash on Delivery,Delivered
O002842,C01413,2025-09-18,UPI,Delivered
O002843,C01158,2025-01-15,Credit Card,Delivered
O002844,C00842,2024-03-15,Cash on Delivery,Delivered
O002845,C00957,2025-02-14,Net Banking,Cancelled
O002846,C01513,2024-09-27,UPI,Delivered
O002847,C01395,2025-06-28,Cash on Delivery,Delivered
O002848,C01472,2025-03-20,UPI,Delivered
O002849,C00448,2025-11-03,Credit Card,Delivered
O002850,C00526,2024-08-07,UPI,Cancelled
O002851,C00838,2025-03-04,UPI,Delivered
O002852,C01317,2024-07-29,Debit Card,Delivered
O002853,C01830,2025-04-16,UPI,Delivered
O002854,C01892,2024-03-17,Credit Card,Cancelled
O002855,C00244,2025-11-27,UPI,Delivered
O002856,C01621,2024-02-07,Cash on Delivery,Cancelled
O002857,C01529,2024-05-12,Credit Card,Delivered
O002858,C00975,2024-09-03,Debit Card,Cancelled
O002859,C00343,2025-08-06,Debit Card,Delivered
O002860,C01897,2024-10-29,Net Banking,Delivered
O002861,C01630,2024-05-20,Net Banking,Delivered
O002862,C00205,2024-09-25,UPI,Cancelled
O002863,C00470,2025-09-18,Cash on Delivery,Delivered
O002864,C00001,2025-07-29,Net Banking,Delivered
O002865,C01915,2025-06-10,Debit Card,Delivered
O002866,C01140,2025-09-04,Debit Card,Delivered
O002867,C01514,2025-02-16,UPI,Cancelled
O002868,C00044,2025-03-04,Debit Card,Delivered
O002869,C00353,2025-04-06,Credit Card,Delivered
O002870,C01511,2025-11-16,UPI,Delivered
O002871,C00402,2025-10-21,Cash on Delivery,Delivered
O002872,C00272,2024-11-08,Debit Card,Delivered
O002873,C00126,2025-01-05,Net Banking,Delivered
O002874,C01267,2025-04-05,Credit Card,Delivered
O002875,C00242,2024-04-09,Cash on Delivery,Delivered
O002876,C00751,2024-07-20,Debit Card,Delivered
O002877,C01710,2024-01-08,Net Banking,Delivered
O002878,C01409,2025-06-17,UPI,Delivered
O002879,C00971,2025-02-02,Credit Card,Delivered
O002880,C00768,2025-07-07,UPI,Delivered
O002881,C01402,2024-04-30,Net Banking,Delivered
O002882,C00174,2025-05-25,Credit Card,Delivered
O002883,C00150,2024-04-08,Credit Card,Delivered
O002884,C00223,2024-04-20,Net Banking,Delivered
O002885,C01433,2024-10-21,Credit Card,Delivered
O002886,C01462,2025-03-16,Debit Card,Cancelled
O002887,C01811,2025-07-25,Cash on Delivery,Cancelled
O002888,C01842,2024-07-26,Cash on Delivery,Delivered
O002889,C01816,2024-02-11,Debit Card,Cancelled
O002890,C01092,2025-12-14,Cash on Delivery,Delivered
O002891,C01954,2025-07-17,Credit Card,Delivered
O002892,C01252,2025-05-11,Net Banking,Delivered
O002893,C00647,2024-10-14,UPI,Delivered
O002894,C01897,2025-07-03,UPI,Delivered
O002895,C00832,2025-08-26,Credit Card,Cancelled
O002896,C00953,2024-07-12,UPI,Cancelled
O002897,C00237,2025-06-10,Credit Card,Delivered
O002898,C00471,2025-04-17,Cash on Delivery,Delivered
O002899,C01148,2024-11-20,Net Banking,Delivered
O002900,C01863,2025-07-02,Cash on Delivery,Delivered
O002901,C00109,2024-12-21,Cash on Delivery,Delivered
O002902,C01104,2024-05-22,Credit Card,Delivered
O002903,C00493,2024-12-06,Cash on Delivery,Cancelled
O002904,C01758,2024-10-01,Debit Card,Delivered
O002905,C00495,2025-09-12,Debit Card,Delivered
O002906,C00695,2024-12-30,Debit Card,Delivered
O002907,C00532,2025-01-25,Debit Card,Delivered
O002908,C01125,2024-08-10,UPI,Delivered
O002909,C00091,2024-08-02,Credit Card,Delivered
O002910,C00287,2024-11-28,Cash on Delivery,Delivered
O002911,C01432,2025-02-08,UPI,Cancelled
O002912,C00303,2025-07-12,Cash on Delivery,Delivered
O002913,C00147,2025-11-15,Net Banking,Cancelled
O002914,C00165,2025-12-18,Debit Card,Delivered
O002915,C00338,2025-09-24,Debit Card,Delivered
O002916,C00062,2024-06-26,UPI,Delivered
O002917,C01598,2024-08-25,UPI,Delivered
O002918,C01768,2025-05-08,Net Banking,Delivered
O002919,C00172,2025-10-28,Debit Card,Delivered
O002920,C01552,2024-03-08,Cash on Delivery,Delivered
O002921,C00170,2024-08-25,Credit Card,Delivered
O002922,C01952,2024-11-11,Cash on Delivery,Delivered
O002923,C01605,2025-08-21,Cash on Delivery,Delivered
O002924,C00118,2024-08-30,Cash on Delivery,Cancelled
O002925,C00053,2025-10-18,Credit Card,Delivered
O002926,C00641,2024-03-11,Credit Card,Delivered
O002927,C01628,2025-05-07,Cash on Delivery,Delivered
O002928,C01542,2024-03-02,Debit Card,Delivered
O002929,C00327,2024-02-29,UPI,Delivered
O002930,C01230,2025-07-20,Cash on Delivery,Cancelled
O002931,C00977,2024-07-05,Credit Card,Cancelled
O002932,C01865,2024-03-13,UPI,Delivered
O002933,C00360,2024-05-08,Net Banking,Delivered
O002934,C01027,2025-03-22,Cash on Delivery,Delivered
O002935,C00644,2024-02-14,Credit Card,Delivered
O002936,C01039,2024-03-06,Credit Card,Delivered
O002937,C00091,2025-07-31,Debit Card,Delivered
O002938,C01356,2024-08-10,Credit Card,Delivered
O002939,C00774,2025-03-06,UPI,Delivered
O002940,C00182,2025-12-23,Credit Card,Cancelled
O002941,C00564,2025-01-17,Cash on Delivery,Delivered
O002942,C00830,2025-09-19,Credit Card,Delivered
O002943,C00483,2025-11-10,Net Banking,Delivered
O002944,C01634,2024-01-09,Debit Card,Cancelled
O002945,C00467,2024-11-25,Cash on Delivery,Delivered
O002946,C01355,2025-06-09,UPI,Delivered
O002947,C00636,2025-01-30,Credit Card,Cancelled
O002948,C00769,2025-12-25,UPI,Cancelled
O002949,C01463,2025-07-21,UPI,Delivered
O002950,C00109,2024-04-15,Net Banking,Delivered
O002951,C00493,2025-01-07,Credit Card,Cancelled
O002952,C01144,2025-01-21,Net Banking,Cancelled
O002953,C00728,2025-02-04,Debit Card,Delivered
O002954,C01582,2025-06-16,Net Banking,Cancelled
O002955,C00379,2025-06-09,Credit Card,Delivered
O002956,C00125,2025-11-20,Debit Card,Delivered
O002957,C01901,2025-02-17,UPI,Delivered
O002958,C00518,2025-06-26,Cash on Delivery,Delivered
O002959,C01824,2024-04-06,Cash on Delivery,Cancelled
O002960,C01513,2024-11-10,UPI,Delivered
O002961,C01282,2024-01-11,Debit Card,Delivered
O002962,C01122,2025-04-23,Net Banking,Delivered
O002963,C01804,2024-05-27,Credit Card,Cancelled
O002964,C00398,2025-12-08,Net Banking,Delivered
O002965,C01083,2025-10-07,UPI,Delivered
O002966,C00549,2025-08-02,Credit Card,Delivered
O002967,C01379,2024-01-06,UPI,Delivered
O002968,C01427,2025-07-08,Net Banking,Cancelled
O002969,C01389,2024-11-26,Debit Card,Delivered
O002970,C01069,2025-06-29,Cash on Delivery,Delivered
O002971,C00835,2025-02-19,UPI,Delivered
O002972,C00498,2025-08-05,Net Banking,Delivered
O002973,C00755,2024-09-25,Cash on Delivery,Delivered
O002974,C00439,2024-07-08,UPI,Delivered
O002975,C00169,2025-07-27,Net Banking,Delivered
O002976,C01684,2025-05-28,Net Banking,Delivered
O002977,C01937,2025-12-15,Net Banking,Delivered
O002978,C00727,2025-10-01,Cash on Delivery,Delivered
O002979,C01552,2025-11-14,Debit Card,Delivered
O002980,C00383,2025-02-14,Net Banking,Delivered
O002981,C01477,2025-06-15,Debit Card,Delivered
O002982,C01114,2025-04-18,Debit Card,Delivered
O002983,C00393,2024-02-02,Cash on Delivery,Delivered
O002984,C01370,2025-04-16,UPI,Delivered
O002985,C00773,2024-12-14,Credit Card,Delivered
O002986,C01768,2024-05-10,Credit Card,Cancelled
O002987,C01967,2025-06-07,Cash on Delivery,Cancelled
O002988,C01877,2025-12-23,UPI,Delivered
O002989,C01497,2025-11-16,UPI,Delivered
O002990,C01139,2025-08-16,Net Banking,Cancelled
O002991,C00366,2025-02-10,Debit Card,Delivered
O002992,C01486,2025-12-03,Credit Card,Delivered
O002993,C01250,2024-06-23,UPI,Delivered
O002994,C00077,2024-05-15,UPI,Delivered
O002995,C01747,2024-02-28,Credit Card,Delivered
O002996,C01877,2024-10-12,Credit Card,Delivered
O002997,C01987,2025-10-13,Debit Card,Delivered
O002998,C01697,2024-04-13,Cash on Delivery,Delivered
O002999,C01203,2025-02-02,Debit Card,Delivered
O003000,C00809,2024-10-01,Debit Card,Delivered
O003001,C01651,2024-02-09,UPI,Delivered
O003002,C01457,2024-11-24,Credit Card,Cancelled
O003003,C00956,2025-01-19,Debit Card,Delivered
O003004,C01115,2024-10-21,UPI,Cancelled
O003005,C01999,2024-05-12,Credit Card,Delivered
O003006,C01216,2024-10-16,UPI,Delivered
O003007,C01009,2024-03-28,Credit Card,Delivered
O003008,C00830,2024-09-19,Debit Card,Delivered
O003009,C00081,2025-12-10,Net Banking,Delivered
O003010,C01482,2025-06-11,UPI,Delivered
O003011,C01881,2024-07-12,Cash on Delivery,Cancelled
O003012,C01018,2025-10-08,Debit Card,Delivered
O003013,C00196,2025-02-22,Debit Card,Cancelled
O003014,C01758,2025-10-22,Credit Card,Cancelled
O003015,C01476,2025-08-18,Cash on Delivery,Delivered
O003016,C00022,2025-10-28,Credit Card,Delivered
O003017,C01681,2024-04-01,UPI,Delivered
O003018,C01201,2024-08-13,UPI,Delivered
O003019,C01595,2024-08-20,Credit Card,Cancelled
O003020,C00262,2025-01-10,Cash on Delivery,Cancelled
O003021,C01894,2024-08-16,UPI,Delivered
O003022,C01410,2024-07-24,Credit Card,Delivered
O003023,C01305,2024-06-14,Cash on Delivery,Delivered
O003024,C01494,2024-01-02,Debit Card,Cancelled
O003025,C00246,2025-07-27,Cash on Delivery,Delivered
O003026,C01878,2025-05-05,UPI,Cancelled
O003027,C01393,2025-03-17,Credit Card,Delivered
O003028,C00754,2024-11-01,Cash on Delivery,Delivered
O003029,C00275,2024-06-17,UPI,Delivered
O003030,C00638,2025-12-17,Cash on Delivery,Delivered
O003031,C01656,2024-08-24,UPI,Cancelled
O003032,C01310,2025-12-22,Cash on Delivery,Delivered
O003033,C00223,2025-12-25,Cash on Delivery,Delivered
O003034,C00463,2025-05-14,Credit Card,Delivered
O003035,C01086,2025-02-04,Credit Card,Delivered
O003036,C01202,2025-10-03,Credit Card,Delivered
O003037,C00399,2025-11-24,UPI,Delivered
O003038,C01929,2024-01-28,Credit Card,Cancelled
O003039,C01233,2025-12-27,Cash on Delivery,Delivered
O003040,C00151,2024-12-25,UPI,Delivered
O003041,C00687,2025-11-24,Debit Card,Delivered
O003042,C00158,2025-04-24,UPI,Delivered
O003043,C01425,2025-10-20,Cash on Delivery,Delivered
O003044,C00267,2025-01-14,Cash on Delivery,Cancelled
O003045,C00835,2024-02-14,Cash on Delivery,Delivered
O003046,C01699,2024-10-03,Debit Card,Delivered
O003047,C01594,2024-01-05,Debit Card,Delivered
O003048,C01009,2025-04-23,Net Banking,Delivered
O003049,C00892,2024-12-23,Cash on Delivery,Delivered
O003050,C01064,2024-09-12,Net Banking,Delivered
O003051,C01529,2024-08-19,Credit Card,Delivered
O003052,C01599,2024-10-01,Cash on Delivery,Delivered
O003053,C01934,2024-03-24,Credit Card,Delivered
O003054,C01066,2024-01-05,Cash on Delivery,Delivered
O003055,C00800,2024-09-28,Credit Card,Cancelled
O003056,C00182,2025-11-22,Cash on Delivery,Delivered
O003057,C00792,2025-07-15,Credit Card,Delivered
O003058,C00149,2024-05-24,Debit Card,Delivered
O003059,C00205,2024-11-08,Cash on Delivery,Delivered
O003060,C00521,2024-10-02,Debit Card,Delivered
O003061,C00107,2024-01-07,Net Banking,Cancelled
O003062,C01127,2024-03-19,UPI,Cancelled
O003063,C00223,2024-11-30,Net Banking,Delivered
O003064,C00870,2025-01-17,Cash on Delivery,Delivered
O003065,C01273,2024-06-02,UPI,Cancelled
O003066,C01703,2024-03-06,Credit Card,Delivered
O003067,C00238,2025-02-14,Credit Card,Delivered
O003068,C01836,2025-02-03,Cash on Delivery,Delivered
O003069,C01626,2025-11-28,Debit Card,Delivered
O003070,C01598,2024-04-29,Credit Card,Delivered
O003071,C00612,2024-11-15,Credit Card,Delivered
O003072,C01768,2024-04-06,Debit Card,Cancelled
O003073,C01509,2025-12-10,Cash on Delivery,Delivered
O003074,C00835,2025-01-13,UPI,Delivered
O003075,C01322,2024-01-06,Credit Card,Delivered
O003076,C00110,2024-04-30,UPI,Delivered
O003077,C00925,2025-08-20,UPI,Cancelled
O003078,C01684,2025-05-25,UPI,Cancelled
O003079,C00755,2024-07-13,Cash on Delivery,Cancelled
O003080,C01450,2024-06-24,UPI,Delivered
O003081,C00586,2024-12-31,Cash on Delivery,Delivered
O003082,C01915,2024-11-03,UPI,Delivered
O003083,C00523,2024-10-17,Cash on Delivery,Delivered
O003084,C00826,2024-08-20,Cash on Delivery,Cancelled
O003085,C01278,2024-10-10,Net Banking,Cancelled
O003086,C01173,2024-11-28,Net Banking,Delivered
O003087,C01701,2025-11-23,Credit Card,Cancelled
O003088,C01556,2024-05-21,Cash on Delivery,Delivered
O003089,C00184,2025-02-20,Cash on Delivery,Delivered
O003090,C00298,2025-09-22,Debit Card,Delivered
O003091,C01187,2024-07-28,Credit Card,Cancelled
O003092,C00509,2024-03-25,UPI,Cancelled
O003093,C00211,2024-12-06,UPI,Cancelled
O003094,C01818,2025-05-24,UPI,Cancelled
O003095,C01623,2025-10-13,Credit Card,Delivered
O003096,C01824,2024-12-07,Credit Card,Delivered
O003097,C00379,2024-05-05,Credit Card,Delivered
O003098,C01599,2024-04-18,UPI,Delivered
O003099,C00828,2024-10-01,Credit Card,Delivered
O003100,C00836,2025-08-03,Cash on Delivery,Delivered
O003101,C01143,2024-12-03,Net Banking,Delivered
O003102,C00816,2024-01-05,UPI,Delivered
O003103,C01565,2024-10-06,Net Banking,Delivered
O003104,C01315,2025-11-17,Credit Card,Delivered
O003105,C00634,2025-11-07,Cash on Delivery,Delivered
O003106,C01065,2025-07-04,Cash on Delivery,Delivered
O003107,C00668,2024-06-03,Cash on Delivery,Delivered
O003108,C01332,2024-03-26,UPI,Cancelled
O003109,C00284,2024-05-27,Net Banking,Cancelled
O003110,C01551,2024-08-09,UPI,Delivered
O003111,C01696,2024-02-01,UPI,Delivered
O003112,C01967,2024-04-13,Net Banking,Delivered
O003113,C00292,2024-11-02,Cash on Delivery,Cancelled
O003114,C01250,2024-11-23,Net Banking,Delivered
O003115,C00062,2025-07-31,Credit Card,Delivered
O003116,C00832,2024-09-14,Credit Card,Delivered
O003117,C01116,2025-11-30,Credit Card,Delivered
O003118,C01354,2024-01-25,UPI,Cancelled
O003119,C00784,2024-05-04,Credit Card,Delivered
O003120,C00834,2025-06-01,Debit Card,Delivered
O003121,C00031,2024-06-03,Cash on Delivery,Delivered
O003122,C01657,2025-01-07,Credit Card,Delivered
O003123,C01570,2025-05-31,Credit Card,Cancelled
O003124,C00643,2024-07-25,Cash on Delivery,Delivered
O003125,C01892,2024-04-02,UPI,Delivered
O003126,C01728,2024-11-23,Credit Card,Delivered
O003127,C00817,2025-01-14,Cash on Delivery,Delivered
O003128,C00493,2025-03-03,Debit Card,Delivered
O003129,C01741,2025-01-19,Debit Card,Delivered
O003130,C01751,2025-09-13,UPI,Delivered
O003131,C00980,2025-06-13,Credit Card,Delivered
O003132,C00014,2025-07-08,Net Banking,Cancelled
O003133,C00890,2024-04-08,Debit Card,Delivered
O003134,C00129,2024-09-09,UPI,Delivered
O003135,C01708,2025-08-06,Cash on Delivery,Delivered
O003136,C01032,2025-08-16,Credit Card,Delivered
O003137,C00167,2025-08-29,Net Banking,Cancelled
O003138,C00686,2025-11-15,UPI,Delivered
O003139,C01937,2024-11-06,UPI,Delivered
O003140,C01081,2025-01-24,UPI,Cancelled
O003141,C01328,2025-07-17,UPI,Delivered
O003142,C01290,2025-12-18,Cash on Delivery,Delivered
O003143,C01757,2025-07-30,Cash on Delivery,Delivered
O003144,C00929,2025-10-16,Net Banking,Delivered
O003145,C01768,2025-10-03,Debit Card,Delivered
O003146,C01786,2024-10-29,Cash on Delivery,Delivered
O003147,C01315,2024-04-12,Credit Card,Delivered
O003148,C00104,2024-03-26,Debit Card,Delivered
O003149,C01306,2024-03-24,Debit Card,Delivered
O003150,C00035,2025-09-07,Cash on Delivery,Delivered
O003151,C00907,2024-01-17,Debit Card,Delivered
O003152,C00333,2024-04-07,UPI,Delivered
O003153,C01814,2024-04-30,UPI,Delivered
O003154,C01563,2024-09-24,Net Banking,Delivered
O003155,C01222,2025-01-23,Credit Card,Delivered
O003156,C00040,2024-01-11,Cash on Delivery,Delivered
O003157,C01528,2025-08-19,Cash on Delivery,Delivered
O003158,C01890,2025-06-15,Net Banking,Delivered
O003159,C00330,2024-07-02,Credit Card,Cancelled
O003160,C00137,2024-02-10,Debit Card,Delivered
O003161,C00814,2025-06-10,Net Banking,Cancelled
O003162,C00539,2025-10-06,UPI,Delivered
O003163,C00407,2024-09-22,Credit Card,Delivered
O003164,C00183,2024-11-29,Credit Card,Delivered
O003165,C00733,2025-04-08,Credit Card,Delivered
O003166,C00707,2025-07-26,Cash on Delivery,Delivered
O003167,C00223,2024-01-07,Net Banking,Cancelled
O003168,C01899,2024-12-03,UPI,Delivered
O003169,C00420,2025-01-07,Cash on Delivery,Delivered
O003170,C01389,2024-08-12,UPI,Delivered
O003171,C01235,2024-08-07,Credit Card,Delivered
O003172,C00778,2025-01-12,UPI,Delivered
O003173,C00488,2024-03-05,Cash on Delivery,Delivered
O003174,C00272,2025-08-14,Net Banking,Delivered
O003175,C01119,2024-11-29,Cash on Delivery,Delivered
O003176,C00771,2024-07-11,UPI,Delivered
O003177,C00447,2025-04-24,Credit Card,Cancelled
O003178,C00608,2024-04-28,Debit Card,Delivered
O003179,C01214,2025-07-20,UPI,Delivered
O003180,C01771,2025-02-01,Debit Card,Delivered
O003181,C00289,2024-05-25,Net Banking,Delivered
O003182,C01046,2024-07-12,UPI,Delivered
O003183,C00884,2024-08-06,Debit Card,Delivered
O003184,C00109,2025-08-18,Credit Card,Delivered
O003185,C00420,2024-03-30,Net Banking,Delivered
O003186,C00816,2025-11-02,Net Banking,Cancelled
O003187,C00222,2024-07-23,Credit Card,Delivered
O003188,C01518,2025-06-28,Net Banking,Cancelled
O003189,C00349,2024-07-11,Cash on Delivery,Delivered
O003190,C00029,2025-06-01,Credit Card,Delivered
O003191,C01799,2025-09-29,Net Banking,Cancelled
O003192,C01099,2024-11-29,Credit Card,Delivered
O003193,C01287,2024-06-03,Credit Card,Delivered
O003194,C01064,2025-01-03,Cash on Delivery,Delivered
O003195,C00352,2025-07-02,Cash on Delivery,Cancelled
O003196,C00697,2025-08-30,Net Banking,Cancelled
O003197,C00897,2025-09-21,Credit Card,Delivered
O003198,C01775,2024-03-21,Credit Card,Cancelled
O003199,C00498,2025-06-28,UPI,Cancelled
O003200,C00363,2025-07-21,Credit Card,Delivered
O003201,C00837,2025-01-25,UPI,Delivered
O003202,C01173,2025-04-19,Net Banking,Delivered
O003203,C01010,2024-05-20,Cash on Delivery,Cancelled
O003204,C01473,2024-05-26,Net Banking,Delivered
O003205,C01395,2025-10-25,UPI,Delivered
O003206,C00980,2025-04-04,UPI,Delivered
O003207,C01764,2025-05-03,Cash on Delivery,Delivered
O003208,C01844,2025-05-07,Net Banking,Cancelled
O003209,C01598,2024-04-25,Credit Card,Delivered
O003210,C00748,2024-06-27,UPI,Delivered
O003211,C01108,2024-04-03,UPI,Delivered
O003212,C00370,2024-04-12,Credit Card,Delivered
O003213,C00672,2024-11-07,Credit Card,Delivered
O003214,C00806,2024-01-30,Debit Card,Delivered
O003215,C00031,2024-07-31,Debit Card,Cancelled
O003216,C00917,2024-05-29,Cash on Delivery,Delivered
O003217,C00830,2025-12-22,Credit Card,Delivered
O003218,C01071,2024-04-23,Debit Card,Delivered
O003219,C00149,2024-11-27,Cash on Delivery,Delivered
O003220,C00671,2024-01-14,Cash on Delivery,Delivered
O003221,C01985,2025-04-23,Credit Card,Cancelled
O003222,C01956,2024-06-04,UPI,Cancelled
O003223,C01095,2024-03-11,Debit Card,Delivered
O003224,C00881,2025-11-02,Debit Card,Cancelled
O003225,C00592,2024-02-09,Cash on Delivery,Delivered
O003226,C01952,2024-10-22,UPI,Delivered
O003227,C01743,2024-11-12,Credit Card,Delivered
O003228,C01949,2025-02-11,Cash on Delivery,Delivered
O003229,C01357,2024-08-26,Cash on Delivery,Delivered
O003230,C01997,2025-06-27,Cash on Delivery,Delivered
O003231,C01040,2025-05-06,Cash on Delivery,Delivered
O003232,C00611,2024-06-28,Cash on Delivery,Delivered
O003233,C01733,2024-06-21,Debit Card,Cancelled
O003234,C01134,2024-09-18,Debit Card,Delivered
O003235,C00581,2024-11-26,Debit Card,Delivered
O003236,C01283,2025-01-07,Cash on Delivery,Cancelled
O003237,C00938,2024-02-17,UPI,Delivered
O003238,C00188,2025-01-31,Credit Card,Delivered
O003239,C00482,2024-11-27,Cash on Delivery,Delivered
O003240,C00917,2025-05-15,Credit Card,Delivered
O003241,C01105,2024-02-10,Debit Card,Delivered
O003242,C00054,2024-08-24,Cash on Delivery,Delivered
O003243,C00563,2024-03-26,Net Banking,Delivered
O003244,C01974,2024-07-28,Debit Card,Delivered
O003245,C01014,2024-10-09,Debit Card,Delivered
O003246,C00788,2024-08-05,Cash on Delivery,Delivered
O003247,C01756,2024-09-29,Net Banking,Delivered
O003248,C01036,2025-07-06,Credit Card,Delivered
O003249,C01715,2024-11-20,Credit Card,Delivered
O003250,C01058,2024-07-10,Credit Card,Delivered
O003251,C01536,2024-09-05,UPI,Cancelled
O003252,C00652,2025-11-26,Cash on Delivery,Delivered
O003253,C00817,2024-02-06,Credit Card,Delivered
O003254,C00756,2024-05-21,UPI,Delivered
O003255,C01809,2024-02-01,UPI,Delivered
O003256,C01548,2024-01-01,Net Banking,Delivered
O003257,C01491,2024-02-10,Net Banking,Delivered
O003258,C01166,2025-05-27,UPI,Delivered
O003259,C00344,2025-08-01,Debit Card,Cancelled
O003260,C00361,2024-09-06,Cash on Delivery,Delivered
O003261,C01746,2024-06-13,Debit Card,Delivered
O003262,C00515,2024-08-09,UPI,Cancelled
O003263,C00806,2025-01-01,Credit Card,Delivered
O003264,C00402,2024-08-05,UPI,Cancelled
O003265,C00603,2025-12-06,Credit Card,Delivered
O003266,C01299,2025-04-16,Cash on Delivery,Cancelled
O003267,C01515,2024-03-19,Debit Card,Delivered
O003268,C01617,2024-11-30,Credit Card,Delivered
O003269,C01775,2024-05-23,Credit Card,Cancelled
O003270,C01968,2024-07-14,Cash on Delivery,Delivered
O003271,C00697,2025-01-16,Net Banking,Delivered
O003272,C00534,2024-10-09,UPI,Delivered
O003273,C00383,2024-09-16,Cash on Delivery,Delivered
O003274,C01480,2024-08-24,Cash on Delivery,Delivered
O003275,C00365,2024-03-27,Debit Card,Delivered
O003276,C00344,2024-03-16,Cash on Delivery,Delivered
O003277,C00827,2025-06-03,Net Banking,Delivered
O003278,C01779,2024-01-11,Debit Card,Delivered
O003279,C01085,2025-06-14,Cash on Delivery,Delivered
O003280,C00210,2025-03-04,Credit Card,Cancelled
O003281,C00218,2025-08-21,Cash on Delivery,Delivered
O003282,C00757,2025-10-31,Credit Card,Delivered
O003283,C01063,2024-04-11,UPI,Delivered
O003284,C01945,2024-09-14,Cash on Delivery,Delivered
O003285,C00033,2024-10-07,Cash on Delivery,Delivered
O003286,C01549,2025-07-29,Net Banking,Delivered
O003287,C01690,2025-09-21,Debit Card,Delivered
O003288,C00016,2024-10-07,UPI,Cancelled
O003289,C00246,2025-07-31,Cash on Delivery,Cancelled
O003290,C01689,2025-08-27,Debit Card,Delivered
O003291,C01872,2025-04-02,Net Banking,Cancelled
O003292,C00992,2025-02-14,UPI,Delivered
O003293,C01069,2025-04-14,Debit Card,Cancelled
O003294,C00484,2024-10-15,UPI,Delivered
O003295,C00177,2024-07-04,Debit Card,Delivered
O003296,C00808,2025-05-20,UPI,Delivered
O003297,C00602,2024-08-02,Debit Card,Delivered
O003298,C01695,2024-06-12,UPI,Delivered
O003299,C00444,2025-03-29,Cash on Delivery,Delivered
O003300,C01269,2024-10-25,Cash on Delivery,Delivered
O003301,C00975,2024-03-08,Debit Card,Cancelled
O003302,C00200,2025-11-20,Credit Card,Delivered
O003303,C00917,2024-03-23,Cash on Delivery,Delivered
O003304,C00033,2024-04-11,Cash on Delivery,Delivered
O003305,C01952,2025-05-03,Cash on Delivery,Delivered
O003306,C00581,2025-07-30,UPI,Delivered
O003307,C01590,2025-04-12,Debit Card,Delivered
O003308,C00936,2024-04-03,Net Banking,Cancelled
O003309,C01084,2024-02-01,Net Banking,Delivered
O003310,C01426,2025-03-31,Cash on Delivery,Cancelled
O003311,C00969,2025-12-09,Credit Card,Cancelled
O003312,C01501,2025-11-17,Net Banking,Delivered
O003313,C00014,2025-05-23,UPI,Delivered
O003314,C00482,2025-09-26,Cash on Delivery,Cancelled
O003315,C01143,2024-05-27,Debit Card,Delivered
O003316,C00334,2024-05-29,Cash on Delivery,Delivered
O003317,C01142,2025-07-01,Net Banking,Delivered
O003318,C00120,2024-12-12,Cash on Delivery,Cancelled
O003319,C01038,2025-12-19,Net Banking,Delivered
O003320,C01104,2024-03-17,Net Banking,Delivered
O003321,C00612,2024-02-28,Credit Card,Delivered
O003322,C01010,2025-02-28,Debit Card,Cancelled
O003323,C00691,2025-04-25,Debit Card,Cancelled
O003324,C01295,2024-09-23,Credit Card,Cancelled
O003325,C00865,2024-08-22,Debit Card,Delivered
O003326,C01614,2025-07-17,Cash on Delivery,Delivered
O003327,C00365,2025-01-03,Cash on Delivery,Delivered
O003328,C00624,2025-08-14,Cash on Delivery,Delivered
O003329,C01982,2024-06-05,UPI,Delivered
O003330,C00681,2025-02-18,UPI,Delivered
O003331,C01910,2025-07-13,Cash on Delivery,Delivered
O003332,C00088,2024-04-29,UPI,Delivered
O003333,C00763,2024-02-04,Credit Card,Cancelled
O003334,C01326,2024-04-09,Credit Card,Delivered
O003335,C01963,2024-05-28,UPI,Delivered
O003336,C01637,2024-11-20,Debit Card,Delivered
O003337,C00142,2025-03-03,Credit Card,Delivered
O003338,C00697,2025-07-06,Net Banking,Delivered
O003339,C01069,2024-07-15,Credit Card,Delivered
O003340,C01138,2025-11-23,Credit Card,Delivered
O003341,C00582,2025-11-12,UPI,Cancelled
O003342,C01075,2025-08-12,Debit Card,Delivered
O003343,C01202,2025-10-24,Cash on Delivery,Delivered
O003344,C00296,2025-10-19,Debit Card,Delivered
O003345,C00867,2025-12-05,Net Banking,Delivered
O003346,C01474,2025-03-11,Net Banking,Delivered
O003347,C00307,2024-09-26,Cash on Delivery,Delivered
O003348,C00751,2025-11-26,Net Banking,Delivered
O003349,C01883,2024-10-11,Credit Card,Delivered
O003350,C01945,2024-12-14,UPI,Cancelled
O003351,C00448,2025-05-04,Cash on Delivery,Delivered
O003352,C01450,2025-07-11,Cash on Delivery,Delivered
O003353,C01510,2024-04-01,Credit Card,Delivered
O003354,C01713,2025-12-08,UPI,Delivered
O003355,C00410,2024-12-04,Cash on Delivery,Delivered
O003356,C01800,2024-02-22,Cash on Delivery,Delivered
O003357,C01284,2025-01-10,Debit Card,Cancelled
O003358,C00190,2024-11-21,UPI,Delivered
O003359,C01513,2025-02-10,UPI,Delivered
O003360,C01065,2025-12-24,Credit Card,Delivered
O003361,C00538,2025-01-26,Debit Card,Delivered
O003362,C01470,2025-09-06,Cash on Delivery,Delivered
O003363,C00707,2024-01-17,UPI,Delivered
O003364,C01571,2024-05-09,Debit Card,Cancelled
O003365,C01447,2025-04-10,UPI,Delivered
O003366,C00363,2024-07-31,Debit Card,Delivered
O003367,C00984,2025-06-25,Credit Card,Delivered
O003368,C01530,2024-04-10,Debit Card,Cancelled
O003369,C01286,2024-08-12,Credit Card,Delivered
O003370,C00777,2024-02-05,Credit Card,Cancelled
O003371,C01930,2025-03-15,UPI,Delivered
O003372,C01267,2024-02-17,UPI,Cancelled
O003373,C01673,2025-09-09,Net Banking,Delivered
O003374,C01843,2025-06-22,Cash on Delivery,Delivered
O003375,C01495,2024-05-27,UPI,Delivered
O003376,C00109,2025-07-29,Cash on Delivery,Delivered
O003377,C01472,2025-09-24,Credit Card,Delivered
O003378,C01322,2024-11-04,Credit Card,Delivered
O003379,C00937,2025-01-19,Credit Card,Delivered
O003380,C00908,2025-06-15,Debit Card,Delivered
O003381,C01897,2025-02-17,Cash on Delivery,Cancelled
O003382,C01980,2025-11-06,Credit Card,Delivered
O003383,C00668,2025-02-02,Credit Card,Delivered
O003384,C00318,2024-02-28,Credit Card,Cancelled
O003385,C01863,2024-05-08,Cash on Delivery,Delivered
O003386,C01518,2024-12-06,Net Banking,Delivered
O003387,C01957,2025-08-06,UPI,Delivered
O003388,C01638,2025-01-30,Debit Card,Cancelled
O003389,C00155,2024-10-25,Net Banking,Delivered
O003390,C01133,2025-03-12,Debit Card,Delivered
O003391,C01837,2025-08-28,Credit Card,Delivered
O003392,C01338,2024-10-30,Credit Card,Delivered
O003393,C01617,2024-11-07,Debit Card,Cancelled
O003394,C00417,2025-04-16,Credit Card,Delivered
O003395,C00547,2024-07-29,Net Banking,Delivered
O003396,C01002,2024-06-09,Net Banking,Delivered
O003397,C00449,2024-05-22,Credit Card,Delivered
O003398,C00594,2024-01-03,Credit Card,Delivered
O003399,C01170,2024-05-04,Debit Card,Delivered
O003400,C01773,2025-03-20,UPI,Delivered
O003401,C01252,2024-06-18,UPI,Delivered
O003402,C01830,2025-04-04,Credit Card,Cancelled
O003403,C00899,2025-06-25,UPI,Cancelled
O003404,C00358,2024-01-07,Net Banking,Delivered
O003405,C00332,2025-11-13,UPI,Delivered
O003406,C00505,2025-12-22,Net Banking,Cancelled
O003407,C00960,2025-09-06,Cash on Delivery,Delivered
O003408,C01473,2025-02-02,UPI,Delivered
O003409,C01005,2024-12-19,Cash on Delivery,Delivered
O003410,C00284,2025-01-26,Debit Card,Cancelled
O003411,C01938,2025-07-03,Cash on Delivery,Delivered
O003412,C00268,2025-07-13,UPI,Delivered
O003413,C00276,2025-02-11,Cash on Delivery,Delivered
O003414,C01494,2024-07-20,UPI,Cancelled
O003415,C00386,2024-08-23,Credit Card,Delivered
O003416,C01810,2025-10-24,UPI,Cancelled
O003417,C01002,2024-06-20,Cash on Delivery,Delivered
O003418,C01063,2024-08-18,Debit Card,Cancelled
O003419,C00898,2025-07-04,Credit Card,Delivered
O003420,C01420,2024-07-27,Cash on Delivery,Delivered
O003421,C01367,2025-03-04,Debit Card,Delivered
O003422,C00485,2024-04-02,Net Banking,Delivered
O003423,C01893,2024-05-12,UPI,Delivered
O003424,C00414,2024-06-22,UPI,Delivered
O003425,C00484,2024-02-05,Cash on Delivery,Delivered
O003426,C01669,2025-02-18,Cash on Delivery,Cancelled
O003427,C00657,2024-07-04,UPI,Delivered
O003428,C00137,2024-08-14,Debit Card,Delivered
O003429,C01954,2024-01-31,Credit Card,Cancelled
O003430,C01841,2025-05-11,UPI,Delivered
O003431,C01596,2024-04-25,Credit Card,Cancelled
O003432,C00343,2025-11-17,Debit Card,Cancelled
O003433,C01535,2024-08-03,UPI,Delivered
O003434,C00190,2025-12-21,Debit Card,Delivered
O003435,C00979,2024-04-13,Debit Card,Cancelled
O003436,C00395,2024-07-29,UPI,Delivered
O003437,C01868,2025-11-09,UPI,Cancelled
O003438,C00852,2025-09-06,Net Banking,Delivered
O003439,C00431,2024-02-10,Cash on Delivery,Delivered
O003440,C00191,2025-05-13,Net Banking,Delivered
O003441,C00298,2024-07-12,Credit Card,Delivered
O003442,C01499,2025-10-01,Credit Card,Delivered
O003443,C00425,2024-06-12,UPI,Delivered
O003444,C00840,2025-02-19,Credit Card,Delivered
O003445,C00110,2024-03-31,UPI,Cancelled
O003446,C01580,2024-01-02,Debit Card,Delivered
O003447,C00238,2025-05-18,UPI,Delivered
O003448,C00825,2024-09-26,UPI,Delivered
O003449,C01871,2025-05-06,Credit Card,Delivered
O003450,C00248,2025-04-15,Net Banking,Delivered
O003451,C00915,2024-10-13,UPI,Delivered
O003452,C01356,2024-09-09,Debit Card,Cancelled
O003453,C01557,2024-03-05,Net Banking,Delivered
O003454,C00406,2025-07-01,Net Banking,Delivered
O003455,C00076,2025-11-17,Debit Card,Cancelled
O003456,C00395,2025-03-02,Credit Card,Delivered
O003457,C00427,2024-07-24,Cash on Delivery,Delivered
O003458,C01353,2025-07-14,Credit Card,Delivered
O003459,C01333,2024-04-13,Debit Card,Cancelled
O003460,C00213,2024-11-13,UPI,Delivered
O003461,C00361,2025-11-28,UPI,Delivered
O003462,C00047,2025-04-19,Debit Card,Delivered
O003463,C01281,2024-08-17,Cash on Delivery,Delivered
O003464,C01889,2024-09-09,Debit Card,Delivered
O003465,C01181,2024-02-14,Debit Card,Delivered
O003466,C00308,2025-05-01,Cash on Delivery,Delivered
O003467,C00770,2025-09-25,UPI,Cancelled
O003468,C00397,2024-01-09,Cash on Delivery,Delivered
O003469,C01982,2025-10-01,Debit Card,Delivered
O003470,C01720,2024-10-03,UPI,Delivered
O003471,C01650,2024-06-19,Credit Card,Cancelled
O003472,C01222,2025-07-21,Debit Card,Delivered
O003473,C01596,2024-08-05,Cash on Delivery,Delivered
O003474,C01687,2024-05-17,UPI,Delivered
O003475,C00469,2024-07-17,Cash on Delivery,Delivered
O003476,C00291,2024-01-13,Credit Card,Delivered
O003477,C01916,2025-02-21,Credit Card,Delivered
O003478,C01106,2025-05-25,Debit Card,Delivered
O003479,C00629,2025-11-05,Cash on Delivery,Delivered
O003480,C00435,2025-08-27,UPI,Delivered
O003481,C01929,2025-12-30,UPI,Delivered
O003482,C00053,2025-08-29,Credit Card,Delivered
O003483,C01906,2025-03-29,UPI,Delivered
O003484,C00253,2024-03-23,Debit Card,Cancelled
O003485,C00332,2025-07-15,Net Banking,Delivered
O003486,C01142,2025-08-02,Net Banking,Delivered
O003487,C00124,2025-06-18,Credit Card,Cancelled
O003488,C01269,2024-10-23,UPI,Delivered
O003489,C00884,2025-05-22,Net Banking,Cancelled
O003490,C00046,2024-07-18,Credit Card,Delivered
O003491,C00260,2025-11-06,Debit Card,Cancelled
O003492,C01332,2025-05-01,Cash on Delivery,Delivered
O003493,C00702,2025-05-07,Debit Card,Delivered
O003494,C01952,2025-04-14,Cash on Delivery,Delivered
O003495,C00455,2025-03-03,Debit Card,Delivered
O003496,C00067,2024-06-09,Credit Card,Delivered
O003497,C00035,2025-09-26,Net Banking,Delivered
O003498,C01960,2024-12-09,Net Banking,Cancelled
O003499,C01873,2024-06-20,Cash on Delivery,Delivered
O003500,C00755,2024-09-08,Net Banking,Delivered
O003501,C01276,2024-07-27,UPI,Delivered
O003502,C00907,2024-06-07,Debit Card,Delivered
O003503,C00762,2025-03-27,Debit Card,Delivered
O003504,C01728,2025-05-04,Credit Card,Delivered
O003505,C00515,2025-09-19,Debit Card,Delivered
O003506,C00281,2025-10-28,Cash on Delivery,Delivered
O003507,C00946,2025-08-07,Net Banking,Delivered
O003508,C00227,2024-11-03,UPI,Cancelled
O003509,C00122,2024-04-30,UPI,Cancelled
O003510,C00252,2024-12-12,UPI,Delivered
O003511,C00055,2024-06-28,Net Banking,Cancelled
O003512,C00471,2025-07-20,UPI,Delivered
O003513,C00817,2025-07-18,Debit Card,Delivered
O003514,C01002,2024-12-03,Credit Card,Delivered
O003515,C01058,2024-10-13,UPI,Delivered
O003516,C01059,2024-04-25,UPI,Delivered
O003517,C00918,2025-12-01,UPI,Cancelled
O003518,C00063,2025-01-07,Cash on Delivery,Delivered
O003519,C01996,2024-03-13,Credit Card,Delivered
O003520,C00950,2025-01-20,UPI,Delivered
O003521,C01042,2024-05-20,UPI,Delivered
O003522,C00928,2024-12-22,UPI,Delivered
O003523,C00947,2024-05-23,Cash on Delivery,Delivered
O003524,C00164,2025-09-25,UPI,Delivered
O003525,C00740,2025-10-31,Cash on Delivery,Delivered
O003526,C01008,2024-05-16,Debit Card,Delivered
O003527,C01641,2024-05-26,Credit Card,Delivered
O003528,C01442,2025-03-18,UPI,Delivered
O003529,C01158,2025-01-15,Net Banking,Delivered
O003530,C00715,2025-07-20,Cash on Delivery,Cancelled
O003531,C01386,2024-05-20,Debit Card,Delivered
O003532,C00873,2025-05-17,Net Banking,Cancelled
O003533,C00520,2024-08-07,Net Banking,Delivered
O003534,C00419,2024-01-17,UPI,Delivered
O003535,C00684,2024-08-28,Credit Card,Delivered
O003536,C01244,2024-05-06,Net Banking,Delivered
O003537,C01685,2025-11-18,Net Banking,Delivered
O003538,C01717,2024-05-18,Credit Card,Delivered
O003539,C00895,2025-09-26,Credit Card,Delivered
O003540,C00724,2024-11-02,Debit Card,Cancelled
O003541,C00493,2025-06-17,Cash on Delivery,Delivered
O003542,C00039,2025-04-17,UPI,Delivered
O003543,C00545,2024-05-25,Net Banking,Delivered
O003544,C00872,2024-02-23,UPI,Delivered
O003545,C01284,2024-04-21,Cash on Delivery,Delivered
O003546,C01547,2024-02-25,UPI,Delivered
O003547,C00104,2024-11-27,Credit Card,Delivered
O003548,C01366,2024-07-09,Net Banking,Delivered
O003549,C01872,2024-12-19,Debit Card,Delivered
O003550,C00041,2025-12-07,Debit Card,Delivered
O003551,C01200,2025-05-16,Credit Card,Cancelled
O003552,C01574,2024-11-08,Cash on Delivery,Delivered
O003553,C01681,2024-03-18,Cash on Delivery,Delivered
O003554,C01176,2025-07-16,UPI,Delivered
O003555,C00511,2025-02-13,Debit Card,Delivered
O003556,C00649,2024-04-16,Credit Card,Delivered
O003557,C00524,2025-07-18,Cash on Delivery,Cancelled
O003558,C01028,2025-08-05,UPI,Cancelled
O003559,C00610,2025-09-19,Cash on Delivery,Delivered
O003560,C01904,2024-01-10,Net Banking,Cancelled
O003561,C01084,2025-04-13,Cash on Delivery,Delivered
O003562,C01328,2024-03-18,UPI,Delivered
O003563,C01209,2024-10-20,Credit Card,Delivered
O003564,C01667,2024-10-25,Credit Card,Cancelled
O003565,C01140,2024-01-17,Debit Card,Delivered
O003566,C00842,2024-03-26,Cash on Delivery,Delivered
O003567,C00305,2025-10-04,UPI,Delivered
O003568,C01951,2024-01-11,UPI,Delivered
O003569,C00983,2025-08-15,Cash on Delivery,Delivered
O003570,C00509,2025-10-07,Credit Card,Delivered
O003571,C01561,2025-05-15,Credit Card,Delivered
O003572,C00432,2025-12-26,Cash on Delivery,Cancelled
O003573,C01219,2024-02-03,Debit Card,Cancelled
O003574,C01165,2024-04-12,Cash on Delivery,Cancelled
O003575,C00914,2024-07-11,UPI,Delivered
O003576,C01458,2025-08-21,Debit Card,Delivered
O003577,C01810,2024-03-05,Credit Card,Delivered
O003578,C00054,2024-07-26,Credit Card,Delivered
O003579,C00105,2024-04-20,Cash on Delivery,Delivered
O003580,C01679,2025-12-30,Cash on Delivery,Delivered
O003581,C00217,2025-05-02,UPI,Delivered
O003582,C00113,2025-04-10,Credit Card,Delivered
O003583,C01292,2024-01-11,Net Banking,Delivered
O003584,C00195,2025-09-07,Cash on Delivery,Delivered
O003585,C00482,2024-01-08,Credit Card,Cancelled
O003586,C01171,2025-09-06,Credit Card,Cancelled
O003587,C01813,2024-03-23,Cash on Delivery,Delivered
O003588,C01845,2025-02-25,UPI,Delivered
O003589,C00172,2025-07-25,Net Banking,Delivered
O003590,C01497,2025-09-27,Net Banking,Cancelled
O003591,C01282,2024-09-19,Cash on Delivery,Delivered
O003592,C01901,2025-10-24,Cash on Delivery,Delivered
O003593,C01670,2025-07-03,Net Banking,Delivered
O003594,C01988,2024-03-06,Cash on Delivery,Delivered
O003595,C01832,2024-06-06,Credit Card,Cancelled
O003596,C00284,2024-04-18,UPI,Delivered
O003597,C00925,2025-01-08,Debit Card,Cancelled
O003598,C01051,2025-08-13,Credit Card,Cancelled
O003599,C00902,2025-03-13,Cash on Delivery,Delivered
O003600,C00897,2025-11-24,UPI,Cancelled
O003601,C00354,2024-12-11,UPI,Delivered
O003602,C00532,2025-09-25,Cash on Delivery,Delivered
O003603,C00858,2024-05-06,Net Banking,Delivered
O003604,C00970,2024-08-26,UPI,Delivered
O003605,C01725,2024-09-14,Credit Card,Delivered
O003606,C01154,2025-01-06,UPI,Cancelled
O003607,C00826,2024-04-30,UPI,Delivered
O003608,C01914,2024-07-08,UPI,Delivered
O003609,C01382,2024-02-13,Cash on Delivery,Delivered
O003610,C01621,2025-02-26,Credit Card,Cancelled
O003611,C01374,2025-06-21,Credit Card,Cancelled
O003612,C00309,2024-07-26,Net Banking,Delivered
O003613,C01185,2025-05-02,Net Banking,Delivered
O003614,C00548,2025-02-26,UPI,Delivered
O003615,C00470,2024-04-05,Cash on Delivery,Delivered
O003616,C01853,2024-01-17,UPI,Cancelled
O003617,C00868,2025-10-02,UPI,Delivered
O003618,C00091,2024-02-04,Debit Card,Cancelled
O003619,C01316,2024-03-20,Credit Card,Delivered
O003620,C00582,2025-02-27,Net Banking,Cancelled
O003621,C01144,2024-08-18,Credit Card,Delivered
O003622,C01481,2024-03-20,Net Banking,Delivered
O003623,C00220,2025-02-01,Net Banking,Cancelled
O003624,C01635,2025-11-19,Net Banking,Delivered
O003625,C00600,2025-10-11,UPI,Cancelled
O003626,C01897,2024-11-18,Net Banking,Delivered
O003627,C01711,2024-04-20,Cash on Delivery,Delivered
O003628,C00786,2024-01-01,Cash on Delivery,Delivered
O003629,C01476,2025-12-09,Debit Card,Cancelled
O003630,C00880,2024-06-23,UPI,Delivered
O003631,C00928,2024-01-19,Credit Card,Delivered
O003632,C00133,2024-06-25,Net Banking,Delivered
O003633,C00314,2024-11-27,Cash on Delivery,Delivered
O003634,C00210,2024-10-26,Credit Card,Delivered
O003635,C01912,2024-04-24,Debit Card,Cancelled
O003636,C01557,2024-10-01,Credit Card,Delivered
O003637,C00564,2025-05-24,Cash on Delivery,Cancelled
O003638,C00257,2024-08-10,UPI,Cancelled
O003639,C01982,2024-06-24,Cash on Delivery,Delivered
O003640,C00545,2025-12-16,Cash on Delivery,Delivered
O003641,C01091,2025-11-13,Cash on Delivery,Delivered
O003642,C01258,2025-06-15,UPI,Delivered
O003643,C00282,2024-10-25,Debit Card,Delivered
O003644,C00983,2025-06-17,Credit Card,Cancelled
O003645,C00912,2025-11-17,Net Banking,Delivered
O003646,C00871,2025-07-09,UPI,Delivered
O003647,C00183,2025-10-01,Debit Card,Delivered
O003648,C00440,2025-12-01,UPI,Cancelled
O003649,C01836,2024-03-28,Credit Card,Delivered
O003650,C01355,2025-01-17,Cash on Delivery,Delivered
O003651,C01681,2024-05-11,Cash on Delivery,Delivered
O003652,C00222,2024-03-26,Credit Card,Delivered
O003653,C00974,2024-06-23,Cash on Delivery,Delivered
O003654,C00700,2024-03-20,UPI,Delivered
O003655,C00090,2024-08-06,Debit Card,Delivered
O003656,C01140,2024-10-04,Credit Card,Delivered
O003657,C00681,2024-02-29,UPI,Delivered
O003658,C00738,2025-04-23,Cash on Delivery,Delivered
O003659,C01537,2024-09-16,UPI,Delivered
O003660,C00537,2024-04-01,UPI,Delivered
O003661,C00879,2024-10-07,Credit Card,Delivered
O003662,C01788,2025-12-18,UPI,Delivered
O003663,C00561,2025-12-19,UPI,Cancelled
O003664,C00853,2025-12-15,Net Banking,Delivered
O003665,C00963,2024-03-06,Net Banking,Delivered
O003666,C01582,2025-11-26,Debit Card,Delivered
O003667,C01218,2024-02-03,Credit Card,Cancelled
O003668,C01292,2025-04-14,UPI,Cancelled
O003669,C01959,2024-04-27,Cash on Delivery,Delivered
O003670,C01775,2024-05-18,Net Banking,Delivered
O003671,C01707,2024-11-28,Cash on Delivery,Delivered
O003672,C00199,2025-02-16,Debit Card,Delivered
O003673,C00907,2024-09-17,UPI,Cancelled
O003674,C01737,2025-04-10,UPI,Delivered
O003675,C01720,2024-05-20,Debit Card,Cancelled
O003676,C00379,2025-06-11,Net Banking,Delivered
O003677,C01940,2024-11-26,Debit Card,Cancelled
O003678,C00865,2024-04-26,Cash on Delivery,Cancelled
O003679,C01265,2025-11-24,Credit Card,Cancelled
O003680,C00811,2025-06-02,Debit Card,Cancelled
O003681,C00902,2025-06-17,Debit Card,Cancelled
O003682,C00781,2024-08-22,Credit Card,Delivered
O003683,C00671,2025-04-30,Debit Card,Cancelled
O003684,C00535,2025-09-27,Cash on Delivery,Delivered
O003685,C00227,2024-08-10,UPI,Cancelled
O003686,C00277,2024-09-27,Debit Card,Delivered
O003687,C00120,2025-11-10,Net Banking,Delivered
O003688,C00740,2024-03-21,Credit Card,Delivered
O003689,C01821,2024-07-29,UPI,Delivered
O003690,C00233,2025-12-12,UPI,Delivered
O003691,C00161,2025-01-22,Credit Card,Delivered
O003692,C00466,2025-05-28,Cash on Delivery,Cancelled
O003693,C01542,2024-10-13,Cash on Delivery,Delivered
O003694,C00425,2025-12-25,Credit Card,Delivered
O003695,C00842,2024-07-25,Cash on Delivery,Delivered
O003696,C00205,2025-09-21,Credit Card,Delivered
O003697,C00672,2025-12-05,Debit Card,Cancelled
O003698,C00115,2025-07-06,Net Banking,Delivered
O003699,C00016,2025-09-12,UPI,Cancelled
O003700,C01344,2024-02-29,Cash on Delivery,Delivered
O003701,C01653,2025-09-04,UPI,Cancelled
O003702,C01990,2024-01-02,Cash on Delivery,Delivered
O003703,C00367,2025-10-31,UPI,Delivered
O003704,C01886,2025-12-25,Credit Card,Delivered
O003705,C01398,2024-04-25,Debit Card,Cancelled
O003706,C01257,2025-08-27,Net Banking,Delivered
O003707,C01019,2025-05-24,Credit Card,Delivered
O003708,C01617,2024-04-23,Credit Card,Delivered
O003709,C00030,2024-09-05,Cash on Delivery,Delivered
O003710,C00645,2024-04-24,Credit Card,Delivered
O003711,C01004,2024-10-30,Net Banking,Delivered
O003712,C01101,2024-12-12,Cash on Delivery,Cancelled
O003713,C00923,2025-07-14,Debit Card,Delivered
O003714,C01573,2025-09-10,UPI,Delivered
O003715,C00394,2025-09-02,Cash on Delivery,Cancelled
O003716,C00060,2025-01-06,Credit Card,Delivered
O003717,C01756,2025-09-24,Cash on Delivery,Delivered
O003718,C01637,2024-02-22,Net Banking,Delivered
O003719,C01605,2024-03-28,UPI,Delivered
O003720,C01578,2025-03-24,Net Banking,Delivered
O003721,C01435,2024-11-28,Credit Card,Delivered
O003722,C00813,2025-07-18,Debit Card,Cancelled
O003723,C01246,2024-08-04,UPI,Delivered
O003724,C00019,2024-04-22,Net Banking,Delivered
O003725,C01753,2024-03-11,UPI,Delivered
O003726,C00312,2024-09-07,Debit Card,Delivered
O003727,C01973,2024-04-09,Net Banking,Delivered
O003728,C01975,2024-05-21,Cash on Delivery,Delivered
O003729,C00637,2025-08-19,Credit Card,Delivered
O003730,C01256,2024-10-26,UPI,Delivered
O003731,C00213,2024-09-30,UPI,Delivered
O003732,C01453,2024-09-05,Cash on Delivery,Delivered
O003733,C00763,2025-01-18,Cash on Delivery,Delivered
O003734,C01093,2024-11-25,Debit Card,Delivered
O003735,C00123,2025-01-08,UPI,Cancelled
O003736,C00031,2025-06-22,UPI,Delivered
O003737,C01206,2024-11-17,Cash on Delivery,Delivered
O003738,C00986,2025-04-12,Net Banking,Cancelled
O003739,C00262,2025-09-08,Credit Card,Delivered
O003740,C00355,2025-05-09,Credit Card,Delivered
O003741,C00910,2024-09-16,Cash on Delivery,Delivered
O003742,C01907,2024-04-17,Debit Card,Delivered
O003743,C00277,2025-09-15,Cash on Delivery,Delivered
O003744,C01624,2025-05-22,Debit Card,Delivered
O003745,C01308,2025-12-16,Cash on Delivery,Delivered
O003746,C00302,2024-07-10,Debit Card,Delivered
O003747,C00110,2024-10-24,Credit Card,Cancelled
O003748,C00515,2024-11-21,UPI,Delivered
O003749,C00701,2025-03-02,Credit Card,Delivered
O003750,C00709,2025-01-21,Net Banking,Delivered
O003751,C01775,2025-02-22,Cash on Delivery,Delivered
O003752,C00945,2025-02-18,Cash on Delivery,Delivered
O003753,C01995,2025-01-17,Cash on Delivery,Delivered
O003754,C00755,2025-02-17,Debit Card,Cancelled
O003755,C00359,2025-02-20,UPI,Delivered
O003756,C01376,2025-09-30,Credit Card,Delivered
O003757,C01032,2024-06-27,Debit Card,Delivered
O003758,C00742,2024-10-25,Debit Card,Delivered
O003759,C00065,2024-03-05,Debit Card,Delivered
O003760,C00522,2025-03-27,UPI,Delivered
O003761,C00585,2025-07-09,Net Banking,Delivered
O003762,C01516,2024-11-23,UPI,Delivered
O003763,C01732,2025-02-13,Cash on Delivery,Delivered
O003764,C00287,2025-03-24,Cash on Delivery,Delivered
O003765,C01915,2025-08-26,Net Banking,Delivered
O003766,C01577,2025-06-22,Cash on Delivery,Cancelled
O003767,C01568,2025-09-22,Net Banking,Cancelled
O003768,C01503,2025-08-04,UPI,Delivered
O003769,C00898,2024-06-19,Net Banking,Delivered
O003770,C01565,2025-06-30,Credit Card,Delivered
O003771,C01361,2024-03-08,Debit Card,Delivered
O003772,C01003,2024-07-01,UPI,Delivered
O003773,C01777,2024-10-07,Cash on Delivery,Cancelled
O003774,C00778,2024-01-03,Net Banking,Delivered
O003775,C01839,2024-06-06,Net Banking,Delivered
O003776,C01463,2025-10-22,UPI,Cancelled
O003777,C00125,2024-01-14,UPI,Cancelled
O003778,C01606,2024-10-08,Credit Card,Delivered
O003779,C01694,2025-03-09,UPI,Delivered
O003780,C00674,2025-01-03,Credit Card,Delivered
O003781,C00792,2024-04-13,Cash on Delivery,Delivered
O003782,C00666,2025-12-16,Cash on Delivery,Cancelled
O003783,C01700,2024-03-26,Credit Card,Delivered
O003784,C01279,2024-02-16,Credit Card,Delivered
O003785,C01737,2025-12-08,Credit Card,Delivered
O003786,C00025,2024-09-28,UPI,Delivered
O003787,C01055,2024-10-07,UPI,Delivered
O003788,C00903,2025-10-21,Net Banking,Cancelled
O003789,C00587,2025-10-21,Credit Card,Delivered
O003790,C01726,2025-11-04,Credit Card,Delivered
O003791,C00572,2025-08-27,Debit Card,Delivered
O003792,C01878,2025-09-28,Debit Card,Delivered
O003793,C00537,2024-04-18,Credit Card,Cancelled
O003794,C00431,2024-08-16,Cash on Delivery,Delivered
O003795,C01410,2024-12-23,UPI,Cancelled
O003796,C01269,2024-04-21,UPI,Cancelled
O003797,C00220,2025-10-10,UPI,Delivered
O003798,C00494,2025-10-24,Debit Card,Delivered
O003799,C00302,2025-03-04,Credit Card,Cancelled
O003800,C01050,2025-12-24,Debit Card,Cancelled
O003801,C01506,2025-12-10,Net Banking,Cancelled
O003802,C01164,2024-11-23,Cash on Delivery,Delivered
O003803,C01201,2024-07-07,Cash on Delivery,Cancelled
O003804,C01591,2024-06-12,UPI,Cancelled
O003805,C00125,2025-10-04,Debit Card,Delivered
O003806,C00986,2024-06-23,Cash on Delivery,Delivered
O003807,C01716,2024-02-13,Credit Card,Delivered
O003808,C01720,2025-08-03,Net Banking,Delivered
O003809,C00520,2024-04-17,Net Banking,Delivered
O003810,C00075,2024-04-01,UPI,Cancelled
O003811,C01107,2025-06-24,Net Banking,Delivered
O003812,C00359,2025-06-30,UPI,Delivered
O003813,C01704,2024-04-21,Cash on Delivery,Delivered
O003814,C01214,2024-10-20,Net Banking,Delivered
O003815,C01068,2025-07-23,Credit Card,Cancelled
O003816,C01623,2024-01-21,UPI,Delivered
O003817,C01999,2025-06-24,UPI,Cancelled
O003818,C01024,2024-11-25,UPI,Delivered
O003819,C01885,2024-10-15,Cash on Delivery,Cancelled
O003820,C00431,2024-02-12,Credit Card,Cancelled
O003821,C01776,2025-06-28,Cash on Delivery,Delivered
O003822,C01458,2024-03-23,Cash on Delivery,Cancelled
O003823,C01893,2025-05-29,Credit Card,Delivered
O003824,C00299,2025-03-27,UPI,Delivered
O003825,C00031,2024-02-27,Credit Card,Delivered
O003826,C00360,2025-01-05,Net Banking,Delivered
O003827,C00130,2025-10-12,Net Banking,Delivered
O003828,C00945,2025-04-06,Net Banking,Delivered
O003829,C00235,2025-11-07,UPI,Delivered
O003830,C01041,2024-05-02,Cash on Delivery,Cancelled
O003831,C01376,2024-01-24,Net Banking,Delivered
O003832,C01465,2024-04-24,Credit Card,Delivered
O003833,C01122,2024-10-10,UPI,Delivered
O003834,C00388,2024-04-19,Debit Card,Delivered
O003835,C01632,2024-03-02,UPI,Delivered
O003836,C00127,2024-07-09,Cash on Delivery,Delivered
O003837,C01839,2024-02-29,Cash on Delivery,Delivered
O003838,C01902,2024-01-10,Credit Card,Delivered
O003839,C01314,2025-03-18,Net Banking,Cancelled
O003840,C01046,2025-10-07,UPI,Delivered
O003841,C00566,2025-09-24,Net Banking,Cancelled
O003842,C01314,2024-11-19,UPI,Delivered
O003843,C00634,2024-04-26,Net Banking,Cancelled
O003844,C00648,2025-08-17,Net Banking,Delivered
O003845,C00072,2024-05-21,UPI,Delivered
O003846,C00937,2024-12-30,Net Banking,Delivered
O003847,C00008,2025-07-31,Debit Card,Delivered
O003848,C01933,2024-04-18,Debit Card,Cancelled
O003849,C00777,2025-08-04,Net Banking,Delivered
O003850,C00679,2025-02-13,UPI,Delivered
O003851,C00893,2025-06-26,Credit Card,Delivered
O003852,C00865,2024-08-20,Debit Card,Delivered
O003853,C00152,2024-12-31,UPI,Delivered
O003854,C01877,2024-11-15,Debit Card,Delivered
O003855,C01777,2025-07-15,UPI,Delivered
O003856,C01442,2024-09-19,Cash on Delivery,Delivered
O003857,C00578,2024-12-10,UPI,Delivered
O003858,C01110,2025-08-29,Credit Card,Delivered
O003859,C01258,2025-05-15,Cash on Delivery,Delivered
O003860,C01582,2025-06-24,Net Banking,Delivered
O003861,C01071,2024-01-11,Debit Card,Delivered
O003862,C01584,2024-08-10,Cash on Delivery,Delivered
O003863,C00881,2024-03-27,Credit Card,Delivered
O003864,C00603,2024-05-01,Cash on Delivery,Delivered
O003865,C00774,2024-02-16,Debit Card,Cancelled
O003866,C01157,2025-11-15,Cash on Delivery,Delivered
O003867,C00327,2025-05-14,Credit Card,Delivered
O003868,C01608,2024-01-25,UPI,Cancelled
O003869,C00480,2025-04-14,Cash on Delivery,Delivered
O003870,C01143,2025-08-06,Cash on Delivery,Cancelled
O003871,C01839,2024-05-14,Cash on Delivery,Delivered
O003872,C00968,2025-01-25,Cash on Delivery,Delivered
O003873,C01601,2024-05-04,Net Banking,Delivered
O003874,C00063,2024-01-09,Credit Card,Cancelled
O003875,C00879,2024-11-03,UPI,Delivered
O003876,C01729,2025-10-08,UPI,Cancelled
O003877,C00931,2024-11-25,Net Banking,Delivered
O003878,C01420,2025-06-12,Debit Card,Delivered
O003879,C00046,2025-11-11,Net Banking,Delivered
O003880,C00884,2024-12-18,Debit Card,Delivered
O003881,C01740,2025-03-06,Cash on Delivery,Cancelled
O003882,C01145,2025-07-06,Cash on Delivery,Delivered
O003883,C00779,2025-10-06,UPI,Delivered
O003884,C00162,2024-07-19,Debit Card,Delivered
O003885,C01559,2025-12-14,Cash on Delivery,Delivered
O003886,C01914,2025-03-20,UPI,Delivered
O003887,C01606,2025-01-24,Credit Card,Delivered
O003888,C01046,2024-08-25,Debit Card,Delivered
O003889,C00944,2025-07-04,Net Banking,Delivered
O003890,C00596,2024-06-25,Debit Card,Delivered
O003891,C01000,2024-11-25,Debit Card,Delivered
O003892,C01234,2025-12-24,UPI,Delivered
O003893,C00198,2024-05-01,Credit Card,Cancelled
O003894,C00297,2024-07-30,UPI,Cancelled
O003895,C01460,2024-03-12,Cash on Delivery,Delivered
O003896,C01926,2025-02-09,UPI,Delivered
O003897,C00363,2024-10-20,UPI,Cancelled
O003898,C01932,2024-04-07,Debit Card,Cancelled
O003899,C01204,2025-07-31,UPI,Delivered
O003900,C00110,2024-06-13,Debit Card,Delivered
O003901,C00546,2024-11-07,Credit Card,Delivered
O003902,C01687,2025-04-25,Debit Card,Delivered
O003903,C00764,2024-02-13,Debit Card,Delivered
O003904,C00654,2024-06-19,Net Banking,Cancelled
O003905,C00259,2024-10-31,UPI,Cancelled
O003906,C00290,2024-05-22,UPI,Delivered
O003907,C01018,2025-09-30,UPI,Cancelled
O003908,C00037,2025-08-02,UPI,Delivered
O003909,C01295,2025-03-10,Credit Card,Delivered
O003910,C00840,2025-04-14,Credit Card,Delivered
O003911,C00941,2025-10-15,UPI,Delivered
O003912,C00571,2024-02-29,Net Banking,Delivered
O003913,C01031,2025-09-26,UPI,Cancelled
O003914,C01252,2025-06-21,Debit Card,Delivered
O003915,C00011,2024-12-29,UPI,Delivered
O003916,C00995,2025-01-05,Credit Card,Cancelled
O003917,C00375,2024-08-31,UPI,Delivered
O003918,C01469,2025-05-21,Credit Card,Delivered
O003919,C00280,2025-05-13,Net Banking,Delivered
O003920,C00798,2024-11-10,Net Banking,Cancelled
O003921,C01893,2025-10-04,Debit Card,Delivered
O003922,C00987,2024-10-22,UPI,Delivered
O003923,C01611,2024-05-08,Debit Card,Cancelled
O003924,C01314,2024-02-12,Debit Card,Delivered
O003925,C00188,2025-09-15,UPI,Delivered
O003926,C01997,2024-10-15,UPI,Cancelled
O003927,C00365,2025-05-17,Net Banking,Delivered
O003928,C01672,2024-11-25,UPI,Delivered
O003929,C00381,2024-05-31,Credit Card,Delivered
O003930,C01524,2024-07-28,Debit Card,Delivered
O003931,C01940,2024-03-25,Net Banking,Delivered
O003932,C01682,2024-03-22,Cash on Delivery,Delivered
O003933,C00409,2024-03-01,UPI,Delivered
O003934,C00947,2024-10-08,UPI,Delivered
O003935,C01216,2025-04-13,Debit Card,Delivered
O003936,C00010,2025-08-27,Cash on Delivery,Delivered
O003937,C01856,2025-10-19,UPI,Cancelled
O003938,C01176,2024-09-17,Debit Card,Cancelled
O003939,C01457,2024-01-22,Credit Card,Delivered
O003940,C00465,2024-07-05,Credit Card,Cancelled
O003941,C01069,2024-08-07,Net Banking,Delivered
O003942,C01215,2024-05-06,Credit Card,Delivered
O003943,C01772,2025-02-24,Net Banking,Delivered
O003944,C00270,2024-03-23,Credit Card,Delivered
O003945,C01960,2024-02-20,Net Banking,Delivered
O003946,C00847,2024-06-13,Cash on Delivery,Delivered
O003947,C01965,2025-04-08,Net Banking,Cancelled
O003948,C01896,2024-01-09,UPI,Delivered
O003949,C00415,2025-08-10,Debit Card,Cancelled
O003950,C00170,2025-12-07,Credit Card,Delivered
O003951,C00073,2024-08-28,Debit Card,Delivered
O003952,C00093,2024-05-25,UPI,Cancelled
O003953,C01360,2025-03-04,Cash on Delivery,Delivered
O003954,C00455,2024-06-05,Debit Card,Delivered
O003955,C00960,2025-05-10,Debit Card,Delivered
O003956,C01989,2025-12-22,Debit Card,Delivered
O003957,C00525,2024-01-26,Debit Card,Delivered
O003958,C00691,2024-07-05,Credit Card,Delivered
O003959,C01086,2024-07-28,UPI,Delivered
O003960,C01118,2024-03-07,Net Banking,Delivered
O003961,C01527,2025-03-18,Net Banking,Delivered
O003962,C00397,2025-03-14,Debit Card,Delivered
O003963,C01470,2024-02-04,Debit Card,Delivered
O003964,C01907,2025-03-13,Cash on Delivery,Cancelled
O003965,C00400,2025-09-05,Cash on Delivery,Delivered
O003966,C01982,2025-01-10,Credit Card,Delivered
O003967,C01639,2024-02-05,Credit Card,Delivered
O003968,C00832,2024-02-07,Net Banking,Cancelled
O003969,C00098,2024-09-01,UPI,Delivered
O003970,C00913,2024-03-13,Cash on Delivery,Delivered
O003971,C01444,2024-08-27,UPI,Delivered
O003972,C00738,2024-01-07,Credit Card,Delivered
O003973,C00722,2024-10-04,UPI,Delivered
O003974,C00327,2025-08-06,UPI,Delivered
O003975,C01494,2024-08-07,UPI,Cancelled
O003976,C00070,2024-11-05,Cash on Delivery,Delivered
O003977,C01848,2025-01-23,Debit Card,Delivered
O003978,C00088,2024-05-31,Credit Card,Delivered
O003979,C01497,2024-09-01,UPI,Cancelled
O003980,C00209,2025-08-06,Credit Card,Delivered
O003981,C01948,2024-10-30,UPI,Delivered
O003982,C00948,2025-07-17,Debit Card,Delivered
O003983,C00195,2024-10-03,Cash on Delivery,Delivered
O003984,C00292,2024-04-10,UPI,Delivered
O003985,C01443,2025-06-29,Net Banking,Delivered
O003986,C00111,2025-06-08,Credit Card,Delivered
O003987,C01299,2024-03-16,UPI,Cancelled
O003988,C00760,2024-09-14,Cash on Delivery,Delivered
O003989,C01675,2024-11-12,Net Banking,Delivered
O003990,C01431,2025-11-27,Cash on Delivery,Delivered
O003991,C00002,2025-07-29,UPI,Delivered
O003992,C00374,2025-01-26,Net Banking,Delivered
O003993,C01608,2024-03-19,Cash on Delivery,Delivered
O003994,C01786,2025-01-25,UPI,Delivered
O003995,C00324,2025-09-19,Net Banking,Delivered
O003996,C00162,2025-08-25,UPI,Delivered
O003997,C00440,2024-04-26,Credit Card,Delivered
O003998,C01980,2024-01-19,Cash on Delivery,Delivered
O003999,C00902,2025-04-01,Cash on Delivery,Delivered
O004000,C00066,2025-09-10,Net Banking,Delivered
O004001,C00090,2024-10-23,Net Banking,Delivered
O004002,C01567,2025-01-05,Net Banking,Delivered
O004003,C01730,2025-03-31,Credit Card,Delivered
O004004,C01219,2025-11-05,Cash on Delivery,Delivered
O004005,C01907,2025-10-23,Debit Card,Cancelled
O004006,C01381,2024-01-30,Debit Card,Delivered
O004007,C01871,2024-08-13,Credit Card,Delivered
O004008,C00099,2024-05-05,UPI,Delivered
O004009,C00590,2024-04-27,Cash on Delivery,Cancelled
O004010,C00443,2025-06-14,Cash on Delivery,Delivered
O004011,C00417,2024-12-25,Debit Card,Cancelled
O004012,C00243,2024-03-02,UPI,Delivered
O004013,C00259,2025-11-18,UPI,Delivered
O004014,C00878,2025-05-01,UPI,Cancelled
O004015,C01431,2024-03-13,Cash on Delivery,Delivered
O004016,C00132,2025-07-12,UPI,Cancelled
O004017,C00615,2024-06-28,Debit Card,Delivered
O004018,C01957,2025-11-17,Credit Card,Delivered
O004019,C01804,2024-06-16,Cash on Delivery,Cancelled
O004020,C01827,2025-09-19,Credit Card,Cancelled
O004021,C00736,2025-06-13,Debit Card,Delivered
O004022,C01863,2025-05-23,Debit Card,Cancelled
O004023,C00698,2024-04-19,Credit Card,Delivered
O004024,C00741,2025-08-20,Credit Card,Delivered
O004025,C00122,2025-07-12,Net Banking,Delivered
O004026,C01167,2024-05-05,Cash on Delivery,Delivered
O004027,C01320,2025-01-24,UPI,Delivered
O004028,C01170,2025-02-05,Net Banking,Cancelled
O004029,C00121,2025-07-20,UPI,Cancelled
O004030,C00793,2025-04-17,Cash on Delivery,Delivered
O004031,C00539,2025-05-20,UPI,Delivered
O004032,C00981,2025-02-10,Cash on Delivery,Delivered
O004033,C01423,2025-12-23,Credit Card,Delivered
O004034,C01357,2025-08-20,Credit Card,Cancelled
O004035,C01738,2024-09-22,Debit Card,Delivered
O004036,C01190,2024-12-13,Net Banking,Delivered
O004037,C01766,2025-09-02,Credit Card,Delivered
O004038,C00805,2024-04-11,Net Banking,Delivered
O004039,C00773,2024-09-20,Debit Card,Delivered
O004040,C00685,2024-08-13,Debit Card,Delivered
O004041,C00447,2024-10-06,UPI,Delivered
O004042,C01697,2025-04-29,UPI,Delivered
O004043,C01011,2025-10-26,Credit Card,Delivered
O004044,C00642,2024-11-30,Debit Card,Delivered
O004045,C01841,2024-02-01,Net Banking,Delivered
O004046,C00586,2025-11-22,UPI,Delivered
O004047,C01101,2025-07-07,UPI,Cancelled
O004048,C00126,2025-08-24,Net Banking,Cancelled
O004049,C01439,2025-06-14,Debit Card,Delivered
O004050,C01617,2024-10-28,UPI,Delivered
O004051,C01754,2024-07-04,UPI,Delivered
O004052,C00032,2024-06-11,Cash on Delivery,Delivered
O004053,C01171,2025-04-19,UPI,Delivered
O004054,C01719,2025-04-16,Debit Card,Delivered
O004055,C00501,2024-02-28,UPI,Cancelled
O004056,C01139,2024-04-28,Cash on Delivery,Cancelled
O004057,C00519,2025-03-16,Credit Card,Delivered
O004058,C00311,2025-05-02,UPI,Delivered
O004059,C00787,2025-01-21,Net Banking,Delivered
O004060,C00451,2024-03-16,Cash on Delivery,Cancelled
O004061,C01900,2025-09-17,UPI,Delivered
O004062,C01836,2024-01-12,Debit Card,Delivered
O004063,C00685,2024-04-20,Cash on Delivery,Cancelled
O004064,C01618,2025-08-18,Cash on Delivery,Delivered
O004065,C00663,2025-11-07,Cash on Delivery,Delivered
O004066,C00180,2024-08-28,Credit Card,Cancelled
O004067,C01510,2025-02-28,Cash on Delivery,Delivered
O004068,C00639,2025-11-04,Credit Card,Delivered
O004069,C00096,2025-09-11,UPI,Delivered
O004070,C00859,2025-08-29,Debit Card,Delivered
O004071,C01633,2025-11-26,UPI,Delivered
O004072,C00938,2024-03-08,Debit Card,Delivered
O004073,C01067,2025-01-22,UPI,Delivered
O004074,C00947,2024-03-14,Cash on Delivery,Delivered
O004075,C01424,2024-12-19,Debit Card,Delivered
O004076,C01859,2024-08-31,Credit Card,Delivered
O004077,C01641,2024-05-11,Credit Card,Delivered
O004078,C00463,2025-12-26,Cash on Delivery,Delivered
O004079,C00371,2024-08-17,Credit Card,Delivered
O004080,C01435,2024-05-05,Cash on Delivery,Delivered
O004081,C01326,2024-02-22,Cash on Delivery,Delivered
O004082,C00139,2024-08-05,Credit Card,Cancelled
O004083,C01610,2025-03-23,UPI,Cancelled
O004084,C01174,2024-10-09,Net Banking,Delivered
O004085,C01406,2024-10-01,Debit Card,Cancelled
O004086,C00194,2024-03-10,Net Banking,Delivered
O004087,C01583,2024-02-25,UPI,Delivered
O004088,C00434,2024-05-19,Credit Card,Delivered
O004089,C01127,2025-07-05,Debit Card,Cancelled
O004090,C01804,2025-08-22,Debit Card,Cancelled
O004091,C01536,2024-12-23,Debit Card,Delivered
O004092,C00343,2024-07-19,Debit Card,Delivered
O004093,C00782,2025-01-02,Cash on Delivery,Cancelled
O004094,C00092,2024-07-17,UPI,Delivered
O004095,C01879,2025-08-15,UPI,Cancelled
O004096,C01568,2025-11-11,Cash on Delivery,Delivered
O004097,C00138,2024-12-09,Debit Card,Delivered
O004098,C01247,2025-05-20,Credit Card,Cancelled
O004099,C01861,2025-12-18,Cash on Delivery,Delivered
O004100,C01842,2024-04-19,Credit Card,Cancelled
O004101,C00566,2025-12-30,Debit Card,Delivered
O004102,C01775,2024-04-06,UPI,Delivered
O004103,C01053,2025-03-17,UPI,Delivered
O004104,C00333,2025-01-14,UPI,Delivered
O004105,C00364,2024-01-31,Cash on Delivery,Delivered
O004106,C01260,2024-10-09,Debit Card,Cancelled
O004107,C00262,2025-10-29,Credit Card,Delivered
O004108,C01357,2024-08-10,Credit Card,Delivered
O004109,C00517,2024-11-07,UPI,Delivered
O004110,C00998,2024-11-13,Cash on Delivery,Delivered
O004111,C01498,2025-10-27,Credit Card,Cancelled
O004112,C01532,2025-04-26,UPI,Delivered
O004113,C01995,2025-12-13,Cash on Delivery,Delivered
O004114,C01183,2025-06-12,Net Banking,Delivered
O004115,C01436,2024-04-10,UPI,Delivered
O004116,C01507,2024-12-08,Debit Card,Delivered
O004117,C00262,2024-10-11,UPI,Delivered
O004118,C00104,2025-02-02,Credit Card,Delivered
O004119,C00449,2025-10-18,Credit Card,Delivered
O004120,C01469,2025-04-30,Credit Card,Delivered
O004121,C01742,2024-08-31,Credit Card,Delivered
O004122,C00500,2024-10-17,Credit Card,Delivered
O004123,C00085,2024-03-05,Cash on Delivery,Delivered
O004124,C01031,2025-06-13,UPI,Delivered
O004125,C01816,2024-11-16,UPI,Delivered
O004126,C00811,2025-01-27,UPI,Delivered
O004127,C00706,2024-12-15,Cash on Delivery,Delivered
O004128,C01915,2024-07-23,Net Banking,Delivered
O004129,C00942,2025-11-12,Debit Card,Delivered
O004130,C01850,2025-11-11,Cash on Delivery,Delivered
O004131,C01252,2025-06-14,Cash on Delivery,Delivered
O004132,C00271,2024-02-03,Debit Card,Delivered
O004133,C01335,2025-04-27,Credit Card,Cancelled
O004134,C00184,2025-05-15,Net Banking,Delivered
O004135,C00962,2024-02-14,Credit Card,Cancelled
O004136,C00084,2025-07-29,Credit Card,Cancelled
O004137,C01535,2025-09-06,Cash on Delivery,Delivered
O004138,C00245,2024-07-09,UPI,Delivered
O004139,C00508,2025-06-27,Cash on Delivery,Delivered
O004140,C00137,2025-09-29,Cash on Delivery,Delivered
O004141,C00803,2025-03-11,Credit Card,Delivered
O004142,C01163,2024-01-07,UPI,Delivered
O004143,C01923,2024-04-30,UPI,Delivered
O004144,C00029,2025-10-24,Cash on Delivery,Delivered
O004145,C00752,2024-03-22,Credit Card,Delivered
O004146,C01985,2024-08-13,Net Banking,Delivered
O004147,C00944,2024-10-18,UPI,Delivered
O004148,C00479,2024-05-02,Net Banking,Delivered
O004149,C00173,2025-03-18,Cash on Delivery,Cancelled
O004150,C01647,2024-11-06,Credit Card,Delivered
O004151,C00124,2025-10-25,Debit Card,Cancelled
O004152,C00588,2024-02-26,Cash on Delivery,Delivered
O004153,C00616,2024-06-22,UPI,Delivered
O004154,C01977,2024-10-28,Credit Card,Delivered
O004155,C01403,2025-11-09,Debit Card,Cancelled
O004156,C01578,2024-12-25,Credit Card,Delivered
O004157,C01163,2025-06-03,Credit Card,Delivered
O004158,C00620,2024-03-13,Net Banking,Delivered
O004159,C00343,2024-09-28,Credit Card,Delivered
O004160,C01734,2024-12-27,UPI,Delivered
O004161,C00889,2024-12-29,Net Banking,Delivered
O004162,C00182,2025-05-14,UPI,Delivered
O004163,C00524,2025-02-19,Credit Card,Delivered
O004164,C01363,2025-11-30,Credit Card,Delivered
O004165,C01927,2025-09-27,Cash on Delivery,Delivered
O004166,C00546,2024-12-27,Credit Card,Delivered
O004167,C01391,2024-03-25,Credit Card,Cancelled
O004168,C01304,2024-03-07,UPI,Cancelled
O004169,C01506,2024-05-20,Net Banking,Cancelled
O004170,C01947,2025-07-22,Cash on Delivery,Delivered
O004171,C01516,2024-03-25,Debit Card,Delivered
O004172,C00303,2025-12-13,Credit Card,Delivered
O004173,C01859,2025-12-17,Cash on Delivery,Delivered
O004174,C01348,2024-11-04,Net Banking,Delivered
O004175,C00540,2025-08-19,Credit Card,Delivered
O004176,C01147,2024-12-02,Debit Card,Delivered
O004177,C01818,2024-06-03,UPI,Delivered
O004178,C01940,2024-11-07,Net Banking,Delivered
O004179,C01821,2024-09-12,Debit Card,Delivered
O004180,C00747,2024-02-20,Cash on Delivery,Delivered
O004181,C00461,2024-09-03,UPI,Delivered
O004182,C01945,2024-09-22,UPI,Delivered
O004183,C00159,2025-04-14,UPI,Delivered
O004184,C01738,2025-01-12,Cash on Delivery,Delivered
O004185,C00831,2024-06-14,UPI,Delivered
O004186,C01473,2025-06-29,Debit Card,Delivered
O004187,C01769,2025-07-29,Debit Card,Delivered
O004188,C01877,2025-01-04,Cash on Delivery,Delivered
O004189,C01023,2024-03-29,Debit Card,Delivered
O004190,C00823,2024-08-04,Credit Card,Delivered
O004191,C01479,2024-12-19,Debit Card,Delivered
O004192,C00739,2024-01-30,Credit Card,Delivered
O004193,C00760,2025-02-27,Debit Card,Delivered
O004194,C00805,2024-04-30,Net Banking,Cancelled
O004195,C01592,2024-12-31,Debit Card,Delivered
O004196,C00883,2024-04-23,Credit Card,Delivered
O004197,C00260,2025-05-12,UPI,Delivered
O004198,C00703,2024-06-14,Debit Card,Delivered
O004199,C00046,2024-09-05,Credit Card,Delivered
O004200,C01173,2025-03-17,Debit Card,Cancelled
O004201,C01879,2024-01-25,Cash on Delivery,Cancelled
O004202,C00180,2025-04-11,Debit Card,Delivered
O004203,C01558,2025-08-24,Net Banking,Cancelled
O004204,C00293,2024-10-22,Debit Card,Delivered
O004205,C01180,2024-02-18,Credit Card,Delivered
O004206,C01730,2025-12-28,Net Banking,Delivered
O004207,C00232,2025-09-20,Cash on Delivery,Delivered
O004208,C00028,2024-10-07,Net Banking,Delivered
O004209,C00280,2025-09-05,Credit Card,Delivered
O004210,C01592,2024-11-30,Cash on Delivery,Delivered
O004211,C00545,2025-01-02,Credit Card,Delivered
O004212,C00251,2024-06-14,Cash on Delivery,Delivered
O004213,C00108,2024-02-12,Debit Card,Cancelled
O004214,C01196,2024-06-13,Credit Card,Delivered
O004215,C01624,2025-11-05,Credit Card,Delivered
O004216,C01673,2024-01-18,UPI,Delivered
O004217,C01591,2025-08-12,Credit Card,Delivered
O004218,C00438,2025-06-15,Debit Card,Delivered
O004219,C00928,2024-11-24,Credit Card,Delivered
O004220,C01348,2024-07-28,Cash on Delivery,Delivered
O004221,C00214,2024-07-14,UPI,Delivered
O004222,C01094,2025-05-08,UPI,Delivered
O004223,C01926,2024-05-16,Credit Card,Delivered
O004224,C01884,2024-03-05,UPI,Delivered
O004225,C00163,2024-04-20,Debit Card,Cancelled
O004226,C00915,2024-02-23,UPI,Cancelled
O004227,C00576,2024-07-31,Debit Card,Delivered
O004228,C00429,2024-11-10,Credit Card,Delivered
O004229,C01514,2024-03-04,Cash on Delivery,Delivered
O004230,C01822,2024-08-19,Cash on Delivery,Delivered
O004231,C00532,2025-11-09,Debit Card,Delivered
O004232,C00100,2025-07-07,UPI,Delivered
O004233,C00398,2024-12-16,Credit Card,Delivered
O004234,C01417,2025-11-07,Debit Card,Delivered
O004235,C01793,2024-11-22,Credit Card,Delivered
O004236,C01854,2025-02-11,Net Banking,Delivered
O004237,C00928,2024-06-15,UPI,Delivered
O004238,C00820,2025-06-04,Debit Card,Delivered
O004239,C00386,2025-11-24,Credit Card,Delivered
O004240,C00007,2024-07-20,UPI,Delivered
O004241,C01323,2024-05-22,UPI,Delivered
O004242,C01670,2025-10-07,UPI,Delivered
O004243,C01910,2024-02-11,Debit Card,Delivered
O004244,C01900,2024-03-12,Debit Card,Delivered
O004245,C01330,2025-11-26,Debit Card,Delivered
O004246,C00075,2025-12-01,UPI,Delivered
O004247,C00991,2024-11-28,Credit Card,Delivered
O004248,C00135,2024-09-22,Debit Card,Delivered
O004249,C00655,2025-08-08,Net Banking,Delivered
O004250,C00246,2024-08-18,Credit Card,Cancelled
O004251,C00617,2024-05-07,Credit Card,Cancelled
O004252,C01418,2024-06-03,Cash on Delivery,Delivered
O004253,C01563,2024-09-28,Net Banking,Cancelled
O004254,C01651,2024-11-21,Debit Card,Delivered
O004255,C01013,2025-01-09,Credit Card,Delivered
O004256,C00407,2025-01-04,UPI,Delivered
O004257,C01275,2025-02-19,UPI,Delivered
O004258,C01062,2025-06-19,Net Banking,Delivered
O004259,C01857,2025-08-31,UPI,Cancelled
O004260,C01321,2024-05-04,UPI,Delivered
O004261,C01606,2025-06-25,Credit Card,Delivered
O004262,C01473,2024-12-05,Debit Card,Cancelled
O004263,C00722,2024-10-02,Cash on Delivery,Delivered
O004264,C01863,2025-12-09,Credit Card,Delivered
O004265,C00347,2025-06-22,Credit Card,Delivered
O004266,C00465,2025-03-18,Cash on Delivery,Delivered
O004267,C01831,2024-10-29,Cash on Delivery,Cancelled
O004268,C01246,2025-10-01,UPI,Delivered
O004269,C00745,2024-01-08,Cash on Delivery,Delivered
O004270,C01602,2025-03-11,Credit Card,Delivered
O004271,C00465,2025-08-31,Net Banking,Delivered
O004272,C00179,2025-11-25,Cash on Delivery,Delivered
O004273,C01991,2025-04-08,UPI,Delivered
O004274,C00814,2024-06-03,UPI,Delivered
O004275,C01129,2024-03-01,Net Banking,Delivered
O004276,C01048,2025-07-15,UPI,Cancelled
O004277,C01020,2025-06-02,Cash on Delivery,Delivered
O004278,C01566,2025-03-25,Debit Card,Delivered
O004279,C01700,2025-04-23,Credit Card,Delivered
O004280,C00080,2024-04-22,UPI,Delivered
O004281,C00256,2024-09-08,Credit Card,Delivered
O004282,C00205,2025-05-30,Credit Card,Cancelled
O004283,C00456,2025-10-01,Cash on Delivery,Cancelled
O004284,C01295,2025-12-30,Cash on Delivery,Delivered
O004285,C01974,2025-07-24,Net Banking,Delivered
O004286,C01891,2025-07-30,Cash on Delivery,Delivered
O004287,C01094,2025-10-02,Debit Card,Delivered
O004288,C00980,2025-07-26,Credit Card,Delivered
O004289,C00907,2025-07-23,Cash on Delivery,Delivered
O004290,C00298,2024-09-02,UPI,Delivered
O004291,C01415,2024-01-12,Credit Card,Delivered
O004292,C01951,2024-04-26,Credit Card,Cancelled
O004293,C00035,2025-11-27,Net Banking,Cancelled
O004294,C00599,2024-12-22,Debit Card,Delivered
O004295,C00709,2025-12-26,Debit Card,Cancelled
O004296,C00316,2024-04-24,Credit Card,Delivered
O004297,C01504,2025-01-22,Cash on Delivery,Delivered
O004298,C00118,2025-11-02,Credit Card,Cancelled
O004299,C00692,2024-09-02,Credit Card,Delivered
O004300,C01344,2024-03-29,UPI,Delivered
O004301,C00497,2025-09-07,Net Banking,Delivered
O004302,C00137,2025-06-07,UPI,Cancelled
O004303,C00114,2024-11-11,Debit Card,Delivered
O004304,C01401,2024-07-23,Cash on Delivery,Delivered
O004305,C00215,2025-02-08,Credit Card,Delivered
O004306,C00995,2025-07-15,Debit Card,Delivered
O004307,C01755,2024-01-03,Cash on Delivery,Delivered
O004308,C01582,2024-12-15,UPI,Cancelled
O004309,C00664,2025-10-08,UPI,Delivered
O004310,C00451,2025-10-27,Cash on Delivery,Delivered
O004311,C00822,2024-04-07,UPI,Cancelled
O004312,C01607,2025-05-07,UPI,Delivered
O004313,C00470,2024-12-15,Debit Card,Delivered
O004314,C01346,2025-05-11,Debit Card,Delivered
O004315,C00130,2025-03-25,UPI,Delivered
O004316,C01620,2024-03-16,Credit Card,Delivered
O004317,C00653,2024-01-29,Debit Card,Cancelled
O004318,C00149,2024-06-18,Credit Card,Delivered
O004319,C00755,2025-08-02,UPI,Delivered
O004320,C01476,2024-05-25,Debit Card,Delivered
O004321,C00159,2024-11-22,Debit Card,Delivered
O004322,C00676,2025-06-24,Credit Card,Delivered
O004323,C01167,2025-02-28,Cash on Delivery,Delivered
O004324,C01181,2025-08-24,Net Banking,Cancelled
O004325,C00434,2024-05-09,Credit Card,Delivered
O004326,C01121,2025-04-11,Debit Card,Delivered
O004327,C00124,2024-10-20,Net Banking,Delivered
O004328,C01662,2024-06-16,Credit Card,Delivered
O004329,C00520,2024-09-27,Credit Card,Delivered
O004330,C02000,2024-06-11,Credit Card,Delivered
O004331,C00146,2024-05-28,Debit Card,Delivered
O004332,C00197,2025-06-11,Credit Card,Delivered
O004333,C00307,2025-03-24,UPI,Delivered
O004334,C01171,2024-01-12,Credit Card,Delivered
O004335,C01856,2024-10-14,Cash on Delivery,Delivered
O004336,C00948,2025-09-24,Credit Card,Delivered
O004337,C00832,2024-10-09,UPI,Cancelled
O004338,C00972,2024-01-13,Credit Card,Delivered
O004339,C00338,2024-08-22,Net Banking,Delivered
O004340,C01830,2025-11-27,Debit Card,Delivered
O004341,C01635,2024-08-26,Cash on Delivery,Delivered
O004342,C00271,2025-01-24,Credit Card,Delivered
O004343,C01383,2025-09-28,UPI,Delivered
O004344,C01965,2025-11-05,UPI,Cancelled
O004345,C01974,2024-04-06,Credit Card,Cancelled
O004346,C00974,2025-06-27,Net Banking,Delivered
O004347,C00722,2025-01-22,UPI,Delivered
O004348,C01927,2025-05-19,Cash on Delivery,Delivered
O004349,C00416,2024-12-20,UPI,Cancelled
O004350,C00188,2024-11-17,Net Banking,Delivered
O004351,C00674,2024-11-14,Debit Card,Delivered
O004352,C00064,2024-09-30,Cash on Delivery,Cancelled
O004353,C01305,2024-09-30,UPI,Delivered
O004354,C00256,2025-10-05,Credit Card,Delivered
O004355,C00325,2025-02-25,UPI,Cancelled
O004356,C00142,2024-11-26,Credit Card,Delivered
O004357,C01587,2025-02-10,Debit Card,Delivered
O004358,C01654,2025-08-17,Net Banking,Delivered
O004359,C00580,2024-09-17,Cash on Delivery,Delivered
O004360,C01638,2024-03-29,Debit Card,Delivered
O004361,C00015,2025-12-20,UPI,Delivered
O004362,C00288,2024-05-16,Credit Card,Cancelled
O004363,C00951,2024-12-22,Credit Card,Delivered
O004364,C01116,2024-11-28,Net Banking,Delivered
O004365,C00822,2024-10-16,Debit Card,Cancelled
O004366,C00918,2024-05-17,Credit Card,Delivered
O004367,C01813,2025-03-05,UPI,Delivered
O004368,C01672,2025-04-07,Credit Card,Delivered
O004369,C01824,2024-05-06,Debit Card,Delivered
O004370,C01415,2025-02-25,UPI,Delivered
O004371,C01757,2024-12-04,UPI,Delivered
O004372,C00833,2024-10-23,UPI,Delivered
O004373,C01432,2024-08-09,Credit Card,Delivered
O004374,C00408,2025-10-18,UPI,Delivered
O004375,C01997,2025-05-27,Debit Card,Cancelled
O004376,C00874,2025-06-18,Cash on Delivery,Delivered
O004377,C01972,2025-06-12,Credit Card,Delivered
O004378,C00226,2024-12-05,Cash on Delivery,Delivered
O004379,C00282,2025-05-07,Cash on Delivery,Delivered
O004380,C00457,2024-08-08,Credit Card,Delivered
O004381,C01423,2025-06-29,Debit Card,Cancelled
O004382,C00955,2025-04-26,Cash on Delivery,Delivered
O004383,C00754,2025-12-29,Debit Card,Delivered
O004384,C00331,2025-12-19,Credit Card,Delivered
O004385,C00847,2025-12-04,Net Banking,Delivered
O004386,C00614,2025-10-27,UPI,Delivered
O004387,C01748,2024-03-18,Credit Card,Delivered
O004388,C01877,2024-03-09,Cash on Delivery,Cancelled
O004389,C01741,2025-09-17,Debit Card,Cancelled
O004390,C01564,2025-10-12,Debit Card,Cancelled
O004391,C00806,2024-03-21,Credit Card,Delivered
O004392,C00848,2024-03-10,Net Banking,Delivered
O004393,C00612,2025-05-19,Debit Card,Delivered
O004394,C01792,2024-01-13,Cash on Delivery,Delivered
O004395,C01527,2025-04-23,Credit Card,Delivered
O004396,C01453,2025-12-25,UPI,Delivered
O004397,C01622,2024-11-15,Debit Card,Cancelled
O004398,C00249,2024-03-21,Credit Card,Cancelled
O004399,C01207,2025-01-20,UPI,Cancelled
O004400,C00497,2025-08-05,Debit Card,Delivered
O004401,C01185,2025-08-06,Net Banking,Delivered
O004402,C00464,2025-04-29,Cash on Delivery,Delivered
O004403,C01797,2025-12-21,Net Banking,Delivered
O004404,C00036,2025-02-27,Credit Card,Cancelled
O004405,C00351,2024-03-18,Credit Card,Delivered
O004406,C00098,2025-05-07,Debit Card,Cancelled
O004407,C00861,2024-12-10,Credit Card,Cancelled
O004408,C01481,2025-01-25,Net Banking,Delivered
O004409,C01179,2025-03-27,Net Banking,Cancelled
O004410,C01316,2025-09-17,Debit Card,Cancelled
O004411,C01194,2024-01-26,Net Banking,Delivered
O004412,C00205,2025-06-02,Credit Card,Delivered
O004413,C01982,2024-08-13,UPI,Cancelled
O004414,C00913,2025-10-23,UPI,Delivered
O004415,C00236,2024-11-22,Net Banking,Delivered
O004416,C00981,2024-06-13,Debit Card,Delivered
O004417,C01842,2024-06-22,Cash on Delivery,Delivered
O004418,C00395,2025-08-26,UPI,Delivered
O004419,C00759,2024-12-19,UPI,Cancelled
O004420,C00271,2025-03-04,Net Banking,Delivered
O004421,C00077,2024-10-22,UPI,Delivered
O004422,C00619,2024-03-29,Debit Card,Cancelled
O004423,C00887,2024-05-31,Debit Card,Delivered
O004424,C01903,2025-10-27,UPI,Delivered
O004425,C01482,2024-12-30,Cash on Delivery,Delivered
O004426,C01161,2024-04-06,UPI,Delivered
O004427,C00290,2024-09-29,Net Banking,Delivered
O004428,C00219,2025-09-08,UPI,Delivered
O004429,C00418,2025-12-10,Cash on Delivery,Delivered
O004430,C00683,2024-12-26,Net Banking,Delivered
O004431,C01083,2024-11-16,Cash on Delivery,Delivered
O004432,C00390,2025-12-06,UPI,Delivered
O004433,C01287,2025-09-29,Net Banking,Delivered
O004434,C01138,2025-05-15,Net Banking,Delivered
O004435,C01890,2025-06-30,Cash on Delivery,Cancelled
O004436,C00448,2025-09-01,Cash on Delivery,Delivered
O004437,C01446,2025-07-29,Debit Card,Cancelled
O004438,C00612,2024-11-03,Credit Card,Delivered
O004439,C01425,2024-01-06,UPI,Delivered
O004440,C00454,2025-12-30,UPI,Delivered
O004441,C00457,2024-10-17,Net Banking,Cancelled
O004442,C00760,2025-08-30,UPI,Delivered
O004443,C00608,2024-06-22,Credit Card,Delivered
O004444,C01698,2025-01-29,Net Banking,Delivered
O004445,C01911,2024-08-08,Credit Card,Delivered
O004446,C01758,2024-07-26,Credit Card,Delivered
O004447,C00937,2025-11-14,Debit Card,Delivered
O004448,C00543,2025-05-26,Net Banking,Delivered
O004449,C01344,2024-07-24,UPI,Delivered
O004450,C00617,2024-08-26,Credit Card,Delivered
O004451,C01463,2025-10-13,Cash on Delivery,Delivered
O004452,C01034,2025-12-02,Net Banking,Cancelled
O004453,C01703,2025-09-09,UPI,Cancelled
O004454,C01621,2025-12-07,Debit Card,Delivered
O004455,C01166,2024-11-18,Net Banking,Delivered
O004456,C01543,2025-06-06,Credit Card,Delivered
O004457,C00314,2024-07-06,UPI,Delivered
O004458,C00898,2024-01-04,Net Banking,Delivered
O004459,C00954,2025-11-30,UPI,Delivered
O004460,C00619,2025-12-07,Credit Card,Delivered
O004461,C00120,2024-11-17,UPI,Cancelled
O004462,C01626,2024-01-26,Cash on Delivery,Delivered
O004463,C01940,2024-01-13,UPI,Delivered
O004464,C00332,2024-01-21,Cash on Delivery,Cancelled
O004465,C01934,2024-04-29,Debit Card,Delivered
O004466,C00801,2025-09-06,Debit Card,Delivered
O004467,C00919,2024-10-17,Debit Card,Delivered
O004468,C00408,2025-10-15,Credit Card,Cancelled
O004469,C00314,2025-09-26,Cash on Delivery,Delivered
O004470,C00020,2025-02-07,UPI,Delivered
O004471,C00677,2025-09-28,Credit Card,Delivered
O004472,C00442,2025-07-29,Credit Card,Delivered
O004473,C00471,2025-04-10,UPI,Delivered
O004474,C00405,2024-09-03,UPI,Delivered
O004475,C00904,2024-09-17,UPI,Delivered
O004476,C01373,2024-05-12,Net Banking,Delivered
O004477,C00748,2025-03-20,UPI,Delivered
O004478,C01753,2024-11-30,Credit Card,Delivered
O004479,C01249,2024-07-06,Cash on Delivery,Delivered
O004480,C01538,2025-03-07,Cash on Delivery,Delivered
O004481,C01841,2024-10-30,UPI,Delivered
O004482,C00570,2024-05-29,Net Banking,Delivered
O004483,C00115,2025-04-23,UPI,Delivered
O004484,C01865,2025-05-15,Credit Card,Cancelled
O004485,C01139,2024-11-01,Cash on Delivery,Delivered
O004486,C00350,2025-10-05,UPI,Delivered
O004487,C00555,2024-02-10,Credit Card,Delivered
O004488,C00261,2025-09-14,Debit Card,Delivered
O004489,C00140,2025-12-24,Cash on Delivery,Cancelled
O004490,C01658,2025-03-24,UPI,Delivered
O004491,C00931,2024-11-29,Credit Card,Delivered
O004492,C01356,2024-04-10,Debit Card,Delivered
O004493,C00107,2025-12-30,Net Banking,Delivered
O004494,C00900,2025-05-09,Net Banking,Delivered
O004495,C01353,2024-10-30,Cash on Delivery,Delivered
O004496,C01495,2025-07-19,UPI,Delivered
O004497,C01316,2024-05-14,Debit Card,Delivered
O004498,C00658,2024-11-09,Cash on Delivery,Delivered
O004499,C00217,2025-12-03,Cash on Delivery,Cancelled
O004500,C01917,2024-09-04,Cash on Delivery,Delivered
O004501,C00103,2025-02-05,Credit Card,Cancelled
O004502,C00466,2024-05-03,Cash on Delivery,Delivered
O004503,C00316,2024-12-05,Net Banking,Delivered
O004504,C00696,2024-06-28,Cash on Delivery,Delivered
O004505,C00369,2024-03-18,UPI,Cancelled
O004506,C00083,2025-07-05,Cash on Delivery,Delivered
O004507,C00790,2025-09-14,Net Banking,Cancelled
O004508,C00578,2024-04-08,Debit Card,Cancelled
O004509,C01485,2025-01-26,Credit Card,Delivered
O004510,C00995,2024-04-01,Credit Card,Delivered
O004511,C00925,2025-05-05,Cash on Delivery,Delivered
O004512,C01627,2025-03-24,Credit Card,Delivered
O004513,C00267,2025-09-01,UPI,Delivered
O004514,C00097,2024-10-31,UPI,Delivered
O004515,C01979,2025-10-16,Credit Card,Delivered
O004516,C01428,2025-08-14,Debit Card,Cancelled
O004517,C00852,2025-05-02,Cash on Delivery,Delivered
O004518,C01372,2025-12-12,UPI,Delivered
O004519,C01752,2024-07-21,UPI,Delivered
O004520,C00597,2025-10-12,Net Banking,Delivered
O004521,C01226,2025-03-05,Credit Card,Delivered
O004522,C00213,2024-05-03,Debit Card,Cancelled
O004523,C01265,2024-09-07,Debit Card,Delivered
O004524,C00365,2024-06-07,Cash on Delivery,Delivered
O004525,C01506,2024-03-13,UPI,Delivered
O004526,C00209,2024-03-13,Credit Card,Delivered
O004527,C00292,2024-01-20,Cash on Delivery,Delivered
O004528,C01533,2024-12-05,Debit Card,Delivered
O004529,C00452,2024-01-09,Debit Card,Delivered
O004530,C00335,2025-05-03,UPI,Delivered
O004531,C01756,2025-08-21,UPI,Delivered
O004532,C00232,2025-04-05,Credit Card,Delivered
O004533,C01391,2024-04-28,Credit Card,Delivered
O004534,C01211,2024-01-22,Net Banking,Delivered
O004535,C01862,2025-04-25,UPI,Delivered
O004536,C01418,2025-07-03,Debit Card,Delivered
O004537,C00415,2025-02-26,Debit Card,Delivered
O004538,C00619,2025-12-16,Net Banking,Delivered
O004539,C00625,2024-03-02,Cash on Delivery,Cancelled
O004540,C01023,2025-03-20,Cash on Delivery,Cancelled
O004541,C01189,2024-10-24,Net Banking,Delivered
O004542,C00555,2024-01-20,Net Banking,Delivered
O004543,C01648,2025-07-30,UPI,Delivered
O004544,C01258,2025-07-24,Net Banking,Cancelled
O004545,C01402,2024-04-11,Debit Card,Delivered
O004546,C01254,2024-12-18,Debit Card,Delivered
O004547,C01614,2025-05-07,Net Banking,Delivered
O004548,C00528,2025-05-05,Debit Card,Delivered
O004549,C00814,2025-08-26,Credit Card,Delivered
O004550,C00328,2024-10-05,Cash on Delivery,Delivered
O004551,C00849,2024-05-24,UPI,Delivered
O004552,C00927,2024-07-05,Net Banking,Delivered
O004553,C00654,2025-05-21,Credit Card,Delivered
O004554,C01868,2025-11-28,Debit Card,Cancelled
O004555,C00315,2024-06-21,UPI,Delivered
O004556,C01815,2024-08-18,Credit Card,Cancelled
O004557,C00172,2024-05-30,Credit Card,Cancelled
O004558,C00275,2025-02-19,UPI,Delivered
O004559,C01173,2025-10-14,Credit Card,Delivered
O004560,C01214,2024-07-09,Debit Card,Delivered
O004561,C00147,2025-07-18,Debit Card,Delivered
O004562,C00448,2025-08-28,UPI,Cancelled
O004563,C00651,2025-09-18,Debit Card,Cancelled
O004564,C00824,2025-09-02,Credit Card,Delivered
O004565,C00501,2024-10-20,Debit Card,Delivered
O004566,C01323,2025-08-21,Net Banking,Delivered
O004567,C01694,2024-07-21,Cash on Delivery,Delivered
O004568,C01361,2025-05-27,Credit Card,Delivered
O004569,C00884,2024-02-10,Net Banking,Delivered
O004570,C00687,2024-08-01,Debit Card,Cancelled
O004571,C01054,2024-03-05,UPI,Cancelled
O004572,C00696,2025-12-27,UPI,Delivered
O004573,C00420,2024-04-21,Cash on Delivery,Delivered
O004574,C01341,2025-05-02,Debit Card,Delivered
O004575,C00090,2024-01-18,Debit Card,Cancelled
O004576,C01095,2025-05-10,Credit Card,Delivered
O004577,C00132,2025-03-25,UPI,Delivered
O004578,C01742,2025-11-04,Credit Card,Delivered
O004579,C01946,2024-03-21,Credit Card,Delivered
O004580,C00763,2024-03-27,Debit Card,Cancelled
O004581,C01358,2024-12-22,Cash on Delivery,Delivered
O004582,C01457,2025-12-21,Credit Card,Delivered
O004583,C01782,2025-04-07,Credit Card,Delivered
O004584,C01098,2024-04-05,Net Banking,Delivered
O004585,C00611,2024-03-24,UPI,Delivered
O004586,C01564,2024-04-20,Cash on Delivery,Delivered
O004587,C01088,2024-08-07,Debit Card,Delivered
O004588,C01140,2024-07-22,Credit Card,Delivered
O004589,C00634,2025-11-25,Debit Card,Delivered
O004590,C01715,2024-05-20,UPI,Delivered
O004591,C01628,2024-03-13,Net Banking,Delivered
O004592,C01168,2024-03-01,Cash on Delivery,Delivered
O004593,C00906,2025-01-18,Cash on Delivery,Delivered
O004594,C00501,2025-10-18,Cash on Delivery,Cancelled
O004595,C00671,2024-10-07,Net Banking,Delivered
O004596,C00578,2025-12-09,Net Banking,Delivered
O004597,C01534,2025-10-13,Debit Card,Delivered
O004598,C01221,2024-06-10,Net Banking,Delivered
O004599,C00446,2024-10-30,Debit Card,Delivered
O004600,C00229,2024-03-19,Cash on Delivery,Delivered
O004601,C01465,2025-01-16,Cash on Delivery,Delivered
O004602,C00367,2025-09-09,UPI,Delivered
O004603,C00375,2024-01-18,UPI,Delivered
O004604,C00094,2024-11-17,UPI,Cancelled
O004605,C00519,2024-02-27,Cash on Delivery,Delivered
O004606,C01630,2025-01-12,UPI,Delivered
O004607,C01501,2025-04-30,Credit Card,Cancelled
O004608,C01879,2024-02-29,Cash on Delivery,Delivered
O004609,C00185,2024-06-12,Net Banking,Cancelled
O004610,C00915,2025-06-17,UPI,Delivered
O004611,C01205,2024-11-22,Net Banking,Cancelled
O004612,C00569,2024-10-18,Cash on Delivery,Cancelled
O004613,C00198,2025-11-22,Debit Card,Cancelled
O004614,C01431,2024-08-31,UPI,Cancelled
O004615,C00041,2025-05-07,UPI,Delivered
O004616,C00865,2025-12-06,Net Banking,Delivered
O004617,C01511,2024-12-16,Credit Card,Delivered
O004618,C00128,2025-09-20,UPI,Delivered
O004619,C01532,2024-05-05,UPI,Delivered
O004620,C00397,2024-05-19,Debit Card,Delivered
O004621,C01788,2024-08-20,UPI,Delivered
O004622,C01294,2024-01-08,UPI,Delivered
O004623,C01659,2025-12-02,Credit Card,Delivered
O004624,C00501,2024-05-18,Cash on Delivery,Delivered
O004625,C01127,2025-05-27,Cash on Delivery,Delivered
O004626,C01133,2025-03-16,Net Banking,Delivered
O004627,C01726,2025-05-05,Cash on Delivery,Delivered
O004628,C01352,2025-04-16,Cash on Delivery,Cancelled
O004629,C00128,2025-10-25,UPI,Delivered
O004630,C01094,2024-01-25,Net Banking,Delivered
O004631,C01685,2024-04-01,Net Banking,Delivered
O004632,C01912,2024-09-23,Credit Card,Delivered
O004633,C00364,2024-09-26,Cash on Delivery,Delivered
O004634,C01807,2025-01-10,Cash on Delivery,Cancelled
O004635,C01829,2025-04-21,Credit Card,Delivered
O004636,C00440,2025-04-11,Net Banking,Delivered
O004637,C01844,2025-02-28,UPI,Cancelled
O004638,C00689,2024-01-04,UPI,Cancelled
O004639,C01870,2024-05-03,Net Banking,Delivered
O004640,C00815,2025-02-09,Net Banking,Delivered
O004641,C00508,2025-07-30,Net Banking,Cancelled
O004642,C00625,2024-07-16,UPI,Delivered
O004643,C01994,2025-12-20,UPI,Delivered
O004644,C00318,2024-04-04,Debit Card,Delivered
O004645,C00412,2024-05-29,Credit Card,Cancelled
O004646,C00313,2025-04-15,UPI,Cancelled
O004647,C01740,2024-01-23,Cash on Delivery,Delivered
O004648,C00716,2025-02-20,Credit Card,Delivered
O004649,C01510,2024-01-18,Cash on Delivery,Delivered
O004650,C01083,2025-02-06,Net Banking,Delivered
O004651,C01451,2025-02-01,UPI,Delivered
O004652,C01952,2025-08-14,Cash on Delivery,Delivered
O004653,C00790,2024-04-28,UPI,Delivered
O004654,C00866,2024-06-17,Debit Card,Cancelled
O004655,C00343,2025-11-04,UPI,Cancelled
O004656,C01071,2024-10-10,UPI,Delivered
O004657,C00507,2024-03-30,UPI,Cancelled
O004658,C00261,2025-11-28,Debit Card,Delivered
O004659,C01959,2024-06-17,Credit Card,Delivered
O004660,C01881,2024-01-23,Debit Card,Delivered
O004661,C00722,2024-09-11,Cash on Delivery,Delivered
O004662,C01187,2024-04-17,Cash on Delivery,Delivered
O004663,C01109,2024-06-19,Debit Card,Delivered
O004664,C01354,2024-03-05,Debit Card,Delivered
O004665,C01467,2025-07-19,Cash on Delivery,Delivered
O004666,C01437,2025-06-21,Net Banking,Delivered
O004667,C00755,2024-04-08,Net Banking,Cancelled
O004668,C00788,2024-07-26,Credit Card,Cancelled
O004669,C01782,2024-07-31,Credit Card,Delivered
O004670,C00284,2025-01-09,UPI,Delivered
O004671,C00631,2024-06-03,Debit Card,Cancelled
O004672,C01159,2024-03-12,Cash on Delivery,Delivered
O004673,C00704,2024-09-27,Debit Card,Delivered
O004674,C01234,2025-07-03,UPI,Delivered
O004675,C01287,2025-03-04,UPI,Delivered
O004676,C01512,2025-05-21,Credit Card,Delivered
O004677,C01187,2024-08-16,Cash on Delivery,Delivered
O004678,C00912,2024-12-28,UPI,Delivered
O004679,C00293,2025-08-01,Cash on Delivery,Delivered
O004680,C00867,2025-09-20,Cash on Delivery,Delivered
O004681,C00129,2025-01-20,Net Banking,Cancelled
O004682,C01268,2024-12-04,Credit Card,Delivered
O004683,C01152,2025-02-02,UPI,Cancelled
O004684,C00937,2024-11-06,Debit Card,Delivered
O004685,C00523,2025-12-17,Cash on Delivery,Delivered
O004686,C01405,2024-05-29,Net Banking,Cancelled
O004687,C00583,2024-07-13,Net Banking,Delivered
O004688,C00155,2024-05-14,Cash on Delivery,Delivered
O004689,C01644,2024-06-02,Cash on Delivery,Cancelled
O004690,C01735,2025-06-17,Debit Card,Delivered
O004691,C00842,2025-10-19,Debit Card,Delivered
O004692,C01719,2025-11-20,Credit Card,Delivered
O004693,C00423,2025-07-11,Credit Card,Cancelled
O004694,C01099,2024-08-06,Cash on Delivery,Delivered
O004695,C00780,2024-11-01,Debit Card,Cancelled
O004696,C01094,2024-03-20,UPI,Delivered
O004697,C00594,2025-03-29,Debit Card,Delivered
O004698,C01623,2025-09-08,Cash on Delivery,Delivered
O004699,C01358,2025-08-18,Net Banking,Delivered
O004700,C01794,2025-04-01,UPI,Delivered
O004701,C00243,2024-08-30,Net Banking,Delivered
O004702,C00336,2024-05-08,Net Banking,Delivered
O004703,C01969,2025-09-08,Debit Card,Delivered
O004704,C00820,2024-06-08,Credit Card,Cancelled
O004705,C01847,2025-07-14,UPI,Delivered
O004706,C01721,2025-01-13,Cash on Delivery,Delivered
O004707,C00555,2024-12-02,Cash on Delivery,Delivered
O004708,C00735,2025-11-16,Cash on Delivery,Delivered
O004709,C01578,2024-12-12,Credit Card,Delivered
O004710,C01140,2024-11-25,Net Banking,Cancelled
O004711,C01138,2025-04-08,Credit Card,Delivered
O004712,C00676,2025-08-03,Credit Card,Cancelled
O004713,C01129,2024-07-30,Credit Card,Cancelled
O004714,C01219,2025-09-25,Net Banking,Delivered
O004715,C01707,2024-09-04,UPI,Cancelled
O004716,C00712,2025-04-28,Credit Card,Delivered
O004717,C00030,2024-03-24,UPI,Delivered
O004718,C01615,2025-04-16,Credit Card,Delivered
O004719,C00097,2024-10-24,UPI,Delivered
O004720,C01392,2024-11-29,Credit Card,Delivered
O004721,C01557,2024-06-04,Net Banking,Delivered
O004722,C01213,2025-03-16,Net Banking,Cancelled
O004723,C00729,2024-10-01,Net Banking,Delivered
O004724,C01867,2024-10-17,Cash on Delivery,Delivered
O004725,C00794,2025-11-28,Debit Card,Delivered
O004726,C01143,2025-05-06,Debit Card,Cancelled
O004727,C00393,2025-09-28,Cash on Delivery,Cancelled
O004728,C01362,2024-02-19,Debit Card,Delivered
O004729,C00920,2024-12-15,Debit Card,Cancelled
O004730,C01559,2024-05-09,Net Banking,Delivered
O004731,C01339,2025-11-21,UPI,Cancelled
O004732,C00967,2024-01-27,Credit Card,Delivered
O004733,C01799,2025-02-01,UPI,Delivered
O004734,C00232,2024-07-15,Net Banking,Delivered
O004735,C00876,2025-03-31,Credit Card,Delivered
O004736,C00098,2024-11-14,UPI,Delivered
O004737,C00621,2024-08-15,Debit Card,Delivered
O004738,C01232,2025-04-14,Cash on Delivery,Delivered
O004739,C00806,2025-10-04,Credit Card,Delivered
O004740,C01956,2025-11-12,Credit Card,Delivered
O004741,C01677,2025-05-16,Debit Card,Delivered
O004742,C00617,2025-02-16,UPI,Delivered
O004743,C00291,2024-09-30,Debit Card,Delivered
O004744,C00240,2024-11-05,Debit Card,Delivered
O004745,C01252,2024-01-24,Cash on Delivery,Delivered
O004746,C01787,2024-03-30,Net Banking,Delivered
O004747,C00646,2024-05-19,Net Banking,Delivered
O004748,C00378,2025-09-20,Cash on Delivery,Delivered
O004749,C00256,2024-09-07,Cash on Delivery,Delivered
O004750,C00680,2024-11-29,Credit Card,Delivered
O004751,C01909,2025-09-06,Debit Card,Delivered
O004752,C00901,2024-05-24,Cash on Delivery,Delivered
O004753,C01022,2024-10-04,Debit Card,Delivered
O004754,C01845,2024-07-09,Credit Card,Cancelled
O004755,C00591,2024-02-26,Debit Card,Delivered
O004756,C01224,2024-06-16,Credit Card,Cancelled
O004757,C00896,2025-05-25,Debit Card,Delivered
O004758,C00198,2024-10-15,Net Banking,Delivered
O004759,C01095,2024-10-15,Credit Card,Delivered
O004760,C00013,2024-04-22,Net Banking,Delivered
O004761,C01986,2025-08-28,Credit Card,Delivered
O004762,C00683,2024-09-01,Debit Card,Delivered
O004763,C00209,2024-04-04,Credit Card,Cancelled
O004764,C00116,2024-01-08,UPI,Delivered
O004765,C00808,2024-09-04,UPI,Delivered
O004766,C01939,2025-06-18,UPI,Delivered
O004767,C01904,2024-01-09,Debit Card,Delivered
O004768,C00486,2025-07-10,Credit Card,Delivered
O004769,C01014,2024-09-12,UPI,Delivered
O004770,C01098,2024-06-15,Cash on Delivery,Delivered
O004771,C01265,2024-12-27,Debit Card,Cancelled
O004772,C00658,2025-03-16,Cash on Delivery,Delivered
O004773,C01135,2025-09-09,Debit Card,Delivered
O004774,C00371,2024-09-06,Cash on Delivery,Delivered
O004775,C00349,2025-11-29,Net Banking,Delivered
O004776,C00287,2024-06-29,Cash on Delivery,Delivered
O004777,C00208,2025-03-12,Net Banking,Delivered
O004778,C01029,2024-02-21,UPI,Delivered
O004779,C01260,2024-10-26,UPI,Delivered
O004780,C00137,2024-08-08,UPI,Delivered
O004781,C01877,2025-04-12,UPI,Cancelled
O004782,C01745,2024-06-13,Debit Card,Delivered
O004783,C00632,2025-02-13,Debit Card,Delivered
O004784,C00918,2024-06-17,Credit Card,Delivered
O004785,C00966,2024-03-20,Credit Card,Delivered
O004786,C01308,2025-03-11,UPI,Delivered
O004787,C00610,2024-08-03,Net Banking,Cancelled
O004788,C01499,2025-07-10,Debit Card,Delivered
O004789,C01707,2025-04-17,Net Banking,Delivered
O004790,C00730,2025-11-17,Cash on Delivery,Delivered
O004791,C01439,2025-09-19,Net Banking,Cancelled
O004792,C00941,2025-10-29,UPI,Delivered
O004793,C01736,2025-06-05,Cash on Delivery,Delivered
O004794,C00076,2024-02-28,Debit Card,Delivered
O004795,C01001,2025-03-21,Credit Card,Delivered
O004796,C00456,2025-11-24,Credit Card,Delivered
O004797,C01086,2025-05-16,Credit Card,Delivered
O004798,C01790,2024-11-23,UPI,Delivered
O004799,C00491,2025-06-13,Net Banking,Cancelled
O004800,C01881,2025-08-10,Net Banking,Delivered
O004801,C00875,2024-12-04,Net Banking,Cancelled
O004802,C00972,2024-09-03,Cash on Delivery,Cancelled
O004803,C01822,2025-09-23,UPI,Cancelled
O004804,C00140,2024-09-05,Credit Card,Delivered
O004805,C00983,2024-06-02,Cash on Delivery,Delivered
O004806,C00403,2024-06-02,UPI,Cancelled
O004807,C00891,2024-02-08,UPI,Delivered
O004808,C00642,2025-09-15,Credit Card,Delivered
O004809,C00912,2025-01-18,Net Banking,Delivered
O004810,C00670,2025-01-22,Cash on Delivery,Delivered
O004811,C01898,2024-02-06,Credit Card,Delivered
O004812,C00989,2024-08-01,Cash on Delivery,Delivered
O004813,C00208,2024-11-23,Cash on Delivery,Cancelled
O004814,C01769,2024-04-02,UPI,Delivered
O004815,C01405,2024-04-06,Debit Card,Delivered
O004816,C00572,2024-12-17,Net Banking,Delivered
O004817,C00180,2024-05-12,Net Banking,Delivered
O004818,C01521,2025-04-12,Net Banking,Delivered
O004819,C01214,2024-09-10,Net Banking,Cancelled
O004820,C01910,2025-04-04,UPI,Delivered
O004821,C00460,2024-10-24,UPI,Delivered
O004822,C00280,2024-07-02,Cash on Delivery,Cancelled
O004823,C01179,2025-03-23,UPI,Delivered
O004824,C01289,2024-01-17,Cash on Delivery,Delivered
O004825,C01990,2024-08-09,Debit Card,Delivered
O004826,C01249,2024-01-14,Cash on Delivery,Cancelled
O004827,C01200,2025-05-14,UPI,Delivered
O004828,C00230,2025-08-31,UPI,Cancelled
O004829,C01220,2025-10-26,Debit Card,Delivered
O004830,C00467,2025-03-23,Credit Card,Cancelled
O004831,C01856,2024-01-04,Credit Card,Delivered
O004832,C00336,2025-12-09,UPI,Delivered
O004833,C01107,2024-12-24,Cash on Delivery,Delivered
O004834,C01359,2024-08-08,Cash on Delivery,Delivered
O004835,C01853,2024-04-11,Debit Card,Delivered
O004836,C01333,2025-10-15,Debit Card,Delivered
O004837,C00568,2024-11-08,Cash on Delivery,Cancelled
O004838,C01591,2024-01-29,Credit Card,Cancelled
O004839,C01539,2025-11-26,Net Banking,Cancelled
O004840,C01484,2025-02-18,Net Banking,Cancelled
O004841,C00760,2025-12-14,Credit Card,Cancelled
O004842,C01866,2025-02-13,Debit Card,Delivered
O004843,C00673,2024-01-31,Net Banking,Cancelled
O004844,C00714,2024-09-19,Cash on Delivery,Delivered
O004845,C01937,2025-05-15,Cash on Delivery,Delivered
O004846,C01726,2024-01-13,Debit Card,Delivered
O004847,C00294,2024-02-23,UPI,Cancelled
O004848,C00948,2024-12-30,Debit Card,Cancelled
O004849,C01353,2024-03-14,UPI,Delivered
O004850,C00613,2025-10-06,Cash on Delivery,Cancelled
O004851,C00385,2025-09-15,Cash on Delivery,Delivered
O004852,C01841,2024-11-18,UPI,Delivered
O004853,C00030,2025-07-15,Cash on Delivery,Cancelled
O004854,C01084,2024-08-21,Credit Card,Delivered
O004855,C01896,2024-08-01,UPI,Delivered
O004856,C01618,2024-09-03,UPI,Delivered
O004857,C00872,2025-08-08,Debit Card,Delivered
O004858,C01072,2024-09-25,Net Banking,Cancelled
O004859,C00215,2024-11-06,UPI,Delivered
O004860,C01488,2024-03-02,UPI,Delivered
O004861,C00430,2025-03-08,Cash on Delivery,Cancelled
O004862,C00700,2025-08-24,Cash on Delivery,Cancelled
O004863,C00234,2024-08-31,UPI,Cancelled
O004864,C00504,2025-01-18,Cash on Delivery,Delivered
O004865,C01709,2025-04-20,Cash on Delivery,Delivered
O004866,C00564,2024-02-06,Debit Card,Cancelled
O004867,C00024,2024-11-01,Net Banking,Delivered
O004868,C01512,2024-08-19,Debit Card,Cancelled
O004869,C01291,2025-06-24,Cash on Delivery,Delivered
O004870,C00912,2024-12-19,Debit Card,Delivered
O004871,C00759,2025-01-18,UPI,Cancelled
O004872,C01765,2025-10-21,Credit Card,Delivered
O004873,C01199,2025-05-12,Credit Card,Delivered
O004874,C01686,2025-12-08,Debit Card,Delivered
O004875,C01287,2024-04-04,Debit Card,Cancelled
O004876,C01103,2025-10-16,Cash on Delivery,Delivered
O004877,C01969,2024-10-17,Cash on Delivery,Delivered
O004878,C00400,2025-12-29,Credit Card,Delivered
O004879,C00041,2025-04-24,Debit Card,Delivered
O004880,C00250,2024-03-20,Cash on Delivery,Delivered
O004881,C01613,2024-01-23,Cash on Delivery,Delivered
O004882,C00022,2024-06-22,Credit Card,Cancelled
O004883,C00258,2024-02-07,Net Banking,Delivered
O004884,C00630,2025-10-03,UPI,Delivered
O004885,C00716,2024-01-09,UPI,Delivered
O004886,C01482,2024-04-17,Net Banking,Delivered
O004887,C01176,2024-03-22,UPI,Cancelled
O004888,C00672,2024-09-07,Cash on Delivery,Delivered
O004889,C01753,2025-10-31,Credit Card,Delivered
O004890,C00088,2025-06-18,Credit Card,Delivered
O004891,C01801,2025-07-16,UPI,Delivered
O004892,C01464,2024-12-04,Debit Card,Delivered
O004893,C00143,2024-06-24,Debit Card,Cancelled
O004894,C01017,2024-05-12,Credit Card,Delivered
O004895,C01552,2024-03-09,Net Banking,Delivered
O004896,C01874,2024-05-28,Credit Card,Delivered
O004897,C01414,2025-07-16,Debit Card,Cancelled
O004898,C01476,2025-12-01,Cash on Delivery,Delivered
O004899,C01164,2025-09-22,Credit Card,Delivered
O004900,C00724,2024-10-13,UPI,Cancelled
O004901,C00124,2025-09-25,UPI,Delivered
O004902,C01116,2025-12-02,Debit Card,Delivered
O004903,C00186,2025-02-21,Credit Card,Delivered
O004904,C00923,2024-01-04,Debit Card,Delivered
O004905,C01333,2025-12-26,Debit Card,Delivered
O004906,C01681,2025-06-18,Credit Card,Cancelled
O004907,C00999,2025-11-05,Cash on Delivery,Delivered
O004908,C00732,2024-02-10,Debit Card,Delivered
O004909,C00208,2024-07-20,Net Banking,Delivered
O004910,C00505,2025-11-17,Credit Card,Cancelled
O004911,C00088,2025-09-01,Debit Card,Cancelled
O004912,C01866,2024-02-03,Credit Card,Delivered
O004913,C00996,2024-03-27,Credit Card,Delivered
O004914,C00058,2024-02-07,Credit Card,Cancelled
O004915,C01218,2024-08-24,Credit Card,Delivered
O004916,C00840,2024-02-28,UPI,Delivered
O004917,C00605,2024-07-23,UPI,Delivered
O004918,C00774,2024-09-12,Cash on Delivery,Delivered
O004919,C00141,2025-06-18,Net Banking,Delivered
O004920,C00072,2025-04-20,Cash on Delivery,Cancelled
O004921,C01427,2025-09-06,Net Banking,Delivered
O004922,C01300,2025-09-23,Credit Card,Delivered
O004923,C01097,2024-10-21,Debit Card,Delivered
O004924,C01697,2024-07-28,Debit Card,Delivered
O004925,C01998,2025-06-26,Debit Card,Delivered
O004926,C00077,2024-05-12,UPI,Cancelled
O004927,C01120,2025-12-19,UPI,Delivered
O004928,C00439,2024-04-17,UPI,Delivered
O004929,C00997,2025-03-29,Credit Card,Delivered
O004930,C00276,2024-12-23,Cash on Delivery,Cancelled
O004931,C01787,2024-04-03,UPI,Delivered
O004932,C01298,2024-04-08,Debit Card,Delivered
O004933,C00929,2024-09-05,UPI,Cancelled
O004934,C01547,2025-10-31,Cash on Delivery,Delivered
O004935,C01213,2024-04-24,Credit Card,Delivered
O004936,C01898,2025-08-07,UPI,Delivered
O004937,C01178,2025-03-29,UPI,Delivered
O004938,C01015,2025-11-20,Credit Card,Cancelled
O004939,C01284,2025-10-22,UPI,Cancelled
O004940,C00356,2025-11-26,UPI,Cancelled
O004941,C01564,2024-11-17,Debit Card,Cancelled
O004942,C01043,2025-05-09,Debit Card,Delivered
O004943,C01785,2024-12-13,Debit Card,Delivered
O004944,C00230,2025-06-03,Credit Card,Delivered
O004945,C01102,2024-04-05,Net Banking,Delivered
O004946,C01733,2025-02-09,Credit Card,Delivered
O004947,C00545,2025-02-13,Credit Card,Delivered
O004948,C01315,2024-07-05,Cash on Delivery,Cancelled
O004949,C01966,2025-03-24,Debit Card,Delivered
O004950,C01616,2025-01-06,UPI,Delivered
O004951,C01719,2025-05-28,Net Banking,Delivered
O004952,C01589,2025-01-15,Debit Card,Delivered
O004953,C00416,2024-08-05,Debit Card,Delivered
O004954,C01210,2024-09-07,Cash on Delivery,Cancelled
O004955,C01846,2025-08-23,UPI,Cancelled
O004956,C01011,2025-07-21,Credit Card,Cancelled
O004957,C00963,2025-01-09,Net Banking,Delivered
O004958,C01970,2024-06-24,Cash on Delivery,Delivered
O004959,C01500,2024-03-12,Credit Card,Delivered
O004960,C00829,2024-07-23,Credit Card,Delivered
O004961,C00921,2025-08-18,UPI,Delivered
O004962,C00194,2024-08-18,Credit Card,Delivered
O004963,C01240,2025-07-06,UPI,Cancelled
O004964,C01871,2024-03-05,UPI,Delivered
O004965,C00396,2024-10-01,Debit Card,Delivered
O004966,C01986,2025-03-09,UPI,Delivered
O004967,C01117,2025-10-10,UPI,Delivered
O004968,C00715,2025-11-08,Debit Card,Delivered
O004969,C01987,2024-07-07,UPI,Delivered
O004970,C00139,2025-05-27,Debit Card,Delivered
O004971,C01767,2025-05-17,Cash on Delivery,Delivered
O004972,C01252,2025-07-25,UPI,Delivered
O004973,C00923,2025-10-26,Credit Card,Delivered
O004974,C00550,2024-06-08,Debit Card,Delivered
O004975,C00041,2025-06-23,UPI,Delivered
O004976,C01413,2024-03-01,Cash on Delivery,Delivered
O004977,C00205,2024-02-28,Credit Card,Delivered
O004978,C00555,2025-01-19,Debit Card,Delivered
O004979,C01721,2024-02-16,Cash on Delivery,Delivered
O004980,C00122,2024-06-14,Cash on Delivery,Delivered
O004981,C01464,2024-01-11,Net Banking,Delivered
O004982,C01956,2025-06-04,Net Banking,Delivered
O004983,C00296,2024-06-16,Cash on Delivery,Cancelled
O004984,C01950,2024-12-29,Net Banking,Delivered
O004985,C01203,2025-09-27,Cash on Delivery,Delivered
O004986,C00310,2024-10-26,Net Banking,Delivered
O004987,C01773,2024-05-25,Cash on Delivery,Delivered
O004988,C00420,2025-01-13,UPI,Delivered
O004989,C00161,2024-03-22,Cash on Delivery,Delivered
O004990,C01625,2024-09-21,UPI,Delivered
O004991,C00029,2024-06-11,Debit Card,Delivered
O004992,C00354,2025-09-24,Net Banking,Delivered
O004993,C00221,2025-04-03,Credit Card,Cancelled
O004994,C00106,2025-08-14,UPI,Delivered
O004995,C00626,2025-02-13,Net Banking,Cancelled
O004996,C00884,2025-02-03,UPI,Delivered
O004997,C00441,2025-10-28,UPI,Delivered
O004998,C00306,2024-08-31,Cash on Delivery,Delivered
O004999,C00919,2025-08-13,Debit Card,Delivered
O005000,C00115,2024-08-30,Credit Card,Delivered
O005001,C00066,2025-07-04,Cash on Delivery,Delivered
O005002,C01597,2024-12-18,Cash on Delivery,Delivered
O005003,C01830,2025-05-23,Cash on Delivery,Delivered
O005004,C00144,2024-04-29,Debit Card,Delivered
O005005,C00839,2025-10-20,Cash on Delivery,Cancelled
O005006,C00064,2025-01-26,UPI,Delivered
O005007,C00953,2024-03-23,Net Banking,Cancelled
O005008,C00642,2025-12-11,UPI,Delivered
O005009,C00197,2024-04-11,Net Banking,Delivered
O005010,C00280,2024-06-18,Debit Card,Cancelled
O005011,C01978,2025-12-13,UPI,Delivered
O005012,C01636,2024-10-09,Net Banking,Delivered
O005013,C01261,2024-10-26,Net Banking,Delivered
O005014,C00389,2024-12-17,UPI,Delivered
O005015,C00352,2025-11-05,Credit Card,Delivered
O005016,C00224,2025-04-26,Credit Card,Delivered
O005017,C01160,2025-02-02,UPI,Cancelled
O005018,C00968,2024-06-06,UPI,Delivered
O005019,C01016,2025-08-28,UPI,Delivered
O005020,C00052,2024-11-06,Net Banking,Delivered
O005021,C00648,2024-05-25,Net Banking,Delivered
O005022,C01523,2024-02-23,Net Banking,Delivered
O005023,C01016,2024-08-03,UPI,Delivered
O005024,C01121,2024-11-24,Cash on Delivery,Delivered
O005025,C00971,2024-05-07,Net Banking,Delivered
O005026,C00526,2025-06-17,Credit Card,Delivered
O005027,C00111,2024-08-26,Credit Card,Delivered
O005028,C01556,2025-11-06,Debit Card,Delivered
O005029,C01755,2025-03-24,Credit Card,Delivered
O005030,C00739,2025-05-18,Credit Card,Delivered
O005031,C01327,2024-03-20,Credit Card,Delivered
O005032,C00702,2024-04-24,Credit Card,Delivered
O005033,C01867,2024-12-24,Debit Card,Delivered
O005034,C00291,2025-11-11,Cash on Delivery,Delivered
O005035,C01195,2024-03-24,Debit Card,Delivered
O005036,C01520,2025-08-01,Cash on Delivery,Delivered
O005037,C01810,2024-03-26,UPI,Cancelled
O005038,C00047,2024-07-05,Credit Card,Delivered
O005039,C00862,2024-01-13,Debit Card,Delivered
O005040,C00194,2025-11-25,Credit Card,Delivered
O005041,C00964,2024-12-23,Credit Card,Delivered
O005042,C01235,2024-05-25,Debit Card,Cancelled
O005043,C00050,2024-07-26,Credit Card,Delivered
O005044,C01942,2024-01-23,Debit Card,Delivered
O005045,C01197,2025-01-04,Debit Card,Delivered
O005046,C00783,2025-05-29,UPI,Delivered
O005047,C00218,2025-02-16,Cash on Delivery,Delivered
O005048,C00655,2024-12-17,Cash on Delivery,Cancelled
O005049,C01889,2024-09-30,UPI,Delivered
O005050,C01650,2024-07-25,Net Banking,Cancelled
O005051,C01804,2024-04-01,Net Banking,Delivered
O005052,C01501,2025-12-20,Debit Card,Cancelled
O005053,C01813,2025-03-03,Net Banking,Delivered
O005054,C00981,2024-03-06,Cash on Delivery,Delivered
O005055,C01621,2024-10-02,Cash on Delivery,Delivered
O005056,C00260,2024-12-01,Credit Card,Delivered
O005057,C00777,2024-06-13,UPI,Delivered
O005058,C01025,2024-04-26,Debit Card,Delivered
O005059,C00935,2024-11-04,UPI,Cancelled
O005060,C01535,2025-01-25,UPI,Cancelled
O005061,C02000,2024-11-30,UPI,Cancelled
O005062,C00225,2025-01-29,Cash on Delivery,Delivered
O005063,C01005,2024-09-16,UPI,Cancelled
O005064,C00268,2024-02-11,UPI,Delivered
O005065,C00090,2024-12-08,UPI,Delivered
O005066,C01170,2024-07-30,Cash on Delivery,Delivered
O005067,C00805,2024-10-14,Cash on Delivery,Delivered
O005068,C01708,2024-03-16,UPI,Delivered
O005069,C00472,2024-02-08,Debit Card,Cancelled
O005070,C00551,2025-05-18,Credit Card,Delivered
O005071,C00920,2024-10-24,Cash on Delivery,Delivered
O005072,C01033,2025-07-22,UPI,Delivered
O005073,C01176,2025-12-21,Cash on Delivery,Delivered
O005074,C00653,2024-11-24,Debit Card,Delivered
O005075,C00384,2024-05-30,UPI,Delivered
O005076,C00345,2024-08-16,UPI,Delivered
O005077,C00409,2024-05-27,Net Banking,Delivered
O005078,C01775,2024-11-08,UPI,Delivered
O005079,C01849,2024-05-17,Debit Card,Delivered
O005080,C01800,2025-04-06,UPI,Delivered
O005081,C00005,2024-08-02,UPI,Delivered
O005082,C00038,2025-02-15,Debit Card,Delivered
O005083,C00510,2025-04-16,Debit Card,Delivered
O005084,C00929,2025-01-18,Credit Card,Cancelled
O005085,C00228,2025-02-06,Cash on Delivery,Delivered
O005086,C00007,2024-12-02,Debit Card,Cancelled
O005087,C01574,2024-03-25,Cash on Delivery,Delivered
O005088,C00249,2025-06-13,UPI,Delivered
O005089,C01635,2024-02-08,UPI,Delivered
O005090,C01188,2025-05-17,Cash on Delivery,Delivered
O005091,C00788,2024-07-12,Cash on Delivery,Delivered
O005092,C01681,2024-03-27,UPI,Delivered
O005093,C00413,2024-06-19,Net Banking,Cancelled
O005094,C01379,2024-03-30,Cash on Delivery,Cancelled
O005095,C01489,2024-02-11,Debit Card,Cancelled
O005096,C00092,2025-11-26,Net Banking,Delivered
O005097,C01110,2024-01-28,Debit Card,Delivered
O005098,C00615,2025-03-22,Credit Card,Delivered
O005099,C01931,2024-07-25,Cash on Delivery,Cancelled
O005100,C00871,2024-07-04,Debit Card,Delivered
O005101,C00796,2024-02-21,Credit Card,Delivered
O005102,C00104,2025-02-17,UPI,Cancelled
O005103,C01672,2024-03-19,Cash on Delivery,Cancelled
O005104,C00568,2024-08-01,Net Banking,Delivered
O005105,C00890,2024-06-24,UPI,Delivered
O005106,C01481,2025-11-16,Credit Card,Delivered
O005107,C00169,2025-04-26,UPI,Cancelled
O005108,C01808,2025-06-27,UPI,Delivered
O005109,C01357,2025-07-09,Cash on Delivery,Cancelled
O005110,C01323,2024-11-10,Debit Card,Delivered
O005111,C00676,2024-10-31,Credit Card,Cancelled
O005112,C01972,2024-11-01,Net Banking,Delivered
O005113,C01993,2024-03-19,UPI,Delivered
O005114,C01303,2024-06-19,Debit Card,Delivered
O005115,C00141,2025-07-24,Debit Card,Delivered
O005116,C00664,2025-10-02,Debit Card,Delivered
O005117,C00846,2025-11-14,Credit Card,Delivered
O005118,C00659,2025-06-21,Net Banking,Cancelled
O005119,C01244,2024-07-27,Cash on Delivery,Delivered
O005120,C00581,2025-01-19,Cash on Delivery,Delivered
O005121,C01768,2024-06-08,Credit Card,Delivered
O005122,C00304,2024-05-12,UPI,Delivered
O005123,C00120,2025-09-02,Credit Card,Delivered
O005124,C01805,2024-06-07,Net Banking,Delivered
O005125,C01660,2024-09-27,Credit Card,Cancelled
O005126,C01865,2025-05-09,UPI,Cancelled
O005127,C00312,2024-08-11,Credit Card,Delivered
O005128,C01052,2025-07-02,Net Banking,Cancelled
O005129,C01890,2025-04-08,Debit Card,Delivered
O005130,C00306,2024-08-11,Net Banking,Delivered
O005131,C00069,2025-07-24,Credit Card,Cancelled
O005132,C01818,2024-01-03,UPI,Delivered
O005133,C01411,2024-03-14,Debit Card,Delivered
O005134,C00958,2024-05-23,UPI,Delivered
O005135,C01305,2025-01-25,Cash on Delivery,Delivered
O005136,C00639,2025-12-06,Credit Card,Delivered
O005137,C00706,2025-06-28,Net Banking,Delivered
O005138,C00018,2025-04-28,Debit Card,Delivered
O005139,C00327,2025-01-05,Net Banking,Cancelled
O005140,C01947,2025-07-28,Credit Card,Cancelled
O005141,C01437,2024-08-25,Debit Card,Delivered
O005142,C01125,2025-10-24,UPI,Delivered
O005143,C01922,2025-12-05,UPI,Delivered
O005144,C01611,2025-06-18,Debit Card,Delivered
O005145,C01157,2024-07-04,UPI,Delivered
O005146,C01364,2024-05-12,Net Banking,Delivered
O005147,C00235,2024-09-01,Cash on Delivery,Delivered
O005148,C00952,2025-06-13,Cash on Delivery,Delivered
O005149,C00449,2024-02-23,UPI,Delivered
O005150,C00874,2024-05-09,Net Banking,Delivered
O005151,C00111,2024-05-25,UPI,Delivered
O005152,C01151,2024-09-14,Credit Card,Cancelled
O005153,C00294,2025-11-29,Debit Card,Delivered
O005154,C00184,2024-12-19,Credit Card,Delivered
O005155,C01852,2024-04-20,Credit Card,Cancelled
O005156,C01506,2024-01-10,Net Banking,Delivered
O005157,C00719,2025-06-01,UPI,Delivered
O005158,C00061,2025-01-03,Debit Card,Cancelled
O005159,C01465,2024-11-28,Credit Card,Delivered
O005160,C01507,2024-09-16,Credit Card,Delivered
O005161,C00460,2024-01-17,Cash on Delivery,Delivered
O005162,C00640,2024-05-17,Credit Card,Delivered
O005163,C01988,2024-07-23,Debit Card,Delivered
O005164,C01831,2025-11-15,Credit Card,Delivered
O005165,C00859,2024-02-29,Cash on Delivery,Delivered
O005166,C00785,2024-05-12,Net Banking,Delivered
O005167,C00220,2025-06-11,Cash on Delivery,Delivered
O005168,C00682,2025-08-13,Credit Card,Delivered
O005169,C00750,2025-10-24,Credit Card,Delivered
O005170,C01975,2024-01-08,Cash on Delivery,Delivered
O005171,C01732,2025-04-06,UPI,Delivered
O005172,C00717,2024-09-30,Cash on Delivery,Delivered
O005173,C00171,2025-01-03,Net Banking,Delivered
O005174,C01096,2025-03-28,UPI,Delivered
O005175,C01551,2024-01-01,UPI,Delivered
O005176,C01692,2025-01-14,Net Banking,Delivered
O005177,C00808,2025-11-09,Debit Card,Delivered
O005178,C01044,2024-07-11,Net Banking,Delivered
O005179,C01441,2025-01-02,Net Banking,Delivered
O005180,C01909,2024-03-25,Debit Card,Delivered
O005181,C01952,2024-02-05,UPI,Delivered
O005182,C00566,2025-09-28,UPI,Cancelled
O005183,C01801,2024-01-14,Credit Card,Delivered
O005184,C01746,2025-03-16,Cash on Delivery,Delivered
O005185,C01046,2025-06-12,Debit Card,Cancelled
O005186,C00601,2024-08-13,Net Banking,Delivered
O005187,C01700,2025-10-10,UPI,Delivered
O005188,C01185,2024-06-26,UPI,Delivered
O005189,C00741,2025-02-11,UPI,Delivered
O005190,C01997,2025-01-25,UPI,Cancelled
O005191,C00622,2024-05-09,Debit Card,Delivered
O005192,C00618,2025-08-09,Cash on Delivery,Delivered
O005193,C00482,2024-04-23,UPI,Delivered
O005194,C01663,2025-08-25,Credit Card,Delivered
O005195,C00630,2024-03-13,Cash on Delivery,Delivered
O005196,C01122,2024-03-18,UPI,Delivered
O005197,C00309,2024-08-24,UPI,Delivered
O005198,C01620,2025-09-16,Debit Card,Delivered
O005199,C01239,2025-07-25,Cash on Delivery,Delivered
O005200,C00336,2024-09-17,Debit Card,Delivered
O005201,C01178,2024-12-17,Credit Card,Delivered
O005202,C01987,2025-01-16,Net Banking,Delivered
O005203,C01641,2025-07-24,Credit Card,Delivered
O005204,C01570,2024-09-29,UPI,Delivered
O005205,C01374,2025-02-27,Cash on Delivery,Delivered
O005206,C01586,2024-07-18,UPI,Cancelled
O005207,C00165,2025-05-30,Cash on Delivery,Delivered
O005208,C00950,2025-01-12,Credit Card,Delivered
O005209,C01756,2024-07-15,Net Banking,Delivered
O005210,C00629,2024-10-09,UPI,Cancelled
O005211,C01616,2024-12-22,Debit Card,Cancelled
O005212,C01791,2024-01-11,Cash on Delivery,Delivered
O005213,C01483,2025-10-04,UPI,Cancelled
O005214,C00568,2024-09-30,Debit Card,Delivered
O005215,C01100,2024-08-21,UPI,Delivered
O005216,C00830,2025-07-05,Credit Card,Delivered
O005217,C00712,2024-09-16,Cash on Delivery,Delivered
O005218,C00090,2025-11-23,Credit Card,Delivered
O005219,C00330,2025-02-06,Net Banking,Delivered
O005220,C00637,2025-08-24,UPI,Delivered
O005221,C00169,2025-05-30,Credit Card,Delivered
O005222,C01768,2025-10-27,UPI,Delivered
O005223,C00105,2025-11-02,Debit Card,Cancelled
O005224,C01524,2025-12-01,Cash on Delivery,Delivered
O005225,C00009,2025-10-17,Net Banking,Delivered
O005226,C01018,2025-04-07,Credit Card,Delivered
O005227,C01462,2025-01-11,Cash on Delivery,Cancelled
O005228,C00789,2024-03-28,UPI,Delivered
O005229,C00415,2024-07-28,Credit Card,Delivered
O005230,C01432,2025-06-16,Credit Card,Delivered
O005231,C01218,2025-02-07,Credit Card,Cancelled
O005232,C01276,2025-07-19,Cash on Delivery,Delivered
O005233,C00165,2025-05-11,UPI,Delivered
O005234,C00067,2024-01-17,Net Banking,Delivered
O005235,C00610,2024-04-24,Net Banking,Delivered
O005236,C00493,2024-11-14,UPI,Delivered
O005237,C01531,2025-10-27,UPI,Delivered
O005238,C01561,2024-06-20,Debit Card,Delivered
O005239,C00094,2025-05-27,Cash on Delivery,Delivered
O005240,C01812,2024-04-20,Debit Card,Delivered
O005241,C01811,2024-10-04,Credit Card,Delivered
O005242,C01401,2025-01-21,Cash on Delivery,Delivered
O005243,C01479,2024-01-25,Cash on Delivery,Delivered
O005244,C00202,2024-07-08,Debit Card,Delivered
O005245,C01732,2025-03-24,Cash on Delivery,Delivered
O005246,C01683,2025-07-29,Credit Card,Delivered
O005247,C01887,2025-06-24,UPI,Delivered
O005248,C00158,2024-11-30,Credit Card,Delivered
O005249,C00698,2024-10-06,Credit Card,Delivered
O005250,C01086,2024-06-09,UPI,Delivered
O005251,C00047,2025-08-01,Credit Card,Delivered
O005252,C01144,2024-03-10,Cash on Delivery,Delivered
O005253,C01071,2024-05-30,Debit Card,Delivered
O005254,C00282,2025-12-16,Net Banking,Cancelled
O005255,C01558,2024-10-20,UPI,Delivered
O005256,C00959,2025-05-11,UPI,Delivered
O005257,C00217,2024-03-24,Net Banking,Delivered
O005258,C01132,2024-07-31,Net Banking,Delivered
O005259,C01596,2025-11-12,Cash on Delivery,Delivered
O005260,C01999,2025-05-01,Credit Card,Delivered
O005261,C01831,2025-06-11,Credit Card,Cancelled
O005262,C01801,2025-02-27,Debit Card,Delivered
O005263,C00515,2025-11-29,Debit Card,Delivered
O005264,C01097,2025-12-09,Credit Card,Delivered
O005265,C00694,2024-12-14,Credit Card,Delivered
O005266,C00917,2025-11-11,Cash on Delivery,Cancelled
O005267,C01769,2025-02-13,UPI,Delivered
O005268,C00373,2024-05-15,Debit Card,Cancelled
O005269,C00031,2024-07-25,Cash on Delivery,Delivered
O005270,C01607,2025-12-08,Credit Card,Cancelled
O005271,C00065,2025-06-11,UPI,Delivered
O005272,C01371,2024-09-27,Debit Card,Delivered
O005273,C01636,2025-11-20,Credit Card,Delivered
O005274,C01795,2024-09-14,Net Banking,Delivered
O005275,C00333,2024-10-30,UPI,Delivered
O005276,C01199,2025-04-02,UPI,Delivered
O005277,C01234,2024-11-20,Net Banking,Delivered
O005278,C01130,2024-08-02,Credit Card,Delivered
O005279,C00532,2024-08-28,Net Banking,Delivered
O005280,C00041,2024-05-28,Credit Card,Delivered
O005281,C01398,2024-02-01,Debit Card,Delivered
O005282,C00895,2025-03-26,Cash on Delivery,Delivered
O005283,C00504,2025-02-07,Cash on Delivery,Delivered
O005284,C01428,2025-06-29,Credit Card,Delivered
O005285,C00660,2024-09-23,UPI,Delivered
O005286,C01718,2025-10-09,Net Banking,Delivered
O005287,C01687,2025-04-20,UPI,Delivered
O005288,C00010,2024-04-05,Debit Card,Delivered
O005289,C00446,2024-12-02,Credit Card,Delivered
O005290,C00096,2025-09-09,Cash on Delivery,Cancelled
O005291,C01571,2024-12-19,UPI,Delivered
O005292,C00578,2025-03-16,Net Banking,Delivered
O005293,C01270,2025-09-07,Cash on Delivery,Delivered
O005294,C01184,2025-09-07,Credit Card,Delivered
O005295,C01110,2024-09-26,Net Banking,Cancelled
O005296,C00136,2024-08-12,Credit Card,Delivered
O005297,C00021,2024-03-26,UPI,Delivered
O005298,C01513,2024-01-07,Net Banking,Cancelled
O005299,C01658,2025-01-22,UPI,Delivered
O005300,C00648,2025-12-21,Net Banking,Delivered
O005301,C00302,2025-06-16,UPI,Delivered
O005302,C00773,2024-04-24,Credit Card,Delivered
O005303,C01564,2024-12-28,Cash on Delivery,Delivered
O005304,C01431,2025-06-12,UPI,Delivered
O005305,C00474,2024-04-26,Cash on Delivery,Delivered
O005306,C00477,2025-02-10,UPI,Delivered
O005307,C00192,2024-08-13,UPI,Delivered
O005308,C01680,2025-04-29,UPI,Delivered
O005309,C01868,2025-03-09,Net Banking,Delivered
O005310,C00532,2025-05-30,Credit Card,Delivered
O005311,C01036,2024-05-06,Net Banking,Cancelled
O005312,C01613,2024-08-23,Net Banking,Delivered
O005313,C00656,2025-01-13,Credit Card,Cancelled
O005314,C00691,2024-08-11,Debit Card,Delivered
O005315,C00281,2024-02-20,Debit Card,Delivered
O005316,C01856,2025-09-13,Net Banking,Delivered
O005317,C00675,2024-08-16,UPI,Delivered
O005318,C00480,2024-01-13,Cash on Delivery,Delivered
O005319,C01567,2024-12-18,Cash on Delivery,Delivered
O005320,C01038,2024-02-01,UPI,Delivered
O005321,C00742,2024-06-17,Debit Card,Delivered
O005322,C00771,2024-08-07,UPI,Cancelled
O005323,C00946,2025-10-03,Credit Card,Delivered
O005324,C01504,2025-04-05,Credit Card,Delivered
O005325,C00606,2024-04-05,Debit Card,Delivered
O005326,C01554,2024-02-11,Debit Card,Delivered
O005327,C00866,2025-01-14,Net Banking,Delivered
O005328,C00290,2024-08-25,UPI,Delivered
O005329,C00905,2024-01-04,UPI,Delivered
O005330,C00417,2024-11-30,UPI,Cancelled
O005331,C00950,2024-09-30,UPI,Delivered
O005332,C00787,2025-05-27,Debit Card,Delivered
O005333,C01089,2025-10-09,Cash on Delivery,Delivered
O005334,C00986,2024-01-01,UPI,Delivered
O005335,C00201,2024-02-08,Net Banking,Delivered
O005336,C00629,2024-07-14,Cash on Delivery,Cancelled
O005337,C00033,2024-04-16,Credit Card,Delivered
O005338,C00608,2024-09-29,UPI,Delivered
O005339,C01031,2025-11-13,Cash on Delivery,Delivered
O005340,C01376,2024-08-08,UPI,Delivered
O005341,C00332,2025-09-01,Cash on Delivery,Delivered
O005342,C00681,2025-10-29,Debit Card,Delivered
O005343,C01404,2025-01-24,Cash on Delivery,Delivered
O005344,C00303,2025-05-31,Net Banking,Delivered
O005345,C01137,2025-08-20,Cash on Delivery,Delivered
O005346,C00094,2025-03-11,Credit Card,Delivered
O005347,C00514,2024-04-30,Credit Card,Delivered
O005348,C00913,2024-03-07,Net Banking,Delivered
O005349,C01400,2025-07-07,Credit Card,Delivered
O005350,C00980,2024-07-29,UPI,Delivered
O005351,C01932,2024-04-20,UPI,Cancelled
O005352,C01981,2025-07-23,Net Banking,Delivered
O005353,C00856,2024-06-01,Debit Card,Delivered
O005354,C01237,2024-12-01,Credit Card,Delivered
O005355,C01830,2025-03-30,Debit Card,Cancelled
O005356,C01712,2025-12-14,Credit Card,Delivered
O005357,C00833,2024-03-03,Cash on Delivery,Delivered
O005358,C01633,2024-08-13,UPI,Cancelled
O005359,C00806,2024-06-18,Credit Card,Delivered
O005360,C00362,2024-01-25,UPI,Delivered
O005361,C01598,2025-01-02,Debit Card,Delivered
O005362,C00532,2025-12-25,UPI,Delivered
O005363,C01615,2024-10-02,UPI,Cancelled
O005364,C01933,2024-07-12,Cash on Delivery,Delivered
O005365,C00972,2025-09-22,Credit Card,Cancelled
O005366,C00857,2025-06-11,Cash on Delivery,Delivered
O005367,C01221,2025-05-09,Net Banking,Delivered
O005368,C01949,2024-10-27,Debit Card,Delivered
O005369,C00644,2024-11-24,UPI,Delivered
O005370,C00843,2024-11-06,Net Banking,Delivered
O005371,C01509,2025-12-03,Net Banking,Cancelled
O005372,C01220,2024-03-17,Cash on Delivery,Delivered
O005373,C01456,2025-11-24,UPI,Delivered
O005374,C00326,2024-07-21,Credit Card,Delivered
O005375,C01202,2025-12-15,UPI,Delivered
O005376,C01703,2024-08-22,Debit Card,Delivered
O005377,C00302,2025-04-08,Net Banking,Delivered
O005378,C00431,2024-08-29,Net Banking,Delivered
O005379,C00933,2024-05-14,Credit Card,Delivered
O005380,C00123,2025-03-13,Cash on Delivery,Delivered
O005381,C01933,2024-12-04,Credit Card,Delivered
O005382,C00212,2025-06-11,UPI,Delivered
O005383,C01712,2025-11-11,Credit Card,Delivered
O005384,C01334,2024-09-07,Net Banking,Delivered
O005385,C01243,2025-09-16,UPI,Delivered
O005386,C00219,2025-03-25,Credit Card,Delivered
O005387,C01597,2024-04-18,UPI,Cancelled
O005388,C01809,2025-06-14,Cash on Delivery,Delivered
O005389,C00234,2025-08-19,Debit Card,Delivered
O005390,C01715,2024-06-03,Cash on Delivery,Delivered
O005391,C01182,2024-07-13,Debit Card,Delivered
O005392,C00768,2024-04-15,UPI,Delivered
O005393,C01712,2024-11-19,Credit Card,Cancelled
O005394,C00017,2025-03-06,Credit Card,Cancelled
O005395,C01755,2024-06-03,Credit Card,Delivered
O005396,C00061,2024-08-21,Credit Card,Delivered
O005397,C01969,2024-08-24,Cash on Delivery,Cancelled
O005398,C00029,2024-03-07,UPI,Delivered
O005399,C00378,2024-08-18,Net Banking,Delivered
O005400,C01015,2025-03-16,Net Banking,Delivered
O005401,C00865,2025-12-21,Cash on Delivery,Delivered
O005402,C01779,2025-05-03,UPI,Delivered
O005403,C01810,2024-12-24,Net Banking,Delivered
O005404,C01888,2025-02-27,UPI,Delivered
O005405,C00820,2024-05-22,Net Banking,Delivered
O005406,C01817,2024-10-19,UPI,Delivered
O005407,C01404,2025-08-30,UPI,Delivered
O005408,C00597,2025-11-11,Debit Card,Delivered
O005409,C00379,2025-10-09,Net Banking,Delivered
O005410,C00376,2024-12-05,UPI,Delivered
O005411,C00772,2024-03-15,Debit Card,Delivered
O005412,C01768,2024-04-17,Net Banking,Delivered
O005413,C01154,2025-02-13,Credit Card,Delivered
O005414,C00888,2024-12-09,Cash on Delivery,Cancelled
O005415,C00011,2025-06-23,Cash on Delivery,Delivered
O005416,C01962,2024-08-31,Cash on Delivery,Delivered
O005417,C01519,2025-01-26,Net Banking,Delivered
O005418,C00533,2025-12-27,UPI,Delivered
O005419,C01805,2025-06-16,UPI,Cancelled
O005420,C01675,2025-07-07,Cash on Delivery,Delivered
O005421,C00223,2024-10-04,Cash on Delivery,Delivered
O005422,C01512,2024-12-29,Debit Card,Delivered
O005423,C00947,2024-10-02,Cash on Delivery,Delivered
O005424,C00370,2024-11-28,Credit Card,Delivered
O005425,C00328,2024-12-28,Cash on Delivery,Delivered
O005426,C01684,2024-11-22,Net Banking,Delivered
O005427,C00713,2024-11-14,UPI,Delivered
O005428,C01997,2024-12-24,Cash on Delivery,Delivered
O005429,C00122,2024-01-22,Credit Card,Delivered
O005430,C01472,2025-12-09,Credit Card,Delivered
O005431,C01323,2025-03-10,Debit Card,Delivered
O005432,C00930,2024-01-21,Credit Card,Cancelled
O005433,C01320,2025-08-18,Debit Card,Delivered
O005434,C00421,2024-11-22,Credit Card,Delivered
O005435,C01277,2024-03-09,Cash on Delivery,Delivered
O005436,C00048,2025-08-10,Debit Card,Delivered
O005437,C01036,2024-04-19,Net Banking,Delivered
O005438,C00618,2025-04-22,Net Banking,Delivered
O005439,C01533,2025-12-05,Net Banking,Delivered
O005440,C01544,2024-08-22,Credit Card,Delivered
O005441,C00348,2025-09-02,UPI,Cancelled
O005442,C00021,2024-07-07,Net Banking,Delivered
O005443,C01158,2025-03-26,Credit Card,Cancelled
O005444,C00096,2025-02-01,UPI,Delivered
O005445,C01852,2024-10-16,Debit Card,Delivered
O005446,C01807,2024-04-08,Credit Card,Cancelled
O005447,C00067,2025-04-27,Credit Card,Cancelled
O005448,C01173,2025-02-25,UPI,Cancelled
O005449,C00462,2025-11-29,UPI,Delivered
O005450,C00714,2025-03-15,Cash on Delivery,Delivered
O005451,C00423,2025-11-12,UPI,Delivered
O005452,C00502,2024-08-15,Debit Card,Delivered
O005453,C00084,2024-02-11,Credit Card,Delivered
O005454,C01856,2025-08-09,Debit Card,Delivered
O005455,C01748,2025-10-18,Cash on Delivery,Delivered
O005456,C01267,2024-10-31,Credit Card,Delivered
O005457,C00581,2024-04-07,Debit Card,Delivered
O005458,C00463,2024-11-08,Net Banking,Cancelled
O005459,C01033,2025-06-04,Net Banking,Cancelled
O005460,C00584,2024-01-05,Credit Card,Cancelled
O005461,C00397,2024-12-25,Cash on Delivery,Delivered
O005462,C00395,2025-09-19,Cash on Delivery,Delivered
O005463,C01741,2025-08-15,UPI,Delivered
O005464,C01213,2025-11-10,Credit Card,Delivered
O005465,C01663,2025-02-06,Credit Card,Delivered
O005466,C01156,2024-12-23,Cash on Delivery,Cancelled
O005467,C01322,2025-10-13,Credit Card,Delivered
O005468,C01704,2024-02-12,Debit Card,Delivered
O005469,C00186,2024-03-06,UPI,Cancelled
O005470,C00118,2024-02-12,Credit Card,Delivered
O005471,C01539,2024-07-28,Credit Card,Delivered
O005472,C01859,2025-10-06,Cash on Delivery,Cancelled
O005473,C01260,2025-05-19,Credit Card,Delivered
O005474,C00242,2024-03-24,UPI,Delivered
O005475,C00823,2024-09-16,UPI,Delivered
O005476,C00942,2025-04-06,Debit Card,Cancelled
O005477,C00762,2024-03-16,Debit Card,Delivered
O005478,C00135,2025-09-30,UPI,Delivered
O005479,C00374,2024-08-13,Cash on Delivery,Delivered
O005480,C01313,2025-03-15,UPI,Cancelled
O005481,C00417,2025-01-08,Net Banking,Delivered
O005482,C01275,2025-06-20,Cash on Delivery,Delivered
O005483,C01201,2024-09-14,Credit Card,Delivered
O005484,C00811,2025-11-02,Credit Card,Delivered
O005485,C00205,2024-02-17,Credit Card,Delivered
O005486,C01480,2024-04-04,Credit Card,Delivered
O005487,C01751,2025-07-29,Cash on Delivery,Delivered
O005488,C00653,2025-03-30,Credit Card,Cancelled
O005489,C01290,2025-06-07,Net Banking,Delivered
O005490,C00785,2025-01-31,UPI,Delivered
O005491,C01437,2025-07-28,UPI,Cancelled
O005492,C00872,2025-07-10,UPI,Delivered
O005493,C00055,2024-02-11,UPI,Cancelled
O005494,C01215,2025-06-28,UPI,Cancelled
O005495,C01849,2024-06-08,Debit Card,Delivered
O005496,C01792,2025-02-04,UPI,Delivered
O005497,C00392,2024-04-21,UPI,Delivered
O005498,C00129,2025-03-12,Debit Card,Delivered
O005499,C01762,2025-07-29,UPI,Delivered
O005500,C00651,2025-01-19,UPI,Delivered
O005501,C00430,2024-04-15,Credit Card,Delivered
O005502,C01192,2024-06-22,UPI,Delivered
O005503,C00487,2025-11-26,UPI,Cancelled
O005504,C01744,2025-06-08,Credit Card,Cancelled
O005505,C00945,2025-05-11,Credit Card,Delivered
O005506,C00955,2025-10-23,Net Banking,Delivered
O005507,C00767,2024-04-30,Net Banking,Delivered
O005508,C01762,2024-08-21,UPI,Delivered
O005509,C01028,2025-05-02,Debit Card,Delivered
O005510,C01287,2024-08-29,Debit Card,Cancelled
O005511,C01621,2025-07-12,UPI,Cancelled
O005512,C00370,2025-12-28,Debit Card,Delivered
O005513,C00620,2024-01-06,Cash on Delivery,Delivered
O005514,C01009,2025-09-17,UPI,Delivered
O005515,C01010,2025-01-11,Net Banking,Cancelled
O005516,C00407,2025-04-29,Cash on Delivery,Delivered
O005517,C01552,2025-06-18,Credit Card,Cancelled
O005518,C01208,2024-06-04,Cash on Delivery,Delivered
O005519,C00726,2024-03-30,UPI,Delivered
O005520,C01788,2024-02-22,Net Banking,Delivered
O005521,C00340,2024-01-01,Debit Card,Delivered
O005522,C01468,2024-04-28,Cash on Delivery,Delivered
O005523,C01967,2025-04-13,Net Banking,Delivered
O005524,C00118,2025-11-14,Cash on Delivery,Delivered
O005525,C01304,2024-04-04,Cash on Delivery,Delivered
O005526,C01506,2025-02-07,Cash on Delivery,Cancelled
O005527,C00394,2024-03-16,Cash on Delivery,Delivered
O005528,C01993,2024-07-11,Debit Card,Delivered
O005529,C01456,2024-06-07,Cash on Delivery,Delivered
O005530,C00829,2024-03-21,Debit Card,Delivered
O005531,C01515,2025-01-02,Debit Card,Delivered
O005532,C00988,2024-01-20,Credit Card,Cancelled
O005533,C01596,2025-10-08,Credit Card,Delivered
O005534,C00625,2025-01-27,Credit Card,Delivered
O005535,C01510,2024-12-10,Debit Card,Delivered
O005536,C01610,2024-10-30,Cash on Delivery,Delivered
O005537,C00346,2024-02-13,Cash on Delivery,Delivered
O005538,C00354,2025-12-20,Credit Card,Delivered
O005539,C00018,2024-04-04,UPI,Cancelled
O005540,C00376,2024-08-20,Credit Card,Delivered
O005541,C00345,2024-11-10,Debit Card,Delivered
O005542,C00916,2025-01-10,Credit Card,Cancelled
O005543,C00843,2024-05-22,Credit Card,Cancelled
O005544,C01558,2025-09-29,Debit Card,Delivered
O005545,C01324,2024-07-01,UPI,Delivered
O005546,C01624,2025-10-15,Credit Card,Delivered
O005547,C01889,2025-10-20,Debit Card,Delivered
O005548,C00589,2025-02-28,Cash on Delivery,Cancelled
O005549,C00359,2024-07-21,Debit Card,Delivered
O005550,C01241,2025-09-30,Cash on Delivery,Delivered
O005551,C00808,2025-04-20,UPI,Delivered
O005552,C00082,2025-06-13,Credit Card,Delivered
O005553,C00817,2024-12-07,UPI,Delivered
O005554,C01882,2025-10-29,Debit Card,Delivered
O005555,C01972,2025-05-26,Credit Card,Delivered
O005556,C00398,2025-04-24,Credit Card,Delivered
O005557,C00978,2024-04-05,Net Banking,Delivered
O005558,C00039,2024-12-01,Credit Card,Cancelled
O005559,C00154,2024-04-23,UPI,Delivered
O005560,C01178,2025-05-09,Credit Card,Delivered
O005561,C00760,2024-01-17,Cash on Delivery,Cancelled
O005562,C01269,2024-05-23,UPI,Delivered
O005563,C00611,2024-04-20,Net Banking,Delivered
O005564,C00178,2025-09-27,Cash on Delivery,Delivered
O005565,C00783,2025-08-01,Net Banking,Delivered
O005566,C00860,2025-05-25,Cash on Delivery,Cancelled
O005567,C00295,2024-07-05,Credit Card,Delivered
O005568,C00657,2024-05-12,Net Banking,Delivered
O005569,C00820,2025-02-01,UPI,Delivered
O005570,C01702,2025-07-30,UPI,Delivered
O005571,C01999,2025-06-27,Net Banking,Delivered
O005572,C00801,2025-02-28,Debit Card,Delivered
O005573,C01452,2024-06-04,Cash on Delivery,Delivered
O005574,C00022,2025-01-04,UPI,Cancelled
O005575,C00667,2025-01-08,Credit Card,Delivered
O005576,C00356,2024-08-13,UPI,Delivered
O005577,C00185,2024-08-12,Net Banking,Delivered
O005578,C01350,2025-06-02,UPI,Delivered
O005579,C01379,2024-03-18,UPI,Delivered
O005580,C01777,2025-04-02,Credit Card,Delivered
O005581,C00235,2025-01-17,UPI,Cancelled
O005582,C00531,2024-10-12,UPI,Delivered
O005583,C01977,2025-06-02,Credit Card,Delivered
O005584,C01923,2024-08-01,UPI,Delivered
O005585,C00797,2024-10-30,Debit Card,Delivered
O005586,C01844,2024-10-26,Debit Card,Delivered
O005587,C01875,2025-06-25,Debit Card,Delivered
O005588,C00366,2025-09-13,Net Banking,Delivered
O005589,C01349,2024-03-24,Net Banking,Cancelled
O005590,C00742,2024-12-26,Net Banking,Delivered
O005591,C01832,2024-11-19,Net Banking,Delivered
O005592,C00865,2025-09-23,Credit Card,Delivered
O005593,C01238,2024-11-25,Debit Card,Delivered
O005594,C01278,2024-04-25,UPI,Delivered
O005595,C01803,2024-01-22,Credit Card,Delivered
O005596,C00970,2024-08-08,Debit Card,Delivered
O005597,C00205,2024-12-21,Credit Card,Delivered
O005598,C00041,2024-04-03,Cash on Delivery,Delivered
O005599,C01270,2025-03-14,Cash on Delivery,Cancelled
O005600,C00387,2024-10-29,UPI,Delivered
O005601,C00085,2024-01-09,Cash on Delivery,Delivered
O005602,C01148,2025-03-26,Credit Card,Delivered
O005603,C00631,2024-08-23,Credit Card,Delivered
O005604,C00160,2024-01-27,Net Banking,Delivered
O005605,C00449,2025-05-16,Debit Card,Delivered
O005606,C00878,2025-05-20,Cash on Delivery,Delivered
O005607,C01027,2025-11-24,Net Banking,Cancelled
O005608,C00524,2025-05-25,Net Banking,Cancelled
O005609,C01559,2025-04-26,UPI,Delivered
O005610,C00736,2024-12-11,Debit Card,Cancelled
O005611,C00758,2024-02-03,Credit Card,Delivered
O005612,C01725,2025-12-06,Credit Card,Delivered
O005613,C01146,2025-12-05,Cash on Delivery,Delivered
O005614,C00576,2024-10-02,Net Banking,Delivered
O005615,C00406,2024-04-18,Credit Card,Delivered
O005616,C00130,2024-12-29,Net Banking,Delivered
O005617,C01220,2025-11-16,UPI,Cancelled
O005618,C01791,2025-07-15,Debit Card,Delivered
O005619,C00987,2024-12-22,Debit Card,Delivered
O005620,C00188,2024-08-03,Credit Card,Delivered
O005621,C00481,2024-01-08,Debit Card,Cancelled
O005622,C01236,2024-05-02,UPI,Delivered
O005623,C01192,2024-10-04,Credit Card,Delivered
O005624,C01093,2025-01-23,UPI,Delivered
O005625,C00103,2025-10-26,Credit Card,Delivered
O005626,C01510,2025-10-30,UPI,Delivered
O005627,C00455,2025-01-25,Credit Card,Cancelled
O005628,C00537,2024-06-12,UPI,Delivered
O005629,C00105,2024-09-27,Net Banking,Delivered
O005630,C00169,2025-12-02,Cash on Delivery,Delivered
O005631,C01727,2025-07-02,Net Banking,Delivered
O005632,C01800,2025-02-11,Credit Card,Delivered
O005633,C01739,2024-10-30,Net Banking,Delivered
O005634,C01392,2025-02-02,Net Banking,Delivered
O005635,C00828,2024-02-18,Credit Card,Delivered
O005636,C00754,2024-05-15,Debit Card,Delivered
O005637,C01064,2025-05-24,Credit Card,Cancelled
O005638,C01529,2024-04-27,Cash on Delivery,Cancelled
O005639,C00069,2024-09-30,Net Banking,Delivered
O005640,C00928,2025-05-24,Credit Card,Delivered
O005641,C01182,2025-07-12,Cash on Delivery,Delivered
O005642,C01592,2025-03-13,Debit Card,Delivered
O005643,C00084,2024-09-20,Net Banking,Cancelled
O005644,C00789,2024-12-22,UPI,Delivered
O005645,C02000,2025-07-09,Credit Card,Delivered
O005646,C00844,2025-10-28,Net Banking,Delivered
O005647,C00692,2025-09-03,UPI,Delivered
O005648,C01446,2024-04-18,Credit Card,Delivered
O005649,C00547,2024-08-04,Net Banking,Cancelled
O005650,C01043,2025-09-01,UPI,Delivered
O005651,C00812,2025-08-15,Net Banking,Delivered
O005652,C01364,2025-05-26,Credit Card,Delivered
O005653,C00965,2024-08-23,UPI,Cancelled
O005654,C01911,2025-12-18,Credit Card,Delivered
O005655,C01506,2024-11-01,Credit Card,Delivered
O005656,C00841,2024-02-22,Net Banking,Cancelled
O005657,C01316,2025-12-12,Credit Card,Delivered
O005658,C01259,2025-10-13,UPI,Cancelled
O005659,C00926,2025-05-16,Cash on Delivery,Cancelled
O005660,C00883,2025-01-10,Debit Card,Delivered
O005661,C01029,2024-10-19,Cash on Delivery,Cancelled
O005662,C01656,2025-01-01,Net Banking,Delivered
O005663,C00965,2025-04-15,Credit Card,Cancelled
O005664,C00850,2025-05-26,Credit Card,Delivered
O005665,C01393,2024-05-20,Credit Card,Cancelled
O005666,C01421,2025-03-23,Net Banking,Cancelled
O005667,C01549,2025-07-04,Net Banking,Delivered
O005668,C00050,2025-12-21,Debit Card,Delivered
O005669,C01738,2025-01-28,UPI,Delivered
O005670,C01170,2025-08-25,Credit Card,Delivered
O005671,C01697,2025-05-26,UPI,Delivered
O005672,C00121,2025-02-12,Debit Card,Cancelled
O005673,C00866,2024-07-20,UPI,Cancelled
O005674,C01771,2024-04-10,Credit Card,Delivered
O005675,C00061,2025-06-25,Net Banking,Delivered
O005676,C00422,2024-09-08,UPI,Delivered
O005677,C01562,2025-04-02,UPI,Delivered
O005678,C01563,2025-03-27,Credit Card,Cancelled
O005679,C01907,2024-09-27,UPI,Delivered
O005680,C00393,2025-03-29,Cash on Delivery,Cancelled
O005681,C01191,2025-04-24,Credit Card,Cancelled
O005682,C01719,2025-10-06,Debit Card,Cancelled
O005683,C01672,2024-11-09,Cash on Delivery,Delivered
O005684,C01005,2024-02-22,UPI,Delivered
O005685,C00858,2024-02-04,Debit Card,Delivered
O005686,C01583,2024-01-23,Cash on Delivery,Delivered
O005687,C00186,2025-10-23,Credit Card,Delivered
O005688,C01094,2025-07-23,Net Banking,Delivered
O005689,C01251,2024-05-03,UPI,Delivered
O005690,C01203,2024-06-28,Debit Card,Delivered
O005691,C00062,2024-03-15,Credit Card,Cancelled
O005692,C01097,2025-05-31,Credit Card,Delivered
O005693,C01382,2024-03-23,Credit Card,Delivered
O005694,C00620,2025-01-22,Net Banking,Cancelled
O005695,C01418,2025-12-26,UPI,Delivered
O005696,C00735,2025-06-11,Cash on Delivery,Cancelled
O005697,C00858,2025-01-05,Net Banking,Delivered
O005698,C00780,2024-09-08,Cash on Delivery,Delivered
O005699,C00131,2025-08-13,Cash on Delivery,Delivered
O005700,C01679,2024-06-28,Cash on Delivery,Delivered
O005701,C00389,2025-08-22,UPI,Delivered
O005702,C00530,2025-09-20,Cash on Delivery,Cancelled
O005703,C00333,2025-12-13,Debit Card,Delivered
O005704,C01150,2025-07-23,Cash on Delivery,Delivered
O005705,C01349,2025-09-09,Debit Card,Delivered
O005706,C01429,2024-07-02,Credit Card,Delivered
O005707,C00955,2024-03-22,Cash on Delivery,Delivered
O005708,C00849,2025-11-29,Debit Card,Delivered
O005709,C00792,2025-11-15,Net Banking,Delivered
O005710,C01359,2024-05-15,Credit Card,Delivered
O005711,C00704,2025-07-19,Cash on Delivery,Cancelled
O005712,C01769,2025-11-24,Cash on Delivery,Delivered
O005713,C00211,2024-10-25,Credit Card,Delivered
O005714,C01808,2025-08-10,Cash on Delivery,Delivered
O005715,C01846,2024-11-22,Cash on Delivery,Delivered
O005716,C00673,2025-12-17,UPI,Delivered
O005717,C01587,2024-02-19,UPI,Delivered
O005718,C00975,2024-02-18,UPI,Cancelled
O005719,C00320,2025-04-20,Net Banking,Delivered
O005720,C00088,2024-07-13,Credit Card,Delivered
O005721,C00417,2024-03-29,UPI,Cancelled
O005722,C00065,2024-01-30,Credit Card,Delivered
O005723,C00931,2025-10-19,Credit Card,Delivered
O005724,C00308,2025-08-05,Cash on Delivery,Delivered
O005725,C01231,2024-02-26,Net Banking,Cancelled
O005726,C00357,2024-12-08,Debit Card,Delivered
O005727,C01726,2025-08-15,Debit Card,Delivered
O005728,C01353,2024-10-17,UPI,Delivered
O005729,C00302,2025-04-16,Credit Card,Cancelled
O005730,C01979,2025-05-05,Credit Card,Cancelled
O005731,C00377,2025-10-14,Net Banking,Delivered
O005732,C00182,2024-01-23,UPI,Cancelled
O005733,C00005,2025-12-18,Net Banking,Cancelled
O005734,C01404,2024-05-15,UPI,Cancelled
O005735,C01812,2024-09-06,Net Banking,Delivered
O005736,C00352,2024-03-24,Net Banking,Delivered
O005737,C00803,2025-06-26,Credit Card,Delivered
O005738,C01142,2024-12-15,UPI,Cancelled
O005739,C00274,2024-10-20,UPI,Delivered
O005740,C01280,2024-04-13,UPI,Delivered
O005741,C00117,2025-05-10,Credit Card,Delivered
O005742,C00399,2025-03-21,Net Banking,Delivered
O005743,C00575,2025-03-08,UPI,Delivered
O005744,C01645,2024-06-04,Cash on Delivery,Delivered
O005745,C01291,2024-06-01,Net Banking,Delivered
O005746,C00685,2024-07-15,Cash on Delivery,Delivered
O005747,C01844,2025-01-16,UPI,Delivered
O005748,C00366,2024-12-05,UPI,Delivered
O005749,C01660,2025-06-11,Credit Card,Delivered
O005750,C00333,2024-08-10,Debit Card,Delivered
O005751,C00836,2024-06-24,Cash on Delivery,Delivered
O005752,C01200,2024-06-05,UPI,Delivered
O005753,C01960,2025-07-30,Credit Card,Delivered
O005754,C00746,2024-05-05,Credit Card,Delivered
O005755,C01130,2024-12-03,Net Banking,Cancelled
O005756,C00925,2025-09-24,Net Banking,Delivered
O005757,C00512,2025-02-14,Net Banking,Delivered
O005758,C00002,2025-09-20,Credit Card,Delivered
O005759,C00497,2025-09-05,Net Banking,Delivered
O005760,C00273,2024-05-29,Cash on Delivery,Delivered
O005761,C00087,2024-03-07,Debit Card,Delivered
O005762,C00456,2025-03-28,Net Banking,Delivered
O005763,C01027,2024-01-19,UPI,Cancelled
O005764,C01670,2025-05-03,Credit Card,Delivered
O005765,C01596,2025-06-03,Debit Card,Delivered
O005766,C01989,2024-03-15,Credit Card,Delivered
O005767,C01694,2024-06-07,Debit Card,Cancelled
O005768,C01120,2024-01-26,UPI,Delivered
O005769,C01791,2025-09-21,Cash on Delivery,Delivered
O005770,C01021,2024-04-19,Credit Card,Cancelled
O005771,C00757,2025-11-24,Credit Card,Delivered
O005772,C00842,2024-01-05,UPI,Delivered
O005773,C01968,2024-10-06,Credit Card,Delivered
O005774,C00877,2025-08-24,UPI,Delivered
O005775,C00826,2024-11-12,Net Banking,Cancelled
O005776,C01589,2025-03-17,Debit Card,Cancelled
O005777,C00836,2025-02-28,Debit Card,Cancelled
O005778,C00151,2025-11-02,UPI,Cancelled
O005779,C00636,2024-02-25,Cash on Delivery,Delivered
O005780,C01983,2024-09-21,Credit Card,Delivered
O005781,C01533,2024-05-23,UPI,Delivered
O005782,C00381,2025-06-14,Debit Card,Delivered
O005783,C00378,2025-07-20,UPI,Delivered
O005784,C01155,2025-12-08,Cash on Delivery,Delivered
O005785,C00023,2025-07-19,Net Banking,Delivered
O005786,C00816,2025-05-13,UPI,Delivered
O005787,C01943,2025-02-14,Cash on Delivery,Cancelled
O005788,C00836,2025-01-20,Credit Card,Delivered
O005789,C01828,2024-05-27,Debit Card,Delivered
O005790,C01250,2025-10-08,Cash on Delivery,Cancelled
O005791,C01347,2024-06-10,Cash on Delivery,Cancelled
O005792,C01874,2025-03-19,Cash on Delivery,Cancelled
O005793,C00508,2025-10-04,Credit Card,Delivered
O005794,C01540,2025-01-02,Cash on Delivery,Delivered
O005795,C01772,2025-01-24,Net Banking,Cancelled
O005796,C01055,2024-09-30,Debit Card,Delivered
O005797,C00924,2024-10-03,Cash on Delivery,Delivered
O005798,C00763,2025-04-25,Net Banking,Delivered
O005799,C00617,2025-11-29,UPI,Delivered
O005800,C00522,2025-03-09,Debit Card,Delivered
O005801,C01072,2025-10-24,Debit Card,Cancelled
O005802,C01666,2024-04-17,Credit Card,Delivered
O005803,C00410,2025-09-14,Cash on Delivery,Cancelled
O005804,C01528,2024-02-22,UPI,Cancelled
O005805,C00174,2024-12-06,Credit Card,Delivered
O005806,C00825,2024-11-28,UPI,Delivered
O005807,C00010,2025-04-30,Cash on Delivery,Delivered
O005808,C00610,2024-10-19,UPI,Delivered
O005809,C01905,2025-11-09,Credit Card,Cancelled
O005810,C01484,2024-02-25,UPI,Delivered
O005811,C01518,2025-03-18,Credit Card,Delivered
O005812,C01784,2024-03-01,Credit Card,Cancelled
O005813,C00145,2024-04-08,Credit Card,Delivered
O005814,C00035,2025-08-30,UPI,Cancelled
O005815,C01016,2025-02-05,UPI,Cancelled
O005816,C00963,2024-08-19,Credit Card,Delivered
O005817,C01212,2024-03-19,Cash on Delivery,Cancelled
O005818,C00891,2024-04-01,Debit Card,Delivered
O005819,C00609,2025-01-22,Credit Card,Delivered
O005820,C00608,2024-06-28,UPI,Delivered
O005821,C01272,2024-02-09,Credit Card,Delivered
O005822,C01063,2025-04-12,UPI,Delivered
O005823,C01704,2025-02-23,Credit Card,Delivered
O005824,C01168,2024-09-14,Net Banking,Delivered
O005825,C00877,2024-01-18,Cash on Delivery,Delivered
O005826,C01275,2024-06-23,Cash on Delivery,Cancelled
O005827,C01855,2025-09-29,Net Banking,Delivered
O005828,C01875,2024-08-13,Net Banking,Cancelled
O005829,C01887,2025-12-17,Cash on Delivery,Delivered
O005830,C01330,2025-10-05,Cash on Delivery,Delivered
O005831,C00824,2024-07-14,Cash on Delivery,Delivered
O005832,C01801,2024-10-30,UPI,Delivered
O005833,C01350,2025-06-30,Credit Card,Delivered
O005834,C00919,2024-10-04,Debit Card,Delivered
O005835,C00206,2024-02-22,Cash on Delivery,Delivered
O005836,C01172,2025-11-08,UPI,Delivered
O005837,C00314,2025-11-07,Debit Card,Delivered
O005838,C00635,2024-05-02,Credit Card,Delivered
O005839,C01006,2024-08-11,Debit Card,Delivered
O005840,C01456,2024-02-28,UPI,Delivered
O005841,C01976,2025-02-19,UPI,Delivered
O005842,C00988,2025-03-22,Cash on Delivery,Delivered
O005843,C01742,2024-07-06,Net Banking,Delivered
O005844,C00027,2025-10-24,UPI,Delivered
O005845,C01016,2025-02-06,UPI,Delivered
O005846,C00151,2025-12-24,Debit Card,Delivered
O005847,C00128,2025-04-19,UPI,Delivered
O005848,C01552,2025-01-23,Cash on Delivery,Delivered
O005849,C01979,2024-08-30,UPI,Delivered
O005850,C01707,2024-11-06,Cash on Delivery,Cancelled
O005851,C01224,2025-04-25,UPI,Cancelled
O005852,C00407,2024-02-13,Credit Card,Delivered
O005853,C00431,2025-02-28,Net Banking,Delivered
O005854,C00389,2025-06-25,Debit Card,Delivered
O005855,C01660,2025-11-23,Debit Card,Delivered
O005856,C00564,2024-03-27,Net Banking,Delivered
O005857,C01127,2025-03-28,Net Banking,Delivered
O005858,C01011,2024-12-31,Net Banking,Delivered
O005859,C00910,2025-12-28,Cash on Delivery,Cancelled
O005860,C00852,2025-12-13,Credit Card,Delivered
O005861,C00646,2024-07-23,UPI,Delivered
O005862,C01417,2025-05-22,Cash on Delivery,Delivered
O005863,C00659,2024-01-24,UPI,Cancelled
O005864,C00147,2024-01-26,Net Banking,Delivered
O005865,C01882,2024-09-19,Cash on Delivery,Delivered
O005866,C00184,2024-11-23,Net Banking,Delivered
O005867,C01969,2024-07-21,Net Banking,Cancelled
O005868,C01215,2024-06-04,Credit Card,Delivered
O005869,C00721,2024-09-16,Credit Card,Delivered
O005870,C00076,2025-11-20,Cash on Delivery,Delivered
O005871,C01144,2025-08-16,Debit Card,Cancelled
O005872,C00003,2024-02-16,Credit Card,Cancelled
O005873,C01520,2024-04-18,UPI,Delivered
O005874,C00658,2024-06-07,Cash on Delivery,Delivered
O005875,C00534,2025-02-28,UPI,Cancelled
O005876,C00804,2025-09-26,Debit Card,Delivered
O005877,C01234,2025-07-24,Net Banking,Delivered
O005878,C00097,2024-09-13,Net Banking,Delivered
O005879,C00006,2025-12-18,UPI,Delivered
O005880,C00024,2025-08-11,Credit Card,Delivered
O005881,C01469,2025-05-30,Credit Card,Delivered
O005882,C00241,2025-12-09,Credit Card,Delivered
O005883,C01559,2025-11-13,Credit Card,Cancelled
O005884,C01891,2024-02-18,Cash on Delivery,Cancelled
O005885,C00307,2024-07-02,UPI,Cancelled
O005886,C00050,2025-01-18,Credit Card,Cancelled
O005887,C00784,2024-02-26,Credit Card,Delivered
O005888,C01572,2025-09-17,Cash on Delivery,Delivered
O005889,C00489,2025-03-13,Credit Card,Cancelled
O005890,C01136,2025-12-03,Net Banking,Delivered
O005891,C01287,2025-04-18,UPI,Delivered
O005892,C01094,2025-06-30,Cash on Delivery,Delivered
O005893,C00311,2025-10-10,Net Banking,Delivered
O005894,C00323,2025-08-17,Cash on Delivery,Delivered
O005895,C00186,2025-09-19,Cash on Delivery,Delivered
O005896,C00579,2024-01-28,Net Banking,Cancelled
O005897,C00424,2024-09-25,Net Banking,Delivered
O005898,C00702,2024-02-24,Net Banking,Delivered
O005899,C00410,2024-11-19,UPI,Delivered
O005900,C01239,2025-04-09,Cash on Delivery,Delivered
O005901,C00540,2025-07-28,UPI,Cancelled
O005902,C01860,2025-04-20,Cash on Delivery,Delivered
O005903,C01561,2025-12-22,Debit Card,Delivered
O005904,C00999,2024-03-03,UPI,Cancelled
O005905,C01475,2025-11-20,Cash on Delivery,Cancelled
O005906,C00990,2025-03-04,UPI,Cancelled
O005907,C00345,2025-01-06,UPI,Delivered
O005908,C01228,2024-04-10,Cash on Delivery,Delivered
O005909,C01108,2024-07-29,Cash on Delivery,Delivered
O005910,C01773,2025-07-15,UPI,Delivered
O005911,C00409,2024-02-02,Credit Card,Delivered
O005912,C00776,2024-03-21,UPI,Delivered
O005913,C00687,2024-01-28,Cash on Delivery,Delivered
O005914,C01134,2025-01-20,Credit Card,Delivered
O005915,C00703,2025-01-29,Credit Card,Delivered
O005916,C00494,2024-06-23,UPI,Delivered
O005917,C00229,2025-05-20,Cash on Delivery,Delivered
O005918,C00067,2024-09-29,Credit Card,Delivered
O005919,C01636,2024-12-01,Credit Card,Delivered
O005920,C00038,2025-01-05,UPI,Cancelled
O005921,C01854,2024-08-23,Net Banking,Delivered
O005922,C00975,2025-08-30,Credit Card,Delivered
O005923,C00745,2025-10-22,Cash on Delivery,Delivered
O005924,C00984,2025-11-11,Debit Card,Delivered
O005925,C01769,2024-06-25,Debit Card,Delivered
O005926,C01882,2024-01-17,Credit Card,Delivered
O005927,C00909,2025-12-24,Cash on Delivery,Delivered
O005928,C00800,2024-02-12,Cash on Delivery,Cancelled
O005929,C01173,2024-01-21,Debit Card,Delivered
O005930,C01181,2025-08-23,Debit Card,Delivered
O005931,C01795,2025-08-30,Net Banking,Delivered
O005932,C00836,2025-09-22,Credit Card,Delivered
O005933,C00369,2024-06-01,UPI,Cancelled
O005934,C00770,2025-02-18,Net Banking,Delivered
O005935,C00476,2025-04-17,UPI,Delivered
O005936,C01535,2025-10-30,Credit Card,Cancelled
O005937,C00617,2024-10-21,UPI,Delivered
O005938,C00766,2025-06-13,Net Banking,Cancelled
O005939,C01858,2025-06-14,Net Banking,Delivered
O005940,C00443,2025-07-27,Net Banking,Cancelled
O005941,C00822,2024-01-15,UPI,Delivered
O005942,C01901,2025-03-05,UPI,Delivered
O005943,C00485,2025-01-09,UPI,Delivered
O005944,C00489,2024-02-10,Credit Card,Delivered
O005945,C00760,2024-10-27,UPI,Cancelled
O005946,C01817,2025-08-17,UPI,Delivered
O005947,C00545,2024-10-20,UPI,Cancelled
O005948,C01117,2025-06-24,Debit Card,Delivered
O005949,C01761,2024-04-07,Credit Card,Cancelled
O005950,C00090,2024-11-29,Cash on Delivery,Delivered
O005951,C00338,2025-06-28,UPI,Delivered
O005952,C01309,2024-11-27,UPI,Delivered
O005953,C00278,2025-03-02,UPI,Cancelled
O005954,C00538,2024-04-17,UPI,Delivered
O005955,C01572,2024-03-30,Cash on Delivery,Delivered
O005956,C01165,2024-12-06,Debit Card,Cancelled
O005957,C00751,2024-04-01,Credit Card,Delivered
O005958,C01177,2025-11-27,Credit Card,Delivered
O005959,C00086,2025-04-23,UPI,Cancelled
O005960,C00882,2025-12-02,UPI,Delivered
O005961,C01768,2024-10-12,Cash on Delivery,Delivered
O005962,C01879,2024-09-30,Cash on Delivery,Delivered
O005963,C01914,2024-05-30,UPI,Delivered
O005964,C00528,2024-09-23,Net Banking,Cancelled
O005965,C01950,2024-12-05,Credit Card,Delivered
O005966,C00654,2025-12-14,Debit Card,Cancelled
O005967,C01972,2024-02-14,Debit Card,Delivered
O005968,C01896,2024-07-03,UPI,Cancelled
O005969,C00186,2024-06-29,UPI,Delivered
O005970,C01292,2024-03-12,Credit Card,Cancelled
O005971,C01220,2025-04-02,Credit Card,Delivered
O005972,C01085,2024-01-08,Credit Card,Delivered
O005973,C01816,2024-06-25,Cash on Delivery,Delivered
O005974,C01561,2024-11-16,Credit Card,Delivered
O005975,C00322,2025-08-03,Cash on Delivery,Cancelled
O005976,C01627,2025-08-07,Debit Card,Delivered
O005977,C00253,2025-11-20,Net Banking,Cancelled
O005978,C01014,2025-09-19,UPI,Delivered
O005979,C00779,2025-09-08,UPI,Delivered
O005980,C01986,2025-02-20,Net Banking,Delivered
O005981,C01661,2025-03-17,Credit Card,Delivered
O005982,C00635,2024-02-05,Credit Card,Delivered
O005983,C00917,2025-09-14,UPI,Delivered
O005984,C01769,2024-01-12,Net Banking,Delivered
O005985,C01847,2025-11-09,Net Banking,Delivered
O005986,C00269,2025-07-13,UPI,Delivered
O005987,C00750,2024-07-13,Credit Card,Delivered
O005988,C00146,2025-09-23,Credit Card,Delivered
O005989,C01395,2024-02-14,UPI,Delivered
O005990,C00904,2024-02-29,Credit Card,Delivered
O005991,C00867,2024-02-14,Net Banking,Delivered
O005992,C00648,2024-04-08,Credit Card,Delivered
O005993,C01079,2024-12-06,Net Banking,Cancelled
O005994,C00127,2024-05-20,Credit Card,Delivered
O005995,C00524,2024-08-07,Debit Card,Delivered
O005996,C00429,2024-02-03,UPI,Delivered
O005997,C00630,2024-08-31,Credit Card,Delivered
O005998,C00116,2024-09-28,Net Banking,Delivered
O005999,C01499,2025-04-12,Debit Card,Delivered
O006000,C00199,2025-05-23,Debit Card,Delivered
O006001,C01196,2025-11-22,UPI,Delivered
O006002,C01481,2024-07-08,Net Banking,Delivered
O006003,C01173,2024-08-15,UPI,Cancelled
O006004,C01306,2024-04-10,Cash on Delivery,Cancelled
O006005,C00815,2025-04-15,Net Banking,Delivered
O006006,C01736,2024-11-04,Cash on Delivery,Cancelled
O006007,C00440,2025-01-06,Net Banking,Delivered
O006008,C00796,2025-05-25,UPI,Cancelled
O006009,C00482,2024-04-05,UPI,Delivered
O006010,C01462,2025-05-24,Net Banking,Delivered
O006011,C01285,2024-02-29,Debit Card,Delivered
O006012,C00811,2024-02-29,Credit Card,Delivered
O006013,C00767,2024-07-13,Net Banking,Delivered
O006014,C01582,2025-12-29,UPI,Delivered
O006015,C01528,2025-02-26,Net Banking,Delivered
O006016,C01642,2024-06-08,UPI,Cancelled
O006017,C00544,2025-01-19,UPI,Delivered
O006018,C01651,2025-07-01,Debit Card,Cancelled
O006019,C00381,2025-07-25,UPI,Cancelled
O006020,C00738,2025-09-23,Credit Card,Delivered
O006021,C00445,2024-10-04,Credit Card,Delivered
O006022,C01414,2025-11-28,Cash on Delivery,Delivered
O006023,C00436,2025-12-11,Credit Card,Delivered
O006024,C01159,2025-10-29,Cash on Delivery,Delivered
O006025,C00593,2024-06-20,Debit Card,Delivered
O006026,C00382,2024-12-10,Cash on Delivery,Delivered
O006027,C00660,2025-07-07,UPI,Delivered
O006028,C01671,2024-08-23,Net Banking,Delivered
O006029,C00771,2024-10-12,Cash on Delivery,Cancelled
O006030,C01337,2025-08-29,Credit Card,Delivered
O006031,C00339,2025-03-04,Net Banking,Delivered
O006032,C01881,2024-08-15,UPI,Delivered
O006033,C00459,2025-11-05,Cash on Delivery,Delivered
O006034,C01335,2025-05-22,Credit Card,Delivered
O006035,C00280,2024-07-08,Credit Card,Delivered
O006036,C00045,2025-02-13,Credit Card,Delivered
O006037,C01411,2025-11-24,UPI,Delivered
O006038,C00867,2024-07-26,Cash on Delivery,Delivered
O006039,C00467,2024-09-04,Debit Card,Delivered
O006040,C01058,2025-06-25,Credit Card,Delivered
O006041,C00436,2025-02-24,Debit Card,Delivered
O006042,C01352,2025-01-26,UPI,Cancelled
O006043,C01211,2024-03-22,Cash on Delivery,Delivered
O006044,C01822,2024-02-11,Net Banking,Delivered
O006045,C00679,2024-09-26,Net Banking,Delivered
O006046,C00673,2025-11-30,Cash on Delivery,Delivered
O006047,C00260,2024-11-15,Net Banking,Delivered
O006048,C01874,2025-07-01,Cash on Delivery,Delivered
O006049,C00894,2025-04-28,Credit Card,Cancelled
O006050,C01275,2025-01-12,UPI,Cancelled
O006051,C01965,2024-08-05,UPI,Delivered
O006052,C00008,2024-03-01,Net Banking,Delivered
O006053,C00504,2024-06-07,Credit Card,Delivered
O006054,C00378,2025-12-09,Cash on Delivery,Delivered
O006055,C01281,2024-04-16,Credit Card,Delivered
O006056,C01010,2025-10-15,Net Banking,Delivered
O006057,C00957,2025-02-08,Credit Card,Delivered
O006058,C01924,2024-06-28,UPI,Cancelled
O006059,C01434,2024-08-24,UPI,Delivered
O006060,C00823,2025-07-30,Net Banking,Delivered
O006061,C00058,2025-03-05,Net Banking,Delivered
O006062,C00425,2024-06-12,Debit Card,Delivered
O006063,C00488,2024-04-05,Net Banking,Delivered
O006064,C00687,2024-10-16,Cash on Delivery,Delivered
O006065,C00348,2025-07-17,Cash on Delivery,Cancelled
O006066,C01631,2025-09-26,UPI,Delivered
O006067,C00174,2025-09-04,UPI,Delivered
O006068,C01621,2024-04-20,Debit Card,Delivered
O006069,C00271,2024-01-28,Net Banking,Delivered
O006070,C00038,2024-07-01,Net Banking,Delivered
O006071,C00970,2025-06-26,Debit Card,Cancelled
O006072,C00343,2024-12-07,Credit Card,Delivered
O006073,C00283,2025-05-19,Debit Card,Cancelled
O006074,C01897,2025-08-16,UPI,Delivered
O006075,C01701,2024-12-18,UPI,Delivered
O006076,C00502,2024-03-29,Net Banking,Delivered
O006077,C01649,2024-01-17,Debit Card,Delivered
O006078,C01300,2025-01-22,Net Banking,Delivered
O006079,C01938,2025-10-11,Net Banking,Delivered
O006080,C00580,2024-01-27,Cash on Delivery,Delivered
O006081,C00548,2024-07-28,UPI,Delivered
O006082,C01323,2024-08-03,Cash on Delivery,Delivered
O006083,C00214,2025-04-01,Cash on Delivery,Delivered
O006084,C01203,2024-10-25,Cash on Delivery,Delivered
O006085,C01534,2024-08-21,Cash on Delivery,Cancelled
O006086,C01451,2025-10-04,Debit Card,Cancelled
O006087,C01618,2024-03-06,UPI,Cancelled
O006088,C01872,2024-02-16,Cash on Delivery,Delivered
O006089,C00071,2024-08-04,Cash on Delivery,Cancelled
O006090,C01821,2025-10-25,Debit Card,Delivered
O006091,C00030,2025-04-18,Cash on Delivery,Cancelled
O006092,C01439,2024-10-25,Net Banking,Delivered
O006093,C00293,2025-01-19,Net Banking,Delivered
O006094,C00608,2024-01-15,Credit Card,Delivered
O006095,C00270,2025-11-01,Debit Card,Cancelled
O006096,C00527,2024-10-24,Net Banking,Delivered
O006097,C00268,2024-10-25,UPI,Cancelled
O006098,C01200,2024-12-10,Cash on Delivery,Delivered
O006099,C01353,2024-02-04,UPI,Delivered
O006100,C01262,2024-06-23,Debit Card,Cancelled
O006101,C01911,2024-06-08,Debit Card,Delivered
O006102,C00516,2024-10-21,UPI,Delivered
O006103,C01434,2024-05-23,UPI,Delivered
O006104,C01403,2025-05-27,Net Banking,Delivered
O006105,C01519,2024-11-30,Credit Card,Delivered
O006106,C01863,2025-02-17,Credit Card,Cancelled
O006107,C01992,2024-02-10,Credit Card,Delivered
O006108,C01924,2025-05-27,Credit Card,Delivered
O006109,C01694,2024-08-25,Credit Card,Delivered
O006110,C00815,2024-01-25,Net Banking,Cancelled
O006111,C01426,2025-02-24,Net Banking,Delivered
O006112,C01736,2025-08-15,Debit Card,Cancelled
O006113,C01078,2024-09-27,Credit Card,Delivered
O006114,C00420,2025-12-28,Debit Card,Cancelled
O006115,C01330,2024-01-21,Debit Card,Delivered
O006116,C01347,2025-12-07,Debit Card,Delivered
O006117,C00139,2025-04-17,Credit Card,Delivered
O006118,C00788,2025-08-09,UPI,Delivered
O006119,C01430,2025-11-24,Debit Card,Cancelled
O006120,C01316,2024-09-18,Credit Card,Delivered
O006121,C00958,2025-12-17,Cash on Delivery,Cancelled
O006122,C01228,2025-10-05,Cash on Delivery,Delivered
O006123,C00802,2025-12-05,UPI,Delivered
O006124,C01056,2024-07-22,Net Banking,Delivered
O006125,C01277,2025-09-21,Debit Card,Cancelled
O006126,C01588,2025-08-08,Net Banking,Delivered
O006127,C01810,2025-04-04,Debit Card,Delivered
O006128,C01989,2024-06-17,UPI,Cancelled
O006129,C01758,2025-08-11,Net Banking,Delivered
O006130,C00413,2024-01-22,Net Banking,Delivered
O006131,C00104,2024-09-21,Net Banking,Delivered
O006132,C01176,2025-07-17,Credit Card,Delivered
O006133,C00172,2025-10-06,Net Banking,Delivered
O006134,C00272,2025-04-27,UPI,Delivered
O006135,C00858,2024-12-03,Debit Card,Delivered
O006136,C01845,2025-11-03,UPI,Delivered
O006137,C01402,2024-11-28,Cash on Delivery,Delivered
O006138,C01948,2025-08-30,Credit Card,Delivered
O006139,C01363,2025-07-20,Cash on Delivery,Delivered
O006140,C00661,2025-12-22,UPI,Delivered
O006141,C01820,2025-07-25,Net Banking,Delivered
O006142,C00205,2025-08-07,Cash on Delivery,Delivered
O006143,C00522,2024-02-14,Debit Card,Delivered
O006144,C00012,2025-09-19,UPI,Delivered
O006145,C01073,2024-03-25,Credit Card,Cancelled
O006146,C01612,2025-03-05,Net Banking,Cancelled
O006147,C01753,2024-10-28,UPI,Delivered
O006148,C00732,2025-07-14,UPI,Delivered
O006149,C00784,2025-12-25,Credit Card,Delivered
O006150,C00219,2025-06-10,UPI,Delivered
O006151,C01765,2024-08-11,Credit Card,Delivered
O006152,C01577,2025-10-28,Cash on Delivery,Cancelled
O006153,C01253,2025-12-29,Net Banking,Delivered
O006154,C00011,2025-02-19,Credit Card,Delivered
O006155,C00413,2024-12-26,Cash on Delivery,Delivered
O006156,C01869,2024-11-25,Cash on Delivery,Delivered
O006157,C00035,2025-03-20,Debit Card,Delivered
O006158,C01714,2025-07-12,Credit Card,Delivered
O006159,C01777,2025-03-17,UPI,Delivered
O006160,C00927,2025-08-20,UPI,Delivered
O006161,C00837,2025-02-07,UPI,Cancelled
O006162,C00611,2024-07-21,Debit Card,Delivered
O006163,C01877,2024-05-06,Credit Card,Cancelled
O006164,C01317,2024-10-23,Credit Card,Delivered
O006165,C00093,2024-12-28,Cash on Delivery,Delivered
O006166,C01498,2025-08-02,UPI,Cancelled
O006167,C01253,2025-12-19,Cash on Delivery,Delivered
O006168,C00063,2024-07-04,Cash on Delivery,Delivered
O006169,C01530,2024-04-12,UPI,Delivered
O006170,C00552,2025-12-06,Cash on Delivery,Delivered
O006171,C01196,2024-01-12,Net Banking,Delivered
O006172,C01687,2024-08-06,Net Banking,Cancelled
O006173,C00993,2025-09-13,Cash on Delivery,Delivered
O006174,C00277,2025-06-14,Net Banking,Delivered
O006175,C00314,2024-08-01,Cash on Delivery,Delivered
O006176,C00225,2024-03-07,Credit Card,Delivered
O006177,C00798,2024-07-13,Debit Card,Cancelled
O006178,C00027,2025-08-22,Credit Card,Delivered
O006179,C00951,2025-02-25,UPI,Delivered
O006180,C01540,2024-08-17,Net Banking,Delivered
O006181,C01044,2024-09-19,UPI,Cancelled
O006182,C00660,2025-03-19,Debit Card,Delivered
O006183,C01174,2024-11-02,Debit Card,Delivered
O006184,C01820,2024-01-30,Debit Card,Cancelled
O006185,C01697,2025-04-23,Cash on Delivery,Delivered
O006186,C00288,2024-08-01,Net Banking,Delivered
O006187,C00003,2024-10-07,UPI,Cancelled
O006188,C00514,2024-07-27,Debit Card,Delivered
O006189,C01333,2025-05-27,UPI,Delivered
O006190,C01986,2024-07-13,UPI,Delivered
O006191,C01867,2025-08-30,Debit Card,Delivered
O006192,C00681,2025-05-22,Cash on Delivery,Delivered
O006193,C01251,2025-09-21,Cash on Delivery,Delivered
O006194,C00960,2025-08-22,Credit Card,Delivered
O006195,C00315,2025-04-17,UPI,Delivered
O006196,C01155,2024-01-10,Net Banking,Delivered
O006197,C00965,2024-04-06,Debit Card,Cancelled
O006198,C00895,2024-08-26,Net Banking,Delivered
O006199,C01249,2025-03-17,Debit Card,Delivered
O006200,C01345,2025-05-28,Credit Card,Cancelled
O006201,C01842,2024-09-06,Net Banking,Delivered
O006202,C01862,2025-10-11,Debit Card,Delivered
O006203,C00413,2024-07-24,UPI,Cancelled
O006204,C01070,2025-10-20,Credit Card,Cancelled
O006205,C00656,2024-05-18,Debit Card,Cancelled
O006206,C01790,2024-12-10,Net Banking,Cancelled
O006207,C01651,2024-12-25,Net Banking,Delivered
O006208,C01169,2024-01-14,Net Banking,Delivered
O006209,C00502,2024-12-07,Credit Card,Delivered
O006210,C01989,2024-01-07,Net Banking,Delivered
O006211,C01510,2024-12-28,Debit Card,Cancelled
O006212,C00772,2024-01-29,Cash on Delivery,Delivered
O006213,C00340,2024-10-05,Net Banking,Delivered
O006214,C01718,2025-01-07,Net Banking,Delivered
O006215,C01901,2025-05-10,Cash on Delivery,Delivered
O006216,C00203,2025-10-17,Net Banking,Delivered
O006217,C01434,2025-03-08,UPI,Delivered
O006218,C00826,2024-06-18,Credit Card,Cancelled
O006219,C00438,2024-11-13,Debit Card,Delivered
O006220,C00761,2024-02-15,UPI,Cancelled
O006221,C01891,2025-03-26,Cash on Delivery,Delivered
O006222,C00960,2025-12-30,Cash on Delivery,Cancelled
O006223,C00307,2024-03-02,UPI,Delivered
O006224,C01816,2024-08-02,Credit Card,Delivered
O006225,C01683,2025-11-27,Credit Card,Delivered
O006226,C00849,2025-04-19,Net Banking,Cancelled
O006227,C01713,2025-03-04,UPI,Delivered
O006228,C01901,2024-08-31,Credit Card,Delivered
O006229,C00274,2024-02-19,Net Banking,Delivered
O006230,C00451,2024-12-08,Net Banking,Delivered
O006231,C00923,2024-05-19,Debit Card,Cancelled
O006232,C00056,2024-07-19,Cash on Delivery,Delivered
O006233,C00467,2025-08-17,Credit Card,Cancelled
O006234,C00116,2025-09-03,UPI,Delivered
O006235,C00648,2024-08-02,Net Banking,Cancelled
O006236,C01286,2024-07-20,Debit Card,Delivered
O006237,C01375,2025-11-06,Cash on Delivery,Delivered
O006238,C01659,2025-01-19,Net Banking,Delivered
O006239,C01190,2024-04-08,UPI,Delivered
O006240,C00145,2024-06-25,Debit Card,Delivered
O006241,C00862,2025-05-04,Net Banking,Delivered
O006242,C00643,2024-05-15,Credit Card,Cancelled
O006243,C01075,2024-04-24,UPI,Cancelled
O006244,C01108,2025-11-07,Net Banking,Delivered
O006245,C01727,2025-04-24,Debit Card,Delivered
O006246,C00948,2025-05-24,Credit Card,Delivered
O006247,C01195,2024-02-08,UPI,Delivered
O006248,C01012,2024-06-29,Debit Card,Cancelled
O006249,C01190,2024-03-29,UPI,Cancelled
O006250,C01247,2025-05-23,Net Banking,Delivered
O006251,C00830,2024-01-30,Net Banking,Delivered
O006252,C01036,2024-05-23,Credit Card,Cancelled
O006253,C00908,2025-06-15,Credit Card,Cancelled
O006254,C00047,2025-01-28,Net Banking,Delivered
O006255,C01404,2025-10-30,Net Banking,Delivered
O006256,C00163,2024-12-07,Credit Card,Delivered
O006257,C01216,2025-03-26,Net Banking,Delivered
O006258,C00370,2024-09-03,UPI,Cancelled
O006259,C00058,2024-02-02,Debit Card,Delivered
O006260,C01121,2025-03-05,Cash on Delivery,Cancelled
O006261,C00205,2025-07-11,UPI,Cancelled
O006262,C01326,2024-06-26,Cash on Delivery,Cancelled
O006263,C01319,2024-02-17,Credit Card,Delivered
O006264,C01047,2025-07-09,Credit Card,Delivered
O006265,C01329,2024-07-20,Net Banking,Delivered
O006266,C01875,2024-07-18,Credit Card,Cancelled
O006267,C00076,2024-01-13,UPI,Delivered
O006268,C00932,2025-06-10,Credit Card,Delivered
O006269,C00986,2025-10-18,Credit Card,Cancelled
O006270,C01137,2025-10-28,Credit Card,Delivered
O006271,C01134,2025-10-21,Debit Card,Delivered
O006272,C00459,2024-10-01,UPI,Cancelled
O006273,C01358,2025-02-23,Cash on Delivery,Delivered
O006274,C01355,2025-07-11,Debit Card,Cancelled
O006275,C01848,2024-02-04,Net Banking,Delivered
O006276,C00497,2025-04-11,Debit Card,Delivered
O006277,C00862,2024-07-01,Net Banking,Delivered
O006278,C00943,2024-09-28,Cash on Delivery,Cancelled
O006279,C00848,2024-03-25,Cash on Delivery,Delivered
O006280,C01996,2024-03-01,UPI,Delivered
O006281,C01415,2025-01-28,Net Banking,Delivered
O006282,C01640,2024-12-10,Credit Card,Delivered
O006283,C01515,2024-03-28,UPI,Delivered
O006284,C01721,2025-01-31,Credit Card,Delivered
O006285,C00662,2024-03-01,Debit Card,Delivered
O006286,C01295,2024-07-03,UPI,Delivered
O006287,C00902,2024-06-07,UPI,Delivered
O006288,C00261,2024-09-10,Net Banking,Cancelled
O006289,C00980,2025-03-19,Cash on Delivery,Cancelled
O006290,C01384,2024-10-15,Credit Card,Cancelled
O006291,C00561,2025-10-06,Debit Card,Delivered
O006292,C00092,2025-10-01,Debit Card,Delivered
O006293,C01043,2025-06-12,Debit Card,Delivered
O006294,C01991,2024-11-19,UPI,Delivered
O006295,C00131,2024-02-25,Debit Card,Delivered
O006296,C01948,2025-05-13,UPI,Delivered
O006297,C01542,2024-11-27,Credit Card,Delivered
O006298,C01328,2025-11-11,Cash on Delivery,Delivered
O006299,C00407,2024-08-07,Credit Card,Delivered
O006300,C00234,2024-04-21,Debit Card,Delivered
O006301,C01678,2024-01-20,Cash on Delivery,Cancelled
O006302,C00153,2024-09-10,UPI,Cancelled
O006303,C01309,2025-04-16,Credit Card,Delivered
O006304,C01266,2025-09-04,Credit Card,Delivered
O006305,C01790,2024-10-06,Credit Card,Delivered
O006306,C01309,2024-09-17,Cash on Delivery,Delivered
O006307,C00732,2024-11-13,Net Banking,Cancelled
O006308,C00598,2025-11-28,Debit Card,Delivered
O006309,C02000,2025-05-21,Net Banking,Cancelled
O006310,C01660,2024-10-18,Debit Card,Delivered
O006311,C01874,2024-12-31,Cash on Delivery,Delivered
O006312,C01679,2024-08-16,Net Banking,Delivered
O006313,C01954,2025-04-28,Credit Card,Delivered
O006314,C00136,2024-01-25,Net Banking,Delivered
O006315,C01921,2024-05-04,UPI,Delivered
O006316,C00983,2024-10-13,Credit Card,Delivered
O006317,C01037,2024-02-04,Credit Card,Delivered
O006318,C00728,2024-08-13,Credit Card,Delivered
O006319,C00750,2025-12-23,Credit Card,Delivered
O006320,C01232,2024-04-26,Credit Card,Delivered
O006321,C00479,2025-12-09,UPI,Cancelled
O006322,C00806,2025-04-04,Cash on Delivery,Delivered
O006323,C01456,2024-01-20,UPI,Cancelled
O006324,C01700,2024-03-23,UPI,Delivered
O006325,C01146,2025-04-18,Debit Card,Delivered
O006326,C01316,2024-06-13,UPI,Delivered
O006327,C00465,2025-09-19,Credit Card,Delivered
O006328,C00186,2024-08-31,Credit Card,Delivered
O006329,C00142,2025-01-31,Credit Card,Delivered
O006330,C01101,2025-07-09,UPI,Delivered
O006331,C01633,2025-08-29,Credit Card,Delivered
O006332,C01865,2025-07-30,Credit Card,Delivered
O006333,C00598,2025-01-29,Net Banking,Delivered
O006334,C01453,2025-08-31,UPI,Delivered
O006335,C01490,2025-03-27,UPI,Delivered
O006336,C01522,2025-07-07,Cash on Delivery,Delivered
O006337,C01116,2024-09-24,Debit Card,Delivered
O006338,C01888,2024-06-15,Net Banking,Delivered
O006339,C01518,2024-10-21,Cash on Delivery,Delivered
O006340,C00870,2025-10-07,UPI,Delivered
O006341,C00007,2025-03-28,UPI,Delivered
O006342,C01839,2024-01-26,Credit Card,Delivered
O006343,C01052,2025-05-25,UPI,Delivered
O006344,C01157,2025-07-18,Cash on Delivery,Delivered
O006345,C01323,2024-04-26,Debit Card,Delivered
O006346,C00467,2024-10-23,Debit Card,Delivered
O006347,C01716,2025-08-15,Credit Card,Delivered
O006348,C00792,2025-05-19,UPI,Cancelled
O006349,C00523,2024-03-01,Cash on Delivery,Delivered
O006350,C01422,2024-03-01,Net Banking,Delivered
O006351,C00590,2025-12-27,UPI,Delivered
O006352,C01212,2024-06-23,Credit Card,Cancelled
O006353,C00830,2025-03-15,Credit Card,Delivered
O006354,C01989,2025-01-26,Credit Card,Delivered
O006355,C01663,2025-03-22,UPI,Delivered
O006356,C01986,2025-05-04,UPI,Cancelled
O006357,C01487,2025-03-01,Debit Card,Delivered
O006358,C01449,2025-07-24,Net Banking,Delivered
O006359,C01143,2024-11-20,Credit Card,Delivered
O006360,C00773,2025-02-22,Credit Card,Delivered
O006361,C01229,2025-07-23,Net Banking,Delivered
O006362,C00848,2024-04-04,Net Banking,Delivered
O006363,C00004,2025-10-20,Credit Card,Delivered
O006364,C01530,2025-11-13,Net Banking,Delivered
O006365,C00570,2025-02-13,UPI,Delivered
O006366,C00276,2025-09-11,Cash on Delivery,Delivered
O006367,C00274,2024-02-09,Credit Card,Delivered
O006368,C01257,2025-04-16,Cash on Delivery,Cancelled
O006369,C00082,2025-01-01,UPI,Delivered
O006370,C01486,2025-05-27,Net Banking,Delivered
O006371,C01135,2025-02-11,Credit Card,Delivered
O006372,C01000,2025-02-08,Debit Card,Cancelled
O006373,C01517,2024-12-08,UPI,Delivered
O006374,C00972,2024-09-03,Net Banking,Cancelled
O006375,C00148,2024-07-28,Debit Card,Delivered
O006376,C01302,2024-05-31,UPI,Delivered
O006377,C00247,2025-10-11,Debit Card,Delivered
O006378,C00056,2025-03-22,Debit Card,Delivered
O006379,C00503,2024-08-15,Debit Card,Delivered
O006380,C00938,2025-12-08,Debit Card,Delivered
O006381,C01860,2024-07-08,Debit Card,Delivered
O006382,C01806,2024-09-12,Credit Card,Delivered
O006383,C01667,2024-07-07,UPI,Cancelled
O006384,C00786,2025-09-12,Credit Card,Delivered
O006385,C01540,2025-08-19,Credit Card,Delivered
O006386,C00447,2024-10-08,UPI,Cancelled
O006387,C01603,2024-06-28,Debit Card,Delivered
O006388,C01831,2024-12-20,Cash on Delivery,Delivered
O006389,C00730,2024-09-01,Cash on Delivery,Delivered
O006390,C01310,2025-08-04,Credit Card,Delivered
O006391,C01404,2024-03-30,Net Banking,Delivered
O006392,C01743,2025-06-22,Net Banking,Delivered
O006393,C00612,2024-07-06,Cash on Delivery,Delivered
O006394,C00054,2024-12-11,Credit Card,Cancelled
O006395,C00663,2025-07-23,UPI,Delivered
O006396,C01522,2025-11-14,Debit Card,Delivered
O006397,C00131,2024-11-14,Credit Card,Delivered
O006398,C01597,2024-10-08,UPI,Delivered
O006399,C01793,2024-03-02,Cash on Delivery,Delivered
O006400,C00986,2024-09-30,Credit Card,Delivered
O006401,C01093,2025-03-11,Net Banking,Delivered
O006402,C01173,2025-01-27,UPI,Delivered
O006403,C00961,2024-02-29,Credit Card,Delivered
O006404,C00136,2025-12-11,Debit Card,Delivered
O006405,C00566,2024-10-08,Net Banking,Delivered
O006406,C00766,2025-05-22,Net Banking,Delivered
O006407,C01189,2025-01-11,Net Banking,Delivered
O006408,C00733,2025-04-15,UPI,Delivered
O006409,C00534,2024-06-27,Net Banking,Cancelled
O006410,C00938,2024-12-14,Cash on Delivery,Cancelled
O006411,C00956,2025-09-02,Credit Card,Delivered
O006412,C00438,2024-11-21,UPI,Delivered
O006413,C00593,2024-06-27,UPI,Cancelled
O006414,C00660,2025-03-18,UPI,Delivered
O006415,C01015,2025-10-04,Debit Card,Delivered
O006416,C00195,2025-10-04,Cash on Delivery,Delivered
O006417,C00107,2024-04-07,Debit Card,Delivered
O006418,C01029,2025-12-20,UPI,Delivered
O006419,C01481,2025-02-21,Cash on Delivery,Delivered
O006420,C01977,2024-07-09,UPI,Delivered
O006421,C00423,2025-08-26,Debit Card,Delivered
O006422,C00189,2025-12-07,Cash on Delivery,Delivered
O006423,C00469,2024-11-12,Credit Card,Cancelled
O006424,C00845,2025-06-07,Credit Card,Delivered
O006425,C01936,2025-03-30,Net Banking,Delivered
O006426,C01636,2025-06-01,Cash on Delivery,Delivered
O006427,C01124,2024-04-17,Net Banking,Delivered
O006428,C00093,2025-04-15,Net Banking,Delivered
O006429,C01293,2024-07-21,Debit Card,Delivered
O006430,C00617,2025-09-10,Credit Card,Delivered
O006431,C01559,2024-08-10,Net Banking,Delivered
O006432,C00833,2024-09-22,Net Banking,Delivered
O006433,C00293,2024-08-31,Net Banking,Cancelled
O006434,C01345,2024-04-01,UPI,Delivered
O006435,C00763,2024-03-04,Debit Card,Delivered
O006436,C01448,2024-11-13,Debit Card,Delivered
O006437,C00828,2024-11-23,UPI,Delivered
O006438,C00400,2025-01-27,UPI,Delivered
O006439,C01964,2024-04-25,Cash on Delivery,Delivered
O006440,C01791,2025-03-23,Debit Card,Delivered
O006441,C01864,2025-01-18,UPI,Delivered
O006442,C01875,2025-05-06,Net Banking,Delivered
O006443,C00591,2025-11-15,UPI,Delivered
O006444,C00593,2025-08-23,Credit Card,Delivered
O006445,C00827,2024-06-02,Credit Card,Delivered
O006446,C00212,2025-11-29,UPI,Delivered
O006447,C00655,2024-05-19,Cash on Delivery,Cancelled
O006448,C00291,2025-11-11,UPI,Delivered
O006449,C00870,2024-12-18,Credit Card,Delivered
O006450,C01739,2024-01-13,Cash on Delivery,Delivered
O006451,C00264,2024-05-09,Credit Card,Delivered
O006452,C00570,2024-04-03,UPI,Delivered
O006453,C00476,2024-11-21,Cash on Delivery,Delivered
O006454,C00378,2024-07-23,Net Banking,Delivered
O006455,C00763,2025-08-17,Net Banking,Delivered
O006456,C01342,2025-03-06,UPI,Cancelled
O006457,C01552,2025-07-06,UPI,Delivered
O006458,C00234,2025-12-23,Credit Card,Delivered
O006459,C01095,2024-12-30,Debit Card,Delivered
O006460,C00458,2025-07-30,Cash on Delivery,Delivered
O006461,C00395,2024-03-19,UPI,Delivered
O006462,C00745,2024-04-08,UPI,Delivered
O006463,C01957,2025-11-06,UPI,Delivered
O006464,C00325,2024-01-27,Credit Card,Cancelled
O006465,C00521,2025-10-09,Debit Card,Delivered
O006466,C01392,2024-12-01,Credit Card,Delivered
O006467,C00444,2024-01-19,UPI,Cancelled
O006468,C00819,2025-06-19,UPI,Delivered
O006469,C01249,2024-05-09,Net Banking,Delivered
O006470,C01625,2024-02-26,UPI,Delivered
O006471,C01196,2024-04-12,Cash on Delivery,Delivered
O006472,C00880,2025-02-03,Credit Card,Delivered
O006473,C00357,2025-11-04,UPI,Cancelled
O006474,C01948,2025-02-15,Credit Card,Delivered
O006475,C01537,2025-12-14,Debit Card,Delivered
O006476,C01281,2024-10-28,Credit Card,Delivered
O006477,C01356,2025-12-03,Credit Card,Delivered
O006478,C00364,2024-11-24,Cash on Delivery,Delivered
O006479,C01701,2024-10-02,Credit Card,Delivered
O006480,C01710,2024-04-08,UPI,Delivered
O006481,C01410,2024-11-08,UPI,Delivered
O006482,C01966,2025-06-25,Credit Card,Delivered
O006483,C01153,2025-03-08,Net Banking,Delivered
O006484,C01000,2024-07-06,Net Banking,Delivered
O006485,C00758,2025-07-07,Credit Card,Cancelled
O006486,C00125,2024-08-15,Cash on Delivery,Delivered
O006487,C00853,2024-04-02,Debit Card,Delivered
O006488,C00546,2024-09-18,Net Banking,Delivered
O006489,C00449,2025-11-28,Credit Card,Delivered
O006490,C01739,2025-10-02,Cash on Delivery,Delivered
O006491,C00327,2025-11-28,UPI,Delivered
O006492,C01593,2024-09-18,Debit Card,Delivered
O006493,C00890,2025-04-04,Debit Card,Delivered
O006494,C00693,2025-04-17,Credit Card,Cancelled
O006495,C01189,2025-04-23,Debit Card,Delivered
O006496,C00261,2024-03-24,Cash on Delivery,Cancelled
O006497,C01130,2025-07-14,Net Banking,Delivered
O006498,C00316,2024-02-05,Debit Card,Delivered
O006499,C01797,2024-02-27,Net Banking,Delivered
O006500,C01892,2025-07-27,Cash on Delivery,Delivered
O006501,C00610,2025-12-16,UPI,Delivered
O006502,C00973,2024-10-02,UPI,Delivered
O006503,C01769,2024-12-14,Net Banking,Delivered
O006504,C01948,2025-12-08,UPI,Cancelled
O006505,C01908,2024-11-13,Credit Card,Delivered
O006506,C00436,2025-05-04,Debit Card,Delivered
O006507,C01124,2024-12-15,Debit Card,Cancelled
O006508,C01535,2025-07-29,Credit Card,Cancelled
O006509,C00054,2025-10-10,Net Banking,Delivered
O006510,C00806,2024-12-04,Debit Card,Delivered
O006511,C00607,2024-08-12,Credit Card,Cancelled
O006512,C01309,2025-08-11,Credit Card,Cancelled
O006513,C01541,2025-01-05,Cash on Delivery,Delivered
O006514,C00851,2025-06-27,UPI,Delivered
O006515,C01763,2024-04-14,Credit Card,Cancelled
O006516,C00171,2025-07-23,UPI,Delivered
O006517,C01837,2024-05-22,Cash on Delivery,Delivered
O006518,C01423,2025-07-16,Net Banking,Delivered
O006519,C00060,2025-08-17,UPI,Delivered
O006520,C01652,2025-04-02,Credit Card,Delivered
O006521,C00268,2025-12-12,Credit Card,Delivered
O006522,C01416,2025-09-28,Credit Card,Delivered
O006523,C01932,2025-12-28,UPI,Cancelled
O006524,C01257,2025-01-30,Net Banking,Delivered
O006525,C01964,2024-03-06,Cash on Delivery,Delivered
O006526,C01139,2024-04-28,Cash on Delivery,Delivered
O006527,C01499,2025-11-26,Debit Card,Cancelled
O006528,C00426,2024-01-07,UPI,Delivered
O006529,C00251,2025-04-06,Cash on Delivery,Delivered
O006530,C01606,2025-04-05,UPI,Delivered
O006531,C01604,2024-10-14,Net Banking,Delivered
O006532,C00377,2025-06-07,Debit Card,Delivered
O006533,C01717,2025-05-19,UPI,Cancelled
O006534,C01703,2024-12-18,Debit Card,Delivered
O006535,C01726,2024-10-21,Cash on Delivery,Delivered
O006536,C01538,2024-09-05,Credit Card,Delivered
O006537,C01225,2024-12-06,UPI,Delivered
O006538,C00285,2024-05-17,Debit Card,Cancelled
O006539,C01763,2025-01-30,Cash on Delivery,Delivered
O006540,C00024,2025-07-15,Credit Card,Cancelled
O006541,C00538,2025-04-01,Debit Card,Delivered
O006542,C01368,2024-08-04,UPI,Delivered
O006543,C01315,2025-08-23,Credit Card,Delivered
O006544,C01472,2024-03-16,Credit Card,Delivered
O006545,C00182,2024-06-29,Net Banking,Delivered
O006546,C01377,2024-08-18,UPI,Cancelled
O006547,C00460,2025-01-18,UPI,Delivered
O006548,C01229,2024-09-21,UPI,Delivered
O006549,C00215,2024-02-07,Net Banking,Delivered
O006550,C00348,2025-03-14,Debit Card,Cancelled
O006551,C00057,2025-02-06,UPI,Delivered
O006552,C01163,2025-11-27,Net Banking,Cancelled
O006553,C00070,2025-02-11,UPI,Delivered
O006554,C00464,2025-03-26,Credit Card,Delivered
O006555,C01991,2025-01-29,Debit Card,Delivered
O006556,C00976,2025-10-17,Net Banking,Delivered
O006557,C01346,2025-12-21,Credit Card,Delivered
O006558,C01093,2024-11-27,Debit Card,Delivered
O006559,C00094,2024-08-09,Cash on Delivery,Cancelled
O006560,C01633,2024-09-07,Net Banking,Delivered
O006561,C01492,2024-10-25,UPI,Delivered
O006562,C01772,2024-09-04,Net Banking,Delivered
O006563,C01230,2025-08-11,Credit Card,Delivered
O006564,C00152,2024-05-18,Debit Card,Cancelled
O006565,C00187,2024-04-21,UPI,Delivered
O006566,C00022,2024-02-02,Debit Card,Cancelled
O006567,C01341,2025-09-24,Cash on Delivery,Delivered
O006568,C01581,2025-07-24,UPI,Delivered
O006569,C01344,2025-11-16,Credit Card,Delivered
O006570,C00309,2025-07-21,Cash on Delivery,Cancelled
O006571,C01702,2024-06-12,Net Banking,Delivered
O006572,C01897,2024-11-30,UPI,Delivered
O006573,C01876,2025-02-07,Cash on Delivery,Delivered
O006574,C01532,2024-08-04,Cash on Delivery,Cancelled
O006575,C01234,2025-03-22,UPI,Delivered
O006576,C00296,2025-11-14,UPI,Delivered
O006577,C00529,2025-04-23,Credit Card,Delivered
O006578,C00620,2024-09-01,Debit Card,Delivered
O006579,C00123,2024-03-18,UPI,Delivered
O006580,C00153,2024-09-26,Net Banking,Delivered
O006581,C01425,2024-08-09,Debit Card,Delivered
O006582,C00995,2024-05-08,Net Banking,Cancelled
O006583,C00205,2024-04-02,Credit Card,Cancelled
O006584,C00783,2024-08-11,UPI,Delivered
O006585,C01613,2024-07-31,Net Banking,Delivered
O006586,C01752,2025-01-12,UPI,Delivered
O006587,C00238,2024-12-06,Credit Card,Delivered
O006588,C01603,2024-06-22,Debit Card,Cancelled
O006589,C01397,2025-11-18,UPI,Delivered
O006590,C00278,2024-05-11,Debit Card,Delivered
O006591,C01371,2024-08-12,UPI,Delivered
O006592,C01988,2025-12-30,Cash on Delivery,Cancelled
O006593,C01645,2025-12-13,UPI,Delivered
O006594,C00189,2024-07-20,UPI,Cancelled
O006595,C00941,2025-04-15,Cash on Delivery,Delivered
O006596,C00650,2025-08-08,UPI,Delivered
O006597,C01913,2024-03-23,UPI,Cancelled
O006598,C00437,2025-12-19,Cash on Delivery,Delivered
O006599,C01740,2024-06-28,Cash on Delivery,Delivered
O006600,C01006,2025-06-01,Net Banking,Delivered
O006601,C01762,2024-08-04,Credit Card,Cancelled
O006602,C00147,2024-04-19,Credit Card,Cancelled
O006603,C01616,2024-03-15,UPI,Delivered
O006604,C01881,2024-06-09,Net Banking,Delivered
O006605,C01259,2025-03-04,UPI,Delivered
O006606,C00251,2025-10-13,Cash on Delivery,Delivered
O006607,C00347,2025-01-30,Credit Card,Delivered
O006608,C00244,2025-08-09,Credit Card,Delivered
O006609,C00156,2024-05-11,Credit Card,Delivered
O006610,C01885,2024-01-22,UPI,Delivered
O006611,C00106,2025-04-09,Net Banking,Cancelled
O006612,C01359,2025-12-02,Net Banking,Delivered
O006613,C00796,2024-01-31,UPI,Delivered
O006614,C01123,2025-11-22,UPI,Delivered
O006615,C00691,2025-02-23,Credit Card,Delivered
O006616,C00360,2025-02-21,Debit Card,Delivered
O006617,C01515,2025-09-12,UPI,Delivered
O006618,C00005,2024-05-31,Credit Card,Delivered
O006619,C00580,2024-01-06,Net Banking,Delivered
O006620,C01914,2025-01-14,Cash on Delivery,Cancelled
O006621,C01112,2025-10-08,Cash on Delivery,Cancelled
O006622,C00566,2025-09-30,Cash on Delivery,Cancelled
O006623,C01874,2024-01-21,Cash on Delivery,Delivered
O006624,C00800,2024-10-14,Net Banking,Cancelled
O006625,C01168,2024-06-06,Cash on Delivery,Delivered
O006626,C00120,2024-08-06,UPI,Delivered
O006627,C01211,2025-03-19,Debit Card,Delivered
O006628,C00925,2024-11-27,Debit Card,Delivered
O006629,C00427,2025-07-22,Debit Card,Delivered
O006630,C01594,2024-12-11,Cash on Delivery,Delivered
O006631,C01816,2025-02-08,UPI,Delivered
O006632,C00919,2024-04-08,Debit Card,Delivered
O006633,C00934,2025-10-07,Credit Card,Delivered
O006634,C00828,2024-12-18,UPI,Delivered
O006635,C00830,2024-08-17,Credit Card,Delivered
O006636,C00784,2025-12-14,Net Banking,Delivered
O006637,C00047,2024-03-26,Debit Card,Delivered
O006638,C00603,2025-07-10,Debit Card,Delivered
O006639,C01718,2025-07-02,Credit Card,Delivered
O006640,C01677,2025-12-14,Net Banking,Cancelled
O006641,C01328,2025-10-18,Cash on Delivery,Delivered
O006642,C01764,2024-04-03,UPI,Delivered
O006643,C01613,2024-12-11,Cash on Delivery,Delivered
O006644,C01594,2025-11-21,UPI,Delivered
O006645,C00008,2024-12-01,Net Banking,Delivered
O006646,C01109,2025-01-18,Credit Card,Delivered
O006647,C01991,2024-07-23,UPI,Delivered
O006648,C00278,2024-03-08,Cash on Delivery,Delivered
O006649,C00016,2025-11-02,Credit Card,Delivered
O006650,C00394,2024-04-16,Cash on Delivery,Delivered
O006651,C00250,2024-08-04,Debit Card,Delivered
O006652,C00287,2025-07-22,UPI,Cancelled
O006653,C00304,2025-06-03,Credit Card,Delivered
O006654,C01139,2024-03-31,UPI,Delivered
O006655,C01098,2024-10-01,Debit Card,Delivered
O006656,C00670,2025-09-16,Cash on Delivery,Cancelled
O006657,C00395,2024-03-02,Credit Card,Cancelled
O006658,C01211,2025-08-01,Cash on Delivery,Delivered
O006659,C00066,2025-09-08,UPI,Delivered
O006660,C00189,2024-06-21,UPI,Cancelled
O006661,C00549,2025-07-18,Net Banking,Cancelled
O006662,C01644,2024-02-27,UPI,Delivered
O006663,C00764,2024-09-11,Cash on Delivery,Delivered
O006664,C01443,2024-05-01,UPI,Delivered
O006665,C00711,2025-01-28,UPI,Delivered
O006666,C00398,2024-09-17,Debit Card,Delivered
O006667,C01900,2024-08-02,Credit Card,Delivered
O006668,C01570,2024-12-18,Cash on Delivery,Cancelled
O006669,C00269,2025-05-04,Net Banking,Delivered
O006670,C01622,2025-07-25,Net Banking,Delivered
O006671,C00241,2025-02-02,Debit Card,Delivered
O006672,C01959,2025-06-06,Debit Card,Delivered
O006673,C01227,2025-08-26,Net Banking,Cancelled
O006674,C00493,2024-02-27,UPI,Cancelled
O006675,C00036,2025-07-02,Net Banking,Delivered
O006676,C01833,2025-06-18,Debit Card,Delivered
O006677,C01274,2024-09-01,UPI,Delivered
O006678,C00497,2025-11-24,Debit Card,Delivered
O006679,C01256,2025-12-19,Credit Card,Delivered
O006680,C01612,2024-01-30,Debit Card,Delivered
O006681,C01905,2024-12-02,Net Banking,Delivered
O006682,C00962,2024-03-19,Credit Card,Delivered
O006683,C00590,2025-12-25,Cash on Delivery,Delivered
O006684,C01128,2025-07-01,UPI,Delivered
O006685,C00175,2025-09-08,Debit Card,Cancelled
O006686,C01898,2025-02-08,Debit Card,Delivered
O006687,C00790,2024-09-03,Credit Card,Delivered
O006688,C01020,2024-05-27,Cash on Delivery,Cancelled
O006689,C01316,2025-10-15,Debit Card,Delivered
O006690,C01380,2025-03-09,Credit Card,Delivered
O006691,C01144,2025-05-28,Cash on Delivery,Delivered
O006692,C01368,2025-10-12,Credit Card,Delivered
O006693,C00455,2025-11-12,Net Banking,Cancelled
O006694,C01486,2025-05-01,Net Banking,Delivered
O006695,C01908,2024-01-28,Net Banking,Delivered
O006696,C01684,2025-05-07,Net Banking,Cancelled
O006697,C01180,2025-05-02,UPI,Delivered
O006698,C01132,2024-01-07,UPI,Delivered
O006699,C01874,2024-07-10,Debit Card,Delivered
O006700,C01214,2024-04-16,Cash on Delivery,Delivered
O006701,C01430,2025-03-31,Debit Card,Cancelled
O006702,C01556,2024-10-19,Debit Card,Delivered
O006703,C01180,2025-11-08,Net Banking,Delivered
O006704,C01709,2024-06-20,Net Banking,Cancelled
O006705,C01976,2025-06-07,Credit Card,Delivered
O006706,C01413,2024-05-31,Debit Card,Delivered
O006707,C01831,2024-07-25,Credit Card,Cancelled
O006708,C01245,2024-12-31,Cash on Delivery,Delivered
O006709,C00031,2024-04-27,Net Banking,Delivered
O006710,C01491,2025-01-11,UPI,Delivered
O006711,C00861,2025-09-24,Net Banking,Delivered
O006712,C00479,2024-05-25,Net Banking,Delivered
O006713,C00761,2025-07-23,Credit Card,Delivered
O006714,C00170,2025-01-20,Net Banking,Delivered
O006715,C00295,2024-08-07,Credit Card,Delivered
O006716,C01898,2024-04-12,Credit Card,Cancelled
O006717,C00142,2024-06-03,Credit Card,Cancelled
O006718,C00120,2025-05-08,UPI,Delivered
O006719,C01301,2025-11-11,UPI,Delivered
O006720,C00399,2024-03-09,Debit Card,Delivered
O006721,C01262,2025-02-05,Cash on Delivery,Delivered
O006722,C01312,2025-10-27,Debit Card,Delivered
O006723,C00606,2025-07-15,Credit Card,Delivered
O006724,C01585,2025-08-05,Net Banking,Delivered
O006725,C00662,2024-06-15,UPI,Cancelled
O006726,C00578,2024-01-03,Debit Card,Delivered
O006727,C01524,2024-12-03,Credit Card,Delivered
O006728,C00357,2024-02-22,Credit Card,Delivered
O006729,C01050,2025-01-16,UPI,Delivered
O006730,C00561,2025-03-09,UPI,Delivered
O006731,C01453,2025-04-19,UPI,Delivered
O006732,C01475,2024-06-10,UPI,Delivered
O006733,C01930,2025-07-05,Net Banking,Cancelled
O006734,C00222,2024-05-18,Debit Card,Cancelled
O006735,C00693,2024-01-31,Debit Card,Delivered
O006736,C00578,2024-11-20,Net Banking,Cancelled
O006737,C01901,2025-06-18,UPI,Delivered
O006738,C00357,2024-07-23,Net Banking,Cancelled
O006739,C01657,2025-04-21,Credit Card,Delivered
O006740,C00569,2024-10-22,Credit Card,Delivered
O006741,C00927,2025-05-05,UPI,Delivered
O006742,C00454,2025-03-29,Credit Card,Cancelled
O006743,C01628,2024-07-01,Debit Card,Cancelled
O006744,C00597,2025-05-10,Credit Card,Delivered
O006745,C01738,2024-09-27,UPI,Delivered
O006746,C01311,2025-01-11,Cash on Delivery,Delivered
O006747,C01076,2025-02-16,Credit Card,Delivered
O006748,C00573,2025-05-25,UPI,Delivered
O006749,C01240,2024-05-19,Net Banking,Delivered
O006750,C00377,2025-11-12,Cash on Delivery,Cancelled
O006751,C00186,2024-08-21,Credit Card,Delivered
O006752,C00995,2025-10-14,Credit Card,Delivered
O006753,C01230,2024-06-29,Credit Card,Delivered
O006754,C00055,2025-11-10,Debit Card,Delivered
O006755,C00835,2024-08-14,Debit Card,Delivered
O006756,C01854,2025-06-02,UPI,Delivered
O006757,C01402,2025-01-11,Credit Card,Cancelled
O006758,C00361,2025-01-15,Cash on Delivery,Delivered
O006759,C01238,2025-09-10,Credit Card,Delivered
O006760,C01759,2025-05-04,UPI,Delivered
O006761,C00454,2024-10-31,Credit Card,Delivered
O006762,C01540,2025-04-09,UPI,Delivered
O006763,C00249,2024-10-04,Cash on Delivery,Cancelled
O006764,C00322,2025-02-26,Debit Card,Delivered
O006765,C01089,2025-01-08,Cash on Delivery,Delivered
O006766,C00016,2024-08-17,UPI,Delivered
O006767,C00857,2024-03-15,UPI,Cancelled
O006768,C00100,2024-06-19,UPI,Cancelled
O006769,C00491,2024-03-28,Debit Card,Delivered
O006770,C00766,2025-11-15,Cash on Delivery,Delivered
O006771,C01003,2025-11-27,Debit Card,Delivered
O006772,C01237,2025-08-09,UPI,Delivered
O006773,C00120,2025-08-16,Debit Card,Delivered
O006774,C01452,2024-08-11,Cash on Delivery,Delivered
O006775,C00882,2024-11-21,UPI,Delivered
O006776,C00300,2024-12-13,UPI,Delivered
O006777,C00772,2024-09-09,Cash on Delivery,Delivered
O006778,C01434,2024-07-11,Net Banking,Delivered
O006779,C01053,2025-05-29,Cash on Delivery,Delivered
O006780,C01987,2024-11-26,Cash on Delivery,Delivered
O006781,C00006,2024-03-30,Net Banking,Cancelled
O006782,C01274,2024-05-16,Cash on Delivery,Delivered
O006783,C00465,2024-12-26,UPI,Delivered
O006784,C01626,2024-09-04,Cash on Delivery,Delivered
O006785,C00280,2025-05-28,Credit Card,Delivered
O006786,C01971,2024-03-29,Net Banking,Delivered
O006787,C00954,2024-09-26,Cash on Delivery,Cancelled
O006788,C01574,2025-06-25,UPI,Delivered
O006789,C00679,2024-11-05,Credit Card,Delivered
O006790,C01504,2025-07-01,Credit Card,Delivered
O006791,C00910,2024-04-09,UPI,Delivered
O006792,C01260,2025-08-23,Debit Card,Delivered
O006793,C00402,2025-11-16,Net Banking,Delivered
O006794,C01885,2025-01-10,UPI,Delivered
O006795,C01995,2025-10-14,Debit Card,Delivered
O006796,C01458,2025-09-17,Net Banking,Delivered
O006797,C00120,2025-11-02,Credit Card,Delivered
O006798,C01328,2025-01-14,Cash on Delivery,Delivered
O006799,C00138,2025-04-11,UPI,Cancelled
O006800,C00328,2024-11-16,Cash on Delivery,Delivered
O006801,C01683,2025-06-17,Debit Card,Delivered
O006802,C00977,2024-07-01,Credit Card,Delivered
O006803,C01357,2024-01-23,UPI,Cancelled
O006804,C00123,2024-08-13,UPI,Delivered
O006805,C00142,2024-07-27,Debit Card,Delivered
O006806,C00980,2025-01-29,Cash on Delivery,Delivered
O006807,C00050,2024-06-16,Net Banking,Delivered
O006808,C01296,2025-11-22,Net Banking,Delivered
O006809,C00687,2025-10-22,Credit Card,Delivered
O006810,C00310,2025-08-31,Credit Card,Delivered
O006811,C00253,2024-11-13,Cash on Delivery,Delivered
O006812,C01200,2024-02-17,Credit Card,Delivered
O006813,C01780,2025-03-12,Credit Card,Delivered
O006814,C01677,2025-08-22,Cash on Delivery,Delivered
O006815,C01326,2024-09-08,Cash on Delivery,Delivered
O006816,C00849,2024-07-22,UPI,Delivered
O006817,C00172,2025-06-08,UPI,Delivered
O006818,C01733,2024-09-03,UPI,Delivered
O006819,C00395,2024-11-15,UPI,Delivered
O006820,C01923,2024-10-30,Cash on Delivery,Delivered
O006821,C01701,2025-09-20,Credit Card,Delivered
O006822,C01167,2024-12-09,Cash on Delivery,Cancelled
O006823,C01860,2024-11-26,Credit Card,Delivered
O006824,C01440,2024-11-05,UPI,Delivered
O006825,C00294,2024-07-21,UPI,Delivered
O006826,C01228,2025-12-09,Cash on Delivery,Delivered
O006827,C00779,2024-02-12,Cash on Delivery,Delivered
O006828,C00260,2024-07-27,Net Banking,Cancelled
O006829,C01462,2025-01-12,UPI,Delivered
O006830,C01350,2025-07-19,Credit Card,Delivered
O006831,C00846,2024-06-19,Credit Card,Delivered
O006832,C01808,2024-09-20,Cash on Delivery,Delivered
O006833,C01883,2025-05-09,Debit Card,Delivered
O006834,C00194,2025-09-27,UPI,Delivered
O006835,C01367,2024-02-05,Cash on Delivery,Delivered
O006836,C01647,2024-08-27,Credit Card,Delivered
O006837,C00805,2024-12-13,Debit Card,Delivered
O006838,C00883,2024-11-14,Net Banking,Delivered
O006839,C01785,2024-06-20,Debit Card,Delivered
O006840,C01650,2025-03-20,Credit Card,Delivered
O006841,C00375,2025-11-11,Cash on Delivery,Delivered
O006842,C01932,2024-05-09,UPI,Delivered
O006843,C01002,2025-02-20,Debit Card,Delivered
O006844,C00644,2024-06-09,Cash on Delivery,Delivered
O006845,C01257,2025-08-28,Net Banking,Delivered
O006846,C00533,2025-04-30,Cash on Delivery,Delivered
O006847,C01048,2024-03-26,UPI,Delivered
O006848,C00328,2025-04-21,Credit Card,Delivered
O006849,C01668,2025-04-19,Net Banking,Delivered
O006850,C01451,2024-09-13,Debit Card,Delivered
O006851,C00045,2024-04-10,Credit Card,Delivered
O006852,C00645,2025-04-14,UPI,Delivered
O006853,C01185,2025-02-23,Credit Card,Cancelled
O006854,C00858,2024-01-16,Debit Card,Delivered
O006855,C01094,2025-07-14,Debit Card,Delivered
O006856,C00293,2024-01-17,UPI,Delivered
O006857,C01569,2025-09-15,Credit Card,Delivered
O006858,C01794,2024-10-21,Credit Card,Delivered
O006859,C00368,2024-03-11,Debit Card,Delivered
O006860,C01515,2025-08-29,UPI,Delivered
O006861,C01258,2025-07-01,Net Banking,Cancelled
O006862,C01593,2024-09-15,Credit Card,Delivered
O006863,C01403,2025-12-09,Debit Card,Delivered
O006864,C00150,2024-09-30,Credit Card,Cancelled
O006865,C00226,2025-08-18,Debit Card,Delivered
O006866,C01780,2025-08-17,Debit Card,Delivered
O006867,C00382,2025-03-05,Credit Card,Delivered
O006868,C00600,2024-02-19,Net Banking,Delivered
O006869,C01127,2025-05-23,Cash on Delivery,Delivered
O006870,C00588,2024-02-08,Cash on Delivery,Delivered
O006871,C01481,2025-02-06,Cash on Delivery,Delivered
O006872,C01758,2024-06-12,Net Banking,Delivered
O006873,C00239,2024-10-08,Net Banking,Delivered
O006874,C01430,2025-02-19,Debit Card,Delivered
O006875,C00050,2024-06-03,Credit Card,Delivered
O006876,C01331,2024-05-01,Cash on Delivery,Cancelled
O006877,C00275,2025-10-13,UPI,Delivered
O006878,C00928,2025-02-20,Credit Card,Delivered
O006879,C01586,2024-11-03,UPI,Delivered
O006880,C01322,2025-10-29,Debit Card,Delivered
O006881,C01421,2025-07-11,UPI,Cancelled
O006882,C01431,2024-06-27,Cash on Delivery,Delivered
O006883,C00132,2024-08-13,Net Banking,Delivered
O006884,C00820,2025-09-14,Debit Card,Delivered
O006885,C00025,2024-05-05,Net Banking,Delivered
O006886,C00834,2025-12-08,Debit Card,Delivered
O006887,C01739,2024-10-17,Cash on Delivery,Delivered
O006888,C00411,2024-09-14,UPI,Delivered
O006889,C00138,2024-11-17,Cash on Delivery,Delivered
O006890,C00056,2024-06-16,Net Banking,Delivered
O006891,C01826,2025-03-05,Cash on Delivery,Delivered
O006892,C01031,2025-07-23,Cash on Delivery,Delivered
O006893,C00795,2024-07-12,Cash on Delivery,Cancelled
O006894,C00417,2024-01-11,Credit Card,Delivered
O006895,C00867,2024-01-29,Net Banking,Cancelled
O006896,C00781,2025-10-18,UPI,Cancelled
O006897,C00341,2024-01-16,Cash on Delivery,Cancelled
O006898,C00831,2025-08-09,Net Banking,Delivered
O006899,C01429,2025-02-12,Credit Card,Delivered
O006900,C00018,2024-03-20,Debit Card,Delivered
O006901,C01243,2025-01-24,Debit Card,Delivered
O006902,C01796,2024-11-05,Net Banking,Delivered
O006903,C00050,2025-09-06,Cash on Delivery,Delivered
O006904,C01879,2025-01-11,Credit Card,Cancelled
O006905,C01465,2024-02-02,Cash on Delivery,Delivered
O006906,C01776,2024-05-01,Credit Card,Delivered
O006907,C00536,2024-08-07,Net Banking,Delivered
O006908,C01860,2024-08-22,Cash on Delivery,Delivered
O006909,C00767,2024-01-19,UPI,Delivered
O006910,C00159,2024-06-27,UPI,Delivered
O006911,C00598,2025-05-05,Net Banking,Delivered
O006912,C00974,2025-08-22,UPI,Cancelled
O006913,C01466,2025-06-18,UPI,Cancelled
O006914,C01798,2024-07-11,UPI,Delivered
O006915,C01949,2024-01-27,Cash on Delivery,Cancelled
O006916,C01182,2024-07-30,Net Banking,Delivered
O006917,C00586,2025-08-05,Debit Card,Delivered
O006918,C00126,2024-04-06,UPI,Delivered
O006919,C00496,2025-09-23,UPI,Delivered
O006920,C00789,2025-08-31,Cash on Delivery,Delivered
O006921,C00156,2024-10-20,Credit Card,Delivered
O006922,C00392,2025-05-23,Debit Card,Delivered
O006923,C00563,2024-11-07,Cash on Delivery,Delivered
O006924,C00978,2024-04-11,Credit Card,Delivered
O006925,C00722,2025-09-27,Debit Card,Delivered
O006926,C00087,2025-07-29,Cash on Delivery,Delivered
O006927,C00212,2025-11-11,Cash on Delivery,Cancelled
O006928,C01908,2024-07-28,Credit Card,Delivered
O006929,C00917,2025-10-31,UPI,Delivered
O006930,C01125,2024-03-06,UPI,Delivered
O006931,C01971,2024-02-29,Cash on Delivery,Delivered
O006932,C00317,2024-02-27,Net Banking,Delivered
O006933,C00830,2025-01-26,Net Banking,Cancelled
O006934,C01422,2025-07-14,Cash on Delivery,Delivered
O006935,C00991,2025-06-30,UPI,Delivered
O006936,C00192,2025-08-15,UPI,Cancelled
O006937,C01901,2025-07-23,Net Banking,Delivered
O006938,C01637,2024-11-18,Cash on Delivery,Delivered
O006939,C00232,2024-01-16,UPI,Cancelled
O006940,C00963,2024-01-12,Net Banking,Delivered
O006941,C00730,2025-07-30,Cash on Delivery,Cancelled
O006942,C00414,2025-10-06,Net Banking,Delivered
O006943,C00848,2025-02-24,UPI,Delivered
O006944,C01782,2025-04-14,UPI,Delivered
O006945,C01772,2025-12-14,UPI,Delivered
O006946,C01986,2024-04-27,Cash on Delivery,Delivered
O006947,C00768,2024-03-15,UPI,Delivered
O006948,C01319,2025-07-25,Credit Card,Cancelled
O006949,C00713,2025-04-01,Net Banking,Delivered
O006950,C00901,2025-09-07,Cash on Delivery,Cancelled
O006951,C00757,2024-10-30,Credit Card,Delivered
O006952,C00507,2024-05-30,Cash on Delivery,Cancelled
O006953,C01578,2025-10-07,Cash on Delivery,Delivered
O006954,C00579,2025-04-15,Credit Card,Delivered
O006955,C00820,2025-10-29,Debit Card,Delivered
O006956,C00959,2024-08-30,Net Banking,Delivered
O006957,C01146,2025-09-01,UPI,Delivered
O006958,C01396,2024-09-08,Debit Card,Cancelled
O006959,C01668,2024-11-26,Credit Card,Delivered
O006960,C00877,2025-02-01,Cash on Delivery,Delivered
O006961,C01239,2025-07-31,Cash on Delivery,Delivered
O006962,C01669,2024-01-19,Credit Card,Delivered
O006963,C00311,2024-08-22,Cash on Delivery,Delivered
O006964,C00419,2024-07-31,UPI,Delivered
O006965,C00367,2024-12-22,Net Banking,Delivered
O006966,C00881,2024-06-06,Credit Card,Delivered
O006967,C00523,2024-03-18,Debit Card,Delivered
O006968,C01307,2024-07-24,Credit Card,Delivered
O006969,C00338,2025-05-24,Debit Card,Delivered
O006970,C01792,2025-03-23,Debit Card,Delivered
O006971,C00874,2025-01-01,UPI,Delivered
O006972,C00010,2024-10-19,Cash on Delivery,Delivered
O006973,C01676,2024-08-14,Credit Card,Delivered
O006974,C01097,2024-11-29,Cash on Delivery,Delivered
O006975,C00257,2024-03-13,UPI,Delivered
O006976,C01568,2024-06-21,Credit Card,Cancelled
O006977,C01772,2024-11-11,Credit Card,Delivered
O006978,C01625,2025-03-11,Debit Card,Delivered
O006979,C01884,2024-08-04,Cash on Delivery,Delivered
O006980,C00248,2025-01-10,Cash on Delivery,Cancelled
O006981,C00600,2024-08-08,Credit Card,Delivered
O006982,C00263,2025-12-06,Debit Card,Delivered
O006983,C01337,2025-06-29,Cash on Delivery,Delivered
O006984,C00407,2025-02-18,UPI,Cancelled
O006985,C00126,2025-01-28,UPI,Delivered
O006986,C00300,2024-07-08,UPI,Delivered
O006987,C01468,2024-10-24,Debit Card,Delivered
O006988,C00397,2024-01-14,UPI,Delivered
O006989,C01002,2025-01-21,Credit Card,Delivered
O006990,C00715,2025-07-19,Net Banking,Delivered
O006991,C00962,2024-11-01,UPI,Cancelled
O006992,C01709,2024-10-16,Net Banking,Delivered
O006993,C01389,2025-08-15,Cash on Delivery,Cancelled
O006994,C01293,2025-02-28,Debit Card,Delivered
O006995,C00748,2025-07-09,Cash on Delivery,Delivered
O006996,C00717,2024-03-25,Net Banking,Delivered
O006997,C01577,2024-12-17,Net Banking,Delivered
O006998,C00607,2024-06-23,UPI,Cancelled
O006999,C01482,2025-03-24,Net Banking,Cancelled
O007000,C01751,2024-01-20,UPI,Delivered
O007001,C01596,2024-11-04,Debit Card,Delivered
O007002,C00036,2025-08-22,Debit Card,Delivered
O007003,C00312,2024-06-29,Credit Card,Delivered
O007004,C01936,2024-12-13,UPI,Delivered
O007005,C01398,2024-10-14,Debit Card,Delivered
O007006,C01599,2025-01-05,Debit Card,Delivered
O007007,C01961,2025-03-13,Credit Card,Delivered
O007008,C01716,2024-03-25,UPI,Delivered
O007009,C01557,2025-05-14,Debit Card,Delivered
O007010,C01278,2024-08-29,UPI,Delivered
O007011,C00044,2024-09-15,Debit Card,Delivered
O007012,C00980,2024-04-21,Credit Card,Delivered
O007013,C00103,2025-09-20,Debit Card,Delivered
O007014,C01010,2025-05-04,Cash on Delivery,Delivered
O007015,C00170,2024-03-05,Debit Card,Delivered
O007016,C01527,2024-03-15,UPI,Delivered
O007017,C00142,2025-03-11,Credit Card,Delivered
O007018,C00859,2024-05-11,UPI,Cancelled
O007019,C00067,2024-06-10,UPI,Delivered
O007020,C01148,2025-11-02,Cash on Delivery,Delivered
O007021,C01371,2025-01-15,Debit Card,Delivered
O007022,C01864,2025-04-05,Debit Card,Cancelled
O007023,C00934,2024-07-13,Cash on Delivery,Delivered
O007024,C00452,2024-03-06,UPI,Cancelled
O007025,C01025,2024-04-19,Cash on Delivery,Delivered
O007026,C01008,2024-11-09,UPI,Cancelled
O007027,C00383,2025-04-23,UPI,Delivered
O007028,C01169,2025-10-12,Net Banking,Delivered
O007029,C01168,2025-01-02,UPI,Delivered
O007030,C00788,2025-02-10,Credit Card,Cancelled
O007031,C01893,2025-07-15,Net Banking,Delivered
O007032,C01748,2025-10-14,Credit Card,Delivered
O007033,C01664,2025-03-16,Credit Card,Delivered
O007034,C01796,2025-08-13,Credit Card,Delivered
O007035,C01419,2024-06-29,UPI,Delivered
O007036,C00867,2024-02-15,Debit Card,Delivered
O007037,C01595,2025-08-19,Debit Card,Delivered
O007038,C00805,2025-01-18,Cash on Delivery,Delivered
O007039,C00541,2024-07-14,Cash on Delivery,Delivered
O007040,C01476,2024-11-15,Net Banking,Delivered
O007041,C00595,2024-08-29,UPI,Delivered
O007042,C01412,2025-07-29,Credit Card,Delivered
O007043,C01119,2024-09-19,Net Banking,Delivered
O007044,C00177,2025-10-10,Debit Card,Delivered
O007045,C01618,2024-04-26,UPI,Delivered
O007046,C01207,2024-01-29,UPI,Delivered
O007047,C00574,2024-09-06,Credit Card,Delivered
O007048,C01015,2025-06-19,Net Banking,Delivered
O007049,C01955,2025-03-15,Net Banking,Delivered
O007050,C01801,2025-04-10,Debit Card,Delivered
O007051,C00481,2024-11-11,Debit Card,Delivered
O007052,C01731,2025-11-07,Credit Card,Delivered
O007053,C01226,2024-01-05,Credit Card,Delivered
O007054,C00184,2024-07-27,UPI,Delivered
O007055,C01480,2025-06-20,UPI,Delivered
O007056,C01078,2024-06-11,Cash on Delivery,Cancelled
O007057,C00481,2025-08-09,UPI,Cancelled
O007058,C00909,2025-03-12,Debit Card,Delivered
O007059,C01658,2025-09-09,Debit Card,Cancelled
O007060,C01981,2025-01-14,UPI,Cancelled
O007061,C01319,2025-02-27,Cash on Delivery,Delivered
O007062,C00688,2025-01-23,Debit Card,Delivered
O007063,C00687,2024-08-31,Cash on Delivery,Cancelled
O007064,C01549,2025-05-21,Credit Card,Cancelled
O007065,C01399,2024-07-02,UPI,Delivered
O007066,C00102,2024-09-06,Debit Card,Delivered
O007067,C01298,2024-12-24,Net Banking,Delivered
O007068,C00870,2025-07-04,UPI,Delivered
O007069,C01578,2025-01-10,Net Banking,Delivered
O007070,C00349,2025-02-03,Debit Card,Delivered
O007071,C01049,2025-03-06,Cash on Delivery,Delivered
O007072,C00288,2025-10-28,Cash on Delivery,Delivered
O007073,C01065,2025-07-28,UPI,Delivered
O007074,C01748,2025-07-23,Cash on Delivery,Cancelled
O007075,C00621,2024-03-04,Net Banking,Delivered
O007076,C01576,2025-12-16,Debit Card,Delivered
O007077,C01786,2024-03-22,Debit Card,Delivered
O007078,C00151,2024-11-26,Cash on Delivery,Delivered
O007079,C00075,2025-06-27,Debit Card,Cancelled
O007080,C01940,2024-03-01,Credit Card,Delivered
O007081,C00018,2024-10-18,Cash on Delivery,Delivered
O007082,C01019,2024-04-08,Net Banking,Cancelled
O007083,C00918,2025-08-10,Debit Card,Delivered
O007084,C00286,2024-01-11,UPI,Cancelled
O007085,C01198,2024-05-05,UPI,Delivered
O007086,C00287,2025-02-07,Net Banking,Cancelled
O007087,C00477,2025-08-04,Debit Card,Delivered
O007088,C01503,2024-04-04,Debit Card,Delivered
O007089,C01552,2024-05-09,UPI,Delivered
O007090,C01664,2024-06-02,Net Banking,Delivered
O007091,C00981,2024-12-05,UPI,Cancelled
O007092,C01015,2025-11-06,Credit Card,Delivered
O007093,C01348,2024-03-29,Debit Card,Delivered
O007094,C00838,2024-01-31,Credit Card,Delivered
O007095,C01116,2025-11-18,Cash on Delivery,Delivered
O007096,C00051,2024-11-25,UPI,Delivered
O007097,C01801,2025-01-19,Debit Card,Delivered
O007098,C00942,2024-05-12,Net Banking,Delivered
O007099,C01213,2025-05-01,UPI,Delivered
O007100,C00886,2025-09-15,Credit Card,Cancelled
O007101,C01702,2025-02-11,Cash on Delivery,Delivered
O007102,C01168,2025-01-13,Credit Card,Delivered
O007103,C01319,2024-04-18,Credit Card,Delivered
O007104,C01674,2025-08-04,UPI,Delivered
O007105,C01128,2025-11-10,Cash on Delivery,Cancelled
O007106,C01982,2025-02-28,Cash on Delivery,Delivered
O007107,C00950,2024-11-20,Debit Card,Cancelled
O007108,C01196,2024-11-06,Credit Card,Delivered
O007109,C01159,2024-01-08,Debit Card,Delivered
O007110,C00663,2024-08-18,Debit Card,Cancelled
O007111,C00977,2024-04-01,Credit Card,Delivered
O007112,C00889,2024-12-04,Credit Card,Cancelled
O007113,C01713,2024-08-16,Net Banking,Delivered
O007114,C00607,2025-07-13,UPI,Delivered
O007115,C01869,2025-12-17,Cash on Delivery,Delivered
O007116,C01966,2025-11-14,Cash on Delivery,Delivered
O007117,C00650,2025-06-09,UPI,Delivered
O007118,C01881,2024-07-29,Cash on Delivery,Delivered
O007119,C00256,2025-02-09,Net Banking,Delivered
O007120,C01827,2024-09-07,Net Banking,Delivered
O007121,C00989,2025-04-22,Cash on Delivery,Cancelled
O007122,C00386,2025-11-21,Cash on Delivery,Delivered
O007123,C01953,2024-10-15,Credit Card,Cancelled
O007124,C01961,2025-03-13,Debit Card,Delivered
O007125,C00719,2025-05-20,UPI,Cancelled
O007126,C01092,2024-05-08,Net Banking,Delivered
O007127,C01328,2024-04-19,UPI,Delivered
O007128,C01077,2024-08-13,Net Banking,Delivered
O007129,C00115,2025-02-10,Debit Card,Delivered
O007130,C00009,2025-06-16,Debit Card,Delivered
O007131,C00537,2024-06-07,UPI,Delivered
O007132,C01071,2025-09-15,Net Banking,Cancelled
O007133,C01711,2025-04-21,Net Banking,Delivered
O007134,C01310,2025-07-08,Net Banking,Delivered
O007135,C01283,2024-10-15,Credit Card,Delivered
O007136,C01586,2025-02-07,UPI,Delivered
O007137,C00037,2025-04-14,UPI,Delivered
O007138,C01498,2024-07-14,Credit Card,Delivered
O007139,C01298,2025-01-01,UPI,Delivered
O007140,C01319,2024-12-25,Credit Card,Delivered
O007141,C01011,2024-06-12,Debit Card,Delivered
O007142,C01171,2025-12-28,Debit Card,Delivered
O007143,C00823,2024-09-13,Debit Card,Cancelled
O007144,C00706,2025-12-21,Credit Card,Delivered
O007145,C00332,2025-08-03,Credit Card,Delivered
O007146,C00836,2025-07-13,Cash on Delivery,Delivered
O007147,C01682,2025-10-24,UPI,Cancelled
O007148,C00033,2025-12-21,Net Banking,Delivered
O007149,C01816,2024-04-15,UPI,Delivered
O007150,C01309,2024-05-07,UPI,Delivered
O007151,C01664,2025-02-11,Debit Card,Delivered
O007152,C01853,2025-07-09,Net Banking,Delivered
O007153,C00285,2025-10-06,Credit Card,Cancelled
O007154,C00925,2025-01-03,Debit Card,Delivered
O007155,C00962,2024-01-08,Net Banking,Delivered
O007156,C00051,2024-09-03,Debit Card,Delivered
O007157,C01811,2024-11-19,UPI,Delivered
O007158,C00625,2024-05-19,Net Banking,Cancelled
O007159,C00753,2024-04-26,Net Banking,Delivered
O007160,C00524,2024-12-31,UPI,Delivered
O007161,C01112,2024-02-22,Net Banking,Delivered
O007162,C00742,2024-01-05,Debit Card,Delivered
O007163,C01925,2024-08-30,Debit Card,Delivered
O007164,C00521,2025-06-28,Debit Card,Delivered
O007165,C00575,2024-05-25,Credit Card,Delivered
O007166,C01836,2024-06-03,Cash on Delivery,Cancelled
O007167,C01358,2025-06-23,Cash on Delivery,Delivered
O007168,C01900,2024-03-13,Cash on Delivery,Delivered
O007169,C01365,2025-02-21,Debit Card,Cancelled
O007170,C00407,2024-12-22,Debit Card,Cancelled
O007171,C01519,2024-09-14,Credit Card,Delivered
O007172,C01342,2024-03-14,Debit Card,Delivered
O007173,C01291,2024-02-17,UPI,Delivered
O007174,C01705,2025-04-30,Net Banking,Delivered
O007175,C00890,2024-12-30,Cash on Delivery,Delivered
O007176,C01061,2025-04-06,Debit Card,Delivered
O007177,C00316,2024-05-01,UPI,Delivered
O007178,C00969,2024-02-21,Credit Card,Delivered
O007179,C00010,2024-09-29,Cash on Delivery,Cancelled
O007180,C00596,2025-05-09,Credit Card,Delivered
O007181,C01580,2025-03-10,Net Banking,Cancelled
O007182,C00448,2025-11-17,Net Banking,Delivered
O007183,C00616,2024-06-24,Credit Card,Delivered
O007184,C01223,2024-09-24,Debit Card,Cancelled
O007185,C00065,2025-05-03,Credit Card,Delivered
O007186,C00654,2024-01-11,UPI,Delivered
O007187,C01477,2025-12-21,UPI,Cancelled
O007188,C00359,2024-05-29,Debit Card,Delivered
O007189,C00950,2024-08-01,Credit Card,Delivered
O007190,C00105,2024-08-08,Net Banking,Delivered
O007191,C00575,2025-09-29,UPI,Cancelled
O007192,C01554,2025-12-08,Credit Card,Cancelled
O007193,C00094,2025-11-05,Net Banking,Delivered
O007194,C00466,2024-11-27,Net Banking,Delivered
O007195,C01730,2025-03-29,Cash on Delivery,Delivered
O007196,C00553,2025-07-20,Debit Card,Delivered
O007197,C00495,2024-08-25,Debit Card,Delivered
O007198,C00130,2024-10-12,Credit Card,Delivered
O007199,C01146,2025-04-30,Debit Card,Delivered
O007200,C00726,2025-08-18,UPI,Delivered
O007201,C01412,2024-11-09,UPI,Delivered
O007202,C00704,2025-12-26,UPI,Delivered
O007203,C01965,2024-07-16,Debit Card,Delivered
O007204,C00430,2025-03-11,Debit Card,Delivered
O007205,C01812,2025-02-24,UPI,Delivered
O007206,C01222,2025-05-13,Debit Card,Delivered
O007207,C01689,2025-05-27,UPI,Delivered
O007208,C01271,2024-06-06,Net Banking,Delivered
O007209,C00386,2024-03-01,UPI,Delivered
O007210,C00229,2025-04-05,Credit Card,Delivered
O007211,C01346,2024-04-28,Debit Card,Cancelled
O007212,C00060,2024-03-20,UPI,Delivered
O007213,C00822,2025-07-21,Debit Card,Delivered
O007214,C01813,2024-06-17,Net Banking,Delivered
O007215,C00306,2024-08-05,Cash on Delivery,Delivered
O007216,C01722,2024-05-18,Debit Card,Delivered
O007217,C01651,2024-07-23,Debit Card,Delivered
O007218,C01418,2025-03-13,UPI,Delivered
O007219,C01016,2024-03-20,UPI,Delivered
O007220,C01135,2024-04-08,Debit Card,Delivered
O007221,C00600,2025-09-10,Debit Card,Delivered
O007222,C00532,2025-02-09,Net Banking,Delivered
O007223,C01635,2025-04-01,Cash on Delivery,Delivered
O007224,C01198,2025-05-15,Credit Card,Delivered
O007225,C00193,2025-08-18,UPI,Delivered
O007226,C00705,2024-10-24,Debit Card,Delivered
O007227,C01548,2024-09-13,Credit Card,Delivered
O007228,C01431,2025-03-23,UPI,Delivered
O007229,C00278,2025-08-22,Net Banking,Delivered
O007230,C01114,2025-10-24,Net Banking,Delivered
O007231,C00934,2025-04-04,Credit Card,Delivered
O007232,C00906,2025-04-14,Debit Card,Delivered
O007233,C00196,2024-08-03,Cash on Delivery,Delivered
O007234,C01733,2025-09-19,UPI,Delivered
O007235,C01701,2025-07-26,Credit Card,Delivered
O007236,C01473,2025-11-07,Credit Card,Delivered
O007237,C00528,2025-04-23,Net Banking,Delivered
O007238,C01543,2025-06-03,Credit Card,Cancelled
O007239,C00528,2025-12-07,Credit Card,Cancelled
O007240,C01999,2025-01-02,Net Banking,Delivered
O007241,C00328,2024-06-11,UPI,Cancelled
O007242,C01273,2024-05-10,Cash on Delivery,Delivered
O007243,C01170,2024-01-03,Credit Card,Delivered
O007244,C01236,2025-08-31,Cash on Delivery,Delivered
O007245,C00042,2024-06-29,Credit Card,Cancelled
O007246,C01225,2024-06-17,Debit Card,Delivered
O007247,C00893,2024-03-11,Cash on Delivery,Delivered
O007248,C00637,2025-12-23,UPI,Delivered
O007249,C01477,2025-09-15,Cash on Delivery,Cancelled
O007250,C01106,2025-04-22,Credit Card,Delivered
O007251,C01873,2024-04-23,Net Banking,Delivered
O007252,C00903,2024-04-21,Credit Card,Delivered
O007253,C01941,2024-05-08,UPI,Delivered
O007254,C00575,2025-01-04,Cash on Delivery,Cancelled
O007255,C01884,2025-11-10,Debit Card,Delivered
O007256,C00632,2024-01-01,Debit Card,Delivered
O007257,C01347,2024-09-08,UPI,Delivered
O007258,C00118,2024-03-01,UPI,Cancelled
O007259,C01671,2025-11-26,Credit Card,Delivered
O007260,C00610,2024-02-10,Debit Card,Delivered
O007261,C01760,2024-04-16,Credit Card,Cancelled
O007262,C00360,2025-02-01,Debit Card,Delivered
O007263,C00220,2025-09-18,Credit Card,Delivered
O007264,C00272,2024-12-07,Net Banking,Delivered
O007265,C01572,2024-11-26,Credit Card,Delivered
O007266,C00956,2025-05-31,UPI,Cancelled
O007267,C00131,2025-01-01,UPI,Delivered
O007268,C00600,2024-09-11,Cash on Delivery,Delivered
O007269,C01533,2024-08-23,Debit Card,Delivered
O007270,C00398,2025-01-23,UPI,Cancelled
O007271,C01743,2025-08-13,Debit Card,Delivered
O007272,C00510,2024-04-01,Credit Card,Cancelled
O007273,C00763,2024-07-06,Credit Card,Delivered
O007274,C01816,2025-03-11,UPI,Delivered
O007275,C01361,2024-11-01,Cash on Delivery,Delivered
O007276,C00991,2024-10-20,UPI,Delivered
O007277,C00657,2025-08-24,UPI,Delivered
O007278,C00302,2024-10-26,Debit Card,Delivered
O007279,C01943,2025-07-02,Net Banking,Cancelled
O007280,C00260,2025-01-03,Net Banking,Delivered
O007281,C01657,2024-10-02,UPI,Delivered
O007282,C00438,2024-08-30,Net Banking,Cancelled
O007283,C00229,2025-10-13,Net Banking,Delivered
O007284,C01404,2025-02-09,Cash on Delivery,Delivered
O007285,C01523,2024-09-03,UPI,Cancelled
O007286,C01002,2025-02-16,Credit Card,Cancelled
O007287,C00319,2024-03-01,UPI,Cancelled
O007288,C01127,2025-11-17,UPI,Cancelled
O007289,C01843,2025-04-15,UPI,Delivered
O007290,C00907,2025-10-16,UPI,Delivered
O007291,C00892,2024-06-15,Cash on Delivery,Delivered
O007292,C01583,2024-05-09,UPI,Delivered
O007293,C01157,2025-05-07,Cash on Delivery,Delivered
O007294,C00999,2025-10-09,UPI,Delivered
O007295,C01318,2024-08-03,Debit Card,Delivered
O007296,C01742,2025-07-06,Cash on Delivery,Cancelled
O007297,C01722,2024-04-20,Debit Card,Delivered
O007298,C01769,2025-10-14,UPI,Delivered
O007299,C00562,2024-12-05,UPI,Delivered
O007300,C01657,2025-03-11,Cash on Delivery,Delivered
O007301,C00269,2024-12-09,Debit Card,Delivered
O007302,C01521,2025-01-15,Cash on Delivery,Delivered
O007303,C01148,2025-06-23,Net Banking,Cancelled
O007304,C01256,2025-09-04,UPI,Delivered
O007305,C01526,2024-07-13,Net Banking,Delivered
O007306,C01804,2025-06-16,UPI,Delivered
O007307,C01218,2024-04-03,Credit Card,Delivered
O007308,C00927,2025-03-09,Debit Card,Delivered
O007309,C00487,2025-11-29,UPI,Delivered
O007310,C00018,2024-12-04,Cash on Delivery,Delivered
O007311,C00560,2025-05-21,Credit Card,Delivered
O007312,C01392,2024-09-27,Credit Card,Delivered
O007313,C01099,2024-05-18,Credit Card,Delivered
O007314,C01616,2024-01-20,Net Banking,Cancelled
O007315,C01035,2025-11-03,UPI,Delivered
O007316,C00155,2024-10-11,Cash on Delivery,Cancelled
O007317,C01362,2025-10-26,Credit Card,Delivered
O007318,C00354,2024-12-28,UPI,Delivered
O007319,C01785,2025-08-21,Debit Card,Delivered
O007320,C00500,2025-06-04,UPI,Delivered
O007321,C00124,2024-09-25,UPI,Cancelled
O007322,C00636,2025-07-19,Credit Card,Delivered
O007323,C00006,2024-11-25,UPI,Delivered
O007324,C01097,2024-06-15,Cash on Delivery,Delivered
O007325,C00741,2025-04-24,Cash on Delivery,Delivered
O007326,C00065,2025-03-10,Debit Card,Delivered
O007327,C01404,2025-11-11,UPI,Delivered
O007328,C01072,2025-12-16,UPI,Delivered
O007329,C00456,2025-12-30,Net Banking,Delivered
O007330,C00487,2024-05-28,Cash on Delivery,Cancelled
O007331,C01386,2024-10-24,UPI,Delivered
O007332,C00503,2024-10-17,Net Banking,Cancelled
O007333,C00026,2024-05-19,Net Banking,Cancelled
O007334,C01214,2025-12-25,Debit Card,Delivered
O007335,C00878,2025-08-03,Debit Card,Delivered
O007336,C00088,2024-01-09,UPI,Delivered
O007337,C00166,2024-06-01,Debit Card,Delivered
O007338,C01599,2024-12-09,UPI,Delivered
O007339,C01871,2024-10-07,UPI,Delivered
O007340,C00234,2025-02-12,Net Banking,Delivered
O007341,C00551,2024-05-31,Credit Card,Delivered
O007342,C01628,2024-01-05,Cash on Delivery,Cancelled
O007343,C00657,2025-03-31,UPI,Delivered
O007344,C00444,2024-08-29,Debit Card,Cancelled
O007345,C00761,2024-09-12,UPI,Delivered
O007346,C01807,2024-03-14,Cash on Delivery,Delivered
O007347,C01275,2025-12-08,UPI,Delivered
O007348,C00741,2024-10-13,UPI,Delivered
O007349,C00861,2025-12-12,Cash on Delivery,Delivered
O007350,C00291,2024-07-16,Debit Card,Delivered
O007351,C00694,2025-01-25,Net Banking,Delivered
O007352,C01229,2025-12-16,Credit Card,Delivered
O007353,C00877,2024-01-11,Net Banking,Delivered
O007354,C00484,2025-04-16,Credit Card,Delivered
O007355,C01410,2024-07-31,Debit Card,Cancelled
O007356,C01025,2024-01-27,Credit Card,Delivered
O007357,C01734,2025-05-17,Credit Card,Cancelled
O007358,C00726,2024-08-01,Net Banking,Delivered
O007359,C00276,2025-05-13,Cash on Delivery,Delivered
O007360,C01892,2025-01-06,Net Banking,Cancelled
O007361,C00449,2024-11-05,UPI,Delivered
O007362,C00745,2024-02-04,Debit Card,Delivered
O007363,C00202,2025-06-24,UPI,Cancelled
O007364,C00979,2025-07-01,Debit Card,Delivered
O007365,C00340,2024-07-15,Credit Card,Delivered
O007366,C01408,2024-07-31,Net Banking,Delivered
O007367,C01367,2025-04-30,Credit Card,Delivered
O007368,C00619,2024-02-14,Debit Card,Delivered
O007369,C01815,2025-03-20,Credit Card,Delivered
O007370,C00869,2025-10-01,Credit Card,Delivered
O007371,C00002,2024-01-24,Debit Card,Delivered
O007372,C00147,2025-11-01,Net Banking,Delivered
O007373,C01596,2025-07-11,UPI,Delivered
O007374,C00357,2025-12-21,UPI,Delivered
O007375,C00381,2024-12-31,Credit Card,Delivered
O007376,C00231,2025-04-16,Net Banking,Cancelled
O007377,C01510,2025-05-06,Net Banking,Delivered
O007378,C01817,2024-12-19,Net Banking,Delivered
O007379,C00982,2025-01-15,UPI,Delivered
O007380,C00796,2024-05-14,Debit Card,Delivered
O007381,C01104,2025-01-02,Cash on Delivery,Delivered
O007382,C01215,2025-08-05,Credit Card,Delivered
O007383,C01899,2025-11-10,UPI,Delivered
O007384,C01129,2025-05-17,Cash on Delivery,Delivered
O007385,C00007,2025-08-05,UPI,Cancelled
O007386,C00451,2025-02-27,Debit Card,Cancelled
O007387,C01886,2025-09-19,Net Banking,Delivered
O007388,C01493,2024-03-21,Credit Card,Delivered
O007389,C01568,2024-01-30,Debit Card,Cancelled
O007390,C01998,2024-10-14,Credit Card,Delivered
O007391,C01597,2024-01-23,Cash on Delivery,Cancelled
O007392,C00233,2025-04-21,Credit Card,Delivered
O007393,C01915,2025-11-25,UPI,Delivered
O007394,C00676,2025-07-08,Credit Card,Delivered
O007395,C00132,2024-04-28,UPI,Delivered
O007396,C00103,2025-07-02,Credit Card,Delivered
O007397,C01186,2025-07-25,UPI,Cancelled
O007398,C00926,2024-05-17,Credit Card,Delivered
O007399,C01052,2025-11-07,Credit Card,Delivered
O007400,C00983,2025-10-22,UPI,Cancelled
O007401,C00395,2024-04-12,UPI,Cancelled
O007402,C00234,2024-03-05,Net Banking,Cancelled
O007403,C01583,2024-11-21,Cash on Delivery,Delivered
O007404,C01336,2025-10-09,UPI,Delivered
O007405,C00686,2025-10-18,Net Banking,Cancelled
O007406,C01256,2024-04-02,Debit Card,Cancelled
O007407,C01344,2024-02-13,Debit Card,Cancelled
O007408,C00978,2024-12-10,Net Banking,Cancelled
O007409,C01259,2025-05-10,Net Banking,Cancelled
O007410,C01230,2025-07-05,UPI,Delivered
O007411,C00331,2024-02-18,Net Banking,Delivered
O007412,C00219,2024-09-01,Credit Card,Delivered
O007413,C00572,2024-03-16,Cash on Delivery,Delivered
O007414,C01620,2025-10-28,Credit Card,Delivered
O007415,C00729,2025-02-26,Debit Card,Delivered
O007416,C01133,2024-08-03,Net Banking,Delivered
O007417,C01927,2025-10-24,UPI,Delivered
O007418,C00158,2024-05-30,Credit Card,Delivered
O007419,C00833,2025-05-23,Cash on Delivery,Delivered
O007420,C00836,2025-04-21,Credit Card,Delivered
O007421,C00345,2025-07-26,Credit Card,Delivered
O007422,C01706,2024-01-13,Debit Card,Delivered
O007423,C01676,2024-09-15,Credit Card,Delivered
O007424,C00212,2025-10-12,Credit Card,Delivered
O007425,C01247,2025-06-05,Net Banking,Delivered
O007426,C01000,2025-10-20,Cash on Delivery,Cancelled
O007427,C00146,2025-11-29,UPI,Delivered
O007428,C01077,2024-09-02,Cash on Delivery,Cancelled
O007429,C01817,2025-11-28,Cash on Delivery,Delivered
O007430,C00803,2025-07-04,Cash on Delivery,Delivered
O007431,C01429,2024-05-11,UPI,Delivered
O007432,C01564,2025-12-04,Credit Card,Delivered
O007433,C01024,2025-03-31,UPI,Delivered
O007434,C01012,2025-07-14,Credit Card,Delivered
O007435,C00236,2024-10-11,Net Banking,Delivered
O007436,C01644,2025-02-05,Credit Card,Delivered
O007437,C01887,2024-01-12,UPI,Delivered
O007438,C00158,2025-05-31,Credit Card,Cancelled
O007439,C00675,2024-11-09,Debit Card,Cancelled
O007440,C00076,2024-11-19,UPI,Delivered
O007441,C01412,2025-10-12,Cash on Delivery,Delivered
O007442,C00497,2025-06-02,Net Banking,Delivered
O007443,C01232,2025-06-04,Debit Card,Delivered
O007444,C00761,2024-02-17,Debit Card,Delivered
O007445,C01032,2024-02-20,Credit Card,Delivered
O007446,C01424,2024-05-29,Credit Card,Delivered
O007447,C01393,2025-10-02,Cash on Delivery,Cancelled
O007448,C01123,2025-08-14,Cash on Delivery,Delivered
O007449,C00314,2025-01-24,Net Banking,Delivered
O007450,C01501,2024-04-24,Credit Card,Delivered
O007451,C00298,2025-07-20,Cash on Delivery,Delivered
O007452,C00217,2024-07-26,Net Banking,Delivered
O007453,C00143,2024-03-06,Cash on Delivery,Delivered
O007454,C00661,2024-05-14,Debit Card,Delivered
O007455,C01289,2024-12-10,Cash on Delivery,Delivered
O007456,C01705,2024-02-04,Net Banking,Delivered
O007457,C01840,2024-08-02,UPI,Delivered
O007458,C01678,2025-04-17,Credit Card,Delivered
O007459,C00832,2024-06-03,Net Banking,Delivered
O007460,C01426,2025-06-18,Cash on Delivery,Delivered
O007461,C00478,2025-01-27,Cash on Delivery,Cancelled
O007462,C00535,2024-11-13,Credit Card,Delivered
O007463,C01690,2024-05-14,Credit Card,Cancelled
O007464,C00516,2025-05-08,Debit Card,Delivered
O007465,C00193,2025-08-03,UPI,Delivered
O007466,C01590,2025-10-16,UPI,Cancelled
O007467,C00497,2025-10-12,UPI,Delivered
O007468,C01225,2024-01-03,Net Banking,Cancelled
O007469,C01355,2024-08-29,Debit Card,Cancelled
O007470,C00095,2024-07-31,Debit Card,Delivered
O007471,C01425,2025-03-11,Net Banking,Delivered
O007472,C01807,2024-09-29,Cash on Delivery,Cancelled
O007473,C00952,2024-04-01,Credit Card,Delivered
O007474,C01874,2024-09-22,Cash on Delivery,Cancelled
O007475,C01535,2024-12-28,Net Banking,Delivered
O007476,C01439,2025-03-17,UPI,Delivered
O007477,C01303,2025-10-11,Credit Card,Delivered
O007478,C01333,2025-06-24,UPI,Delivered
O007479,C00821,2024-03-07,Cash on Delivery,Delivered
O007480,C00137,2025-03-15,Credit Card,Delivered
O007481,C01973,2025-12-23,Cash on Delivery,Delivered
O007482,C00394,2024-12-25,Net Banking,Delivered
O007483,C00059,2024-03-09,Net Banking,Delivered
O007484,C00248,2024-03-31,Debit Card,Delivered
O007485,C01448,2025-12-14,Credit Card,Delivered
O007486,C01447,2024-03-11,Credit Card,Delivered
O007487,C00272,2024-05-21,Credit Card,Delivered
O007488,C01506,2025-07-20,Debit Card,Delivered
O007489,C01410,2024-03-08,Debit Card,Delivered
O007490,C01661,2024-05-24,Cash on Delivery,Delivered
O007491,C01380,2024-09-03,Credit Card,Delivered
O007492,C01503,2025-04-04,Credit Card,Delivered
O007493,C00641,2025-05-01,UPI,Delivered
O007494,C00193,2024-01-16,Cash on Delivery,Delivered
O007495,C01329,2025-08-18,Debit Card,Delivered
O007496,C00550,2024-05-11,UPI,Cancelled
O007497,C01788,2025-09-04,Cash on Delivery,Delivered
O007498,C01371,2024-01-09,UPI,Delivered
O007499,C01420,2024-06-17,UPI,Delivered
O007500,C00015,2025-05-10,Cash on Delivery,Delivered
O007501,C00900,2024-10-17,Net Banking,Delivered
O007502,C01437,2024-12-23,UPI,Delivered
O007503,C01369,2024-03-04,Cash on Delivery,Delivered
O007504,C01347,2025-11-12,UPI,Delivered
O007505,C00854,2025-07-16,Debit Card,Delivered
O007506,C01255,2024-07-10,Cash on Delivery,Delivered
O007507,C00212,2024-08-27,UPI,Delivered
O007508,C00395,2025-10-12,Net Banking,Cancelled
O007509,C01448,2025-06-12,UPI,Delivered
O007510,C00958,2025-05-13,UPI,Delivered
O007511,C01702,2025-12-01,Credit Card,Delivered
O007512,C01718,2025-11-02,Debit Card,Delivered
O007513,C01402,2024-05-28,Cash on Delivery,Delivered
O007514,C01042,2025-08-03,Credit Card,Delivered
O007515,C01762,2025-08-10,UPI,Delivered
O007516,C00056,2025-07-27,Debit Card,Delivered
O007517,C00786,2024-04-13,Debit Card,Cancelled
O007518,C00548,2024-08-29,UPI,Cancelled
O007519,C01216,2024-02-11,Credit Card,Delivered
O007520,C01299,2024-10-21,Cash on Delivery,Delivered
O007521,C00984,2025-07-02,Credit Card,Delivered
O007522,C00887,2024-08-10,Cash on Delivery,Delivered
O007523,C01229,2024-05-18,Credit Card,Delivered
O007524,C01168,2024-08-04,Debit Card,Delivered
O007525,C00475,2024-04-19,Cash on Delivery,Delivered
O007526,C00192,2025-03-14,Credit Card,Delivered
O007527,C01710,2024-09-02,UPI,Cancelled
O007528,C01603,2024-11-17,Debit Card,Cancelled
O007529,C01387,2024-06-24,UPI,Cancelled
O007530,C01625,2025-10-10,UPI,Delivered
O007531,C00260,2024-05-26,Debit Card,Delivered
O007532,C00603,2024-07-30,UPI,Delivered
O007533,C00870,2025-11-17,Credit Card,Cancelled
O007534,C01526,2024-06-03,UPI,Delivered
O007535,C00392,2024-05-17,UPI,Delivered
O007536,C01382,2024-08-17,Cash on Delivery,Cancelled
O007537,C01239,2024-07-20,UPI,Delivered
O007538,C00528,2025-06-25,Credit Card,Delivered
O007539,C00210,2024-12-07,Net Banking,Cancelled
O007540,C00781,2024-07-24,Credit Card,Cancelled
O007541,C00522,2024-03-12,Cash on Delivery,Cancelled
O007542,C00891,2025-01-15,Debit Card,Delivered
O007543,C01663,2024-10-02,Credit Card,Delivered
O007544,C00511,2025-03-25,Debit Card,Delivered
O007545,C00786,2024-10-09,Cash on Delivery,Delivered
O007546,C01136,2024-09-27,Debit Card,Delivered
O007547,C00043,2025-08-22,Credit Card,Delivered
O007548,C00697,2025-05-13,UPI,Cancelled
O007549,C01766,2025-02-10,Credit Card,Cancelled
O007550,C01298,2024-12-15,Cash on Delivery,Cancelled
O007551,C00765,2025-10-06,Cash on Delivery,Delivered
O007552,C01801,2025-05-05,Cash on Delivery,Delivered
O007553,C01728,2025-06-17,UPI,Delivered
O007554,C01166,2025-10-08,Credit Card,Cancelled
O007555,C01790,2024-05-12,Net Banking,Delivered
O007556,C00670,2024-01-29,UPI,Cancelled
O007557,C00197,2025-10-10,Net Banking,Delivered
O007558,C00673,2025-03-30,UPI,Delivered
O007559,C00256,2024-10-26,Cash on Delivery,Cancelled
O007560,C00413,2024-04-30,UPI,Delivered
O007561,C01561,2025-02-21,Credit Card,Cancelled
O007562,C00697,2025-03-17,Debit Card,Delivered
O007563,C01128,2024-06-12,Cash on Delivery,Delivered
O007564,C00435,2025-06-29,Debit Card,Delivered
O007565,C01515,2024-12-02,Cash on Delivery,Delivered
O007566,C01366,2024-09-26,Net Banking,Cancelled
O007567,C01972,2025-05-16,Credit Card,Delivered
O007568,C01207,2025-09-21,Debit Card,Cancelled
O007569,C00529,2025-06-13,Credit Card,Delivered
O007570,C01436,2025-09-10,UPI,Delivered
O007571,C01787,2024-08-12,Net Banking,Cancelled
O007572,C00106,2024-06-10,UPI,Delivered
O007573,C01273,2024-09-22,Credit Card,Delivered
O007574,C00166,2025-06-27,UPI,Delivered
O007575,C01636,2025-01-26,Cash on Delivery,Delivered
O007576,C01631,2025-03-04,Cash on Delivery,Delivered
O007577,C00211,2025-10-06,UPI,Delivered
O007578,C01699,2025-07-31,Debit Card,Delivered
O007579,C00886,2025-09-08,Cash on Delivery,Delivered
O007580,C01337,2024-07-27,Debit Card,Delivered
O007581,C01112,2024-03-11,Cash on Delivery,Delivered
O007582,C01933,2025-02-02,UPI,Delivered
O007583,C00788,2025-08-23,Net Banking,Delivered
O007584,C00535,2024-06-12,Debit Card,Delivered
O007585,C00419,2024-07-19,UPI,Delivered
O007586,C01986,2024-06-18,Debit Card,Cancelled
O007587,C01818,2024-12-29,Net Banking,Delivered
O007588,C01179,2024-07-21,Debit Card,Delivered
O007589,C01809,2024-01-25,Debit Card,Delivered
O007590,C01556,2025-12-17,UPI,Delivered
O007591,C01601,2024-03-30,Credit Card,Cancelled
O007592,C01620,2025-02-05,Net Banking,Delivered
O007593,C00703,2025-05-26,Debit Card,Delivered
O007594,C00278,2025-05-05,Debit Card,Delivered
O007595,C01629,2024-05-24,Cash on Delivery,Delivered
O007596,C00148,2025-01-04,Net Banking,Cancelled
O007597,C01204,2024-04-18,Credit Card,Delivered
O007598,C01642,2024-12-28,Net Banking,Delivered
O007599,C00616,2025-03-31,UPI,Delivered
O007600,C00677,2024-09-07,UPI,Delivered
O007601,C01104,2024-10-16,Debit Card,Delivered
O007602,C00877,2025-03-13,Credit Card,Delivered
O007603,C01792,2024-10-20,Cash on Delivery,Cancelled
O007604,C01618,2025-05-26,UPI,Delivered
O007605,C01558,2025-04-02,Credit Card,Cancelled
O007606,C01325,2025-12-01,Debit Card,Cancelled
O007607,C00501,2024-01-27,Cash on Delivery,Delivered
O007608,C01761,2024-09-07,Cash on Delivery,Delivered
O007609,C01375,2025-06-28,Net Banking,Delivered
O007610,C00662,2024-03-22,Cash on Delivery,Delivered
O007611,C00453,2025-05-03,UPI,Delivered
O007612,C00045,2024-10-05,Debit Card,Delivered
O007613,C00900,2025-11-06,Cash on Delivery,Cancelled
O007614,C00773,2025-11-30,Debit Card,Delivered
O007615,C01981,2024-01-07,Net Banking,Delivered
O007616,C00004,2024-05-03,Debit Card,Cancelled
O007617,C01761,2024-11-23,Debit Card,Delivered
O007618,C01857,2025-01-04,Net Banking,Delivered
O007619,C00718,2024-09-16,Cash on Delivery,Delivered
O007620,C01555,2024-09-18,Debit Card,Delivered
O007621,C00794,2025-05-18,Debit Card,Delivered
O007622,C00301,2025-12-02,UPI,Delivered
O007623,C01531,2024-03-18,Credit Card,Delivered
O007624,C00623,2024-05-25,Debit Card,Delivered
O007625,C01288,2025-12-10,Cash on Delivery,Delivered
O007626,C00826,2024-10-05,Cash on Delivery,Cancelled
O007627,C00774,2024-08-25,Cash on Delivery,Delivered
O007628,C00477,2024-05-06,UPI,Delivered
O007629,C01381,2024-12-28,Credit Card,Delivered
O007630,C00456,2025-02-28,Debit Card,Delivered
O007631,C01392,2024-05-24,Credit Card,Delivered
O007632,C01463,2025-08-07,UPI,Delivered
O007633,C01808,2024-01-17,UPI,Delivered
O007634,C01815,2024-12-06,Credit Card,Delivered
O007635,C01775,2025-09-20,Debit Card,Delivered
O007636,C00946,2025-04-23,Net Banking,Delivered
O007637,C01383,2024-12-20,Net Banking,Delivered
O007638,C00795,2025-04-06,UPI,Delivered
O007639,C00911,2025-03-23,Credit Card,Delivered
O007640,C01044,2025-06-23,Cash on Delivery,Cancelled
O007641,C01874,2024-12-03,Cash on Delivery,Delivered
O007642,C01667,2025-07-21,Credit Card,Delivered
O007643,C01979,2024-11-06,Debit Card,Delivered
O007644,C01256,2025-01-02,Credit Card,Delivered
O007645,C01332,2025-10-09,UPI,Delivered
O007646,C01719,2024-07-08,Credit Card,Delivered
O007647,C00284,2024-07-15,Debit Card,Delivered
O007648,C00914,2025-07-15,Net Banking,Delivered
O007649,C01799,2024-10-16,UPI,Delivered
O007650,C00976,2025-04-11,Net Banking,Delivered
O007651,C00860,2024-09-19,Debit Card,Delivered
O007652,C00052,2025-01-09,Credit Card,Delivered
O007653,C00047,2025-06-11,Cash on Delivery,Delivered
O007654,C00863,2024-11-07,Net Banking,Delivered
O007655,C00165,2024-08-21,Debit Card,Cancelled
O007656,C00912,2024-02-01,Credit Card,Delivered
O007657,C00181,2025-12-22,UPI,Delivered
O007658,C01570,2025-11-12,Credit Card,Delivered
O007659,C00122,2024-06-30,Cash on Delivery,Cancelled
O007660,C00120,2025-08-15,Debit Card,Delivered
O007661,C01170,2025-12-27,Debit Card,Delivered
O007662,C01631,2025-11-30,Credit Card,Delivered
O007663,C00732,2025-12-20,Cash on Delivery,Delivered
O007664,C00496,2025-01-28,Cash on Delivery,Delivered
O007665,C00704,2024-03-24,Credit Card,Cancelled
O007666,C01964,2024-11-22,Debit Card,Delivered
O007667,C00749,2024-11-26,Credit Card,Delivered
O007668,C01954,2025-08-24,UPI,Delivered
O007669,C01772,2024-07-28,Credit Card,Delivered
O007670,C00881,2025-03-24,Cash on Delivery,Delivered
O007671,C01765,2024-11-07,Cash on Delivery,Delivered
O007672,C00956,2025-04-05,UPI,Cancelled
O007673,C01510,2024-01-23,UPI,Delivered
O007674,C00123,2024-05-07,Cash on Delivery,Delivered
O007675,C01198,2025-02-01,Debit Card,Delivered
O007676,C00160,2024-05-09,UPI,Cancelled
O007677,C01412,2025-12-17,Cash on Delivery,Cancelled
O007678,C01163,2024-08-21,Debit Card,Delivered
O007679,C01708,2025-11-19,UPI,Delivered
O007680,C00178,2025-04-08,Cash on Delivery,Delivered
O007681,C01399,2025-06-25,Net Banking,Cancelled
O007682,C00441,2025-02-11,Cash on Delivery,Delivered
O007683,C01613,2024-06-03,Debit Card,Delivered
O007684,C00874,2025-03-17,UPI,Delivered
O007685,C01496,2025-08-06,Debit Card,Delivered
O007686,C00919,2024-04-18,Credit Card,Delivered
O007687,C01046,2024-04-10,Net Banking,Cancelled
O007688,C00998,2025-05-30,Debit Card,Delivered
O007689,C01476,2024-09-15,Net Banking,Cancelled
O007690,C00843,2025-09-04,Net Banking,Delivered
O007691,C01122,2024-02-11,Net Banking,Cancelled
O007692,C00033,2024-03-11,Debit Card,Delivered
O007693,C00756,2024-08-28,Credit Card,Cancelled
O007694,C01201,2025-09-07,Debit Card,Delivered
O007695,C01079,2025-08-17,Cash on Delivery,Delivered
O007696,C00566,2024-04-19,Credit Card,Delivered
O007697,C01417,2025-09-14,UPI,Delivered
O007698,C01177,2024-09-25,Credit Card,Delivered
O007699,C00866,2024-12-22,Debit Card,Delivered
O007700,C00647,2024-11-03,UPI,Delivered
O007701,C01394,2024-05-08,Credit Card,Cancelled
O007702,C01096,2024-12-23,Credit Card,Delivered
O007703,C00138,2024-01-01,UPI,Delivered
O007704,C00138,2025-05-26,UPI,Delivered
O007705,C01090,2024-04-24,Net Banking,Delivered
O007706,C00067,2024-06-04,Credit Card,Delivered
O007707,C00924,2025-11-16,Credit Card,Delivered
O007708,C01131,2024-05-13,Cash on Delivery,Delivered
O007709,C00519,2024-08-22,Net Banking,Cancelled
O007710,C00696,2024-08-26,Credit Card,Delivered
O007711,C00933,2024-03-03,Debit Card,Delivered
O007712,C01695,2024-05-23,UPI,Delivered
O007713,C00671,2024-07-02,Cash on Delivery,Delivered
O007714,C00578,2025-10-28,UPI,Delivered
O007715,C01877,2024-06-06,Credit Card,Cancelled
O007716,C00985,2024-12-05,Net Banking,Delivered
O007717,C00169,2024-03-11,Cash on Delivery,Delivered
O007718,C00848,2025-07-16,Debit Card,Delivered
O007719,C00982,2024-07-09,Credit Card,Delivered
O007720,C00185,2024-04-29,Credit Card,Delivered
O007721,C00157,2025-06-15,Cash on Delivery,Delivered
O007722,C00018,2025-03-07,Credit Card,Delivered
O007723,C01053,2025-10-18,Credit Card,Delivered
O007724,C01845,2025-08-25,Cash on Delivery,Delivered
O007725,C01582,2024-10-17,UPI,Delivered
O007726,C00716,2024-01-04,Credit Card,Cancelled
O007727,C01917,2025-01-05,Debit Card,Cancelled
O007728,C00747,2024-05-03,Credit Card,Delivered
O007729,C01002,2024-09-24,Cash on Delivery,Cancelled
O007730,C00672,2024-03-18,Debit Card,Cancelled
O007731,C01653,2024-12-31,Debit Card,Cancelled
O007732,C01071,2025-03-03,Credit Card,Delivered
O007733,C01878,2025-06-17,Credit Card,Cancelled
O007734,C00769,2024-11-02,Debit Card,Delivered
O007735,C01655,2025-06-26,Credit Card,Delivered
O007736,C00772,2024-06-14,Debit Card,Cancelled
O007737,C00365,2025-12-10,Credit Card,Cancelled
O007738,C00421,2025-01-01,Net Banking,Delivered
O007739,C01204,2025-06-03,Credit Card,Delivered
O007740,C01091,2024-10-19,Cash on Delivery,Delivered
O007741,C01122,2025-10-07,Net Banking,Delivered
O007742,C01500,2024-12-25,UPI,Delivered
O007743,C01968,2025-07-02,Cash on Delivery,Delivered
O007744,C01678,2024-07-07,Debit Card,Delivered
O007745,C00388,2025-08-15,Debit Card,Delivered
O007746,C01441,2025-12-13,Cash on Delivery,Delivered
O007747,C00639,2024-03-15,Credit Card,Delivered
O007748,C01412,2024-10-28,Cash on Delivery,Delivered
O007749,C01177,2024-04-09,Net Banking,Delivered
O007750,C01563,2024-09-04,UPI,Cancelled
O007751,C01507,2025-08-15,Net Banking,Delivered
O007752,C00130,2025-12-27,Debit Card,Delivered
O007753,C00968,2024-04-13,Credit Card,Delivered
O007754,C00186,2024-11-06,Cash on Delivery,Delivered
O007755,C01483,2025-08-23,Credit Card,Delivered
O007756,C00511,2024-09-11,UPI,Delivered
O007757,C00743,2025-11-28,UPI,Delivered
O007758,C01951,2024-08-07,UPI,Delivered
O007759,C00458,2025-09-28,UPI,Delivered
O007760,C00121,2025-06-08,Debit Card,Delivered
O007761,C00022,2025-07-21,Net Banking,Delivered
O007762,C01092,2025-11-08,UPI,Delivered
O007763,C01831,2024-11-25,UPI,Cancelled
O007764,C01819,2025-04-08,Cash on Delivery,Delivered
O007765,C01258,2024-11-01,Cash on Delivery,Delivered
O007766,C01360,2025-02-18,Debit Card,Delivered
O007767,C00936,2024-02-25,Net Banking,Delivered
O007768,C00487,2024-09-26,Debit Card,Delivered
O007769,C01816,2025-01-14,UPI,Cancelled
O007770,C01520,2025-06-04,Cash on Delivery,Cancelled
O007771,C01211,2025-07-29,UPI,Delivered
O007772,C00833,2025-03-31,Cash on Delivery,Cancelled
O007773,C00547,2024-01-21,Debit Card,Delivered
O007774,C00113,2024-06-21,Net Banking,Delivered
O007775,C01402,2025-11-18,UPI,Cancelled
O007776,C01879,2025-04-17,Cash on Delivery,Delivered
O007777,C00047,2024-05-18,Credit Card,Delivered
O007778,C01880,2025-08-19,Net Banking,Delivered
O007779,C01414,2024-07-01,Cash on Delivery,Delivered
O007780,C00036,2024-10-13,UPI,Cancelled
O007781,C01304,2024-10-08,Credit Card,Delivered
O007782,C01361,2024-09-20,Debit Card,Delivered
O007783,C01639,2025-01-24,Debit Card,Delivered
O007784,C01097,2025-10-01,Credit Card,Delivered
O007785,C01689,2024-01-02,Debit Card,Delivered
O007786,C00312,2025-04-19,UPI,Delivered
O007787,C00729,2025-04-10,Cash on Delivery,Delivered
O007788,C00350,2025-08-06,Net Banking,Delivered
O007789,C01712,2024-11-05,Debit Card,Delivered
O007790,C01956,2025-12-11,UPI,Cancelled
O007791,C00397,2024-03-01,Net Banking,Delivered
O007792,C01174,2025-05-16,UPI,Delivered
O007793,C00023,2024-06-27,Debit Card,Cancelled
O007794,C00472,2024-04-17,Credit Card,Delivered
O007795,C01009,2025-01-23,Credit Card,Delivered
O007796,C01129,2024-05-26,Net Banking,Delivered
O007797,C01441,2024-02-04,Credit Card,Delivered
O007798,C00299,2024-06-13,UPI,Delivered
O007799,C01870,2024-08-22,Debit Card,Cancelled
O007800,C00696,2024-12-04,Cash on Delivery,Delivered
O007801,C01506,2024-03-13,Credit Card,Delivered
O007802,C01649,2024-09-20,UPI,Delivered
O007803,C01924,2024-10-25,UPI,Cancelled
O007804,C00717,2025-05-23,UPI,Delivered
O007805,C00686,2024-05-19,Credit Card,Delivered
O007806,C00679,2024-11-26,Debit Card,Cancelled
O007807,C01812,2024-04-27,Net Banking,Delivered
O007808,C01447,2024-08-09,Credit Card,Cancelled
O007809,C00819,2024-08-29,UPI,Delivered
O007810,C00090,2024-10-27,Debit Card,Cancelled
O007811,C00059,2025-06-08,Credit Card,Delivered
O007812,C00537,2025-09-29,UPI,Delivered
O007813,C01736,2025-01-08,UPI,Delivered
O007814,C00540,2024-01-28,Net Banking,Delivered
O007815,C01419,2024-07-21,Cash on Delivery,Delivered
O007816,C00086,2024-11-23,Cash on Delivery,Delivered
O007817,C00527,2024-05-19,UPI,Cancelled
O007818,C01991,2024-05-07,Cash on Delivery,Cancelled
O007819,C00677,2024-11-05,Credit Card,Delivered
O007820,C00419,2025-06-13,UPI,Delivered
O007821,C00675,2025-02-05,Debit Card,Delivered
O007822,C01650,2025-10-09,Credit Card,Delivered
O007823,C01055,2024-03-23,Debit Card,Cancelled
O007824,C01042,2024-12-27,Cash on Delivery,Delivered
O007825,C01491,2025-09-18,Cash on Delivery,Delivered
O007826,C00872,2024-03-05,Net Banking,Cancelled
O007827,C01277,2024-09-25,Credit Card,Delivered
O007828,C00422,2025-06-16,Credit Card,Delivered
O007829,C00854,2025-07-23,Credit Card,Delivered
O007830,C01728,2024-03-19,Cash on Delivery,Delivered
O007831,C01812,2025-05-24,UPI,Delivered
O007832,C01638,2025-10-31,Credit Card,Cancelled
O007833,C00783,2024-11-10,UPI,Delivered
O007834,C00988,2025-09-16,Cash on Delivery,Delivered
O007835,C01363,2025-09-18,Net Banking,Delivered
O007836,C01544,2024-01-10,Credit Card,Delivered
O007837,C00439,2024-05-04,Debit Card,Delivered
O007838,C00675,2024-09-04,UPI,Delivered
O007839,C01755,2024-04-09,Cash on Delivery,Cancelled
O007840,C01634,2025-03-22,Debit Card,Delivered
O007841,C01148,2025-01-28,Credit Card,Cancelled
O007842,C00594,2024-10-25,Debit Card,Delivered
O007843,C01207,2025-06-17,Cash on Delivery,Delivered
O007844,C00532,2024-12-19,Net Banking,Cancelled
O007845,C01498,2024-01-10,UPI,Delivered
O007846,C00478,2025-01-12,Debit Card,Delivered
O007847,C00263,2025-05-22,Credit Card,Cancelled
O007848,C00735,2025-06-04,UPI,Delivered
O007849,C00972,2024-11-08,Credit Card,Delivered
O007850,C01680,2024-11-24,Credit Card,Delivered
O007851,C00259,2025-08-22,Net Banking,Delivered
O007852,C00017,2024-02-12,Cash on Delivery,Delivered
O007853,C01771,2024-08-23,Debit Card,Cancelled
O007854,C00828,2024-11-26,Net Banking,Cancelled
O007855,C01533,2024-07-19,Net Banking,Delivered
O007856,C00779,2025-07-30,Credit Card,Cancelled
O007857,C01825,2025-05-07,Credit Card,Delivered
O007858,C01586,2024-03-31,Net Banking,Cancelled
O007859,C01359,2025-04-13,Credit Card,Delivered
O007860,C01077,2025-09-18,Credit Card,Cancelled
O007861,C01846,2025-09-15,UPI,Delivered
O007862,C01080,2025-12-06,UPI,Delivered
O007863,C00765,2024-12-15,Credit Card,Delivered
O007864,C00895,2025-01-24,Cash on Delivery,Cancelled
O007865,C00703,2024-10-16,Net Banking,Cancelled
O007866,C01490,2025-08-29,Debit Card,Delivered
O007867,C00994,2025-01-02,Net Banking,Delivered
O007868,C01029,2025-07-07,UPI,Delivered
O007869,C00571,2024-09-17,Debit Card,Cancelled
O007870,C00449,2025-10-17,Net Banking,Delivered
O007871,C01504,2025-02-19,Credit Card,Delivered
O007872,C01702,2024-10-10,Cash on Delivery,Delivered
O007873,C00686,2024-03-27,Credit Card,Delivered
O007874,C00474,2025-09-02,Debit Card,Delivered
O007875,C00167,2024-05-18,Cash on Delivery,Delivered
O007876,C01838,2024-11-25,UPI,Delivered
O007877,C01229,2025-02-16,Credit Card,Cancelled
O007878,C01434,2025-08-13,Cash on Delivery,Delivered
O007879,C00563,2024-10-24,Cash on Delivery,Delivered
O007880,C01978,2025-11-06,Debit Card,Delivered
O007881,C01981,2025-06-08,Debit Card,Delivered
O007882,C01989,2024-03-03,Cash on Delivery,Delivered
O007883,C01401,2024-04-26,Cash on Delivery,Delivered
O007884,C00878,2024-01-06,Credit Card,Delivered
O007885,C01719,2024-09-18,Debit Card,Delivered
O007886,C01618,2025-12-26,Net Banking,Delivered
O007887,C00870,2025-07-03,Debit Card,Delivered
O007888,C00459,2025-04-03,UPI,Delivered
O007889,C00729,2024-07-19,Cash on Delivery,Delivered
O007890,C01572,2024-06-02,Credit Card,Delivered
O007891,C00637,2025-02-03,Cash on Delivery,Cancelled
O007892,C00826,2025-09-23,Net Banking,Cancelled
O007893,C01227,2025-04-22,Net Banking,Delivered
O007894,C01916,2025-07-19,Debit Card,Delivered
O007895,C01159,2025-11-08,Cash on Delivery,Delivered
O007896,C01509,2024-12-19,Cash on Delivery,Delivered
O007897,C00125,2024-12-03,UPI,Delivered
O007898,C01607,2024-02-07,UPI,Delivered
O007899,C00176,2024-12-26,Debit Card,Cancelled
O007900,C00974,2024-08-06,Net Banking,Delivered
O007901,C00354,2024-01-31,Debit Card,Delivered
O007902,C00259,2024-04-04,Cash on Delivery,Delivered
O007903,C01556,2025-11-05,Cash on Delivery,Delivered
O007904,C00626,2025-01-15,Cash on Delivery,Delivered
O007905,C00983,2024-12-23,Net Banking,Delivered
O007906,C01134,2024-10-12,UPI,Cancelled
O007907,C01570,2024-02-08,Debit Card,Delivered
O007908,C01342,2025-11-21,Net Banking,Delivered
O007909,C01648,2025-04-10,Net Banking,Cancelled
O007910,C01989,2025-06-17,UPI,Delivered
O007911,C00017,2024-10-13,Credit Card,Delivered
O007912,C01864,2024-07-14,Debit Card,Cancelled
O007913,C00011,2024-11-26,UPI,Delivered
O007914,C01783,2024-09-19,Credit Card,Delivered
O007915,C00768,2025-06-08,Debit Card,Cancelled
O007916,C00818,2024-08-18,Net Banking,Delivered
O007917,C00214,2025-08-18,Debit Card,Delivered
O007918,C00535,2025-09-28,UPI,Delivered
O007919,C00707,2024-01-19,UPI,Delivered
O007920,C01828,2025-02-25,Net Banking,Delivered
O007921,C01260,2024-07-26,Net Banking,Delivered
O007922,C01753,2024-05-18,Credit Card,Delivered
O007923,C01297,2024-08-15,Credit Card,Delivered
O007924,C00279,2024-10-04,UPI,Delivered
O007925,C01535,2024-11-19,UPI,Delivered
O007926,C01279,2024-01-14,Cash on Delivery,Delivered
O007927,C00220,2024-12-13,Cash on Delivery,Delivered
O007928,C01456,2024-09-09,Debit Card,Delivered
O007929,C00838,2024-08-19,Net Banking,Delivered
O007930,C01645,2025-05-08,Cash on Delivery,Delivered
O007931,C01512,2024-01-28,UPI,Delivered
O007932,C01802,2025-04-07,Debit Card,Delivered
O007933,C01480,2024-03-27,Cash on Delivery,Delivered
O007934,C01141,2024-10-04,UPI,Delivered
O007935,C01380,2025-07-22,Net Banking,Delivered
O007936,C00697,2024-01-29,Debit Card,Cancelled
O007937,C00285,2025-02-16,UPI,Delivered
O007938,C00792,2025-07-27,Credit Card,Delivered
O007939,C00533,2024-11-03,Credit Card,Cancelled
O007940,C00760,2024-07-12,Credit Card,Cancelled
O007941,C00547,2024-05-16,Debit Card,Delivered
O007942,C00006,2024-03-06,Net Banking,Cancelled
O007943,C01249,2025-02-19,UPI,Delivered
O007944,C01701,2024-03-14,Credit Card,Cancelled
O007945,C01428,2024-04-07,Cash on Delivery,Delivered
O007946,C01244,2025-07-18,Cash on Delivery,Delivered
O007947,C00935,2024-04-22,Debit Card,Delivered
O007948,C00141,2025-05-06,Credit Card,Cancelled
O007949,C01388,2025-01-18,Debit Card,Delivered
O007950,C00197,2024-11-30,Debit Card,Cancelled
O007951,C01599,2025-11-24,UPI,Delivered
O007952,C01377,2024-08-01,UPI,Delivered
O007953,C01270,2024-09-25,Cash on Delivery,Delivered
O007954,C01065,2024-12-21,Credit Card,Cancelled
O007955,C01599,2025-06-19,Net Banking,Cancelled
O007956,C00975,2025-04-24,Credit Card,Delivered
O007957,C00890,2024-07-08,Credit Card,Delivered
O007958,C01193,2025-12-14,Cash on Delivery,Delivered
O007959,C00039,2025-10-03,Debit Card,Delivered
O007960,C00621,2025-12-02,Cash on Delivery,Delivered
O007961,C01329,2025-10-10,Credit Card,Delivered
O007962,C00456,2025-12-25,Net Banking,Cancelled
O007963,C00965,2025-07-23,Net Banking,Delivered
O007964,C00689,2025-09-29,Net Banking,Cancelled
O007965,C00358,2025-02-10,Credit Card,Delivered
O007966,C01700,2025-03-18,Cash on Delivery,Delivered
O007967,C01573,2024-12-22,Net Banking,Delivered
O007968,C00998,2024-02-01,Credit Card,Delivered
O007969,C00612,2024-02-29,UPI,Delivered
O007970,C00432,2024-09-10,Debit Card,Cancelled
O007971,C00950,2024-10-16,Net Banking,Delivered
O007972,C00105,2024-01-30,UPI,Delivered
O007973,C00253,2024-04-23,Debit Card,Delivered
O007974,C00947,2025-04-18,Debit Card,Delivered
O007975,C01570,2025-07-16,Debit Card,Cancelled
O007976,C01969,2025-05-10,UPI,Delivered
O007977,C01677,2025-09-23,Debit Card,Cancelled
O007978,C00991,2025-11-16,Credit Card,Delivered
O007979,C00722,2024-03-19,Cash on Delivery,Delivered
O007980,C01971,2024-10-23,Cash on Delivery,Delivered
O007981,C00822,2025-02-02,Debit Card,Delivered
O007982,C00458,2025-07-17,Debit Card,Delivered
O007983,C01328,2024-03-02,Cash on Delivery,Delivered
O007984,C00633,2024-09-19,UPI,Cancelled
O007985,C00674,2025-12-21,Debit Card,Delivered
O007986,C00439,2025-05-09,Net Banking,Delivered
O007987,C00311,2025-08-04,Credit Card,Delivered
O007988,C01099,2024-08-22,Debit Card,Delivered
O007989,C00716,2024-11-24,Cash on Delivery,Delivered
O007990,C01709,2024-11-07,Cash on Delivery,Delivered
O007991,C00996,2024-01-18,Cash on Delivery,Delivered
O007992,C01706,2024-05-22,Net Banking,Delivered
O007993,C01901,2025-08-03,Cash on Delivery,Delivered
O007994,C01339,2024-07-18,Net Banking,Delivered
O007995,C00091,2025-07-14,UPI,Cancelled
O007996,C01584,2025-05-22,Debit Card,Delivered
O007997,C01591,2025-07-30,UPI,Delivered
O007998,C00489,2025-11-16,Credit Card,Delivered
O007999,C00910,2024-03-02,UPI,Delivered
O008000,C00953,2025-10-12,UPI,Delivered
O008001,C00821,2025-12-09,Cash on Delivery,Delivered
O008002,C01298,2024-12-02,UPI,Delivered
O008003,C01495,2024-03-31,Net Banking,Cancelled
O008004,C01002,2025-09-08,Credit Card,Delivered
O008005,C00255,2024-05-28,Cash on Delivery,Delivered
O008006,C01462,2025-03-19,UPI,Delivered
O008007,C00086,2024-07-21,Debit Card,Delivered
O008008,C01023,2024-08-23,Debit Card,Delivered
O008009,C01463,2025-04-23,Net Banking,Delivered
O008010,C00252,2025-02-03,Net Banking,Delivered
O008011,C00392,2025-02-22,Net Banking,Delivered
O008012,C00207,2025-10-25,UPI,Delivered
O008013,C00943,2025-09-08,Debit Card,Cancelled
O008014,C01389,2024-07-08,UPI,Delivered
O008015,C01553,2025-06-23,UPI,Delivered
O008016,C01926,2025-09-12,Credit Card,Cancelled
O008017,C01620,2024-02-07,Debit Card,Cancelled
O008018,C00069,2024-10-17,Credit Card,Delivered
O008019,C01436,2025-03-21,Credit Card,Cancelled
O008020,C00641,2025-01-02,UPI,Delivered
O008021,C00815,2024-06-16,Credit Card,Delivered
O008022,C01535,2025-08-13,Cash on Delivery,Cancelled
O008023,C01660,2025-12-27,Credit Card,Cancelled
O008024,C01579,2024-12-05,Cash on Delivery,Delivered
O008025,C00912,2024-08-01,Credit Card,Delivered
O008026,C00723,2025-08-03,Cash on Delivery,Delivered
O008027,C00997,2025-06-19,Cash on Delivery,Delivered
O008028,C01801,2025-08-27,Debit Card,Delivered
O008029,C01441,2024-05-24,Cash on Delivery,Cancelled
O008030,C00835,2024-08-03,UPI,Delivered
O008031,C00931,2025-01-24,Credit Card,Delivered
O008032,C01094,2025-06-05,Cash on Delivery,Delivered
O008033,C00554,2024-02-05,UPI,Delivered
O008034,C00473,2025-04-14,Net Banking,Delivered
O008035,C01543,2024-11-05,UPI,Delivered
O008036,C00153,2025-12-07,Debit Card,Delivered
O008037,C00097,2024-05-20,Net Banking,Delivered
O008038,C00338,2025-06-10,Net Banking,Delivered
O008039,C01998,2024-08-09,Cash on Delivery,Delivered
O008040,C00886,2024-07-30,Credit Card,Delivered
O008041,C00643,2024-01-04,Net Banking,Cancelled
O008042,C00848,2024-11-12,Net Banking,Delivered
O008043,C01948,2024-06-09,Debit Card,Cancelled
O008044,C01973,2024-01-15,UPI,Delivered
O008045,C01441,2025-08-30,UPI,Delivered
O008046,C01873,2024-11-17,Debit Card,Delivered
O008047,C01648,2025-05-25,Credit Card,Delivered
O008048,C01728,2024-04-10,Debit Card,Cancelled
O008049,C01667,2024-08-01,UPI,Delivered
O008050,C01052,2024-07-26,Credit Card,Delivered
O008051,C00372,2024-12-25,Cash on Delivery,Delivered
O008052,C00486,2025-04-10,Net Banking,Cancelled
O008053,C01938,2025-09-05,Debit Card,Delivered
O008054,C00290,2025-05-08,Net Banking,Cancelled
O008055,C00800,2024-09-04,Credit Card,Cancelled
O008056,C00213,2024-03-16,UPI,Delivered
O008057,C01377,2024-06-20,UPI,Delivered
O008058,C01632,2024-06-23,Credit Card,Delivered
O008059,C00541,2024-01-15,Credit Card,Delivered
O008060,C01776,2025-07-04,Credit Card,Delivered
O008061,C00170,2024-09-09,UPI,Cancelled
O008062,C01002,2024-06-20,Cash on Delivery,Cancelled
O008063,C01651,2024-02-19,Cash on Delivery,Delivered
O008064,C01659,2025-04-19,Cash on Delivery,Delivered
O008065,C00808,2024-08-11,Cash on Delivery,Delivered
O008066,C00925,2025-07-19,Debit Card,Delivered
O008067,C00774,2025-07-07,Cash on Delivery,Delivered
O008068,C00371,2025-04-18,Debit Card,Delivered
O008069,C00574,2025-10-04,Debit Card,Delivered
O008070,C00225,2024-12-23,Cash on Delivery,Delivered
O008071,C01633,2025-04-01,Cash on Delivery,Cancelled
O008072,C01364,2024-11-22,Net Banking,Delivered
O008073,C00175,2025-05-08,Credit Card,Delivered
O008074,C00385,2025-04-07,Cash on Delivery,Delivered
O008075,C01408,2024-09-12,UPI,Delivered
O008076,C00423,2025-02-24,Debit Card,Cancelled
O008077,C00206,2024-10-29,Cash on Delivery,Delivered
O008078,C00911,2025-01-04,Net Banking,Delivered
O008079,C01051,2025-12-23,Debit Card,Delivered
O008080,C01100,2025-03-09,Debit Card,Delivered
O008081,C01924,2024-01-10,UPI,Delivered
O008082,C01374,2024-09-23,UPI,Delivered
O008083,C01938,2024-09-21,UPI,Delivered
O008084,C01356,2024-09-05,Credit Card,Delivered
O008085,C00498,2024-09-26,Debit Card,Delivered
O008086,C01997,2025-09-30,UPI,Delivered
O008087,C00228,2024-12-11,Credit Card,Delivered
O008088,C00347,2024-04-27,Cash on Delivery,Delivered
O008089,C01867,2024-12-24,Credit Card,Delivered
O008090,C00004,2025-10-25,Cash on Delivery,Delivered
O008091,C01800,2025-07-30,Cash on Delivery,Delivered
O008092,C00960,2025-01-22,Net Banking,Delivered
O008093,C01500,2024-06-12,Cash on Delivery,Delivered
O008094,C00864,2025-02-17,Net Banking,Delivered
O008095,C00223,2025-06-25,Cash on Delivery,Delivered
O008096,C01589,2024-05-12,Credit Card,Delivered
O008097,C01517,2025-06-06,Cash on Delivery,Delivered
O008098,C00006,2024-10-29,Net Banking,Delivered
O008099,C01340,2024-07-17,Debit Card,Delivered
O008100,C01304,2024-11-08,Net Banking,Delivered
O008101,C01963,2024-01-26,UPI,Delivered
O008102,C00086,2025-05-28,UPI,Cancelled
O008103,C01732,2025-10-23,Debit Card,Cancelled
O008104,C00102,2025-03-19,Debit Card,Delivered
O008105,C01027,2024-03-02,Net Banking,Cancelled
O008106,C00456,2025-05-05,UPI,Delivered
O008107,C01815,2025-01-12,Cash on Delivery,Delivered
O008108,C00793,2025-03-11,Cash on Delivery,Delivered
O008109,C01630,2024-09-25,Net Banking,Delivered
O008110,C01260,2024-03-05,Net Banking,Delivered
O008111,C00612,2024-06-10,UPI,Cancelled
O008112,C01256,2025-08-03,UPI,Delivered
O008113,C00662,2025-02-15,Credit Card,Cancelled
O008114,C01397,2024-10-13,UPI,Delivered
O008115,C01631,2024-08-24,Cash on Delivery,Delivered
O008116,C01977,2024-08-14,Debit Card,Delivered
O008117,C01322,2025-08-06,UPI,Delivered
O008118,C00268,2024-09-01,UPI,Delivered
O008119,C01445,2024-12-16,Cash on Delivery,Delivered
O008120,C01399,2025-06-07,UPI,Cancelled
O008121,C00142,2024-12-29,Debit Card,Delivered
O008122,C01145,2024-01-23,Debit Card,Delivered
O008123,C00814,2024-05-01,Cash on Delivery,Delivered
O008124,C01187,2025-04-30,Credit Card,Delivered
O008125,C00947,2025-03-30,UPI,Delivered
O008126,C01968,2024-05-09,Debit Card,Delivered
O008127,C00138,2025-04-29,Debit Card,Delivered
O008128,C01493,2024-09-30,Credit Card,Delivered
O008129,C01951,2025-03-14,Credit Card,Delivered
O008130,C01630,2024-12-01,UPI,Delivered
O008131,C00357,2024-11-18,UPI,Delivered
O008132,C01171,2025-08-17,Debit Card,Delivered
O008133,C01128,2024-01-19,Cash on Delivery,Delivered
O008134,C00752,2025-08-06,Cash on Delivery,Cancelled
O008135,C00022,2024-08-08,Credit Card,Cancelled
O008136,C00475,2025-03-08,Credit Card,Delivered
O008137,C01117,2025-07-31,UPI,Cancelled
O008138,C01695,2025-01-16,UPI,Cancelled
O008139,C01309,2024-07-01,UPI,Delivered
O008140,C00742,2024-10-18,Net Banking,Delivered
O008141,C01814,2025-12-16,Net Banking,Delivered
O008142,C00984,2025-02-21,Credit Card,Delivered
O008143,C00773,2024-04-12,Credit Card,Delivered
O008144,C00251,2024-10-20,UPI,Delivered
O008145,C01505,2025-04-16,UPI,Delivered
O008146,C00097,2025-10-21,Cash on Delivery,Delivered
O008147,C00309,2024-04-05,Cash on Delivery,Delivered
O008148,C00388,2024-03-16,UPI,Cancelled
O008149,C00677,2024-11-03,Credit Card,Cancelled
O008150,C01447,2024-06-18,Net Banking,Cancelled
O008151,C01185,2024-06-13,UPI,Delivered
O008152,C00695,2024-03-26,Cash on Delivery,Cancelled
O008153,C00930,2025-03-19,UPI,Delivered
O008154,C01903,2024-08-12,Net Banking,Delivered
O008155,C01756,2024-05-18,Debit Card,Delivered
O008156,C00394,2025-11-02,UPI,Delivered
O008157,C00842,2024-05-03,Debit Card,Delivered
O008158,C01830,2025-08-18,Debit Card,Delivered
O008159,C00266,2025-08-26,Debit Card,Delivered
O008160,C00010,2025-07-24,UPI,Delivered
O008161,C00519,2024-11-07,Cash on Delivery,Delivered
O008162,C01559,2025-03-03,Cash on Delivery,Cancelled
O008163,C00657,2024-11-13,Credit Card,Delivered
O008164,C00918,2024-09-30,Credit Card,Delivered
O008165,C00237,2025-08-06,Cash on Delivery,Delivered
O008166,C01565,2024-06-18,Net Banking,Delivered
O008167,C00952,2024-11-20,Net Banking,Delivered
O008168,C00020,2025-11-30,Credit Card,Delivered
O008169,C00636,2025-04-10,Debit Card,Cancelled
O008170,C01637,2024-08-04,Net Banking,Delivered
O008171,C01726,2024-09-05,UPI,Delivered
O008172,C01558,2025-08-21,Credit Card,Delivered
O008173,C00467,2024-10-09,Credit Card,Delivered
O008174,C01189,2025-05-04,Debit Card,Delivered
O008175,C00683,2024-03-23,Net Banking,Delivered
O008176,C01779,2025-05-30,Credit Card,Delivered
O008177,C00619,2025-11-18,Cash on Delivery,Delivered
O008178,C01837,2025-06-17,Cash on Delivery,Delivered
O008179,C01202,2025-05-06,Debit Card,Delivered
O008180,C01486,2025-08-14,Credit Card,Delivered
O008181,C01109,2025-05-09,UPI,Delivered
O008182,C00793,2024-09-03,UPI,Delivered
O008183,C01731,2025-01-25,Debit Card,Delivered
O008184,C00991,2025-02-20,UPI,Delivered
O008185,C01218,2025-02-17,Debit Card,Cancelled
O008186,C01825,2024-10-31,Debit Card,Cancelled
O008187,C01471,2024-06-23,Debit Card,Delivered
O008188,C00847,2025-10-29,Cash on Delivery,Delivered
O008189,C00221,2024-11-09,UPI,Cancelled
O008190,C00969,2025-01-19,Credit Card,Delivered
O008191,C00742,2025-08-10,Debit Card,Delivered
O008192,C00857,2024-12-26,UPI,Delivered
O008193,C01049,2024-08-10,Debit Card,Delivered
O008194,C00311,2025-10-03,Credit Card,Delivered
O008195,C01400,2025-12-19,Cash on Delivery,Delivered
O008196,C00607,2024-12-15,Credit Card,Delivered
O008197,C01932,2024-05-01,Cash on Delivery,Delivered
O008198,C01553,2025-12-18,Credit Card,Delivered
O008199,C01247,2025-11-09,Cash on Delivery,Delivered
O008200,C01960,2024-05-17,Net Banking,Cancelled
O008201,C01758,2024-11-06,Credit Card,Delivered
O008202,C00024,2024-08-12,Net Banking,Delivered
O008203,C01482,2024-01-03,Cash on Delivery,Cancelled
O008204,C00373,2025-02-17,Net Banking,Delivered
O008205,C00139,2025-10-06,Credit Card,Delivered
O008206,C01908,2024-09-16,Credit Card,Cancelled
O008207,C00976,2025-08-15,UPI,Cancelled
O008208,C01572,2024-12-26,Cash on Delivery,Delivered
O008209,C01824,2025-05-24,Net Banking,Delivered
O008210,C01221,2024-05-13,Debit Card,Delivered
O008211,C00084,2025-06-14,Credit Card,Cancelled
O008212,C01158,2025-12-05,Net Banking,Delivered
O008213,C00771,2024-03-17,Credit Card,Delivered
O008214,C00960,2024-10-24,Cash on Delivery,Delivered
O008215,C01801,2025-03-26,Debit Card,Delivered
O008216,C00143,2025-05-22,UPI,Delivered
O008217,C01939,2024-11-20,Net Banking,Delivered
O008218,C00733,2024-11-20,UPI,Delivered
O008219,C01135,2024-11-14,Cash on Delivery,Delivered
O008220,C00354,2024-05-26,Credit Card,Delivered
O008221,C00834,2025-05-09,Credit Card,Delivered
O008222,C00589,2024-01-23,Credit Card,Delivered
O008223,C00475,2025-04-25,Credit Card,Delivered
O008224,C00107,2024-06-23,Debit Card,Delivered
O008225,C01264,2024-04-17,Credit Card,Delivered
O008226,C00517,2025-04-18,Credit Card,Delivered
O008227,C01613,2025-04-26,Net Banking,Delivered
O008228,C01710,2025-01-25,Net Banking,Cancelled
O008229,C01996,2024-03-03,Credit Card,Delivered
O008230,C01393,2025-04-10,UPI,Delivered
O008231,C01254,2025-03-19,Debit Card,Delivered
O008232,C00391,2025-07-22,UPI,Cancelled
O008233,C01803,2024-11-13,Credit Card,Delivered
O008234,C01227,2024-01-18,Debit Card,Delivered
O008235,C00280,2024-09-09,Cash on Delivery,Delivered
O008236,C00497,2025-04-18,Net Banking,Delivered
O008237,C00068,2024-07-13,Debit Card,Delivered
O008238,C00520,2024-05-09,Cash on Delivery,Cancelled
O008239,C00689,2025-03-18,Debit Card,Cancelled
O008240,C00981,2025-04-30,Debit Card,Delivered
O008241,C00219,2025-01-01,UPI,Cancelled
O008242,C01294,2025-06-15,Cash on Delivery,Delivered
O008243,C00525,2024-03-11,UPI,Delivered
O008244,C01973,2024-10-14,Debit Card,Delivered
O008245,C01085,2024-01-18,UPI,Delivered
O008246,C00508,2025-07-31,Net Banking,Delivered
O008247,C01557,2025-04-12,Debit Card,Delivered
O008248,C00748,2025-11-17,Debit Card,Delivered
O008249,C00983,2025-09-05,Cash on Delivery,Delivered
O008250,C01128,2025-05-23,Cash on Delivery,Delivered
O008251,C01115,2024-10-29,Net Banking,Delivered
O008252,C01391,2025-03-04,UPI,Delivered
O008253,C01479,2025-02-01,Cash on Delivery,Delivered
O008254,C00346,2025-11-01,UPI,Delivered
O008255,C01819,2024-05-29,UPI,Delivered
O008256,C00071,2025-10-22,UPI,Cancelled
O008257,C01985,2025-12-10,Debit Card,Delivered
O008258,C01148,2024-05-05,Net Banking,Delivered
O008259,C01890,2024-12-21,Credit Card,Cancelled
O008260,C01589,2024-10-13,Credit Card,Delivered
O008261,C01106,2025-07-15,Net Banking,Cancelled
O008262,C01075,2025-11-10,Debit Card,Delivered
O008263,C01884,2024-07-04,Cash on Delivery,Delivered
O008264,C00416,2024-05-16,UPI,Delivered
O008265,C01642,2025-01-01,Credit Card,Delivered
O008266,C01163,2025-12-28,Credit Card,Delivered
O008267,C00356,2025-07-07,Debit Card,Delivered
O008268,C00971,2025-12-16,Net Banking,Cancelled
O008269,C00804,2024-06-04,Debit Card,Delivered
O008270,C00236,2024-09-07,Net Banking,Delivered
O008271,C00481,2024-04-13,Credit Card,Delivered
O008272,C01110,2024-08-15,Credit Card,Delivered
O008273,C00965,2024-02-20,UPI,Delivered
O008274,C00664,2025-11-25,UPI,Delivered
O008275,C00367,2024-01-24,Cash on Delivery,Delivered
O008276,C00640,2024-06-09,UPI,Delivered
O008277,C00308,2025-03-24,UPI,Delivered
O008278,C01395,2024-12-24,Credit Card,Delivered
O008279,C00169,2024-12-22,Net Banking,Delivered
O008280,C00610,2024-07-09,Debit Card,Delivered
O008281,C00137,2025-06-15,Net Banking,Delivered
O008282,C01086,2025-04-13,Credit Card,Delivered
O008283,C01349,2024-12-10,Net Banking,Delivered
O008284,C00114,2024-07-06,Debit Card,Delivered
O008285,C00851,2025-09-10,Credit Card,Delivered
O008286,C00655,2024-05-17,UPI,Delivered
O008287,C00729,2024-12-24,UPI,Cancelled
O008288,C00917,2025-01-23,UPI,Delivered
O008289,C01691,2025-05-13,UPI,Delivered
O008290,C00114,2024-03-27,Net Banking,Cancelled
O008291,C01861,2025-09-16,Debit Card,Delivered
O008292,C01506,2025-04-14,Cash on Delivery,Delivered
O008293,C00414,2025-10-12,UPI,Delivered
O008294,C01040,2024-09-14,Cash on Delivery,Delivered
O008295,C01848,2025-11-08,Credit Card,Cancelled
O008296,C00443,2025-12-15,Credit Card,Delivered
O008297,C00873,2025-12-06,UPI,Delivered
O008298,C01771,2024-05-03,UPI,Delivered
O008299,C01218,2024-07-09,UPI,Delivered
O008300,C00822,2024-12-25,Net Banking,Delivered
O008301,C00549,2025-07-14,Cash on Delivery,Delivered
O008302,C01025,2024-02-24,Cash on Delivery,Cancelled
O008303,C01299,2024-01-06,Debit Card,Delivered
O008304,C00748,2025-08-04,UPI,Delivered
O008305,C01159,2024-01-26,Credit Card,Cancelled
O008306,C01735,2025-06-13,Net Banking,Delivered
O008307,C00057,2025-06-09,Debit Card,Delivered
O008308,C00151,2024-11-11,Debit Card,Delivered
O008309,C00245,2025-11-04,Cash on Delivery,Delivered
O008310,C01126,2025-02-07,Cash on Delivery,Delivered
O008311,C00259,2024-12-31,Credit Card,Delivered
O008312,C01444,2025-10-31,Credit Card,Cancelled
O008313,C00922,2024-10-26,UPI,Delivered
O008314,C01179,2024-02-24,Net Banking,Delivered
O008315,C01545,2025-08-31,Credit Card,Delivered
O008316,C01036,2024-11-19,UPI,Delivered
O008317,C00704,2024-07-20,Cash on Delivery,Delivered
O008318,C01873,2025-11-17,UPI,Delivered
O008319,C00159,2025-07-10,Credit Card,Delivered
O008320,C01643,2025-02-21,Cash on Delivery,Delivered
O008321,C00171,2024-04-03,Debit Card,Cancelled
O008322,C00338,2025-07-09,UPI,Delivered
O008323,C00685,2025-08-26,Net Banking,Delivered
O008324,C01426,2025-04-16,UPI,Delivered
O008325,C01874,2025-05-17,UPI,Cancelled
O008326,C01661,2025-02-18,Debit Card,Delivered
O008327,C01194,2025-07-09,Credit Card,Delivered
O008328,C00267,2024-01-19,Debit Card,Cancelled
O008329,C00164,2024-12-06,Cash on Delivery,Cancelled
O008330,C00487,2025-01-08,UPI,Delivered
O008331,C00616,2025-10-04,Cash on Delivery,Delivered
O008332,C01491,2025-07-17,Credit Card,Delivered
O008333,C01451,2024-02-16,Net Banking,Delivered
O008334,C00352,2024-08-15,Debit Card,Delivered
O008335,C00392,2025-09-22,Net Banking,Delivered
O008336,C01290,2024-11-05,Debit Card,Delivered
O008337,C01276,2025-10-05,Net Banking,Cancelled
O008338,C01015,2025-09-30,UPI,Delivered
O008339,C00742,2025-07-17,Net Banking,Delivered
O008340,C00692,2025-08-20,Net Banking,Delivered
O008341,C00457,2024-01-31,Net Banking,Delivered
O008342,C01710,2024-10-09,Credit Card,Cancelled
O008343,C01876,2024-11-06,Cash on Delivery,Delivered
O008344,C01563,2025-07-10,Credit Card,Delivered
O008345,C01901,2025-12-21,Cash on Delivery,Delivered
O008346,C01313,2025-02-01,Debit Card,Delivered
O008347,C00601,2025-05-03,Net Banking,Cancelled
O008348,C01770,2025-05-19,Net Banking,Delivered
O008349,C01284,2024-12-07,UPI,Delivered
O008350,C01163,2024-11-28,UPI,Cancelled
O008351,C00135,2025-09-03,Net Banking,Delivered
O008352,C00990,2024-04-06,Credit Card,Delivered
O008353,C00851,2024-03-21,Credit Card,Delivered
O008354,C01801,2024-04-23,UPI,Delivered
O008355,C01423,2025-10-19,Credit Card,Delivered
O008356,C00750,2024-07-22,Credit Card,Delivered
O008357,C01890,2025-08-11,UPI,Delivered
O008358,C00845,2025-10-02,Cash on Delivery,Delivered
O008359,C00109,2025-03-26,Cash on Delivery,Delivered
O008360,C01471,2025-08-08,Debit Card,Delivered
O008361,C01869,2025-09-06,UPI,Delivered
O008362,C00304,2024-03-27,Net Banking,Delivered
O008363,C00223,2025-07-14,UPI,Delivered
O008364,C00378,2024-05-11,Cash on Delivery,Delivered
O008365,C00637,2024-10-11,Cash on Delivery,Delivered
O008366,C01007,2024-11-16,Debit Card,Delivered
O008367,C01171,2025-05-24,Cash on Delivery,Delivered
O008368,C01800,2024-09-20,UPI,Delivered
O008369,C01069,2024-04-20,Debit Card,Delivered
O008370,C01881,2025-12-10,Net Banking,Delivered
O008371,C00446,2024-07-07,Debit Card,Cancelled
O008372,C01081,2025-09-09,Debit Card,Delivered
O008373,C01641,2025-01-09,Credit Card,Delivered
O008374,C01179,2024-06-12,Debit Card,Delivered
O008375,C01709,2024-07-24,Debit Card,Cancelled
O008376,C00855,2024-03-16,Debit Card,Delivered
O008377,C01613,2024-09-13,Net Banking,Delivered
O008378,C00723,2025-05-13,Credit Card,Cancelled
O008379,C00041,2025-06-22,Debit Card,Delivered
O008380,C00884,2024-02-27,Credit Card,Delivered
O008381,C00953,2024-12-21,Credit Card,Delivered
O008382,C00665,2025-11-29,UPI,Delivered
O008383,C01474,2025-07-04,Credit Card,Cancelled
O008384,C01153,2025-01-16,UPI,Delivered
O008385,C01441,2025-08-07,UPI,Delivered
O008386,C00616,2024-07-09,Net Banking,Delivered
O008387,C00139,2025-08-10,Net Banking,Delivered
O008388,C00617,2024-07-20,Credit Card,Delivered
O008389,C01031,2024-09-22,Debit Card,Delivered
O008390,C00652,2024-08-17,Debit Card,Delivered
O008391,C01464,2025-06-19,Cash on Delivery,Delivered
O008392,C01314,2024-12-11,Credit Card,Delivered
O008393,C01269,2024-09-13,Debit Card,Delivered
O008394,C01483,2025-09-03,Debit Card,Delivered
O008395,C01505,2024-12-15,Net Banking,Delivered
O008396,C01947,2025-06-27,Debit Card,Delivered
O008397,C01938,2024-07-19,Cash on Delivery,Delivered
O008398,C01274,2025-03-17,UPI,Delivered
O008399,C01401,2024-08-01,Debit Card,Cancelled
O008400,C00040,2025-04-06,Debit Card,Delivered
O008401,C01749,2024-01-28,Credit Card,Cancelled
O008402,C01772,2025-08-14,Credit Card,Delivered
O008403,C00358,2024-04-18,Cash on Delivery,Delivered
O008404,C01143,2024-04-24,Credit Card,Delivered
O008405,C00936,2025-02-09,Credit Card,Delivered
O008406,C01695,2024-08-12,Cash on Delivery,Cancelled
O008407,C00202,2024-01-21,Cash on Delivery,Delivered
O008408,C00041,2024-06-20,Net Banking,Delivered
O008409,C00568,2025-11-14,UPI,Delivered
O008410,C00104,2024-10-15,UPI,Delivered
O008411,C00867,2025-03-13,Debit Card,Delivered
O008412,C01731,2024-10-08,Credit Card,Delivered
O008413,C00601,2025-07-08,Net Banking,Delivered
O008414,C00045,2024-08-14,Debit Card,Cancelled
O008415,C00767,2024-08-26,UPI,Delivered
O008416,C00323,2025-07-10,UPI,Delivered
O008417,C00472,2024-05-02,Debit Card,Delivered
O008418,C00664,2025-03-16,Net Banking,Delivered
O008419,C00099,2025-05-07,Credit Card,Delivered
O008420,C01683,2024-08-24,UPI,Delivered
O008421,C01678,2025-01-04,UPI,Delivered
O008422,C01452,2025-07-07,UPI,Delivered
O008423,C01940,2024-12-07,Debit Card,Delivered
O008424,C01095,2025-06-06,Net Banking,Delivered
O008425,C01647,2024-08-17,Credit Card,Delivered
O008426,C01299,2024-04-29,Cash on Delivery,Delivered
O008427,C00560,2025-07-31,UPI,Delivered
O008428,C01939,2025-09-17,Debit Card,Delivered
O008429,C00626,2025-06-23,UPI,Delivered
O008430,C01216,2024-04-09,Cash on Delivery,Delivered
O008431,C00761,2024-04-23,Cash on Delivery,Delivered
O008432,C00270,2025-04-16,Credit Card,Cancelled
O008433,C01641,2024-08-15,Net Banking,Delivered
O008434,C01579,2025-10-29,Cash on Delivery,Delivered
O008435,C01201,2024-10-25,UPI,Delivered
O008436,C01685,2024-07-18,Debit Card,Delivered
O008437,C00716,2025-05-09,Credit Card,Delivered
O008438,C01252,2024-06-26,Debit Card,Delivered
O008439,C01263,2024-01-22,Net Banking,Delivered
O008440,C00683,2025-10-22,Net Banking,Delivered
O008441,C00734,2024-06-13,Net Banking,Delivered
O008442,C01832,2025-03-29,Net Banking,Delivered
O008443,C01634,2024-08-23,Credit Card,Delivered
O008444,C01964,2024-04-25,Cash on Delivery,Delivered
O008445,C00569,2025-03-29,Net Banking,Delivered
O008446,C00036,2024-01-10,Net Banking,Delivered
O008447,C00247,2024-07-20,Net Banking,Delivered
O008448,C01732,2024-10-09,Cash on Delivery,Cancelled
O008449,C01346,2025-07-14,Debit Card,Delivered
O008450,C00487,2025-01-30,Debit Card,Delivered
O008451,C00019,2025-08-02,UPI,Delivered
O008452,C00893,2025-11-06,Cash on Delivery,Delivered
O008453,C00086,2025-02-05,UPI,Delivered
O008454,C00644,2024-11-11,Net Banking,Delivered
O008455,C01026,2025-01-05,Cash on Delivery,Delivered
O008456,C01220,2025-04-25,Credit Card,Delivered
O008457,C00627,2025-11-30,Credit Card,Delivered
O008458,C01419,2024-05-12,Cash on Delivery,Delivered
O008459,C01870,2024-09-24,Cash on Delivery,Delivered
O008460,C01527,2025-05-15,Cash on Delivery,Delivered
O008461,C00224,2024-05-01,UPI,Delivered
O008462,C01568,2025-04-01,Net Banking,Delivered
O008463,C01740,2025-10-24,UPI,Delivered
O008464,C01229,2025-01-24,Credit Card,Delivered
O008465,C01703,2024-09-01,Credit Card,Cancelled
O008466,C01142,2025-02-10,UPI,Cancelled
O008467,C01217,2024-10-17,Credit Card,Delivered
O008468,C00576,2024-10-20,Net Banking,Delivered
O008469,C00791,2025-11-03,Net Banking,Cancelled
O008470,C01072,2025-12-20,UPI,Delivered
O008471,C01981,2025-01-11,Credit Card,Cancelled
O008472,C01503,2025-05-18,Debit Card,Delivered
O008473,C01081,2024-05-11,Debit Card,Delivered
O008474,C01907,2025-11-07,Cash on Delivery,Delivered
O008475,C00718,2025-02-11,UPI,Cancelled
O008476,C00782,2025-01-09,Debit Card,Delivered
O008477,C01554,2024-05-16,Cash on Delivery,Cancelled
O008478,C01554,2025-01-10,Credit Card,Delivered
O008479,C00981,2025-11-27,Credit Card,Cancelled
O008480,C00071,2024-10-22,UPI,Delivered
O008481,C01945,2024-01-12,Credit Card,Delivered
O008482,C00321,2025-06-03,UPI,Cancelled
O008483,C00230,2024-02-20,Debit Card,Delivered
O008484,C00317,2024-09-22,Credit Card,Delivered
O008485,C00432,2024-06-23,Debit Card,Delivered
O008486,C00580,2024-08-28,UPI,Delivered
O008487,C01057,2024-06-09,Credit Card,Delivered
O008488,C01965,2024-06-23,Debit Card,Delivered
O008489,C01575,2024-04-26,Net Banking,Cancelled
O008490,C00909,2024-08-04,Cash on Delivery,Cancelled
O008491,C01557,2025-04-17,Cash on Delivery,Cancelled
O008492,C01288,2025-08-27,Cash on Delivery,Delivered
O008493,C00212,2025-07-20,Net Banking,Delivered
O008494,C00582,2025-09-05,Net Banking,Delivered
O008495,C00844,2024-04-02,Net Banking,Delivered
O008496,C00533,2025-05-19,Net Banking,Delivered
O008497,C00540,2024-06-01,Cash on Delivery,Delivered
O008498,C01933,2024-10-03,Net Banking,Delivered
O008499,C01079,2025-01-22,Cash on Delivery,Delivered
O008500,C00921,2024-12-22,Debit Card,Delivered
O008501,C01779,2025-03-18,Credit Card,Delivered
O008502,C01830,2025-12-09,UPI,Delivered
O008503,C00624,2025-05-11,Credit Card,Delivered
O008504,C00720,2025-12-04,Cash on Delivery,Delivered
O008505,C01682,2024-01-10,Net Banking,Delivered
O008506,C00622,2025-10-14,UPI,Delivered
O008507,C01032,2025-08-02,UPI,Delivered
O008508,C00430,2025-10-18,Cash on Delivery,Delivered
O008509,C00034,2025-09-28,Cash on Delivery,Delivered
O008510,C00716,2025-08-31,Cash on Delivery,Delivered
O008511,C00878,2025-09-03,UPI,Delivered
O008512,C00492,2025-02-11,Net Banking,Delivered
O008513,C00988,2025-11-28,Credit Card,Delivered
O008514,C01387,2024-06-26,Credit Card,Delivered
O008515,C00776,2025-07-29,Net Banking,Cancelled
O008516,C00986,2024-06-06,UPI,Cancelled
O008517,C01604,2024-10-09,Credit Card,Delivered
O008518,C00221,2025-05-30,Credit Card,Cancelled
O008519,C00985,2024-01-26,Net Banking,Delivered
O008520,C01746,2024-11-05,UPI,Delivered
O008521,C00538,2025-05-01,Net Banking,Delivered
O008522,C01954,2024-03-17,Credit Card,Delivered
O008523,C00691,2024-09-12,Debit Card,Delivered
O008524,C01348,2025-01-29,UPI,Delivered
O008525,C00606,2024-02-22,Credit Card,Delivered
O008526,C01039,2024-07-29,Cash on Delivery,Delivered
O008527,C01364,2025-03-05,Credit Card,Cancelled
O008528,C01727,2025-02-19,UPI,Delivered
O008529,C00823,2025-10-19,Debit Card,Delivered
O008530,C01066,2025-07-29,Debit Card,Delivered
O008531,C00635,2025-02-21,Credit Card,Delivered
O008532,C00440,2025-11-08,UPI,Delivered
O008533,C01635,2024-03-02,Debit Card,Delivered
O008534,C01078,2025-09-11,Credit Card,Delivered
O008535,C00057,2024-02-13,UPI,Delivered
O008536,C00597,2024-12-12,UPI,Delivered
O008537,C01260,2025-03-16,Debit Card,Cancelled
O008538,C01919,2025-02-10,UPI,Delivered
O008539,C01008,2024-07-11,Debit Card,Delivered
O008540,C00897,2024-07-09,Cash on Delivery,Cancelled
O008541,C01970,2024-07-17,Net Banking,Delivered
O008542,C00556,2025-09-11,Credit Card,Delivered
O008543,C00313,2025-07-28,Debit Card,Delivered
O008544,C01420,2024-05-21,UPI,Delivered
O008545,C01069,2025-06-19,Cash on Delivery,Delivered
O008546,C00322,2025-12-28,UPI,Delivered
O008547,C00927,2025-05-20,Debit Card,Delivered
O008548,C00115,2025-10-28,UPI,Delivered
O008549,C00261,2024-07-09,UPI,Delivered
O008550,C00460,2024-06-26,Cash on Delivery,Delivered
O008551,C00080,2025-06-19,Credit Card,Delivered
O008552,C00925,2025-07-11,UPI,Delivered
O008553,C00737,2024-12-20,UPI,Delivered
O008554,C01063,2024-05-17,Debit Card,Delivered
O008555,C01692,2024-02-01,Debit Card,Delivered
O008556,C01891,2025-04-18,Debit Card,Delivered
O008557,C01582,2024-07-25,Cash on Delivery,Delivered
O008558,C00690,2025-03-04,UPI,Delivered
O008559,C00825,2024-08-03,Net Banking,Delivered
O008560,C01454,2024-03-11,Credit Card,Delivered
O008561,C01741,2025-07-31,UPI,Cancelled
O008562,C00261,2024-05-27,Debit Card,Cancelled
O008563,C00602,2025-07-23,Cash on Delivery,Delivered
O008564,C01301,2025-10-07,Net Banking,Cancelled
O008565,C01141,2025-12-13,Credit Card,Delivered
O008566,C00853,2024-02-19,UPI,Delivered
O008567,C00288,2025-12-04,Debit Card,Cancelled
O008568,C00662,2025-12-02,Cash on Delivery,Delivered
O008569,C00621,2024-04-12,Debit Card,Delivered
O008570,C00031,2025-02-09,Credit Card,Delivered
O008571,C01637,2024-08-23,Debit Card,Cancelled
O008572,C00306,2024-02-17,Debit Card,Cancelled
O008573,C01115,2024-06-10,Net Banking,Delivered
O008574,C01484,2024-06-25,UPI,Delivered
O008575,C01779,2024-07-08,Credit Card,Delivered
O008576,C00158,2025-03-30,Credit Card,Delivered
O008577,C00464,2025-08-14,UPI,Delivered
O008578,C01871,2025-03-27,Cash on Delivery,Delivered
O008579,C01425,2025-01-05,UPI,Delivered
O008580,C01293,2024-12-26,Debit Card,Delivered
O008581,C01885,2024-03-17,UPI,Delivered
O008582,C01238,2025-02-21,Credit Card,Cancelled
O008583,C00838,2025-11-15,UPI,Delivered
O008584,C00175,2025-08-29,UPI,Delivered
O008585,C01907,2024-02-09,UPI,Cancelled
O008586,C01163,2024-09-04,Cash on Delivery,Delivered
O008587,C01702,2025-09-05,UPI,Cancelled
O008588,C01648,2025-05-07,Cash on Delivery,Delivered
O008589,C01503,2024-02-26,Debit Card,Delivered
O008590,C01959,2024-06-01,Net Banking,Cancelled
O008591,C00293,2025-01-06,Debit Card,Delivered
O008592,C00839,2024-03-31,Cash on Delivery,Cancelled
O008593,C01371,2024-12-09,Credit Card,Delivered
O008594,C00130,2024-03-05,Cash on Delivery,Delivered
O008595,C00537,2025-01-04,UPI,Delivered
O008596,C00406,2024-06-02,Debit Card,Cancelled
O008597,C00213,2024-03-18,UPI,Cancelled
O008598,C01298,2025-02-25,UPI,Delivered
O008599,C00020,2025-04-02,Cash on Delivery,Delivered
O008600,C01888,2024-06-15,UPI,Delivered
O008601,C00321,2025-04-09,Debit Card,Delivered
O008602,C00912,2025-01-13,Cash on Delivery,Delivered
O008603,C00635,2024-08-20,Credit Card,Delivered
O008604,C01029,2025-03-18,Credit Card,Delivered
O008605,C01173,2024-01-08,Debit Card,Delivered
O008606,C01653,2025-03-27,Cash on Delivery,Delivered
O008607,C00929,2024-11-29,UPI,Delivered
O008608,C01353,2025-10-30,Cash on Delivery,Delivered
O008609,C01079,2025-12-03,Credit Card,Delivered
O008610,C00045,2024-03-27,UPI,Delivered
O008611,C01658,2025-07-13,Debit Card,Delivered
O008612,C00557,2025-11-19,Debit Card,Delivered
O008613,C00257,2024-12-09,Credit Card,Delivered
O008614,C00672,2025-08-26,Net Banking,Cancelled
O008615,C00551,2025-05-14,Debit Card,Delivered
O008616,C01487,2024-05-31,Credit Card,Delivered
O008617,C00440,2025-04-02,Net Banking,Delivered
O008618,C00529,2025-09-17,Debit Card,Cancelled
O008619,C01257,2025-05-08,Cash on Delivery,Delivered
O008620,C00008,2025-04-22,Cash on Delivery,Delivered
O008621,C00506,2025-08-09,Cash on Delivery,Delivered
O008622,C01451,2024-12-20,Credit Card,Delivered
O008623,C01532,2024-01-01,Cash on Delivery,Cancelled
O008624,C00592,2024-07-14,UPI,Delivered
O008625,C01974,2025-08-09,Credit Card,Delivered
O008626,C01707,2024-11-12,Net Banking,Delivered
O008627,C00460,2025-04-12,UPI,Delivered
O008628,C00719,2024-07-29,Credit Card,Delivered
O008629,C01440,2025-01-17,Cash on Delivery,Delivered
O008630,C00713,2025-05-05,Net Banking,Delivered
O008631,C00495,2024-05-17,UPI,Delivered
O008632,C00167,2024-09-12,UPI,Cancelled
O008633,C01235,2025-01-29,Net Banking,Delivered
O008634,C00605,2025-01-10,Credit Card,Delivered
O008635,C00340,2025-02-03,Debit Card,Delivered
O008636,C00812,2024-08-08,UPI,Delivered
O008637,C01907,2025-05-16,Debit Card,Delivered
O008638,C00126,2024-08-20,UPI,Delivered
O008639,C01947,2024-07-24,Cash on Delivery,Delivered
O008640,C00951,2025-11-04,Debit Card,Cancelled
O008641,C00776,2025-02-17,Cash on Delivery,Cancelled
O008642,C01211,2024-07-12,Debit Card,Cancelled
O008643,C00517,2024-09-21,Credit Card,Delivered
O008644,C00025,2024-08-01,Credit Card,Delivered
O008645,C01656,2025-06-10,UPI,Delivered
O008646,C01887,2025-03-11,Cash on Delivery,Delivered
O008647,C00009,2025-01-25,Debit Card,Delivered
O008648,C00996,2024-08-27,Credit Card,Delivered
O008649,C00642,2025-05-01,Cash on Delivery,Delivered
O008650,C01220,2024-12-07,UPI,Delivered
O008651,C01671,2024-03-27,UPI,Delivered
O008652,C01081,2025-08-10,UPI,Delivered
O008653,C01908,2024-05-21,Net Banking,Delivered
O008654,C00219,2025-01-13,Credit Card,Delivered
O008655,C01705,2024-01-06,UPI,Delivered
O008656,C00570,2024-09-04,Net Banking,Delivered
O008657,C01889,2025-11-24,UPI,Delivered
O008658,C00587,2025-01-30,Credit Card,Delivered
O008659,C00685,2024-12-31,Cash on Delivery,Delivered
O008660,C00917,2025-01-20,UPI,Delivered
O008661,C00478,2024-05-06,Cash on Delivery,Delivered
O008662,C01360,2024-05-18,Cash on Delivery,Delivered
O008663,C01437,2024-02-20,Debit Card,Delivered
O008664,C01926,2025-08-13,UPI,Cancelled
O008665,C00224,2024-12-01,Credit Card,Delivered
O008666,C01677,2025-06-06,Credit Card,Delivered
O008667,C00738,2024-08-24,UPI,Delivered
O008668,C01795,2024-03-14,UPI,Delivered
O008669,C01265,2025-12-19,Cash on Delivery,Cancelled
O008670,C00369,2025-10-31,Credit Card,Delivered
O008671,C00713,2024-12-10,Credit Card,Delivered
O008672,C01470,2024-09-22,UPI,Cancelled
O008673,C00979,2025-05-10,Net Banking,Delivered
O008674,C00213,2025-06-17,Cash on Delivery,Delivered
O008675,C01970,2025-02-22,Cash on Delivery,Delivered
O008676,C01564,2025-09-30,Net Banking,Delivered
O008677,C00560,2024-05-21,Credit Card,Delivered
O008678,C01903,2024-05-30,Credit Card,Cancelled
O008679,C01685,2025-08-27,Debit Card,Cancelled
O008680,C00771,2024-03-25,Debit Card,Delivered
O008681,C01712,2025-08-15,Debit Card,Delivered
O008682,C01350,2024-06-29,Net Banking,Cancelled
O008683,C00929,2024-06-14,UPI,Delivered
O008684,C01437,2024-08-26,UPI,Delivered
O008685,C00561,2025-01-24,Cash on Delivery,Delivered
O008686,C01621,2024-08-25,UPI,Delivered
O008687,C01879,2024-09-05,Net Banking,Delivered
O008688,C01920,2025-08-18,UPI,Delivered
O008689,C00013,2025-02-15,Debit Card,Delivered
O008690,C01146,2025-01-01,UPI,Delivered
O008691,C01788,2024-03-20,UPI,Delivered
O008692,C00948,2025-06-15,Debit Card,Delivered
O008693,C01804,2024-08-21,UPI,Delivered
O008694,C00280,2025-12-21,Debit Card,Delivered
O008695,C00806,2025-04-18,Debit Card,Cancelled
O008696,C01142,2024-06-12,Cash on Delivery,Delivered
O008697,C01914,2025-03-19,Cash on Delivery,Delivered
O008698,C00806,2025-06-05,Credit Card,Delivered
O008699,C01679,2024-04-30,Cash on Delivery,Cancelled
O008700,C01422,2024-09-08,Cash on Delivery,Delivered
O008701,C00032,2024-05-01,UPI,Delivered
O008702,C01358,2024-05-29,Cash on Delivery,Delivered
O008703,C00739,2025-08-18,Net Banking,Delivered
O008704,C01735,2024-11-03,Credit Card,Cancelled
O008705,C01470,2025-09-02,Credit Card,Delivered
O008706,C01355,2024-05-13,Credit Card,Delivered
O008707,C01425,2025-10-24,Cash on Delivery,Delivered
O008708,C01484,2024-05-02,Cash on Delivery,Delivered
O008709,C00815,2025-04-18,Cash on Delivery,Delivered
O008710,C00742,2025-05-29,Debit Card,Delivered
O008711,C01238,2024-05-02,UPI,Delivered
O008712,C00049,2024-09-09,Cash on Delivery,Delivered
O008713,C00798,2025-02-05,Cash on Delivery,Delivered
O008714,C00099,2025-01-02,UPI,Delivered
O008715,C01367,2025-05-22,Cash on Delivery,Delivered
O008716,C00171,2025-04-07,Debit Card,Delivered
O008717,C00152,2025-09-04,Net Banking,Delivered
O008718,C01733,2024-11-19,Credit Card,Delivered
O008719,C01151,2025-08-28,Debit Card,Delivered
O008720,C01983,2025-07-18,Cash on Delivery,Cancelled
O008721,C00168,2024-07-28,Credit Card,Delivered
O008722,C01752,2024-06-26,Credit Card,Delivered
O008723,C00097,2025-12-25,Net Banking,Cancelled
O008724,C01049,2024-07-23,UPI,Delivered
O008725,C01088,2025-01-01,Debit Card,Delivered
O008726,C01705,2025-12-26,Cash on Delivery,Cancelled
O008727,C00105,2025-10-27,Cash on Delivery,Delivered
O008728,C00980,2025-10-10,Credit Card,Delivered
O008729,C01381,2024-08-23,Credit Card,Delivered
O008730,C00126,2024-10-15,UPI,Delivered
O008731,C01084,2024-04-22,UPI,Delivered
O008732,C01943,2024-08-25,Credit Card,Delivered
O008733,C01754,2024-09-16,Debit Card,Delivered
O008734,C01485,2025-07-18,Net Banking,Delivered
O008735,C01241,2024-10-01,UPI,Delivered
O008736,C01582,2025-10-06,Cash on Delivery,Cancelled
O008737,C00279,2025-08-01,Credit Card,Delivered
O008738,C00842,2024-09-01,UPI,Delivered
O008739,C01078,2024-12-15,Net Banking,Delivered
O008740,C00249,2024-08-27,Debit Card,Delivered
O008741,C01307,2024-11-26,Debit Card,Delivered
O008742,C01697,2025-03-13,UPI,Delivered
O008743,C00389,2024-11-01,Net Banking,Delivered
O008744,C01566,2025-08-15,UPI,Delivered
O008745,C01245,2024-11-19,UPI,Cancelled
O008746,C00388,2024-01-05,Debit Card,Cancelled
O008747,C01211,2025-08-15,UPI,Delivered
O008748,C01736,2024-11-09,Debit Card,Delivered
O008749,C00031,2024-02-12,Credit Card,Delivered
O008750,C00462,2024-11-13,Debit Card,Delivered
O008751,C01461,2024-10-01,Cash on Delivery,Delivered
O008752,C01349,2025-05-16,UPI,Delivered
O008753,C00287,2025-09-17,Cash on Delivery,Cancelled
O008754,C00306,2024-04-18,Net Banking,Delivered
O008755,C01867,2024-12-20,UPI,Delivered
O008756,C01819,2025-08-18,Net Banking,Delivered
O008757,C01195,2024-07-31,Debit Card,Cancelled
O008758,C01733,2024-01-16,Debit Card,Delivered
O008759,C01732,2025-09-27,Cash on Delivery,Delivered
O008760,C00642,2025-07-01,Credit Card,Cancelled
O008761,C00849,2024-06-06,Cash on Delivery,Delivered
O008762,C00618,2024-06-11,Debit Card,Delivered
O008763,C01557,2025-05-29,Credit Card,Delivered
O008764,C01571,2025-07-10,Cash on Delivery,Cancelled
O008765,C00891,2024-07-17,Credit Card,Delivered
O008766,C00153,2024-08-16,Debit Card,Delivered
O008767,C00453,2025-10-08,UPI,Delivered
O008768,C00050,2024-10-17,Cash on Delivery,Cancelled
O008769,C00051,2024-01-19,Debit Card,Cancelled
O008770,C01024,2024-09-06,Net Banking,Delivered
O008771,C01723,2024-11-28,UPI,Delivered
O008772,C01217,2025-09-06,UPI,Delivered
O008773,C01431,2024-10-24,Cash on Delivery,Delivered
O008774,C01087,2024-09-09,Debit Card,Cancelled
O008775,C00107,2025-03-09,UPI,Delivered
O008776,C01182,2025-03-10,UPI,Delivered
O008777,C00033,2025-07-28,Debit Card,Delivered
O008778,C01954,2024-06-03,Credit Card,Delivered
O008779,C00239,2025-09-11,Credit Card,Delivered
O008780,C00810,2024-06-15,UPI,Delivered
O008781,C00299,2025-04-24,UPI,Cancelled
O008782,C00609,2025-01-25,UPI,Cancelled
O008783,C01631,2024-12-07,UPI,Cancelled
O008784,C00655,2025-10-27,Debit Card,Cancelled
O008785,C01208,2024-07-31,Cash on Delivery,Delivered
O008786,C00960,2024-03-23,Credit Card,Delivered
O008787,C01987,2024-02-27,Cash on Delivery,Delivered
O008788,C01233,2024-07-07,Debit Card,Delivered
O008789,C01747,2024-05-04,Credit Card,Delivered
O008790,C00139,2024-09-09,Credit Card,Delivered
O008791,C00522,2025-07-15,Cash on Delivery,Delivered
O008792,C01398,2025-01-07,UPI,Delivered
O008793,C00132,2025-07-14,Net Banking,Delivered
O008794,C00802,2025-04-05,Net Banking,Delivered
O008795,C00448,2024-12-30,Cash on Delivery,Delivered
O008796,C00304,2024-02-05,Debit Card,Delivered
O008797,C01962,2025-08-29,Net Banking,Delivered
O008798,C00214,2025-05-27,UPI,Delivered
O008799,C00748,2024-10-29,Cash on Delivery,Delivered
O008800,C01496,2025-06-18,Credit Card,Delivered
O008801,C00426,2025-12-06,UPI,Delivered
O008802,C01113,2025-07-02,UPI,Delivered
O008803,C01959,2025-01-13,UPI,Cancelled
O008804,C01433,2024-07-13,Credit Card,Cancelled
O008805,C01975,2024-08-05,UPI,Delivered
O008806,C01306,2025-04-16,Cash on Delivery,Delivered
O008807,C01048,2025-03-31,Debit Card,Delivered
O008808,C01638,2024-10-18,UPI,Delivered
O008809,C01819,2024-02-16,Debit Card,Cancelled
O008810,C01075,2024-03-19,Credit Card,Delivered
O008811,C01304,2024-02-13,Net Banking,Delivered
O008812,C01467,2025-05-11,Credit Card,Delivered
O008813,C01562,2024-09-23,Debit Card,Cancelled
O008814,C00715,2024-08-02,Credit Card,Delivered
O008815,C00006,2025-02-21,Net Banking,Delivered
O008816,C00014,2024-10-13,UPI,Delivered
O008817,C01731,2024-12-06,UPI,Cancelled
O008818,C00605,2025-12-18,UPI,Delivered
O008819,C00519,2024-08-08,UPI,Delivered
O008820,C01397,2024-03-27,Cash on Delivery,Delivered
O008821,C01256,2025-01-01,Debit Card,Delivered
O008822,C01289,2024-04-14,Credit Card,Delivered
O008823,C00322,2025-11-15,Net Banking,Delivered
O008824,C00724,2025-08-05,UPI,Delivered
O008825,C00038,2024-02-27,Cash on Delivery,Delivered
O008826,C00067,2024-09-09,Credit Card,Cancelled
O008827,C00622,2025-08-25,Net Banking,Delivered
O008828,C01455,2025-07-22,UPI,Delivered
O008829,C01797,2024-11-17,Credit Card,Delivered
O008830,C01414,2025-10-02,UPI,Delivered
O008831,C00430,2024-04-27,Net Banking,Delivered
O008832,C00926,2025-11-09,Credit Card,Delivered
O008833,C00493,2024-04-26,UPI,Delivered
O008834,C01528,2025-04-03,Net Banking,Delivered
O008835,C00006,2024-08-20,Credit Card,Delivered
O008836,C01399,2025-03-21,UPI,Delivered
O008837,C00405,2024-06-04,Cash on Delivery,Delivered
O008838,C01653,2025-03-12,Credit Card,Delivered
O008839,C00891,2024-03-09,Debit Card,Delivered
O008840,C01740,2024-12-06,Cash on Delivery,Delivered
O008841,C01771,2024-07-09,Net Banking,Delivered
O008842,C01453,2024-09-11,Credit Card,Delivered
O008843,C00865,2025-03-20,Net Banking,Cancelled
O008844,C00790,2025-02-28,Cash on Delivery,Delivered
O008845,C01489,2025-08-15,Net Banking,Delivered
O008846,C00510,2025-05-28,Credit Card,Delivered
O008847,C00521,2024-07-21,Debit Card,Delivered
O008848,C01864,2025-03-08,Debit Card,Delivered
O008849,C01931,2025-02-16,UPI,Delivered
O008850,C00893,2025-09-26,Credit Card,Cancelled
O008851,C00951,2024-08-14,UPI,Cancelled
O008852,C00589,2025-06-19,Debit Card,Delivered
O008853,C01132,2024-01-17,UPI,Delivered
O008854,C01493,2024-04-19,UPI,Delivered
O008855,C00834,2025-08-22,Credit Card,Cancelled
O008856,C01937,2025-08-21,Net Banking,Delivered
O008857,C01057,2024-02-22,UPI,Delivered
O008858,C00606,2025-11-07,UPI,Delivered
O008859,C00013,2025-09-02,Debit Card,Delivered
O008860,C01340,2025-06-27,Net Banking,Delivered
O008861,C01261,2025-07-06,Cash on Delivery,Delivered
O008862,C00203,2025-07-28,Credit Card,Delivered
O008863,C00676,2024-08-31,Net Banking,Delivered
O008864,C00763,2025-10-24,Credit Card,Delivered
O008865,C01427,2024-10-07,Credit Card,Delivered
O008866,C01354,2025-12-04,Cash on Delivery,Cancelled
O008867,C01916,2025-08-23,UPI,Cancelled
O008868,C01716,2024-12-12,Credit Card,Delivered
O008869,C01327,2025-08-03,Credit Card,Delivered
O008870,C00482,2025-11-18,UPI,Delivered
O008871,C01516,2024-06-15,UPI,Delivered
O008872,C01018,2024-05-23,Net Banking,Delivered
O008873,C01922,2024-09-06,Debit Card,Delivered
O008874,C01221,2024-12-29,Debit Card,Delivered
O008875,C01581,2024-06-25,UPI,Delivered
O008876,C01874,2024-12-23,UPI,Delivered
O008877,C01674,2024-10-08,UPI,Cancelled
O008878,C01405,2024-09-15,Credit Card,Delivered
O008879,C00949,2024-06-03,Credit Card,Cancelled
O008880,C01131,2025-06-10,Cash on Delivery,Delivered
O008881,C00824,2025-06-30,UPI,Delivered
O008882,C00169,2024-07-20,Net Banking,Delivered
O008883,C01089,2024-07-17,Debit Card,Delivered
O008884,C00041,2025-04-13,Credit Card,Delivered
O008885,C01644,2025-08-03,Cash on Delivery,Cancelled
O008886,C00015,2025-12-25,Cash on Delivery,Delivered
O008887,C00242,2024-01-18,Cash on Delivery,Delivered
O008888,C00139,2024-04-18,Debit Card,Delivered
O008889,C01694,2024-04-02,Credit Card,Delivered
O008890,C01248,2025-05-13,Cash on Delivery,Delivered
O008891,C00754,2024-11-15,Debit Card,Delivered
O008892,C01354,2024-11-27,Cash on Delivery,Cancelled
O008893,C01801,2024-11-03,UPI,Delivered
O008894,C01509,2025-09-18,Debit Card,Cancelled
O008895,C00834,2025-01-12,Credit Card,Delivered
O008896,C01016,2025-09-11,Debit Card,Delivered
O008897,C00220,2024-02-07,Credit Card,Delivered
O008898,C01214,2025-10-07,Cash on Delivery,Delivered
O008899,C00038,2025-02-14,Cash on Delivery,Delivered
O008900,C00958,2024-02-16,Credit Card,Delivered
O008901,C00906,2025-12-10,Debit Card,Delivered
O008902,C01571,2025-02-01,Cash on Delivery,Delivered
O008903,C00180,2024-10-17,Net Banking,Delivered
O008904,C01126,2024-01-13,Debit Card,Delivered
O008905,C01983,2025-03-15,Cash on Delivery,Cancelled
O008906,C00952,2024-12-05,UPI,Delivered
O008907,C01799,2024-01-25,Debit Card,Delivered
O008908,C00372,2025-01-26,UPI,Delivered
O008909,C00413,2025-11-09,Net Banking,Cancelled
O008910,C01219,2025-09-12,Net Banking,Delivered
O008911,C00016,2024-09-11,Net Banking,Delivered
O008912,C00558,2025-09-05,Credit Card,Delivered
O008913,C00267,2025-02-22,Cash on Delivery,Cancelled
O008914,C01819,2025-01-17,Debit Card,Cancelled
O008915,C01478,2024-08-07,UPI,Delivered
O008916,C00576,2025-03-22,Net Banking,Delivered
O008917,C01517,2024-09-16,UPI,Delivered
O008918,C01497,2025-05-07,Net Banking,Cancelled
O008919,C01547,2024-02-22,Net Banking,Cancelled
O008920,C01811,2025-07-24,Cash on Delivery,Delivered
O008921,C00956,2024-02-28,UPI,Delivered
O008922,C01426,2025-03-15,Net Banking,Delivered
O008923,C01869,2024-03-12,Credit Card,Delivered
O008924,C01067,2025-03-09,Net Banking,Cancelled
O008925,C01807,2025-08-29,Cash on Delivery,Delivered
O008926,C01808,2024-03-28,Cash on Delivery,Cancelled
O008927,C00749,2025-02-17,Cash on Delivery,Cancelled
O008928,C01049,2024-05-02,Credit Card,Delivered
O008929,C01119,2025-09-12,Debit Card,Delivered
O008930,C01985,2025-02-02,Credit Card,Delivered
O008931,C01427,2025-10-19,Credit Card,Delivered
O008932,C01458,2025-10-23,Cash on Delivery,Delivered
O008933,C01322,2024-03-09,UPI,Delivered
O008934,C01017,2025-03-21,Cash on Delivery,Delivered
O008935,C01261,2025-12-17,Cash on Delivery,Cancelled
O008936,C01741,2024-12-29,Cash on Delivery,Delivered
O008937,C01602,2025-04-18,Credit Card,Delivered
O008938,C01401,2025-05-20,Cash on Delivery,Delivered
O008939,C01781,2024-05-28,Debit Card,Delivered
O008940,C00226,2025-08-07,UPI,Delivered
O008941,C00826,2024-02-26,Cash on Delivery,Delivered
O008942,C01524,2025-08-18,Net Banking,Delivered
O008943,C00790,2025-06-15,Debit Card,Delivered
O008944,C01340,2024-11-30,UPI,Delivered
O008945,C01701,2025-09-27,Credit Card,Cancelled
O008946,C00224,2024-08-03,Debit Card,Delivered
O008947,C01919,2024-12-27,Cash on Delivery,Delivered
O008948,C00511,2024-12-16,Credit Card,Cancelled
O008949,C00429,2025-11-21,Cash on Delivery,Cancelled
O008950,C00675,2025-11-14,Cash on Delivery,Delivered
O008951,C00947,2025-07-27,Cash on Delivery,Cancelled
O008952,C01979,2024-04-28,Credit Card,Cancelled
O008953,C01752,2025-05-20,Debit Card,Delivered
O008954,C01040,2024-09-13,Cash on Delivery,Delivered
O008955,C00676,2024-02-26,Credit Card,Cancelled
O008956,C00148,2024-05-21,Net Banking,Delivered
O008957,C01078,2025-05-18,Debit Card,Delivered
O008958,C00628,2025-03-22,Net Banking,Delivered
O008959,C01723,2024-09-20,Cash on Delivery,Delivered
O008960,C00117,2024-12-18,Net Banking,Delivered
O008961,C01652,2025-02-13,Net Banking,Delivered
O008962,C01961,2025-08-29,Net Banking,Delivered
O008963,C01803,2025-06-21,Net Banking,Delivered
O008964,C00648,2025-07-28,Debit Card,Delivered
O008965,C01008,2025-09-29,Cash on Delivery,Cancelled
O008966,C00447,2024-12-01,Credit Card,Delivered
O008967,C00305,2025-11-21,UPI,Cancelled
O008968,C00659,2024-01-17,Debit Card,Delivered
O008969,C00484,2024-11-07,Cash on Delivery,Delivered
O008970,C01192,2025-03-22,Cash on Delivery,Cancelled
O008971,C00697,2024-08-16,Credit Card,Cancelled
O008972,C00683,2024-01-05,UPI,Delivered
O008973,C00460,2025-04-29,UPI,Delivered
O008974,C01905,2025-10-05,Cash on Delivery,Delivered
O008975,C00646,2024-10-29,Credit Card,Delivered
O008976,C00940,2024-01-15,Credit Card,Delivered
O008977,C01423,2024-01-07,Debit Card,Delivered
O008978,C00584,2024-06-23,Cash on Delivery,Delivered
O008979,C00320,2024-09-07,Debit Card,Cancelled
O008980,C01414,2024-11-27,UPI,Delivered
O008981,C00287,2024-04-26,Cash on Delivery,Delivered
O008982,C00549,2024-07-20,Net Banking,Delivered
O008983,C00154,2025-10-26,Debit Card,Delivered
O008984,C01623,2024-06-22,Cash on Delivery,Delivered
O008985,C01815,2025-03-29,UPI,Delivered
O008986,C01455,2025-06-07,Credit Card,Delivered
O008987,C00706,2025-08-19,Net Banking,Delivered
O008988,C01871,2024-09-10,Credit Card,Delivered
O008989,C00084,2025-02-17,Net Banking,Delivered
O008990,C00964,2024-12-21,UPI,Delivered
O008991,C00857,2025-05-22,Cash on Delivery,Delivered
O008992,C01920,2025-05-31,Debit Card,Cancelled
O008993,C00562,2024-06-04,Cash on Delivery,Delivered
O008994,C00228,2025-08-21,Credit Card,Delivered
O008995,C01129,2025-09-30,Cash on Delivery,Delivered
O008996,C01899,2025-03-22,Net Banking,Delivered
O008997,C01960,2025-12-19,Credit Card,Delivered
O008998,C01387,2024-10-02,UPI,Delivered
O008999,C00666,2025-11-24,UPI,Delivered
O009000,C01506,2025-11-14,Net Banking,Delivered
O009001,C01856,2025-07-09,Credit Card,Delivered
O009002,C01781,2025-11-04,Credit Card,Cancelled
O009003,C01330,2025-03-24,UPI,Delivered
O009004,C00747,2024-04-28,Net Banking,Delivered
O009005,C00581,2024-05-26,Net Banking,Cancelled
O009006,C01424,2025-08-23,Credit Card,Delivered
O009007,C01919,2024-04-25,UPI,Delivered
O009008,C00664,2024-06-09,Net Banking,Delivered
O009009,C01190,2024-08-27,UPI,Delivered
O009010,C01986,2024-05-21,Net Banking,Delivered
O009011,C01446,2024-03-19,Debit Card,Delivered
O009012,C00014,2024-01-21,Debit Card,Delivered
O009013,C01574,2025-02-18,Cash on Delivery,Cancelled
O009014,C01643,2025-04-12,Debit Card,Delivered
O009015,C00476,2025-10-18,Credit Card,Delivered
O009016,C00840,2024-01-31,Net Banking,Delivered
O009017,C01181,2025-08-28,Cash on Delivery,Delivered
O009018,C00539,2024-04-08,Net Banking,Delivered
O009019,C00073,2025-02-23,UPI,Cancelled
O009020,C00365,2024-09-27,Credit Card,Delivered
O009021,C01159,2024-02-23,Credit Card,Delivered
O009022,C01942,2024-09-11,Net Banking,Cancelled
O009023,C00036,2025-11-07,UPI,Delivered
O009024,C00307,2024-09-01,UPI,Delivered
O009025,C00768,2025-12-22,Net Banking,Delivered
O009026,C00821,2024-06-27,UPI,Delivered
O009027,C01584,2025-05-26,Cash on Delivery,Delivered
O009028,C00885,2024-06-11,Debit Card,Delivered
O009029,C00049,2024-06-05,UPI,Delivered
O009030,C01389,2024-08-23,UPI,Delivered
O009031,C00080,2024-05-06,UPI,Cancelled
O009032,C01738,2024-11-25,Credit Card,Delivered
O009033,C00634,2024-07-29,Cash on Delivery,Delivered
O009034,C00937,2024-06-29,Net Banking,Cancelled
O009035,C00975,2025-12-28,Net Banking,Delivered
O009036,C00784,2025-12-15,UPI,Delivered
O009037,C01129,2024-06-17,Credit Card,Delivered
O009038,C01547,2025-08-22,Credit Card,Cancelled
O009039,C01505,2024-10-03,UPI,Cancelled
O009040,C00323,2024-01-22,Cash on Delivery,Delivered
O009041,C01604,2024-04-16,Cash on Delivery,Delivered
O009042,C00231,2025-11-12,UPI,Delivered
O009043,C00460,2025-11-29,UPI,Delivered
O009044,C00327,2024-12-07,UPI,Delivered
O009045,C00087,2024-04-05,UPI,Cancelled
O009046,C00258,2025-10-09,Net Banking,Cancelled
O009047,C00478,2024-10-18,Net Banking,Delivered
O009048,C01534,2024-01-20,Debit Card,Delivered
O009049,C00930,2024-12-10,UPI,Delivered
O009050,C00586,2025-11-04,Cash on Delivery,Cancelled
O009051,C00664,2025-07-31,Credit Card,Cancelled
O009052,C01097,2025-10-25,Net Banking,Delivered
O009053,C01825,2025-07-28,Cash on Delivery,Delivered
O009054,C00128,2024-06-11,Credit Card,Delivered
O009055,C00326,2024-10-22,Net Banking,Cancelled
O009056,C01702,2024-02-08,UPI,Delivered
O009057,C00343,2024-12-13,Credit Card,Cancelled
O009058,C01134,2024-12-06,UPI,Delivered
O009059,C00530,2024-11-06,Net Banking,Delivered
O009060,C00749,2024-06-03,Cash on Delivery,Cancelled
O009061,C00664,2024-06-08,UPI,Delivered
O009062,C01006,2025-08-21,Net Banking,Delivered
O009063,C01730,2024-10-22,Cash on Delivery,Delivered
O009064,C01677,2025-04-03,UPI,Delivered
O009065,C01815,2025-09-24,Cash on Delivery,Delivered
O009066,C00902,2024-04-06,Credit Card,Delivered
O009067,C01878,2024-03-13,Debit Card,Delivered
O009068,C00741,2024-05-16,Debit Card,Delivered
O009069,C01127,2025-01-28,Debit Card,Delivered
O009070,C00962,2025-12-10,Credit Card,Cancelled
O009071,C00535,2025-03-25,UPI,Delivered
O009072,C01660,2025-07-16,Cash on Delivery,Delivered
O009073,C00854,2025-02-05,Debit Card,Delivered
O009074,C00959,2024-04-04,Net Banking,Delivered
O009075,C00889,2024-05-06,UPI,Cancelled
O009076,C01053,2025-08-10,Debit Card,Delivered
O009077,C01953,2024-06-11,Credit Card,Cancelled
O009078,C00628,2024-04-03,UPI,Cancelled
O009079,C00126,2025-01-14,Cash on Delivery,Delivered
O009080,C01050,2025-07-29,Credit Card,Delivered
O009081,C01408,2025-04-14,Cash on Delivery,Delivered
O009082,C00527,2024-10-05,UPI,Delivered
O009083,C00055,2025-08-05,UPI,Delivered
O009084,C00402,2024-09-03,Cash on Delivery,Delivered
O009085,C01322,2024-11-18,Credit Card,Delivered
O009086,C00069,2024-05-28,Credit Card,Delivered
O009087,C01112,2024-06-12,Cash on Delivery,Delivered
O009088,C01628,2024-03-11,Credit Card,Delivered
O009089,C01414,2025-09-13,Net Banking,Delivered
O009090,C00626,2025-01-28,Net Banking,Cancelled
O009091,C01717,2024-10-06,Credit Card,Delivered
O009092,C00296,2025-01-06,Debit Card,Cancelled
O009093,C00391,2024-07-17,Cash on Delivery,Delivered
O009094,C01559,2025-01-30,Debit Card,Delivered
O009095,C01141,2024-03-27,Net Banking,Delivered
O009096,C00765,2024-12-20,Debit Card,Delivered
O009097,C01718,2024-01-13,Net Banking,Delivered
O009098,C00174,2024-01-06,Cash on Delivery,Cancelled
O009099,C00176,2024-10-22,Cash on Delivery,Cancelled
O009100,C01395,2025-09-16,Debit Card,Cancelled
O009101,C00041,2024-11-22,Credit Card,Delivered
O009102,C01907,2024-11-06,UPI,Delivered
O009103,C00003,2025-10-28,Debit Card,Delivered
O009104,C00996,2024-03-18,UPI,Delivered
O009105,C00350,2024-10-02,UPI,Delivered
O009106,C01329,2024-10-06,UPI,Delivered
O009107,C00966,2024-08-28,Debit Card,Delivered
O009108,C00584,2025-10-11,Credit Card,Delivered
O009109,C00870,2024-02-20,Cash on Delivery,Cancelled
O009110,C00764,2024-12-03,Cash on Delivery,Cancelled
O009111,C00777,2025-10-20,Net Banking,Delivered
O009112,C01328,2025-05-21,Cash on Delivery,Delivered
O009113,C00171,2024-08-21,UPI,Delivered
O009114,C01996,2024-06-27,UPI,Delivered
O009115,C01898,2025-06-28,Net Banking,Delivered
O009116,C00105,2024-03-06,Net Banking,Delivered
O009117,C01670,2025-05-20,UPI,Cancelled
O009118,C01510,2025-05-14,Debit Card,Delivered
O009119,C01488,2025-09-21,UPI,Delivered
O009120,C00099,2024-10-29,Credit Card,Delivered
O009121,C01363,2025-11-11,Debit Card,Cancelled
O009122,C00970,2025-01-01,Credit Card,Delivered
O009123,C01441,2024-01-13,Cash on Delivery,Delivered
O009124,C00068,2024-08-01,UPI,Delivered
O009125,C01270,2025-07-20,Net Banking,Delivered
O009126,C01853,2025-05-17,Cash on Delivery,Cancelled
O009127,C00970,2025-11-27,Debit Card,Delivered
O009128,C01382,2024-09-08,Debit Card,Delivered
O009129,C01778,2024-02-05,Debit Card,Delivered
O009130,C01219,2024-04-19,Net Banking,Delivered
O009131,C00522,2025-10-20,Cash on Delivery,Delivered
O009132,C00710,2024-07-12,Credit Card,Delivered
O009133,C01359,2024-05-17,Cash on Delivery,Delivered
O009134,C01371,2025-03-14,Credit Card,Delivered
O009135,C00577,2024-01-08,UPI,Delivered
O009136,C00583,2024-04-09,UPI,Delivered
O009137,C01595,2025-02-06,Cash on Delivery,Delivered
O009138,C00598,2024-04-30,UPI,Delivered
O009139,C00191,2024-04-18,Cash on Delivery,Delivered
O009140,C00489,2025-06-23,Credit Card,Cancelled
O009141,C01572,2024-12-30,UPI,Delivered
O009142,C01617,2025-08-15,Credit Card,Delivered
O009143,C01519,2024-01-31,Cash on Delivery,Cancelled
O009144,C00917,2024-02-17,Credit Card,Delivered
O009145,C01523,2025-04-08,Net Banking,Delivered
O009146,C01716,2025-09-15,Credit Card,Delivered
O009147,C01017,2024-06-11,UPI,Delivered
O009148,C00617,2025-11-03,Cash on Delivery,Delivered
O009149,C01639,2025-07-28,Credit Card,Delivered
O009150,C01261,2025-05-28,Net Banking,Cancelled
O009151,C01043,2024-08-15,UPI,Delivered
O009152,C01205,2024-10-15,Net Banking,Cancelled
O009153,C00120,2025-04-24,Credit Card,Delivered
O009154,C01031,2024-11-18,Credit Card,Delivered
O009155,C01505,2025-10-01,UPI,Delivered
O009156,C00910,2024-05-02,UPI,Delivered
O009157,C00055,2024-11-21,Cash on Delivery,Cancelled
O009158,C01183,2024-05-13,Debit Card,Delivered
O009159,C00375,2024-05-15,Credit Card,Delivered
O009160,C00650,2025-12-28,UPI,Delivered
O009161,C01509,2025-02-06,Cash on Delivery,Delivered
O009162,C00200,2024-04-27,Net Banking,Delivered
O009163,C01417,2025-07-30,Cash on Delivery,Cancelled
O009164,C00762,2025-09-20,UPI,Cancelled
O009165,C00513,2025-09-21,Net Banking,Delivered
O009166,C01838,2025-06-03,Debit Card,Cancelled
O009167,C01369,2024-05-21,Debit Card,Cancelled
O009168,C00456,2024-10-10,Credit Card,Delivered
O009169,C00498,2025-11-13,Debit Card,Cancelled
O009170,C00844,2025-12-19,UPI,Cancelled
O009171,C01364,2024-03-25,Credit Card,Delivered
O009172,C01482,2025-09-02,Credit Card,Delivered
O009173,C01420,2024-05-06,Cash on Delivery,Cancelled
O009174,C00018,2024-01-24,UPI,Delivered
O009175,C00303,2025-01-21,Net Banking,Delivered
O009176,C00318,2024-06-07,Credit Card,Delivered
O009177,C01358,2024-08-25,Cash on Delivery,Delivered
O009178,C00686,2024-11-09,Debit Card,Delivered
O009179,C01120,2025-04-30,Cash on Delivery,Cancelled
O009180,C01059,2024-10-16,Net Banking,Cancelled
O009181,C01771,2025-12-07,UPI,Cancelled
O009182,C00289,2025-10-15,UPI,Delivered
O009183,C00964,2024-07-24,Cash on Delivery,Delivered
O009184,C01247,2025-04-28,Cash on Delivery,Delivered
O009185,C00916,2024-09-06,Debit Card,Delivered
O009186,C00011,2024-01-23,Debit Card,Delivered
O009187,C01196,2025-08-31,Credit Card,Delivered
O009188,C01963,2024-01-21,UPI,Cancelled
O009189,C01882,2024-09-14,Debit Card,Delivered
O009190,C01627,2024-01-23,Credit Card,Delivered
O009191,C00538,2025-11-21,Credit Card,Delivered
O009192,C00376,2024-12-31,Debit Card,Cancelled
O009193,C00098,2024-01-27,Cash on Delivery,Delivered
O009194,C01640,2025-07-24,UPI,Delivered
O009195,C00868,2025-11-08,Credit Card,Delivered
O009196,C01270,2024-04-22,Cash on Delivery,Cancelled
O009197,C01330,2025-12-10,Net Banking,Cancelled
O009198,C01110,2024-11-12,Credit Card,Delivered
O009199,C00678,2024-02-06,UPI,Delivered
O009200,C01051,2025-02-23,Debit Card,Delivered
O009201,C01554,2024-10-19,Debit Card,Delivered
O009202,C00483,2025-08-15,Debit Card,Delivered
O009203,C00237,2025-04-09,Cash on Delivery,Delivered
O009204,C01479,2025-07-15,Cash on Delivery,Delivered
O009205,C00852,2025-02-11,UPI,Delivered
O009206,C01972,2024-05-11,Debit Card,Delivered
O009207,C01425,2024-05-02,Debit Card,Delivered
O009208,C01431,2024-03-18,Debit Card,Delivered
O009209,C00772,2024-01-12,Cash on Delivery,Cancelled
O009210,C01235,2024-09-27,UPI,Delivered
O009211,C00314,2025-11-27,Debit Card,Cancelled
O009212,C00587,2024-06-21,Debit Card,Delivered
O009213,C01238,2024-03-12,Credit Card,Delivered
O009214,C01473,2024-11-22,Debit Card,Delivered
O009215,C00244,2024-02-21,Net Banking,Delivered
O009216,C00738,2024-03-28,Credit Card,Delivered
O009217,C00279,2025-01-04,Credit Card,Delivered
O009218,C01778,2024-12-26,Cash on Delivery,Delivered
O009219,C00058,2024-11-18,Net Banking,Delivered
O009220,C01257,2025-10-26,Debit Card,Cancelled
O009221,C00062,2025-11-28,Net Banking,Delivered
O009222,C00210,2025-02-20,Credit Card,Delivered
O009223,C01448,2024-12-08,UPI,Delivered
O009224,C00495,2024-04-14,UPI,Delivered
O009225,C01715,2025-10-27,Net Banking,Delivered
O009226,C01656,2025-04-13,Net Banking,Delivered
O009227,C00139,2025-09-20,Credit Card,Delivered
O009228,C00583,2025-05-09,Debit Card,Delivered
O009229,C01787,2024-01-01,Debit Card,Delivered
O009230,C00386,2024-08-29,UPI,Delivered
O009231,C00267,2025-01-04,UPI,Delivered
O009232,C01114,2024-12-30,Debit Card,Delivered
O009233,C01116,2025-11-29,Credit Card,Cancelled
O009234,C01852,2025-12-02,Net Banking,Cancelled
O009235,C01553,2024-07-18,Debit Card,Delivered
O009236,C00853,2024-04-09,UPI,Delivered
O009237,C01428,2024-09-07,Debit Card,Delivered
O009238,C01276,2025-05-24,Cash on Delivery,Delivered
O009239,C01052,2025-02-23,Net Banking,Delivered
O009240,C00475,2024-10-10,Debit Card,Delivered
O009241,C00668,2025-04-21,Debit Card,Delivered
O009242,C01071,2025-06-03,Net Banking,Delivered
O009243,C01288,2025-07-10,Cash on Delivery,Cancelled
O009244,C00361,2024-03-15,UPI,Delivered
O009245,C01922,2025-01-06,Credit Card,Cancelled
O009246,C01444,2025-01-17,Cash on Delivery,Delivered
O009247,C00887,2025-08-04,Cash on Delivery,Delivered
O009248,C01867,2025-10-07,Cash on Delivery,Cancelled
O009249,C00559,2025-10-23,Credit Card,Cancelled
O009250,C01078,2025-03-19,Debit Card,Delivered
O009251,C01100,2024-06-01,Cash on Delivery,Delivered
O009252,C01419,2024-04-07,Cash on Delivery,Delivered
O009253,C00920,2024-06-19,Cash on Delivery,Delivered
O009254,C00316,2025-02-03,UPI,Delivered
O009255,C00163,2024-04-10,Credit Card,Delivered
O009256,C01669,2025-09-17,Cash on Delivery,Cancelled
O009257,C01138,2024-04-20,Net Banking,Delivered
O009258,C01624,2024-06-24,Credit Card,Delivered
O009259,C01528,2025-05-27,UPI,Delivered
O009260,C00426,2024-03-04,Net Banking,Delivered
O009261,C01072,2025-07-31,Net Banking,Delivered
O009262,C00260,2024-03-14,Net Banking,Delivered
O009263,C01117,2025-07-11,Credit Card,Delivered
O009264,C01935,2024-11-09,Cash on Delivery,Delivered
O009265,C00382,2024-08-07,Net Banking,Delivered
O009266,C01084,2025-11-19,Credit Card,Delivered
O009267,C00060,2025-04-22,Cash on Delivery,Delivered
O009268,C00013,2024-03-22,Cash on Delivery,Delivered
O009269,C00920,2024-07-13,Debit Card,Delivered
O009270,C00897,2024-06-24,UPI,Delivered
O009271,C00833,2024-07-13,UPI,Cancelled
O009272,C00467,2024-05-23,Net Banking,Delivered
O009273,C01307,2025-07-21,Debit Card,Delivered
O009274,C00984,2025-05-27,Credit Card,Delivered
O009275,C00356,2024-08-21,UPI,Delivered
O009276,C01759,2024-09-12,Net Banking,Delivered
O009277,C01320,2025-07-05,UPI,Delivered
O009278,C00522,2024-12-24,UPI,Delivered
O009279,C01087,2025-06-03,Credit Card,Cancelled
O009280,C00963,2025-04-03,Credit Card,Delivered
O009281,C01929,2025-02-07,Credit Card,Delivered
O009282,C00452,2025-02-05,Cash on Delivery,Delivered
O009283,C00349,2025-03-24,Debit Card,Delivered
O009284,C01890,2025-11-17,UPI,Delivered
O009285,C01453,2024-07-26,UPI,Delivered
O009286,C00086,2025-08-13,Cash on Delivery,Delivered
O009287,C00679,2025-11-29,Credit Card,Delivered
O009288,C01861,2024-04-12,Net Banking,Cancelled
O009289,C01237,2024-09-11,Credit Card,Cancelled
O009290,C01630,2024-11-23,Net Banking,Delivered
O009291,C01330,2024-10-18,UPI,Delivered
O009292,C00213,2025-05-28,Credit Card,Cancelled
O009293,C01101,2024-04-22,Cash on Delivery,Delivered
O009294,C00737,2025-03-26,Cash on Delivery,Delivered
O009295,C01306,2025-07-25,Debit Card,Delivered
O009296,C01781,2025-12-26,Net Banking,Delivered
O009297,C01081,2025-10-22,Net Banking,Delivered
O009298,C00779,2024-01-27,Cash on Delivery,Delivered
O009299,C00609,2025-08-03,Debit Card,Cancelled
O009300,C01375,2025-12-04,Debit Card,Delivered
O009301,C01023,2025-09-13,Credit Card,Delivered
O009302,C00384,2024-10-26,Debit Card,Cancelled
O009303,C01737,2025-05-05,UPI,Delivered
O009304,C00581,2024-02-07,Cash on Delivery,Cancelled
O009305,C00677,2025-09-08,Credit Card,Delivered
O009306,C01881,2024-06-02,Net Banking,Delivered
O009307,C00022,2024-05-21,Net Banking,Delivered
O009308,C00490,2024-01-12,Net Banking,Delivered
O009309,C01926,2024-04-21,Credit Card,Cancelled
O009310,C01388,2025-05-07,Debit Card,Delivered
O009311,C00864,2024-01-27,Debit Card,Delivered
O009312,C01000,2025-10-10,Net Banking,Delivered
O009313,C01303,2025-09-09,Cash on Delivery,Cancelled
O009314,C00662,2024-07-03,Credit Card,Delivered
O009315,C00175,2024-05-05,UPI,Delivered
O009316,C00462,2024-11-04,Net Banking,Delivered
O009317,C01180,2024-09-07,Credit Card,Delivered
O009318,C00495,2024-01-10,Cash on Delivery,Cancelled
O009319,C01022,2025-03-20,UPI,Delivered
O009320,C00295,2025-01-08,Credit Card,Delivered
O009321,C00729,2025-01-10,Credit Card,Cancelled
O009322,C00110,2025-10-28,Debit Card,Cancelled
O009323,C01588,2024-09-24,UPI,Delivered
O009324,C01108,2024-05-25,Net Banking,Delivered
O009325,C00750,2025-05-03,Net Banking,Delivered
O009326,C00937,2025-11-06,Debit Card,Delivered
O009327,C00668,2025-09-26,Net Banking,Delivered
O009328,C00044,2025-03-24,Credit Card,Delivered
O009329,C01006,2024-11-11,Credit Card,Cancelled
O009330,C01571,2024-12-17,Debit Card,Delivered
O009331,C01897,2024-06-15,Net Banking,Delivered
O009332,C01246,2024-12-18,Credit Card,Cancelled
O009333,C00754,2025-04-27,Net Banking,Cancelled
O009334,C01368,2024-07-23,Debit Card,Delivered
O009335,C01968,2025-02-27,Net Banking,Delivered
O009336,C01164,2024-12-07,Debit Card,Cancelled
O009337,C01168,2024-04-01,Debit Card,Delivered
O009338,C00053,2025-08-01,Debit Card,Delivered
O009339,C01837,2024-08-04,Credit Card,Delivered
O009340,C00275,2025-05-24,Cash on Delivery,Delivered
O009341,C00908,2025-08-19,UPI,Cancelled
O009342,C00747,2025-02-03,Debit Card,Delivered
O009343,C01146,2025-12-18,Credit Card,Cancelled
O009344,C00707,2024-09-19,Cash on Delivery,Delivered
O009345,C00269,2024-09-18,Debit Card,Delivered
O009346,C00294,2025-11-24,Cash on Delivery,Delivered
O009347,C01931,2024-05-24,Debit Card,Cancelled
O009348,C01322,2024-07-17,Cash on Delivery,Delivered
O009349,C01587,2024-09-21,UPI,Delivered
O009350,C01332,2025-09-18,UPI,Delivered
O009351,C01250,2025-11-08,Credit Card,Delivered
O009352,C00614,2025-01-13,Cash on Delivery,Delivered
O009353,C01007,2025-08-22,Debit Card,Delivered
O009354,C00655,2025-03-02,Credit Card,Delivered
O009355,C01647,2024-12-20,Credit Card,Delivered
O009356,C00970,2025-05-30,Net Banking,Cancelled
O009357,C01806,2024-03-15,Credit Card,Delivered
O009358,C00053,2025-06-02,Cash on Delivery,Cancelled
O009359,C00290,2025-10-27,Credit Card,Delivered
O009360,C00387,2024-09-22,Cash on Delivery,Delivered
O009361,C01400,2025-08-15,Credit Card,Delivered
O009362,C01482,2025-02-07,UPI,Delivered
O009363,C01512,2024-07-23,Cash on Delivery,Delivered
O009364,C00020,2024-02-19,Cash on Delivery,Delivered
O009365,C01194,2025-08-30,Credit Card,Delivered
O009366,C00479,2024-10-10,Debit Card,Delivered
O009367,C01180,2024-11-27,Credit Card,Delivered
O009368,C01633,2025-05-13,Cash on Delivery,Cancelled
O009369,C01846,2024-01-20,UPI,Delivered
O009370,C01472,2025-02-26,Net Banking,Delivered
O009371,C00725,2024-04-08,Net Banking,Cancelled
O009372,C00650,2024-03-14,Credit Card,Delivered
O009373,C01449,2024-06-25,UPI,Delivered
O009374,C01245,2024-12-21,Cash on Delivery,Delivered
O009375,C00280,2025-10-06,Credit Card,Delivered
O009376,C00666,2024-03-27,Debit Card,Delivered
O009377,C00017,2024-04-03,UPI,Cancelled
O009378,C01844,2025-03-03,Cash on Delivery,Delivered
O009379,C01956,2025-07-07,Cash on Delivery,Delivered
O009380,C00418,2024-08-17,Cash on Delivery,Delivered
O009381,C00537,2024-04-08,Cash on Delivery,Delivered
O009382,C00969,2025-11-09,UPI,Delivered
O009383,C01231,2024-09-27,Cash on Delivery,Delivered
O009384,C01418,2024-08-26,UPI,Delivered
O009385,C00876,2024-12-17,Debit Card,Delivered
O009386,C00381,2024-12-04,Credit Card,Delivered
O009387,C01679,2025-03-05,Credit Card,Delivered
O009388,C01573,2025-12-30,UPI,Delivered
O009389,C01584,2024-03-05,Credit Card,Cancelled
O009390,C00177,2025-11-04,Credit Card,Cancelled
O009391,C00172,2025-01-27,Credit Card,Delivered
O009392,C00189,2024-05-21,UPI,Delivered
O009393,C01148,2024-11-04,UPI,Delivered
O009394,C01266,2025-09-28,Credit Card,Cancelled
O009395,C00104,2025-11-18,Credit Card,Cancelled
O009396,C01457,2025-01-31,UPI,Delivered
O009397,C01388,2024-05-31,Net Banking,Delivered
O009398,C01658,2024-04-20,Debit Card,Delivered
O009399,C00386,2025-10-14,UPI,Cancelled
O009400,C00221,2025-06-12,Debit Card,Cancelled
O009401,C00074,2024-06-21,Cash on Delivery,Delivered
O009402,C00144,2025-08-25,Net Banking,Delivered
O009403,C00658,2024-01-13,Credit Card,Cancelled
O009404,C01490,2024-06-03,Credit Card,Delivered
O009405,C00906,2025-07-23,Credit Card,Delivered
O009406,C01558,2025-08-01,Net Banking,Delivered
O009407,C01002,2024-10-01,UPI,Delivered
O009408,C01995,2025-02-12,Cash on Delivery,Delivered
O009409,C01867,2025-04-11,Debit Card,Delivered
O009410,C01758,2025-08-28,Debit Card,Cancelled
O009411,C01848,2024-04-27,Cash on Delivery,Delivered
O009412,C01267,2025-03-13,UPI,Cancelled
O009413,C01625,2025-10-29,Cash on Delivery,Delivered
O009414,C00074,2025-02-16,Debit Card,Delivered
O009415,C00230,2025-02-11,Credit Card,Delivered
O009416,C01601,2024-02-06,UPI,Delivered
O009417,C00558,2025-09-13,Cash on Delivery,Delivered
O009418,C01214,2025-02-18,Debit Card,Delivered
O009419,C00057,2024-10-08,Cash on Delivery,Delivered
O009420,C00525,2025-02-23,Cash on Delivery,Delivered
O009421,C01577,2024-06-27,Net Banking,Delivered
O009422,C00119,2025-06-22,Net Banking,Delivered
O009423,C00711,2025-02-16,Credit Card,Delivered
O009424,C01449,2024-05-09,Net Banking,Delivered
O009425,C00312,2024-10-17,Credit Card,Delivered
O009426,C01691,2024-05-03,Credit Card,Delivered
O009427,C00241,2024-03-18,Credit Card,Delivered
O009428,C01357,2025-06-12,Net Banking,Cancelled
O009429,C01492,2024-05-08,UPI,Delivered
O009430,C00647,2025-05-08,Cash on Delivery,Delivered
O009431,C02000,2025-05-07,UPI,Delivered
O009432,C01556,2025-10-29,Cash on Delivery,Cancelled
O009433,C00777,2025-04-25,Credit Card,Delivered
O009434,C00870,2024-06-24,Net Banking,Delivered
O009435,C00047,2025-10-16,UPI,Cancelled
O009436,C01245,2025-12-23,UPI,Cancelled
O009437,C01767,2025-08-06,Cash on Delivery,Delivered
O009438,C00814,2025-07-10,Debit Card,Delivered
O009439,C01764,2024-04-28,Cash on Delivery,Delivered
O009440,C00447,2025-02-24,Debit Card,Delivered
O009441,C00060,2025-04-18,Debit Card,Delivered
O009442,C01071,2024-11-25,Net Banking,Delivered
O009443,C01188,2025-10-28,Credit Card,Delivered
O009444,C00562,2024-06-06,Net Banking,Cancelled
O009445,C00862,2024-08-04,Credit Card,Delivered
O009446,C00374,2024-02-07,Credit Card,Delivered
O009447,C00442,2024-11-07,UPI,Delivered
O009448,C00692,2024-08-18,Cash on Delivery,Delivered
O009449,C00601,2024-10-29,Debit Card,Cancelled
O009450,C01421,2025-11-30,Debit Card,Delivered
O009451,C01277,2025-02-09,Credit Card,Delivered
O009452,C00959,2024-11-23,Debit Card,Cancelled
O009453,C01500,2025-11-25,UPI,Cancelled
O009454,C01010,2025-01-05,Credit Card,Delivered
O009455,C01075,2024-12-29,Net Banking,Delivered
O009456,C01871,2024-09-07,Cash on Delivery,Delivered
O009457,C01405,2024-04-15,Credit Card,Delivered
O009458,C01522,2025-07-14,Debit Card,Delivered
O009459,C00648,2025-12-29,Cash on Delivery,Delivered
O009460,C00434,2024-08-21,Debit Card,Delivered
O009461,C01832,2024-01-01,Credit Card,Delivered
O009462,C01601,2024-02-28,UPI,Delivered
O009463,C01883,2024-07-14,UPI,Delivered
O009464,C01594,2025-07-04,Credit Card,Delivered
O009465,C01016,2025-03-07,Debit Card,Delivered
O009466,C01122,2025-06-02,Debit Card,Delivered
O009467,C00812,2024-08-30,Cash on Delivery,Delivered
O009468,C00298,2024-06-11,Cash on Delivery,Cancelled
O009469,C00035,2025-12-17,UPI,Delivered
O009470,C00843,2025-07-23,Debit Card,Delivered
O009471,C00746,2025-04-21,Credit Card,Delivered
O009472,C00863,2025-04-06,Debit Card,Cancelled
O009473,C00883,2024-02-21,Net Banking,Delivered
O009474,C00202,2024-02-15,Credit Card,Delivered
O009475,C01571,2025-08-09,UPI,Delivered
O009476,C00820,2024-11-14,Credit Card,Delivered
O009477,C00682,2024-04-18,Debit Card,Delivered
O009478,C01178,2024-04-21,Net Banking,Delivered
O009479,C00819,2025-01-08,UPI,Delivered
O009480,C00734,2025-09-30,Cash on Delivery,Delivered
O009481,C00010,2024-05-04,Debit Card,Delivered
O009482,C01535,2025-08-16,Cash on Delivery,Delivered
O009483,C01637,2025-09-18,UPI,Delivered
O009484,C00900,2024-07-07,Credit Card,Cancelled
O009485,C00231,2024-10-30,Cash on Delivery,Delivered
O009486,C01440,2025-09-02,Net Banking,Delivered
O009487,C00149,2024-05-03,Net Banking,Cancelled
O009488,C00781,2025-05-16,UPI,Delivered
O009489,C00792,2024-11-21,UPI,Delivered
O009490,C01798,2024-10-30,Net Banking,Delivered
O009491,C00183,2025-04-04,Cash on Delivery,Cancelled
O009492,C00341,2024-05-30,Net Banking,Delivered
O009493,C01603,2024-07-12,Credit Card,Delivered
O009494,C01453,2025-10-10,Net Banking,Delivered
O009495,C01990,2024-09-29,Debit Card,Delivered
O009496,C00360,2024-02-24,Debit Card,Cancelled
O009497,C01987,2024-06-24,Credit Card,Delivered
O009498,C01038,2024-08-02,Debit Card,Delivered
O009499,C01024,2024-04-19,Net Banking,Delivered
O009500,C00547,2025-11-24,UPI,Delivered
O009501,C00595,2024-11-07,Cash on Delivery,Delivered
O009502,C01295,2024-04-05,Debit Card,Delivered
O009503,C00693,2025-07-17,Cash on Delivery,Delivered
O009504,C01382,2025-07-28,Net Banking,Delivered
O009505,C00059,2025-03-31,UPI,Delivered
O009506,C00015,2025-06-06,UPI,Delivered
O009507,C01231,2024-04-27,Net Banking,Delivered
O009508,C00312,2024-06-08,Net Banking,Delivered
O009509,C01959,2024-12-10,UPI,Cancelled
O009510,C00771,2024-04-20,Cash on Delivery,Delivered
O009511,C01858,2025-06-06,Debit Card,Delivered
O009512,C01415,2024-08-01,UPI,Delivered
O009513,C01524,2025-08-13,Credit Card,Delivered
O009514,C01634,2024-09-11,Cash on Delivery,Delivered
O009515,C01096,2024-01-09,Credit Card,Delivered
O009516,C01930,2025-05-09,Credit Card,Delivered
O009517,C00044,2024-04-01,Cash on Delivery,Delivered
O009518,C00530,2025-02-08,UPI,Cancelled
O009519,C01175,2024-08-29,UPI,Delivered
O009520,C01399,2025-02-11,Net Banking,Delivered
O009521,C00068,2024-03-20,Credit Card,Delivered
O009522,C00388,2025-08-22,Net Banking,Delivered
O009523,C01754,2025-05-03,UPI,Delivered
O009524,C00564,2025-04-09,Cash on Delivery,Delivered
O009525,C01151,2024-12-31,Debit Card,Delivered
O009526,C01786,2024-06-29,Net Banking,Delivered
O009527,C00070,2025-05-27,UPI,Delivered
O009528,C00354,2024-12-06,Net Banking,Cancelled
O009529,C00678,2024-08-20,Cash on Delivery,Cancelled
O009530,C00687,2025-09-30,UPI,Delivered
O009531,C01662,2024-04-06,Credit Card,Cancelled
O009532,C01956,2025-02-24,Credit Card,Delivered
O009533,C01256,2025-07-31,Debit Card,Delivered
O009534,C01180,2025-04-18,Credit Card,Delivered
O009535,C01711,2024-12-18,UPI,Delivered
O009536,C01726,2024-04-29,Net Banking,Delivered
O009537,C01731,2024-02-24,Net Banking,Delivered
O009538,C00973,2025-11-14,Credit Card,Cancelled
O009539,C00016,2025-08-08,Cash on Delivery,Delivered
O009540,C00850,2025-12-08,UPI,Delivered
O009541,C00420,2025-07-13,UPI,Delivered
O009542,C01188,2024-09-22,Debit Card,Delivered
O009543,C01428,2025-11-10,Debit Card,Cancelled
O009544,C00378,2024-07-30,UPI,Delivered
O009545,C01672,2024-02-01,Net Banking,Delivered
O009546,C01129,2024-10-23,Credit Card,Delivered
O009547,C00866,2025-10-12,Debit Card,Cancelled
O009548,C01242,2025-11-23,Net Banking,Delivered
O009549,C01407,2024-07-17,Cash on Delivery,Delivered
O009550,C00109,2024-03-28,UPI,Delivered
O009551,C00027,2025-05-01,Credit Card,Delivered
O009552,C00257,2024-12-28,Cash on Delivery,Delivered
O009553,C01304,2024-11-26,Debit Card,Delivered
O009554,C00830,2025-03-30,Cash on Delivery,Delivered
O009555,C00084,2024-05-10,Debit Card,Cancelled
O009556,C00618,2025-11-11,Credit Card,Delivered
O009557,C01432,2025-07-05,Debit Card,Delivered
O009558,C01282,2025-06-21,Credit Card,Delivered
O009559,C01462,2025-11-03,Credit Card,Delivered
O009560,C01613,2025-09-09,Cash on Delivery,Delivered
O009561,C01311,2025-01-13,Credit Card,Delivered
O009562,C00347,2025-08-12,Cash on Delivery,Delivered
O009563,C01461,2024-08-14,Debit Card,Delivered
O009564,C01349,2024-06-23,Credit Card,Cancelled
O009565,C00256,2025-02-10,Credit Card,Delivered
O009566,C01881,2024-03-21,UPI,Delivered
O009567,C00775,2024-03-09,Debit Card,Delivered
O009568,C01947,2025-07-22,Net Banking,Delivered
O009569,C01696,2025-04-13,UPI,Cancelled
O009570,C01148,2025-04-10,Credit Card,Delivered
O009571,C01712,2025-11-02,Credit Card,Delivered
O009572,C01966,2024-10-08,UPI,Cancelled
O009573,C01619,2024-07-06,Debit Card,Delivered
O009574,C01910,2025-11-06,Cash on Delivery,Delivered
O009575,C00999,2025-10-22,Cash on Delivery,Delivered
O009576,C00238,2025-05-31,Net Banking,Delivered
O009577,C00156,2025-01-19,Debit Card,Delivered
O009578,C00528,2025-10-11,Credit Card,Delivered
O009579,C01983,2025-06-28,UPI,Cancelled
O009580,C01754,2024-12-01,Cash on Delivery,Delivered
O009581,C00124,2024-11-23,Cash on Delivery,Delivered
O009582,C00744,2024-02-14,Net Banking,Delivered
O009583,C01499,2025-05-10,Debit Card,Delivered
O009584,C00436,2024-03-22,Cash on Delivery,Cancelled
O009585,C01758,2025-11-02,Debit Card,Delivered
O009586,C01987,2025-08-21,Credit Card,Delivered
O009587,C01018,2024-08-05,Net Banking,Delivered
O009588,C01146,2025-10-16,Net Banking,Delivered
O009589,C00010,2025-07-16,UPI,Cancelled
O009590,C01148,2025-07-22,UPI,Delivered
O009591,C00698,2024-08-02,Credit Card,Delivered
O009592,C00685,2025-12-03,UPI,Delivered
O009593,C00178,2024-07-14,Cash on Delivery,Delivered
O009594,C01128,2025-05-12,Credit Card,Delivered
O009595,C00832,2025-01-29,Credit Card,Cancelled
O009596,C00124,2024-09-12,Cash on Delivery,Delivered
O009597,C01364,2024-11-21,Credit Card,Delivered
O009598,C00304,2025-06-02,Cash on Delivery,Delivered
O009599,C00739,2025-10-11,Credit Card,Cancelled
O009600,C00441,2024-07-14,Cash on Delivery,Delivered
O009601,C00941,2024-10-04,UPI,Delivered
O009602,C00825,2024-03-05,Cash on Delivery,Delivered
O009603,C01997,2024-01-11,UPI,Delivered
O009604,C01699,2024-03-19,UPI,Delivered
O009605,C01399,2025-07-07,Cash on Delivery,Delivered
O009606,C00020,2025-09-18,Cash on Delivery,Cancelled
O009607,C01727,2025-01-12,Cash on Delivery,Delivered
O009608,C00096,2024-07-07,Cash on Delivery,Delivered
O009609,C01066,2025-03-30,Cash on Delivery,Cancelled
O009610,C01294,2025-01-19,Cash on Delivery,Delivered
O009611,C01883,2024-06-20,Cash on Delivery,Delivered
O009612,C01539,2025-04-04,Net Banking,Cancelled
O009613,C00461,2024-12-02,UPI,Delivered
O009614,C01640,2025-06-01,Net Banking,Delivered
O009615,C01169,2024-07-25,Cash on Delivery,Delivered
O009616,C00560,2024-03-21,Credit Card,Cancelled
O009617,C00317,2025-08-29,Net Banking,Delivered
O009618,C01480,2025-10-03,UPI,Delivered
O009619,C01772,2025-07-04,Net Banking,Delivered
O009620,C01261,2025-01-13,Net Banking,Delivered
O009621,C00122,2025-03-11,Net Banking,Delivered
O009622,C01379,2025-04-16,Debit Card,Delivered
O009623,C00809,2025-10-12,Credit Card,Delivered
O009624,C00875,2025-03-15,Credit Card,Delivered
O009625,C01387,2024-10-18,Debit Card,Delivered
O009626,C01584,2025-04-16,Cash on Delivery,Cancelled
O009627,C00329,2025-02-07,Cash on Delivery,Delivered
O009628,C00915,2025-11-07,Cash on Delivery,Delivered
O009629,C01021,2025-12-19,Net Banking,Cancelled
O009630,C00717,2025-06-02,UPI,Delivered
O009631,C00397,2024-10-24,UPI,Delivered
O009632,C01546,2024-02-02,Credit Card,Delivered
O009633,C00381,2025-04-12,Credit Card,Delivered
O009634,C00814,2024-03-24,Debit Card,Delivered
O009635,C00120,2025-04-03,Credit Card,Delivered
O009636,C01359,2025-10-13,Debit Card,Delivered
O009637,C00352,2025-09-08,Debit Card,Delivered
O009638,C00457,2025-05-14,Credit Card,Cancelled
O009639,C01865,2024-03-17,UPI,Delivered
O009640,C01544,2025-03-23,Debit Card,Delivered
O009641,C01589,2024-03-14,Debit Card,Delivered
O009642,C00466,2024-04-01,Debit Card,Delivered
O009643,C00887,2025-08-16,Cash on Delivery,Delivered
O009644,C00301,2024-07-04,Credit Card,Delivered
O009645,C00953,2024-10-07,Net Banking,Delivered
O009646,C00754,2025-03-26,UPI,Delivered
O009647,C00702,2025-06-06,Cash on Delivery,Delivered
O009648,C00988,2025-07-04,Cash on Delivery,Cancelled
O009649,C00051,2025-12-02,UPI,Delivered
O009650,C01722,2025-04-13,Net Banking,Delivered
O009651,C00819,2024-11-23,Cash on Delivery,Delivered
O009652,C01230,2025-09-25,Credit Card,Delivered
O009653,C00279,2024-11-01,Net Banking,Delivered
O009654,C00473,2025-07-11,Credit Card,Delivered
O009655,C00266,2025-08-01,Credit Card,Cancelled
O009656,C01933,2024-01-31,Debit Card,Delivered
O009657,C00327,2024-09-26,Cash on Delivery,Cancelled
O009658,C00473,2025-05-17,Credit Card,Delivered
O009659,C01019,2025-09-04,Debit Card,Delivered
O009660,C00691,2024-12-07,Cash on Delivery,Delivered
O009661,C00209,2025-10-23,UPI,Delivered
O009662,C01659,2024-12-23,Credit Card,Delivered
O009663,C01689,2025-03-21,Cash on Delivery,Delivered
O009664,C00015,2025-11-01,Cash on Delivery,Cancelled
O009665,C00640,2025-02-10,UPI,Delivered
O009666,C00515,2024-01-29,Cash on Delivery,Delivered
O009667,C00419,2024-11-05,Cash on Delivery,Delivered
O009668,C00548,2025-09-23,UPI,Delivered
O009669,C01817,2025-09-17,Credit Card,Delivered
O009670,C01295,2025-05-02,Debit Card,Cancelled
O009671,C00432,2025-08-01,Cash on Delivery,Delivered
O009672,C00752,2025-08-27,Credit Card,Delivered
O009673,C00262,2024-12-01,Debit Card,Delivered
O009674,C01825,2025-06-03,Cash on Delivery,Delivered
O009675,C00552,2025-12-06,Net Banking,Delivered
O009676,C00901,2024-01-20,UPI,Cancelled
O009677,C01641,2024-06-16,Debit Card,Delivered
O009678,C01542,2025-03-16,UPI,Delivered
O009679,C01945,2024-05-20,Net Banking,Cancelled
O009680,C01350,2024-01-19,Credit Card,Delivered
O009681,C01831,2025-05-04,Net Banking,Delivered
O009682,C00757,2024-09-12,Net Banking,Delivered
O009683,C00630,2024-03-17,UPI,Delivered
O009684,C00197,2024-08-15,Debit Card,Delivered
O009685,C01364,2025-12-16,Debit Card,Delivered
O009686,C00950,2024-11-16,Cash on Delivery,Delivered
O009687,C00892,2025-09-14,UPI,Delivered
O009688,C00423,2024-01-23,Cash on Delivery,Delivered
O009689,C00406,2025-07-20,Debit Card,Cancelled
O009690,C00878,2024-12-20,Debit Card,Delivered
O009691,C01264,2025-10-21,Credit Card,Delivered
O009692,C01078,2025-11-23,Cash on Delivery,Delivered
O009693,C01302,2024-07-15,Cash on Delivery,Delivered
O009694,C00453,2024-10-05,Debit Card,Cancelled
O009695,C01865,2025-09-27,Cash on Delivery,Delivered
O009696,C01872,2025-06-14,Cash on Delivery,Delivered
O009697,C01388,2024-09-24,Credit Card,Delivered
O009698,C01421,2024-09-30,Credit Card,Delivered
O009699,C00338,2024-07-12,UPI,Cancelled
O009700,C01045,2024-08-02,Debit Card,Cancelled
O009701,C01689,2024-12-12,Net Banking,Delivered
O009702,C01635,2025-08-31,Debit Card,Delivered
O009703,C01395,2024-02-07,UPI,Delivered
O009704,C00680,2024-09-09,UPI,Delivered
O009705,C00893,2024-12-21,Credit Card,Cancelled
O009706,C00830,2025-06-27,Debit Card,Delivered
O009707,C00826,2025-05-08,Net Banking,Delivered
O009708,C00610,2024-07-23,Net Banking,Delivered
O009709,C00965,2025-08-19,UPI,Delivered
O009710,C01698,2025-09-08,Cash on Delivery,Cancelled
O009711,C01390,2024-05-04,Debit Card,Delivered
O009712,C00292,2024-06-11,Debit Card,Delivered
O009713,C01484,2025-03-09,Cash on Delivery,Delivered
O009714,C01824,2025-08-21,UPI,Delivered
O009715,C01081,2025-11-01,Debit Card,Delivered
O009716,C00636,2025-03-01,Credit Card,Delivered
O009717,C00781,2025-05-18,UPI,Delivered
O009718,C00667,2024-09-07,Debit Card,Cancelled
O009719,C01556,2025-07-29,Net Banking,Delivered
O009720,C01859,2024-11-07,Net Banking,Delivered
O009721,C00422,2025-08-08,Debit Card,Delivered
O009722,C00467,2024-09-27,Credit Card,Delivered
O009723,C01260,2025-08-29,Debit Card,Cancelled
O009724,C00592,2025-09-25,UPI,Cancelled
O009725,C01153,2024-05-13,Credit Card,Delivered
O009726,C00850,2025-10-18,Debit Card,Delivered
O009727,C01595,2025-01-23,Net Banking,Delivered
O009728,C00407,2025-10-27,UPI,Delivered
O009729,C01052,2024-03-10,Net Banking,Delivered
O009730,C00065,2024-09-16,UPI,Delivered
O009731,C00033,2024-09-30,Credit Card,Delivered
O009732,C01926,2025-04-23,Credit Card,Delivered
O009733,C00454,2025-02-22,Credit Card,Delivered
O009734,C01507,2025-07-28,Credit Card,Delivered
O009735,C00420,2025-09-17,Cash on Delivery,Delivered
O009736,C00349,2025-10-11,Cash on Delivery,Delivered
O009737,C00584,2024-06-25,Cash on Delivery,Delivered
O009738,C00549,2024-09-02,Cash on Delivery,Delivered
O009739,C01226,2025-10-05,UPI,Delivered
O009740,C01368,2024-08-25,Net Banking,Delivered
O009741,C01633,2024-03-19,UPI,Delivered
O009742,C00069,2025-12-11,Debit Card,Delivered
O009743,C01124,2025-07-14,Cash on Delivery,Delivered
O009744,C00812,2024-03-11,UPI,Delivered
O009745,C00426,2025-05-11,Credit Card,Delivered
O009746,C00634,2024-11-11,Debit Card,Delivered
O009747,C01585,2024-08-31,Cash on Delivery,Cancelled
O009748,C01287,2025-04-27,Credit Card,Delivered
O009749,C01053,2025-01-21,Credit Card,Delivered
O009750,C01291,2025-05-11,Cash on Delivery,Delivered
O009751,C00992,2024-05-24,Cash on Delivery,Delivered
O009752,C01612,2025-08-10,Net Banking,Delivered
O009753,C01228,2024-10-24,Credit Card,Delivered
O009754,C00199,2024-06-06,Net Banking,Delivered
O009755,C01875,2024-07-24,Net Banking,Delivered
O009756,C01308,2025-10-26,Cash on Delivery,Delivered
O009757,C00030,2025-07-03,UPI,Delivered
O009758,C01669,2025-01-12,Credit Card,Delivered
O009759,C00858,2024-09-29,Net Banking,Cancelled
O009760,C01711,2024-09-18,Debit Card,Delivered
O009761,C01873,2025-09-17,Debit Card,Delivered
O009762,C01411,2024-12-06,Credit Card,Cancelled
O009763,C00903,2025-11-26,Cash on Delivery,Delivered
O009764,C01525,2024-10-07,Debit Card,Delivered
O009765,C00268,2025-08-09,Debit Card,Cancelled
O009766,C00062,2024-05-03,Debit Card,Delivered
O009767,C00895,2024-05-10,Debit Card,Delivered
O009768,C01133,2024-09-07,UPI,Cancelled
O009769,C01637,2024-01-13,Debit Card,Delivered
O009770,C00907,2024-03-27,UPI,Cancelled
O009771,C01889,2024-05-27,Cash on Delivery,Cancelled
O009772,C00485,2025-03-27,Cash on Delivery,Delivered
O009773,C00503,2024-08-29,Debit Card,Delivered
O009774,C00089,2025-12-06,Net Banking,Delivered
O009775,C01041,2025-01-28,UPI,Delivered
O009776,C01031,2025-06-27,UPI,Delivered
O009777,C01530,2025-05-13,Debit Card,Delivered
O009778,C00307,2025-03-11,UPI,Cancelled
O009779,C01763,2024-08-18,Cash on Delivery,Cancelled
O009780,C01698,2025-08-10,Net Banking,Delivered
O009781,C00806,2025-03-10,Net Banking,Delivered
O009782,C00544,2025-02-22,Cash on Delivery,Delivered
O009783,C01587,2024-05-18,Credit Card,Delivered
O009784,C00515,2024-11-05,Debit Card,Cancelled
O009785,C00676,2025-04-25,UPI,Delivered
O009786,C00383,2025-06-24,UPI,Delivered
O009787,C00797,2024-02-28,UPI,Delivered
O009788,C01034,2024-06-03,Net Banking,Delivered
O009789,C00011,2024-03-13,Cash on Delivery,Cancelled
O009790,C00093,2024-03-11,UPI,Delivered
O009791,C00860,2025-07-06,Net Banking,Delivered
O009792,C00875,2025-04-09,UPI,Delivered
O009793,C01204,2025-12-11,UPI,Delivered
O009794,C00977,2025-11-12,Credit Card,Delivered
O009795,C00566,2025-05-30,Net Banking,Delivered
O009796,C01505,2024-11-10,Cash on Delivery,Delivered
O009797,C01346,2025-10-23,UPI,Delivered
O009798,C00167,2024-07-23,UPI,Delivered
O009799,C01664,2024-04-23,Debit Card,Delivered
O009800,C01546,2025-07-10,Credit Card,Cancelled
O009801,C01672,2024-09-21,Net Banking,Delivered
O009802,C00720,2025-02-17,Cash on Delivery,Delivered
O009803,C01455,2024-10-01,Debit Card,Delivered
O009804,C01308,2024-11-04,Debit Card,Delivered
O009805,C00087,2024-04-13,Debit Card,Delivered
O009806,C00643,2025-12-16,Cash on Delivery,Cancelled
O009807,C00454,2024-10-26,Credit Card,Delivered
O009808,C00764,2024-03-21,UPI,Cancelled
O009809,C00852,2025-10-18,Net Banking,Delivered
O009810,C00206,2025-07-25,Credit Card,Cancelled
O009811,C00643,2025-09-24,Debit Card,Delivered
O009812,C01570,2025-11-11,UPI,Delivered
O009813,C01201,2025-11-20,Debit Card,Delivered
O009814,C00396,2025-09-12,Cash on Delivery,Delivered
O009815,C00217,2024-08-16,UPI,Delivered
O009816,C00378,2025-04-21,Cash on Delivery,Delivered
O009817,C01754,2025-03-18,Net Banking,Delivered
O009818,C01973,2024-03-04,Cash on Delivery,Delivered
O009819,C01867,2024-09-08,Credit Card,Delivered
O009820,C00789,2024-06-23,UPI,Cancelled
O009821,C00605,2024-12-09,Net Banking,Cancelled
O009822,C00238,2025-10-03,Credit Card,Delivered
O009823,C01281,2024-02-01,Debit Card,Delivered
O009824,C01797,2024-07-09,Debit Card,Delivered
O009825,C00248,2025-03-01,Debit Card,Cancelled
O009826,C00456,2024-04-30,Cash on Delivery,Delivered
O009827,C01091,2025-06-02,Net Banking,Delivered
O009828,C01028,2024-07-31,Credit Card,Delivered
O009829,C00158,2024-01-21,Credit Card,Cancelled
O009830,C00024,2025-01-19,Debit Card,Cancelled
O009831,C01942,2024-06-23,Credit Card,Cancelled
O009832,C01743,2025-10-09,Credit Card,Delivered
O009833,C01539,2025-06-23,Net Banking,Cancelled
O009834,C01858,2024-06-19,Debit Card,Delivered
O009835,C01005,2024-07-09,Cash on Delivery,Delivered
O009836,C01230,2025-11-10,Net Banking,Delivered
O009837,C00315,2024-06-24,Cash on Delivery,Delivered
O009838,C00426,2024-12-08,Credit Card,Delivered
O009839,C01562,2025-05-18,Credit Card,Delivered
O009840,C01181,2025-09-22,Debit Card,Delivered
O009841,C01970,2024-06-16,Credit Card,Delivered
O009842,C01153,2024-04-22,Net Banking,Delivered
O009843,C00085,2024-01-10,Net Banking,Delivered
O009844,C00979,2024-08-18,UPI,Delivered
O009845,C01016,2024-07-08,Credit Card,Cancelled
O009846,C00715,2024-01-17,Net Banking,Delivered
O009847,C01468,2025-10-28,Net Banking,Delivered
O009848,C01108,2025-04-20,UPI,Delivered
O009849,C00218,2025-01-10,UPI,Delivered
O009850,C01854,2025-10-12,Net Banking,Delivered
O009851,C01477,2024-12-06,UPI,Delivered
O009852,C01878,2024-11-17,UPI,Delivered
O009853,C01213,2025-03-08,Cash on Delivery,Delivered
O009854,C01932,2025-03-04,UPI,Delivered
O009855,C01005,2025-03-17,Net Banking,Delivered
O009856,C00226,2024-05-29,UPI,Cancelled
O009857,C00884,2024-11-16,UPI,Delivered
O009858,C01111,2024-05-24,UPI,Delivered
O009859,C01367,2025-10-20,Cash on Delivery,Delivered
O009860,C01792,2025-02-06,Net Banking,Cancelled
O009861,C01897,2025-03-27,Credit Card,Delivered
O009862,C00122,2024-11-06,Credit Card,Delivered
O009863,C00732,2025-05-02,Cash on Delivery,Cancelled
O009864,C01575,2025-03-22,Net Banking,Cancelled
O009865,C01476,2025-11-21,Credit Card,Delivered
O009866,C00879,2025-12-01,Debit Card,Delivered
O009867,C00236,2024-10-27,Debit Card,Delivered
O009868,C01229,2025-08-03,Net Banking,Cancelled
O009869,C01348,2024-07-22,Net Banking,Cancelled
O009870,C01734,2025-07-02,Cash on Delivery,Delivered
O009871,C01806,2025-09-10,Credit Card,Delivered
O009872,C01297,2024-10-09,UPI,Cancelled
O009873,C01563,2025-09-16,Net Banking,Cancelled
O009874,C00100,2025-09-14,Debit Card,Delivered
O009875,C00064,2024-07-23,Debit Card,Delivered
O009876,C00183,2024-12-01,UPI,Delivered
O009877,C01546,2024-10-14,UPI,Delivered
O009878,C01624,2024-10-10,Net Banking,Delivered
O009879,C01063,2025-11-30,UPI,Delivered
O009880,C01590,2025-12-19,UPI,Cancelled
O009881,C01575,2025-12-28,UPI,Delivered
O009882,C00523,2024-07-01,Net Banking,Delivered
O009883,C01795,2024-09-05,Cash on Delivery,Delivered
O009884,C01417,2025-02-23,Net Banking,Delivered
O009885,C00526,2024-10-04,UPI,Cancelled
O009886,C01722,2024-02-29,Credit Card,Delivered
O009887,C01155,2025-06-22,Debit Card,Delivered
O009888,C00575,2024-04-14,Debit Card,Delivered
O009889,C00062,2024-09-06,Net Banking,Delivered
O009890,C01210,2025-10-29,Debit Card,Cancelled
O009891,C00072,2025-10-04,Credit Card,Delivered
O009892,C01418,2025-06-29,Cash on Delivery,Delivered
O009893,C00698,2024-07-10,Net Banking,Delivered
O009894,C01217,2025-09-09,Cash on Delivery,Delivered
O009895,C01402,2025-02-22,Cash on Delivery,Cancelled
O009896,C01874,2025-03-25,Cash on Delivery,Cancelled
O009897,C01340,2024-04-10,UPI,Delivered
O009898,C00291,2024-03-16,Debit Card,Delivered
O009899,C00161,2025-12-13,Credit Card,Cancelled
O009900,C01348,2025-09-01,UPI,Cancelled
O009901,C00736,2025-01-29,Net Banking,Delivered
O009902,C01859,2025-07-04,Credit Card,Delivered
O009903,C01737,2025-01-04,Credit Card,Cancelled
O009904,C00590,2025-02-19,Debit Card,Delivered
O009905,C01239,2024-08-31,UPI,Cancelled
O009906,C01652,2024-03-22,Debit Card,Delivered
O009907,C00092,2025-09-19,UPI,Delivered
O009908,C01922,2025-10-03,Debit Card,Delivered
O009909,C00285,2025-04-14,Credit Card,Delivered
O009910,C00253,2024-06-25,Net Banking,Delivered
O009911,C01377,2025-07-13,Debit Card,Cancelled
O009912,C00656,2024-09-27,Credit Card,Delivered
O009913,C00276,2025-07-11,Cash on Delivery,Delivered
O009914,C00266,2025-06-29,Cash on Delivery,Delivered
O009915,C01961,2025-05-15,Net Banking,Delivered
O009916,C00248,2025-03-06,Cash on Delivery,Delivered
O009917,C00281,2025-09-29,Cash on Delivery,Cancelled
O009918,C00818,2024-06-22,Net Banking,Delivered
O009919,C01573,2024-12-27,UPI,Cancelled
O009920,C01070,2024-07-28,Credit Card,Delivered
O009921,C01655,2025-03-22,Net Banking,Cancelled
O009922,C01218,2025-10-11,Net Banking,Delivered
O009923,C00990,2024-02-11,UPI,Delivered
O009924,C00811,2024-12-23,Credit Card,Delivered
O009925,C01719,2025-04-25,Credit Card,Delivered
O009926,C01683,2024-12-06,Debit Card,Delivered
O009927,C00324,2025-01-21,UPI,Delivered
O009928,C01684,2025-04-04,Net Banking,Delivered
O009929,C00423,2024-12-04,UPI,Delivered
O009930,C00661,2024-02-20,UPI,Delivered
O009931,C01969,2024-05-13,UPI,Delivered
O009932,C00700,2024-01-18,Cash on Delivery,Delivered
O009933,C01703,2025-03-10,UPI,Cancelled
O009934,C00658,2024-12-14,Cash on Delivery,Cancelled
O009935,C01716,2025-03-10,Debit Card,Cancelled
O009936,C00800,2025-05-20,Cash on Delivery,Delivered
O009937,C00369,2024-02-14,UPI,Delivered
O009938,C00696,2025-11-26,Credit Card,Delivered
O009939,C01282,2024-09-26,Debit Card,Delivered
O009940,C00677,2025-01-05,UPI,Delivered
O009941,C00386,2025-11-04,UPI,Cancelled
O009942,C00558,2025-07-02,Credit Card,Delivered
O009943,C00035,2024-04-24,UPI,Cancelled
O009944,C00471,2024-02-19,Debit Card,Delivered
O009945,C00497,2025-06-13,Credit Card,Delivered
O009946,C01487,2024-10-02,Debit Card,Delivered
O009947,C00014,2024-02-20,Net Banking,Delivered
O009948,C01887,2025-07-12,Cash on Delivery,Delivered
O009949,C01877,2024-08-02,Debit Card,Delivered
O009950,C01486,2025-03-18,UPI,Delivered
O009951,C01862,2024-07-14,Debit Card,Delivered
O009952,C00576,2025-11-27,UPI,Cancelled
O009953,C01897,2025-07-19,Net Banking,Cancelled
O009954,C00456,2024-01-22,Debit Card,Delivered
O009955,C01395,2025-07-08,Net Banking,Delivered
O009956,C01212,2025-04-09,Cash on Delivery,Delivered
O009957,C01412,2025-01-16,Debit Card,Delivered
O009958,C01549,2024-11-30,Credit Card,Delivered
O009959,C01901,2025-06-30,UPI,Delivered
O009960,C01906,2025-08-16,Cash on Delivery,Delivered
O009961,C00468,2024-04-13,UPI,Delivered
O009962,C01276,2024-11-03,Cash on Delivery,Cancelled
O009963,C00166,2024-06-16,Cash on Delivery,Delivered
O009964,C01338,2025-05-29,UPI,Delivered
O009965,C01647,2024-12-17,Debit Card,Delivered
O009966,C00309,2024-08-28,Debit Card,Delivered
O009967,C01994,2025-02-22,Net Banking,Delivered
O009968,C00949,2025-06-25,Debit Card,Cancelled
O009969,C01546,2025-06-08,Net Banking,Delivered
O009970,C01392,2024-08-24,Credit Card,Cancelled
O009971,C00970,2024-09-13,Net Banking,Delivered
O009972,C01590,2024-06-29,Debit Card,Delivered
O009973,C00855,2025-03-18,Credit Card,Delivered
O009974,C01029,2025-09-12,Debit Card,Cancelled
O009975,C00295,2025-11-11,UPI,Delivered
O009976,C01688,2025-01-29,Credit Card,Delivered
O009977,C00637,2024-11-12,UPI,Delivered
O009978,C00263,2024-04-22,Debit Card,Delivered
O009979,C00670,2025-08-18,UPI,Delivered
O009980,C01987,2025-02-23,Cash on Delivery,Cancelled
O009981,C01551,2025-06-13,Credit Card,Cancelled
O009982,C00052,2025-03-31,Credit Card,Delivered
O009983,C00516,2024-09-01,Debit Card,Delivered
O009984,C00472,2025-11-01,Cash on Delivery,Cancelled
O009985,C00383,2024-01-06,Cash on Delivery,Delivered
O009986,C00326,2025-04-18,UPI,Delivered
O009987,C00904,2024-02-11,Credit Card,Delivered
O009988,C00778,2025-07-07,Cash on Delivery,Delivered
O009989,C01091,2025-08-09,Credit Card,Cancelled
O009990,C01119,2024-10-05,Net Banking,Delivered
O009991,C00658,2025-04-01,Cash on Delivery,Cancelled
O009992,C00915,2024-04-02,UPI,Delivered
O009993,C00114,2025-08-24,Net Banking,Delivered
O009994,C00426,2024-02-25,UPI,Delivered
O009995,C01468,2025-04-21,Net Banking,Cancelled
O009996,C00738,2024-02-19,Net Banking,Delivered
O009997,C00761,2025-02-15,Cash on Delivery,Delivered
O009998,C00812,2024-11-17,Credit Card,Delivered
O009999,C01345,2025-07-21,Debit Card,Delivered
O010000,C01724,2024-05-05,Credit Card,Delivered
